t_s,phase,nominal_along_mm,b_um
0.000000,pre_motion,0.000000,-0.043576
0.001000,pre_motion,0.000000,-0.043576
0.002000,pre_motion,0.000000,-0.043576
0.003000,pre_motion,0.000000,-0.043576
0.004000,pre_motion,0.000000,-0.043576
0.005000,pre_motion,0.000000,-0.043576
0.006000,pre_motion,0.000000,-0.043576
0.007000,pre_motion,0.000000,-0.043576
0.008000,pre_motion,0.000000,-0.043576
0.009000,pre_motion,0.000000,-0.043576
0.010000,pre_motion,0.000000,-0.043576
0.011000,pre_motion,0.000000,-0.043576
0.012000,pre_motion,0.000000,-0.043576
0.013000,pre_motion,0.000000,-0.043576
0.014000,pre_motion,0.000000,-0.043576
0.015000,pre_motion,0.000000,-0.043576
0.016000,pre_motion,0.000000,-0.043576
0.017000,pre_motion,0.000000,-0.043576
0.018000,pre_motion,0.000000,-0.043576
0.019000,pre_motion,0.000000,-0.043576
0.020000,pre_motion,0.000000,-0.043576
0.021000,pre_motion,0.000000,-0.043576
0.022000,pre_motion,0.000000,-0.043576
0.023000,pre_motion,0.000000,-0.043576
0.024000,pre_motion,0.000000,-0.043576
0.025000,pre_motion,0.000000,-0.043576
0.026000,pre_motion,0.000000,-0.043576
0.027000,pre_motion,0.000000,-0.043576
0.028000,pre_motion,0.000000,-0.043576
0.029000,pre_motion,0.000000,-0.043576
0.030000,pre_motion,0.000000,-0.043576
0.031000,pre_motion,0.000000,-0.043576
0.032000,pre_motion,0.000000,-0.043576
0.033000,pre_motion,0.000000,-0.043576
0.034000,pre_motion,0.000000,-0.043576
0.035000,pre_motion,0.000000,-0.043576
0.036000,pre_motion,0.000000,-0.043576
0.037000,pre_motion,0.000000,-0.043576
0.038000,pre_motion,0.000000,-0.043576
0.039000,pre_motion,0.000000,-0.043576
0.040000,pre_motion,0.000000,-0.043576
0.041000,pre_motion,0.000000,-0.043576
0.042000,pre_motion,0.000000,-0.043576
0.043000,pre_motion,0.000000,-0.043576
0.044000,pre_motion,0.000000,-0.043576
0.045000,pre_motion,0.000000,-0.043576
0.046000,pre_motion,0.000000,-0.043576
0.047000,pre_motion,0.000000,-0.043576
0.048000,pre_motion,0.000000,-0.043576
0.049000,pre_motion,0.000000,-0.043576
0.050000,pre_motion,0.000000,-0.043576
0.051000,pre_motion,0.000000,-0.043576
0.052000,pre_motion,0.000000,-0.043576
0.053000,pre_motion,0.000000,-0.043576
0.054000,pre_motion,0.000000,-0.043576
0.055000,pre_motion,0.000000,-0.043576
0.056000,pre_motion,0.000000,-0.043576
0.057000,pre_motion,0.000000,-0.043576
0.058000,pre_motion,0.000000,-0.043576
0.059000,pre_motion,0.000000,-0.043576
0.060000,pre_motion,0.000000,-0.043576
0.061000,pre_motion,0.000000,-0.043576
0.062000,pre_motion,0.000000,-0.043576
0.063000,pre_motion,0.000000,-0.043576
0.064000,pre_motion,0.000000,-0.043576
0.065000,pre_motion,0.000000,-0.043576
0.066000,pre_motion,0.000000,-0.043576
0.067000,pre_motion,0.000000,-0.043576
0.068000,pre_motion,0.000000,-0.043576
0.069000,pre_motion,0.000000,-0.043576
0.070000,pre_motion,0.000000,-0.043576
0.071000,pre_motion,0.000000,-0.043576
0.072000,pre_motion,0.000000,-0.043576
0.073000,pre_motion,0.000000,-0.043576
0.074000,pre_motion,0.000000,-0.043576
0.075000,pre_motion,0.000000,-0.043576
0.076000,pre_motion,0.000000,-0.043576
0.077000,pre_motion,0.000000,-0.043576
0.078000,pre_motion,0.000000,-0.043576
0.079000,pre_motion,0.000000,-0.043576
0.080000,pre_motion,0.000000,-0.043576
0.081000,pre_motion,0.000000,-0.043576
0.082000,pre_motion,0.000000,-0.043576
0.083000,pre_motion,0.000000,-0.043576
0.084000,pre_motion,0.000000,-0.043576
0.085000,pre_motion,0.000000,-0.043576
0.086000,pre_motion,0.000000,-0.043576
0.087000,pre_motion,0.000000,-0.043576
0.088000,pre_motion,0.000000,-0.043576
0.089000,pre_motion,0.000000,-0.043576
0.090000,pre_motion,0.000000,-0.043576
0.091000,pre_motion,0.000000,-0.043576
0.092000,pre_motion,0.000000,-0.043576
0.093000,pre_motion,0.000000,-0.043576
0.094000,pre_motion,0.000000,-0.043576
0.095000,pre_motion,0.000000,-0.043576
0.096000,pre_motion,0.000000,-0.043576
0.097000,pre_motion,0.000000,-0.043576
0.098000,pre_motion,0.000000,-0.043576
0.099000,pre_motion,0.000000,-0.043576
0.100000,pre_motion,0.000000,-0.043576
0.101000,pre_motion,0.000000,-0.043576
0.102000,pre_motion,0.000000,-0.043576
0.103000,pre_motion,0.000000,-0.043576
0.104000,pre_motion,0.000000,-0.043576
0.105000,pre_motion,0.000000,-0.043576
0.106000,pre_motion,0.000000,-0.043576
0.107000,pre_motion,0.000000,-0.043576
0.108000,pre_motion,0.000000,-0.043576
0.109000,pre_motion,0.000000,-0.043576
0.110000,pre_motion,0.000000,-0.043576
0.111000,pre_motion,0.000000,-0.043576
0.112000,pre_motion,0.000000,-0.043576
0.113000,pre_motion,0.000000,-0.043576
0.114000,pre_motion,0.000000,-0.043576
0.115000,pre_motion,0.000000,-0.043576
0.116000,pre_motion,0.000000,-0.043576
0.117000,pre_motion,0.000000,-0.043576
0.118000,pre_motion,0.000000,-0.043576
0.119000,pre_motion,0.000000,-0.043576
0.120000,pre_motion,0.000000,-0.043576
0.121000,pre_motion,0.000000,-0.043576
0.122000,pre_motion,0.000000,-0.043576
0.123000,pre_motion,0.000000,-0.043576
0.124000,pre_motion,0.000000,-0.043576
0.125000,pre_motion,0.000000,-0.043576
0.126000,pre_motion,0.000000,-0.043576
0.127000,pre_motion,0.000000,-0.043576
0.128000,pre_motion,0.000000,-0.043576
0.129000,pre_motion,0.000000,-0.043576
0.130000,pre_motion,0.000000,-0.043576
0.131000,pre_motion,0.000000,-0.043576
0.132000,pre_motion,0.000000,-0.043576
0.133000,pre_motion,0.000000,-0.043576
0.134000,pre_motion,0.000000,-0.043576
0.135000,pre_motion,0.000000,-0.043576
0.136000,pre_motion,0.000000,-0.043576
0.137000,pre_motion,0.000000,-0.043576
0.138000,pre_motion,0.000000,-0.043576
0.139000,pre_motion,0.000000,-0.043576
0.140000,pre_motion,0.000000,-0.043576
0.141000,pre_motion,0.000000,-0.043576
0.142000,pre_motion,0.000000,-0.043576
0.143000,pre_motion,0.000000,-0.043576
0.144000,pre_motion,0.000000,-0.043576
0.145000,pre_motion,0.000000,-0.043576
0.146000,pre_motion,0.000000,-0.043576
0.147000,pre_motion,0.000000,-0.043576
0.148000,pre_motion,0.000000,-0.043576
0.149000,pre_motion,0.000000,-0.043576
0.150000,pre_motion,0.000000,-0.043576
0.151000,pre_motion,0.000000,-0.043576
0.152000,pre_motion,0.000000,-0.043576
0.153000,pre_motion,0.000000,-0.043576
0.154000,pre_motion,0.000000,-0.043576
0.155000,pre_motion,0.000000,-0.043576
0.156000,pre_motion,0.000000,-0.043576
0.157000,pre_motion,0.000000,-0.043576
0.158000,pre_motion,0.000000,-0.043576
0.159000,pre_motion,0.000000,-0.043576
0.160000,pre_motion,0.000000,-0.043576
0.161000,pre_motion,0.000000,-0.043576
0.162000,pre_motion,0.000000,-0.043576
0.163000,pre_motion,0.000000,-0.043576
0.164000,pre_motion,0.000000,-0.043576
0.165000,pre_motion,0.000000,-0.043576
0.166000,pre_motion,0.000000,-0.043576
0.167000,pre_motion,0.000000,-0.043576
0.168000,pre_motion,0.000000,-0.043576
0.169000,pre_motion,0.000000,-0.043576
0.170000,pre_motion,0.000000,-0.043576
0.171000,pre_motion,0.000000,-0.043576
0.172000,pre_motion,0.000000,-0.043576
0.173000,pre_motion,0.000000,-0.043576
0.174000,pre_motion,0.000000,-0.043576
0.175000,pre_motion,0.000000,-0.043576
0.176000,pre_motion,0.000000,-0.043576
0.177000,pre_motion,0.000000,-0.043576
0.178000,pre_motion,0.000000,-0.043576
0.179000,pre_motion,0.000000,-0.043576
0.180000,pre_motion,0.000000,-0.043576
0.181000,pre_motion,0.000000,-0.043576
0.182000,pre_motion,0.000000,-0.043576
0.183000,pre_motion,0.000000,-0.043576
0.184000,pre_motion,0.000000,-0.043576
0.185000,pre_motion,0.000000,-0.043576
0.186000,pre_motion,0.000000,-0.043576
0.187000,pre_motion,0.000000,-0.043576
0.188000,pre_motion,0.000000,-0.043576
0.189000,pre_motion,0.000000,-0.043576
0.190000,pre_motion,0.000000,-0.043576
0.191000,pre_motion,0.000000,-0.043576
0.192000,pre_motion,0.000000,-0.043576
0.193000,pre_motion,0.000000,-0.043576
0.194000,pre_motion,0.000000,-0.043576
0.195000,pre_motion,0.000000,-0.043576
0.196000,pre_motion,0.000000,-0.043576
0.197000,pre_motion,0.000000,-0.043576
0.198000,pre_motion,0.000000,-0.043576
0.199000,pre_motion,0.000000,-0.043576
0.200000,pre_motion,0.000000,-0.043576
0.201000,pre_motion,0.000000,-0.043576
0.202000,pre_motion,0.000000,-0.043576
0.203000,pre_motion,0.000000,-0.043576
0.204000,pre_motion,0.000000,-0.043576
0.205000,pre_motion,0.000000,-0.043576
0.206000,pre_motion,0.000000,-0.043576
0.207000,pre_motion,0.000000,-0.043576
0.208000,pre_motion,0.000000,-0.043576
0.209000,pre_motion,0.000000,-0.043576
0.210000,pre_motion,0.000000,-0.043576
0.211000,pre_motion,0.000000,-0.043576
0.212000,pre_motion,0.000000,-0.043576
0.213000,pre_motion,0.000000,-0.043576
0.214000,pre_motion,0.000000,-0.043576
0.215000,pre_motion,0.000000,-0.043576
0.216000,pre_motion,0.000000,-0.043576
0.217000,pre_motion,0.000000,-0.043576
0.218000,pre_motion,0.000000,-0.043576
0.219000,pre_motion,0.000000,-0.043576
0.220000,pre_motion,0.000000,-0.043576
0.221000,pre_motion,0.000000,-0.043576
0.222000,pre_motion,0.000000,-0.043576
0.223000,pre_motion,0.000000,-0.043576
0.224000,pre_motion,0.000000,-0.043576
0.225000,pre_motion,0.000000,-0.043576
0.226000,pre_motion,0.000000,-0.043576
0.227000,pre_motion,0.000000,-0.043576
0.228000,pre_motion,0.000000,-0.043576
0.229000,pre_motion,0.000000,-0.043576
0.230000,pre_motion,0.000000,-0.043576
0.231000,pre_motion,0.000000,-0.043576
0.232000,pre_motion,0.000000,-0.043576
0.233000,pre_motion,0.000000,-0.043576
0.234000,pre_motion,0.000000,-0.043576
0.235000,pre_motion,0.000000,-0.043576
0.236000,pre_motion,0.000000,-0.043576
0.237000,pre_motion,0.000000,-0.043576
0.238000,pre_motion,0.000000,-0.043576
0.239000,pre_motion,0.000000,-0.043576
0.240000,pre_motion,0.000000,-0.043576
0.241000,pre_motion,0.000000,-0.043576
0.242000,pre_motion,0.000000,-0.043576
0.243000,pre_motion,0.000000,-0.043576
0.244000,pre_motion,0.000000,-0.043576
0.245000,pre_motion,0.000000,-0.043576
0.246000,pre_motion,0.000000,-0.043576
0.247000,pre_motion,0.000000,-0.043576
0.248000,pre_motion,0.000000,-0.043576
0.249000,pre_motion,0.000000,-0.043576
0.250000,pre_motion,0.000000,-0.043576
0.251000,pre_motion,0.000000,-0.043576
0.252000,pre_motion,0.000000,-0.043576
0.253000,pre_motion,0.000000,-0.043576
0.254000,pre_motion,0.000000,-0.043576
0.255000,pre_motion,0.000000,-0.043576
0.256000,pre_motion,0.000000,-0.043576
0.257000,pre_motion,0.000000,-0.043576
0.258000,pre_motion,0.000000,-0.043576
0.259000,pre_motion,0.000000,-0.043576
0.260000,pre_motion,0.000000,-0.043576
0.261000,pre_motion,0.000000,-0.043576
0.262000,pre_motion,0.000000,-0.043576
0.263000,pre_motion,0.000000,-0.043576
0.264000,pre_motion,0.000000,-0.043576
0.265000,pre_motion,0.000000,-0.043576
0.266000,pre_motion,0.000000,-0.043576
0.267000,pre_motion,0.000000,-0.043576
0.268000,pre_motion,0.000000,-0.043576
0.269000,pre_motion,0.000000,-0.043576
0.270000,pre_motion,0.000000,-0.043576
0.271000,pre_motion,0.000000,-0.043576
0.272000,pre_motion,0.000000,-0.043576
0.273000,pre_motion,0.000000,-0.043576
0.274000,pre_motion,0.000000,-0.043576
0.275000,pre_motion,0.000000,-0.043576
0.276000,pre_motion,0.000000,-0.043576
0.277000,pre_motion,0.000000,-0.043576
0.278000,pre_motion,0.000000,-0.043576
0.279000,pre_motion,0.000000,-0.043576
0.280000,pre_motion,0.000000,-0.043576
0.281000,pre_motion,0.000000,-0.043576
0.282000,pre_motion,0.000000,-0.043576
0.283000,pre_motion,0.000000,-0.043576
0.284000,pre_motion,0.000000,-0.043576
0.285000,pre_motion,0.000000,-0.043576
0.286000,pre_motion,0.000000,-0.043576
0.287000,pre_motion,0.000000,-0.043576
0.288000,pre_motion,0.000000,-0.043576
0.289000,pre_motion,0.000000,-0.043576
0.290000,pre_motion,0.000000,-0.043576
0.291000,pre_motion,0.000000,-0.043576
0.292000,pre_motion,0.000000,-0.043576
0.293000,pre_motion,0.000000,-0.043576
0.294000,pre_motion,0.000000,-0.043576
0.295000,pre_motion,0.000000,-0.043576
0.296000,pre_motion,0.000000,-0.043576
0.297000,pre_motion,0.000000,-0.043576
0.298000,pre_motion,0.000000,-0.043576
0.299000,pre_motion,0.000000,-0.043576
0.300000,pre_motion,0.000000,-0.043576
0.301000,pre_motion,0.000000,-0.043576
0.302000,pre_motion,0.000000,-0.043576
0.303000,pre_motion,0.000000,-0.043576
0.304000,pre_motion,0.000000,-0.043576
0.305000,pre_motion,0.000000,-0.043576
0.306000,pre_motion,0.000000,-0.043576
0.307000,pre_motion,0.000000,-0.043576
0.308000,pre_motion,0.000000,-0.043576
0.309000,pre_motion,0.000000,-0.043576
0.310000,pre_motion,0.000000,-0.043576
0.311000,pre_motion,0.000000,-0.043576
0.312000,pre_motion,0.000000,-0.043576
0.313000,pre_motion,0.000000,-0.043576
0.314000,pre_motion,0.000000,-0.043576
0.315000,pre_motion,0.000000,-0.043576
0.316000,pre_motion,0.000000,-0.043576
0.317000,pre_motion,0.000000,-0.043576
0.318000,pre_motion,0.000000,-0.043576
0.319000,pre_motion,0.000000,-0.043576
0.320000,pre_motion,0.000000,-0.043576
0.321000,pre_motion,0.000000,-0.043576
0.322000,pre_motion,0.000000,-0.043576
0.323000,pre_motion,0.000000,-0.043576
0.324000,pre_motion,0.000000,-0.043576
0.325000,pre_motion,0.000000,-0.043576
0.326000,pre_motion,0.000000,-0.043576
0.327000,pre_motion,0.000000,-0.043576
0.328000,pre_motion,0.000000,-0.043576
0.329000,pre_motion,0.000000,-0.043576
0.330000,pre_motion,0.000000,-0.043576
0.331000,pre_motion,0.000000,-0.043576
0.332000,pre_motion,0.000000,-0.043576
0.333000,pre_motion,0.000000,-0.043576
0.334000,pre_motion,0.000000,-0.043576
0.335000,pre_motion,0.000000,-0.043576
0.336000,pre_motion,0.000000,-0.043576
0.337000,pre_motion,0.000000,-0.043576
0.338000,pre_motion,0.000000,-0.043576
0.339000,pre_motion,0.000000,-0.043576
0.340000,pre_motion,0.000000,-0.043576
0.341000,pre_motion,0.000000,-0.043576
0.342000,pre_motion,0.000000,-0.043576
0.343000,pre_motion,0.000000,-0.043576
0.344000,pre_motion,0.000000,-0.043576
0.345000,pre_motion,0.000000,-0.043576
0.346000,pre_motion,0.000000,-0.043576
0.347000,pre_motion,0.000000,-0.043576
0.348000,pre_motion,0.000000,-0.043576
0.349000,pre_motion,0.000000,-0.043576
0.350000,pre_motion,0.000000,-0.043576
0.351000,pre_motion,0.000000,-0.043576
0.352000,pre_motion,0.000000,-0.043576
0.353000,pre_motion,0.000000,-0.043576
0.354000,pre_motion,0.000000,-0.043576
0.355000,pre_motion,0.000000,-0.043576
0.356000,pre_motion,0.000000,-0.043576
0.357000,pre_motion,0.000000,-0.043576
0.358000,pre_motion,0.000000,-0.043576
0.359000,pre_motion,0.000000,-0.043576
0.360000,pre_motion,0.000000,-0.043576
0.361000,pre_motion,0.000000,-0.043576
0.362000,pre_motion,0.000000,-0.043576
0.363000,pre_motion,0.000000,-0.043576
0.364000,pre_motion,0.000000,-0.043576
0.365000,pre_motion,0.000000,-0.043576
0.366000,pre_motion,0.000000,-0.043576
0.367000,pre_motion,0.000000,-0.043576
0.368000,pre_motion,0.000000,-0.043576
0.369000,pre_motion,0.000000,-0.043576
0.370000,pre_motion,0.000000,-0.043576
0.371000,pre_motion,0.000000,-0.043576
0.372000,pre_motion,0.000000,-0.043576
0.373000,pre_motion,0.000000,-0.043576
0.374000,pre_motion,0.000000,-0.043576
0.375000,pre_motion,0.000000,-0.043576
0.376000,pre_motion,0.000000,-0.043576
0.377000,pre_motion,0.000000,-0.043576
0.378000,pre_motion,0.000000,-0.043576
0.379000,pre_motion,0.000000,-0.043576
0.380000,pre_motion,0.000000,-0.043576
0.381000,pre_motion,0.000000,-0.043576
0.382000,pre_motion,0.000000,-0.043576
0.383000,pre_motion,0.000000,-0.043576
0.384000,pre_motion,0.000000,-0.043576
0.385000,pre_motion,0.000000,-0.043576
0.386000,pre_motion,0.000000,-0.043576
0.387000,pre_motion,0.000000,-0.043576
0.388000,pre_motion,0.000000,-0.043576
0.389000,pre_motion,0.000000,-0.043576
0.390000,pre_motion,0.000000,-0.043576
0.391000,pre_motion,0.000000,-0.043576
0.392000,pre_motion,0.000000,-0.043576
0.393000,pre_motion,0.000000,-0.043576
0.394000,pre_motion,0.000000,-0.043576
0.395000,pre_motion,0.000000,-0.043576
0.396000,pre_motion,0.000000,-0.043576
0.397000,pre_motion,0.000000,-0.043576
0.398000,pre_motion,0.000000,-0.043576
0.399000,pre_motion,0.000000,-0.043576
0.400000,pre_motion,0.000000,-0.043576
0.401000,pre_motion,0.000000,-0.043576
0.402000,pre_motion,0.000000,-0.043576
0.403000,pre_motion,0.000000,-0.043576
0.404000,pre_motion,0.000000,-0.043576
0.405000,pre_motion,0.000000,-0.043576
0.406000,pre_motion,0.000000,-0.043576
0.407000,pre_motion,0.000000,-0.043576
0.408000,pre_motion,0.000000,-0.043576
0.409000,pre_motion,0.000000,-0.043576
0.410000,pre_motion,0.000000,-0.043576
0.411000,pre_motion,0.000000,-0.043576
0.412000,pre_motion,0.000000,-0.043576
0.413000,pre_motion,0.000000,-0.043576
0.414000,pre_motion,0.000000,-0.043576
0.415000,pre_motion,0.000000,-0.043576
0.416000,pre_motion,0.000000,-0.043576
0.417000,pre_motion,0.000000,-0.043576
0.418000,pre_motion,0.000000,-0.043576
0.419000,pre_motion,0.000000,-0.043576
0.420000,pre_motion,0.000000,-0.043576
0.421000,pre_motion,0.000000,-0.043576
0.422000,pre_motion,0.000000,-0.043576
0.423000,pre_motion,0.000000,-0.043576
0.424000,pre_motion,0.000000,-0.043576
0.425000,pre_motion,0.000000,-0.043576
0.426000,pre_motion,0.000000,-0.043576
0.427000,pre_motion,0.000000,-0.043576
0.428000,pre_motion,0.000000,-0.043576
0.429000,pre_motion,0.000000,-0.043576
0.430000,pre_motion,0.000000,-0.043576
0.431000,pre_motion,0.000000,-0.043576
0.432000,pre_motion,0.000000,-0.043576
0.433000,pre_motion,0.000000,-0.043576
0.434000,pre_motion,0.000000,-0.043576
0.435000,pre_motion,0.000000,-0.043576
0.436000,pre_motion,0.000000,-0.043576
0.437000,pre_motion,0.000000,-0.043576
0.438000,pre_motion,0.000000,-0.043576
0.439000,pre_motion,0.000000,-0.043576
0.440000,pre_motion,0.000000,-0.043576
0.441000,pre_motion,0.000000,-0.043576
0.442000,pre_motion,0.000000,-0.043576
0.443000,pre_motion,0.000000,-0.043576
0.444000,pre_motion,0.000000,-0.043576
0.445000,pre_motion,0.000000,-0.043576
0.446000,pre_motion,0.000000,-0.043576
0.447000,pre_motion,0.000000,-0.043576
0.448000,pre_motion,0.000000,-0.043576
0.449000,pre_motion,0.000000,-0.043576
0.450000,pre_motion,0.000000,-0.043576
0.451000,pre_motion,0.000000,-0.043576
0.452000,pre_motion,0.000000,-0.043576
0.453000,pre_motion,0.000000,-0.043576
0.454000,pre_motion,0.000000,-0.043576
0.455000,pre_motion,0.000000,-0.043576
0.456000,pre_motion,0.000000,-0.043576
0.457000,pre_motion,0.000000,-0.043576
0.458000,pre_motion,0.000000,-0.043576
0.459000,pre_motion,0.000000,-0.043576
0.460000,pre_motion,0.000000,-0.043576
0.461000,pre_motion,0.000000,-0.043576
0.462000,pre_motion,0.000000,-0.043576
0.463000,pre_motion,0.000000,-0.043576
0.464000,pre_motion,0.000000,-0.043576
0.465000,pre_motion,0.000000,-0.043576
0.466000,pre_motion,0.000000,-0.043576
0.467000,pre_motion,0.000000,-0.043576
0.468000,pre_motion,0.000000,-0.043576
0.469000,pre_motion,0.000000,-0.043576
0.470000,pre_motion,0.000000,-0.043576
0.471000,pre_motion,0.000000,-0.043576
0.472000,pre_motion,0.000000,-0.043576
0.473000,pre_motion,0.000000,-0.043576
0.474000,pre_motion,0.000000,-0.043576
0.475000,pre_motion,0.000000,-0.043576
0.476000,pre_motion,0.000000,-0.043576
0.477000,pre_motion,0.000000,-0.043576
0.478000,pre_motion,0.000000,-0.043576
0.479000,pre_motion,0.000000,-0.043576
0.480000,pre_motion,0.000000,-0.043576
0.481000,pre_motion,0.000000,-0.043576
0.482000,pre_motion,0.000000,-0.043576
0.483000,pre_motion,0.000000,-0.043576
0.484000,pre_motion,0.000000,-0.043576
0.485000,pre_motion,0.000000,-0.043576
0.486000,pre_motion,0.000000,-0.043576
0.487000,pre_motion,0.000000,-0.043576
0.488000,pre_motion,0.000000,-0.043576
0.489000,pre_motion,0.000000,-0.043576
0.490000,pre_motion,0.000000,-0.043576
0.491000,pre_motion,0.000000,-0.043576
0.492000,pre_motion,0.000000,-0.043576
0.493000,pre_motion,0.000000,-0.043576
0.494000,pre_motion,0.000000,-0.043576
0.495000,pre_motion,0.000000,-0.043576
0.496000,pre_motion,0.000000,-0.043576
0.497000,pre_motion,0.000000,-0.043576
0.498000,pre_motion,0.000000,-0.043576
0.499000,pre_motion,0.000000,-0.043576
0.500000,pre_motion,0.000000,-0.043576
0.501000,pre_motion,0.000000,-0.043576
0.502000,pre_motion,0.000000,-0.043576
0.503000,pre_motion,0.000000,-0.043576
0.504000,pre_motion,0.000000,-0.043576
0.505000,pre_motion,0.000000,-0.043576
0.506000,pre_motion,0.000000,-0.043576
0.507000,pre_motion,0.000000,-0.043576
0.508000,pre_motion,0.000000,-0.043576
0.509000,pre_motion,0.000000,-0.043576
0.510000,pre_motion,0.000000,-0.043576
0.511000,pre_motion,0.000000,-0.043576
0.512000,pre_motion,0.000000,-0.043576
0.513000,pre_motion,0.000000,-0.043576
0.514000,pre_motion,0.000000,-0.043576
0.515000,pre_motion,0.000000,-0.043576
0.516000,pre_motion,0.000000,-0.043576
0.517000,pre_motion,0.000000,-0.043576
0.518000,pre_motion,0.000000,-0.043576
0.519000,pre_motion,0.000000,-0.043576
0.520000,pre_motion,0.000000,-0.043576
0.521000,pre_motion,0.000000,-0.043576
0.522000,pre_motion,0.000000,-0.043576
0.523000,pre_motion,0.000000,-0.043576
0.524000,pre_motion,0.000000,-0.043576
0.525000,pre_motion,0.000000,-0.043576
0.526000,pre_motion,0.000000,-0.043576
0.527000,pre_motion,0.000000,-0.043576
0.528000,pre_motion,0.000000,-0.043576
0.529000,pre_motion,0.000000,-0.043576
0.530000,pre_motion,0.000000,-0.043576
0.531000,pre_motion,0.000000,-0.043576
0.532000,pre_motion,0.000000,-0.043576
0.533000,pre_motion,0.000000,-0.043576
0.534000,pre_motion,0.000000,-0.043576
0.535000,pre_motion,0.000000,-0.043576
0.536000,pre_motion,0.000000,-0.043576
0.537000,pre_motion,0.000000,-0.043576
0.538000,pre_motion,0.000000,-0.043576
0.539000,pre_motion,0.000000,-0.043576
0.540000,pre_motion,0.000000,-0.043576
0.541000,pre_motion,0.000000,-0.043576
0.542000,pre_motion,0.000000,-0.043576
0.543000,pre_motion,0.000000,-0.043576
0.544000,pre_motion,0.000000,-0.043576
0.545000,pre_motion,0.000000,-0.043576
0.546000,pre_motion,0.000000,-0.043576
0.547000,pre_motion,0.000000,-0.043576
0.548000,pre_motion,0.000000,-0.043576
0.549000,pre_motion,0.000000,-0.043576
0.550000,pre_motion,0.000000,-0.043576
0.551000,pre_motion,0.000000,-0.043576
0.552000,pre_motion,0.000000,-0.043576
0.553000,pre_motion,0.000000,-0.043576
0.554000,pre_motion,0.000000,-0.043576
0.555000,pre_motion,0.000000,-0.043576
0.556000,pre_motion,0.000000,-0.043576
0.557000,pre_motion,0.000000,-0.043576
0.558000,pre_motion,0.000000,-0.043576
0.559000,pre_motion,0.000000,-0.043576
0.560000,pre_motion,0.000000,-0.043576
0.561000,pre_motion,0.000000,-0.043576
0.562000,pre_motion,0.000000,-0.043576
0.563000,pre_motion,0.000000,-0.043576
0.564000,pre_motion,0.000000,-0.043576
0.565000,pre_motion,0.000000,-0.043576
0.566000,pre_motion,0.000000,-0.043576
0.567000,pre_motion,0.000000,-0.043576
0.568000,pre_motion,0.000000,-0.043576
0.569000,pre_motion,0.000000,-0.043576
0.570000,pre_motion,0.000000,-0.043576
0.571000,pre_motion,0.000000,-0.043576
0.572000,pre_motion,0.000000,-0.043576
0.573000,pre_motion,0.000000,-0.043576
0.574000,pre_motion,0.000000,-0.043576
0.575000,pre_motion,0.000000,-0.043576
0.576000,pre_motion,0.000000,-0.043576
0.577000,pre_motion,0.000000,-0.043576
0.578000,pre_motion,0.000000,-0.043576
0.579000,pre_motion,0.000000,-0.043576
0.580000,pre_motion,0.000000,-0.043576
0.581000,pre_motion,0.000000,-0.043576
0.582000,pre_motion,0.000000,-0.043576
0.583000,pre_motion,0.000000,-0.043576
0.584000,pre_motion,0.000000,-0.043576
0.585000,pre_motion,0.000000,-0.043576
0.586000,pre_motion,0.000000,-0.043576
0.587000,pre_motion,0.000000,-0.043576
0.588000,pre_motion,0.000000,-0.043576
0.589000,pre_motion,0.000000,-0.043576
0.590000,pre_motion,0.000000,-0.043576
0.591000,pre_motion,0.000000,-0.043576
0.592000,pre_motion,0.000000,-0.043576
0.593000,pre_motion,0.000000,-0.043576
0.594000,pre_motion,0.000000,-0.043576
0.595000,pre_motion,0.000000,-0.043576
0.596000,pre_motion,0.000000,-0.043576
0.597000,pre_motion,0.000000,-0.043576
0.598000,pre_motion,0.000000,-0.043576
0.599000,pre_motion,0.000000,-0.043576
0.600000,pre_motion,0.000000,-0.043576
0.601000,pre_motion,0.000000,-0.043576
0.602000,pre_motion,0.000000,-0.043576
0.603000,pre_motion,0.000000,-0.043576
0.604000,pre_motion,0.000000,-0.043576
0.605000,pre_motion,0.000000,-0.043576
0.606000,pre_motion,0.000000,-0.043576
0.607000,pre_motion,0.000000,-0.043576
0.608000,pre_motion,0.000000,-0.043576
0.609000,pre_motion,0.000000,-0.043576
0.610000,pre_motion,0.000000,-0.043576
0.611000,pre_motion,0.000000,-0.043576
0.612000,pre_motion,0.000000,-0.043576
0.613000,pre_motion,0.000000,-0.043576
0.614000,pre_motion,0.000000,-0.043576
0.615000,pre_motion,0.000000,-0.043576
0.616000,pre_motion,0.000000,-0.043576
0.617000,pre_motion,0.000000,-0.043576
0.618000,pre_motion,0.000000,-0.043576
0.619000,pre_motion,0.000000,-0.043576
0.620000,pre_motion,0.000000,-0.043576
0.621000,pre_motion,0.000000,-0.043576
0.622000,pre_motion,0.000000,-0.043576
0.623000,pre_motion,0.000000,-0.043576
0.624000,pre_motion,0.000000,-0.043576
0.625000,pre_motion,0.000000,-0.043576
0.626000,pre_motion,0.000000,-0.043576
0.627000,pre_motion,0.000000,-0.043576
0.628000,pre_motion,0.000000,-0.043576
0.629000,pre_motion,0.000000,-0.043576
0.630000,pre_motion,0.000000,-0.043576
0.631000,pre_motion,0.000000,-0.043576
0.632000,pre_motion,0.000000,-0.043576
0.633000,pre_motion,0.000000,-0.043576
0.634000,pre_motion,0.000000,-0.043576
0.635000,pre_motion,0.000000,-0.043576
0.636000,pre_motion,0.000000,-0.043576
0.637000,pre_motion,0.000000,-0.043576
0.638000,pre_motion,0.000000,-0.043576
0.639000,pre_motion,0.000000,-0.043576
0.640000,pre_motion,0.000000,-0.043576
0.641000,pre_motion,0.000000,-0.043576
0.642000,pre_motion,0.000000,-0.043576
0.643000,pre_motion,0.000000,-0.043576
0.644000,pre_motion,0.000000,-0.043576
0.645000,pre_motion,0.000000,-0.043576
0.646000,pre_motion,0.000000,-0.043576
0.647000,pre_motion,0.000000,-0.043576
0.648000,pre_motion,0.000000,-0.043576
0.649000,pre_motion,0.000000,-0.043576
0.650000,pre_motion,0.000000,-0.043576
0.651000,pre_motion,0.000000,-0.043576
0.652000,pre_motion,0.000000,-0.043576
0.653000,pre_motion,0.000000,-0.043576
0.654000,pre_motion,0.000000,-0.043576
0.655000,pre_motion,0.000000,-0.043576
0.656000,pre_motion,0.000000,-0.043576
0.657000,pre_motion,0.000000,-0.043576
0.658000,pre_motion,0.000000,-0.043576
0.659000,pre_motion,0.000000,-0.043576
0.660000,pre_motion,0.000000,-0.043576
0.661000,pre_motion,0.000000,-0.043576
0.662000,pre_motion,0.000000,-0.043576
0.663000,pre_motion,0.000000,-0.043576
0.664000,pre_motion,0.000000,-0.043576
0.665000,pre_motion,0.000000,-0.043576
0.666000,pre_motion,0.000000,-0.043576
0.667000,pre_motion,0.000000,-0.043576
0.668000,pre_motion,0.000000,-0.043576
0.669000,pre_motion,0.000000,-0.043576
0.670000,pre_motion,0.000000,-0.043576
0.671000,pre_motion,0.000000,-0.043576
0.672000,pre_motion,0.000000,-0.043576
0.673000,pre_motion,0.000000,-0.043576
0.674000,pre_motion,0.000000,-0.043576
0.675000,pre_motion,0.000000,-0.043576
0.676000,pre_motion,0.000000,-0.043576
0.677000,pre_motion,0.000000,-0.043576
0.678000,pre_motion,0.000000,-0.043576
0.679000,pre_motion,0.000000,-0.043576
0.680000,pre_motion,0.000000,-0.043576
0.681000,pre_motion,0.000000,-0.043576
0.682000,pre_motion,0.000000,-0.043576
0.683000,pre_motion,0.000000,-0.043576
0.684000,pre_motion,0.000000,-0.043576
0.685000,pre_motion,0.000000,-0.043576
0.686000,pre_motion,0.000000,-0.043576
0.687000,pre_motion,0.000000,-0.043576
0.688000,pre_motion,0.000000,-0.043576
0.689000,pre_motion,0.000000,-0.043576
0.690000,pre_motion,0.000000,-0.043576
0.691000,pre_motion,0.000000,-0.043576
0.692000,pre_motion,0.000000,-0.043576
0.693000,pre_motion,0.000000,-0.043576
0.694000,pre_motion,0.000000,-0.043576
0.695000,pre_motion,0.000000,-0.043576
0.696000,pre_motion,0.000000,-0.043576
0.697000,pre_motion,0.000000,-0.043576
0.698000,pre_motion,0.000000,-0.043576
0.699000,pre_motion,0.000000,-0.043576
0.700000,pre_motion,0.000000,-0.043576
0.701000,pre_motion,0.000000,-0.043576
0.702000,pre_motion,0.000000,-0.043576
0.703000,pre_motion,0.000000,-0.043576
0.704000,pre_motion,0.000000,-0.043576
0.705000,pre_motion,0.000000,-0.043576
0.706000,pre_motion,0.000000,-0.043576
0.707000,pre_motion,0.000000,-0.043576
0.708000,pre_motion,0.000000,-0.043576
0.709000,pre_motion,0.000000,-0.043576
0.710000,pre_motion,0.000000,-0.043576
0.711000,pre_motion,0.000000,-0.043576
0.712000,pre_motion,0.000000,-0.043576
0.713000,pre_motion,0.000000,-0.043576
0.714000,pre_motion,0.000000,-0.043576
0.715000,pre_motion,0.000000,-0.043576
0.716000,pre_motion,0.000000,-0.043576
0.717000,pre_motion,0.000000,-0.043576
0.718000,pre_motion,0.000000,-0.043576
0.719000,pre_motion,0.000000,-0.043576
0.720000,pre_motion,0.000000,-0.043576
0.721000,pre_motion,0.000000,-0.043576
0.722000,pre_motion,0.000000,-0.043576
0.723000,pre_motion,0.000000,-0.043576
0.724000,pre_motion,0.000000,-0.043576
0.725000,pre_motion,0.000000,-0.043576
0.726000,pre_motion,0.000000,-0.043576
0.727000,pre_motion,0.000000,-0.043576
0.728000,pre_motion,0.000000,-0.043576
0.729000,pre_motion,0.000000,-0.043576
0.730000,pre_motion,0.000000,-0.043576
0.731000,pre_motion,0.000000,-0.043576
0.732000,pre_motion,0.000000,-0.043576
0.733000,pre_motion,0.000000,-0.043576
0.734000,pre_motion,0.000000,-0.043576
0.735000,pre_motion,0.000000,-0.043576
0.736000,pre_motion,0.000000,-0.043576
0.737000,pre_motion,0.000000,-0.043576
0.738000,pre_motion,0.000000,-0.043576
0.739000,pre_motion,0.000000,-0.043576
0.740000,pre_motion,0.000000,-0.043576
0.741000,pre_motion,0.000000,-0.043576
0.742000,pre_motion,0.000000,-0.043576
0.743000,pre_motion,0.000000,-0.043576
0.744000,pre_motion,0.000000,-0.043576
0.745000,pre_motion,0.000000,-0.043576
0.746000,pre_motion,0.000000,-0.043576
0.747000,pre_motion,0.000000,-0.043576
0.748000,pre_motion,0.000000,-0.043576
0.749000,pre_motion,0.000000,-0.043576
0.750000,pre_motion,0.000000,-0.043576
0.751000,pre_motion,0.000000,-0.043576
0.752000,pre_motion,0.000000,-0.043576
0.753000,pre_motion,0.000000,-0.043576
0.754000,pre_motion,0.000000,-0.043576
0.755000,pre_motion,0.000000,-0.043576
0.756000,pre_motion,0.000000,-0.043576
0.757000,pre_motion,0.000000,-0.043576
0.758000,pre_motion,0.000000,-0.043576
0.759000,pre_motion,0.000000,-0.043576
0.760000,pre_motion,0.000000,-0.043576
0.761000,pre_motion,0.000000,-0.043576
0.762000,pre_motion,0.000000,-0.043576
0.763000,pre_motion,0.000000,-0.043576
0.764000,pre_motion,0.000000,-0.043576
0.765000,pre_motion,0.000000,-0.043576
0.766000,pre_motion,0.000000,-0.043576
0.767000,pre_motion,0.000000,-0.043576
0.768000,pre_motion,0.000000,-0.043576
0.769000,pre_motion,0.000000,-0.043576
0.770000,pre_motion,0.000000,-0.043576
0.771000,pre_motion,0.000000,-0.043576
0.772000,pre_motion,0.000000,-0.043576
0.773000,pre_motion,0.000000,-0.043576
0.774000,pre_motion,0.000000,-0.043576
0.775000,pre_motion,0.000000,-0.043576
0.776000,pre_motion,0.000000,-0.043576
0.777000,pre_motion,0.000000,-0.043576
0.778000,pre_motion,0.000000,-0.043576
0.779000,pre_motion,0.000000,-0.043576
0.780000,pre_motion,0.000000,-0.043576
0.781000,pre_motion,0.000000,-0.043576
0.782000,pre_motion,0.000000,-0.043576
0.783000,pre_motion,0.000000,-0.043576
0.784000,pre_motion,0.000000,-0.043576
0.785000,pre_motion,0.000000,-0.043576
0.786000,pre_motion,0.000000,-0.043576
0.787000,pre_motion,0.000000,-0.043576
0.788000,pre_motion,0.000000,-0.043576
0.789000,pre_motion,0.000000,-0.043576
0.790000,pre_motion,0.000000,-0.043576
0.791000,pre_motion,0.000000,-0.043576
0.792000,pre_motion,0.000000,-0.043576
0.793000,pre_motion,0.000000,-0.043576
0.794000,pre_motion,0.000000,-0.043576
0.795000,pre_motion,0.000000,-0.043576
0.796000,pre_motion,0.000000,-0.043576
0.797000,pre_motion,0.000000,-0.043576
0.798000,pre_motion,0.000000,-0.043576
0.799000,pre_motion,0.000000,-0.043576
0.800000,pre_motion,0.000000,-0.043576
0.801000,pre_motion,0.000000,-0.043576
0.802000,pre_motion,0.000000,-0.043576
0.803000,pre_motion,0.000000,-0.043576
0.804000,pre_motion,0.000000,-0.043576
0.805000,pre_motion,0.000000,-0.043576
0.806000,pre_motion,0.000000,-0.043576
0.807000,pre_motion,0.000000,-0.043576
0.808000,pre_motion,0.000000,-0.043576
0.809000,pre_motion,0.000000,-0.043576
0.810000,pre_motion,0.000000,-0.043576
0.811000,pre_motion,0.000000,-0.043576
0.812000,pre_motion,0.000000,-0.043576
0.813000,pre_motion,0.000000,-0.043576
0.814000,pre_motion,0.000000,-0.043576
0.815000,pre_motion,0.000000,-0.043576
0.816000,pre_motion,0.000000,-0.043576
0.817000,pre_motion,0.000000,-0.043576
0.818000,pre_motion,0.000000,-0.043576
0.819000,pre_motion,0.000000,-0.043576
0.820000,pre_motion,0.000000,-0.043576
0.821000,pre_motion,0.000000,-0.043576
0.822000,pre_motion,0.000000,-0.043576
0.823000,pre_motion,0.000000,-0.043576
0.824000,pre_motion,0.000000,-0.043576
0.825000,pre_motion,0.000000,-0.043576
0.826000,pre_motion,0.000000,-0.043576
0.827000,pre_motion,0.000000,-0.043576
0.828000,pre_motion,0.000000,-0.043576
0.829000,pre_motion,0.000000,-0.043576
0.830000,pre_motion,0.000000,-0.043576
0.831000,pre_motion,0.000000,-0.043576
0.832000,pre_motion,0.000000,-0.043576
0.833000,pre_motion,0.000000,-0.043576
0.834000,pre_motion,0.000000,-0.043576
0.835000,pre_motion,0.000000,-0.043576
0.836000,pre_motion,0.000000,-0.043576
0.837000,pre_motion,0.000000,-0.043576
0.838000,pre_motion,0.000000,-0.043576
0.839000,pre_motion,0.000000,-0.043576
0.840000,pre_motion,0.000000,-0.043576
0.841000,pre_motion,0.000000,-0.043576
0.842000,pre_motion,0.000000,-0.043576
0.843000,pre_motion,0.000000,-0.043576
0.844000,pre_motion,0.000000,-0.043576
0.845000,pre_motion,0.000000,-0.043576
0.846000,pre_motion,0.000000,-0.043576
0.847000,pre_motion,0.000000,-0.043576
0.848000,pre_motion,0.000000,-0.043576
0.849000,pre_motion,0.000000,-0.043576
0.850000,pre_motion,0.000000,-0.043576
0.851000,pre_motion,0.000000,-0.043576
0.852000,pre_motion,0.000000,-0.043576
0.853000,pre_motion,0.000000,-0.043576
0.854000,pre_motion,0.000000,-0.043576
0.855000,pre_motion,0.000000,-0.043576
0.856000,pre_motion,0.000000,-0.043576
0.857000,pre_motion,0.000000,-0.043576
0.858000,pre_motion,0.000000,-0.043576
0.859000,pre_motion,0.000000,-0.043576
0.860000,pre_motion,0.000000,-0.043576
0.861000,pre_motion,0.000000,-0.043576
0.862000,pre_motion,0.000000,-0.043576
0.863000,pre_motion,0.000000,-0.043576
0.864000,pre_motion,0.000000,-0.043576
0.865000,pre_motion,0.000000,-0.043576
0.866000,pre_motion,0.000000,-0.043576
0.867000,pre_motion,0.000000,-0.043576
0.868000,pre_motion,0.000000,-0.043576
0.869000,pre_motion,0.000000,-0.043576
0.870000,pre_motion,0.000000,-0.043576
0.871000,pre_motion,0.000000,-0.043576
0.872000,pre_motion,0.000000,-0.043576
0.873000,pre_motion,0.000000,-0.043576
0.874000,pre_motion,0.000000,-0.043576
0.875000,pre_motion,0.000000,-0.043576
0.876000,pre_motion,0.000000,-0.043576
0.877000,pre_motion,0.000000,-0.043576
0.878000,pre_motion,0.000000,-0.043576
0.879000,pre_motion,0.000000,-0.043576
0.880000,pre_motion,0.000000,-0.043576
0.881000,pre_motion,0.000000,-0.043576
0.882000,pre_motion,0.000000,-0.043576
0.883000,pre_motion,0.000000,-0.043576
0.884000,pre_motion,0.000000,-0.043576
0.885000,pre_motion,0.000000,-0.043576
0.886000,pre_motion,0.000000,-0.043576
0.887000,pre_motion,0.000000,-0.043576
0.888000,pre_motion,0.000000,-0.043576
0.889000,pre_motion,0.000000,-0.043576
0.890000,pre_motion,0.000000,-0.043576
0.891000,pre_motion,0.000000,-0.043576
0.892000,pre_motion,0.000000,-0.043576
0.893000,pre_motion,0.000000,-0.043576
0.894000,pre_motion,0.000000,-0.043576
0.895000,pre_motion,0.000000,-0.043576
0.896000,pre_motion,0.000000,-0.043576
0.897000,pre_motion,0.000000,-0.043576
0.898000,pre_motion,0.000000,-0.043576
0.899000,pre_motion,0.000000,-0.043576
0.900000,pre_motion,0.000000,-0.043576
0.901000,pre_motion,0.000000,-0.043576
0.902000,pre_motion,0.000000,-0.043576
0.903000,pre_motion,0.000000,-0.043576
0.904000,pre_motion,0.000000,-0.043576
0.905000,pre_motion,0.000000,-0.043576
0.906000,pre_motion,0.000000,-0.043576
0.907000,pre_motion,0.000000,-0.043576
0.908000,pre_motion,0.000000,-0.043576
0.909000,pre_motion,0.000000,-0.043576
0.910000,pre_motion,0.000000,-0.043576
0.911000,pre_motion,0.000000,-0.043576
0.912000,pre_motion,0.000000,-0.043576
0.913000,pre_motion,0.000000,-0.043576
0.914000,pre_motion,0.000000,-0.043576
0.915000,pre_motion,0.000000,-0.043576
0.916000,pre_motion,0.000000,-0.043576
0.917000,pre_motion,0.000000,-0.043576
0.918000,pre_motion,0.000000,-0.043576
0.919000,pre_motion,0.000000,-0.043576
0.920000,pre_motion,0.000000,-0.043576
0.921000,pre_motion,0.000000,-0.043576
0.922000,pre_motion,0.000000,-0.043576
0.923000,pre_motion,0.000000,-0.043576
0.924000,pre_motion,0.000000,-0.043576
0.925000,pre_motion,0.000000,-0.043576
0.926000,pre_motion,0.000000,-0.043576
0.927000,pre_motion,0.000000,-0.043576
0.928000,pre_motion,0.000000,-0.043576
0.929000,pre_motion,0.000000,-0.043576
0.930000,pre_motion,0.000000,-0.043576
0.931000,pre_motion,0.000000,-0.043576
0.932000,pre_motion,0.000000,-0.043576
0.933000,pre_motion,0.000000,-0.043576
0.934000,pre_motion,0.000000,-0.043576
0.935000,pre_motion,0.000000,-0.043576
0.936000,pre_motion,0.000000,-0.043576
0.937000,pre_motion,0.000000,-0.043576
0.938000,pre_motion,0.000000,-0.043576
0.939000,pre_motion,0.000000,-0.043576
0.940000,pre_motion,0.000000,-0.043576
0.941000,pre_motion,0.000000,-0.043576
0.942000,pre_motion,0.000000,-0.043576
0.943000,pre_motion,0.000000,-0.043576
0.944000,pre_motion,0.000000,-0.043576
0.945000,pre_motion,0.000000,-0.043576
0.946000,pre_motion,0.000000,-0.043576
0.947000,pre_motion,0.000000,-0.043576
0.948000,pre_motion,0.000000,-0.043576
0.949000,pre_motion,0.000000,-0.043576
0.950000,pre_motion,0.000000,-0.043576
0.951000,pre_motion,0.000000,-0.043576
0.952000,pre_motion,0.000000,-0.043576
0.953000,pre_motion,0.000000,-0.043576
0.954000,pre_motion,0.000000,-0.043576
0.955000,pre_motion,0.000000,-0.043576
0.956000,pre_motion,0.000000,-0.043576
0.957000,pre_motion,0.000000,-0.043576
0.958000,pre_motion,0.000000,-0.043576
0.959000,pre_motion,0.000000,-0.043576
0.960000,pre_motion,0.000000,-0.043576
0.961000,pre_motion,0.000000,-0.043576
0.962000,pre_motion,0.000000,-0.043576
0.963000,pre_motion,0.000000,-0.043576
0.964000,pre_motion,0.000000,-0.043576
0.965000,pre_motion,0.000000,-0.043576
0.966000,pre_motion,0.000000,-0.043576
0.967000,pre_motion,0.000000,-0.043576
0.968000,pre_motion,0.000000,-0.043576
0.969000,pre_motion,0.000000,-0.043576
0.970000,pre_motion,0.000000,-0.043576
0.971000,pre_motion,0.000000,-0.043576
0.972000,pre_motion,0.000000,-0.043576
0.973000,pre_motion,0.000000,-0.043576
0.974000,pre_motion,0.000000,-0.043576
0.975000,pre_motion,0.000000,-0.043576
0.976000,pre_motion,0.000000,-0.043576
0.977000,pre_motion,0.000000,-0.043576
0.978000,pre_motion,0.000000,-0.043576
0.979000,pre_motion,0.000000,-0.043576
0.980000,pre_motion,0.000000,-0.043576
0.981000,pre_motion,0.000000,-0.043576
0.982000,pre_motion,0.000000,-0.043576
0.983000,pre_motion,0.000000,-0.043576
0.984000,pre_motion,0.000000,-0.043576
0.985000,pre_motion,0.000000,-0.043576
0.986000,pre_motion,0.000000,-0.043576
0.987000,pre_motion,0.000000,-0.043576
0.988000,pre_motion,0.000000,-0.043576
0.989000,pre_motion,0.000000,-0.043576
0.990000,pre_motion,0.000000,-0.043576
0.991000,pre_motion,0.000000,-0.043576
0.992000,pre_motion,0.000000,-0.043576
0.993000,pre_motion,0.000000,-0.043576
0.994000,pre_motion,0.000000,-0.043576
0.995000,pre_motion,0.000000,-0.043576
0.996000,pre_motion,0.000000,-0.043576
0.997000,pre_motion,0.000000,-0.043576
0.998000,pre_motion,0.000000,-0.043576
0.999000,pre_motion,0.000000,-0.043576
1.000000,pre_motion,0.000000,-0.043576
1.001000,pre_motion,0.000000,-0.043576
1.002000,pre_motion,0.000000,-0.043576
1.003000,pre_motion,0.000000,-0.043576
1.004000,pre_motion,0.000000,-0.043576
1.005000,pre_motion,0.000000,-0.043576
1.006000,pre_motion,0.000000,-0.043576
1.007000,pre_motion,0.000000,-0.043576
1.008000,pre_motion,0.000000,-0.043576
1.009000,pre_motion,0.000000,-0.043576
1.010000,pre_motion,0.000000,-0.043576
1.011000,pre_motion,0.000000,-0.043576
1.012000,pre_motion,0.000000,-0.043576
1.013000,pre_motion,0.000000,-0.043576
1.014000,pre_motion,0.000000,-0.043576
1.015000,pre_motion,0.000000,-0.043576
1.016000,pre_motion,0.000000,-0.043576
1.017000,pre_motion,0.000000,-0.043576
1.018000,pre_motion,0.000000,-0.043576
1.019000,pre_motion,0.000000,-0.043576
1.020000,pre_motion,0.000000,-0.043576
1.021000,pre_motion,0.000000,-0.043576
1.022000,pre_motion,0.000000,-0.043576
1.023000,pre_motion,0.000000,-0.043576
1.024000,pre_motion,0.000000,-0.043576
1.025000,pre_motion,0.000000,-0.043576
1.026000,pre_motion,0.000000,-0.043576
1.027000,pre_motion,0.000000,-0.043576
1.028000,pre_motion,0.000000,-0.043576
1.029000,pre_motion,0.000000,-0.043576
1.030000,pre_motion,0.000000,-0.043576
1.031000,pre_motion,0.000000,-0.043576
1.032000,pre_motion,0.000000,-0.043576
1.033000,pre_motion,0.000000,-0.043576
1.034000,pre_motion,0.000000,-0.043576
1.035000,pre_motion,0.000000,-0.043576
1.036000,pre_motion,0.000000,-0.043576
1.037000,pre_motion,0.000000,-0.043576
1.038000,pre_motion,0.000000,-0.043576
1.039000,pre_motion,0.000000,-0.043576
1.040000,pre_motion,0.000000,-0.043576
1.041000,pre_motion,0.000000,-0.043576
1.042000,pre_motion,0.000000,-0.043576
1.043000,pre_motion,0.000000,-0.043576
1.044000,pre_motion,0.000000,-0.043576
1.045000,pre_motion,0.000000,-0.043576
1.046000,pre_motion,0.000000,-0.043576
1.047000,pre_motion,0.000000,-0.043576
1.048000,pre_motion,0.000000,-0.043576
1.049000,pre_motion,0.000000,-0.043576
1.050000,pre_motion,0.000000,-0.043576
1.051000,pre_motion,0.000000,-0.043576
1.052000,pre_motion,0.000000,-0.043576
1.053000,pre_motion,0.000000,-0.043576
1.054000,pre_motion,0.000000,-0.043576
1.055000,pre_motion,0.000000,-0.043576
1.056000,pre_motion,0.000000,-0.043576
1.057000,pre_motion,0.000000,-0.043576
1.058000,pre_motion,0.000000,-0.043576
1.059000,pre_motion,0.000000,-0.043576
1.060000,pre_motion,0.000000,-0.043576
1.061000,pre_motion,0.000000,-0.043576
1.062000,pre_motion,0.000000,-0.043576
1.063000,pre_motion,0.000000,-0.043576
1.064000,pre_motion,0.000000,-0.043576
1.065000,pre_motion,0.000000,-0.043576
1.066000,pre_motion,0.000000,-0.043576
1.067000,pre_motion,0.000000,-0.043576
1.068000,pre_motion,0.000000,-0.043576
1.069000,pre_motion,0.000000,-0.043576
1.070000,pre_motion,0.000000,-0.043576
1.071000,pre_motion,0.000000,-0.043576
1.072000,pre_motion,0.000000,-0.043576
1.073000,pre_motion,0.000000,-0.043576
1.074000,pre_motion,0.000000,-0.043576
1.075000,pre_motion,0.000000,-0.043576
1.076000,pre_motion,0.000000,-0.043576
1.077000,pre_motion,0.000000,-0.043576
1.078000,pre_motion,0.000000,-0.043576
1.079000,pre_motion,0.000000,-0.043576
1.080000,pre_motion,0.000000,-0.043576
1.081000,pre_motion,0.000000,-0.043576
1.082000,pre_motion,0.000000,-0.043576
1.083000,pre_motion,0.000000,-0.043576
1.084000,pre_motion,0.000000,-0.043576
1.085000,pre_motion,0.000000,-0.043576
1.086000,pre_motion,0.000000,-0.043576
1.087000,pre_motion,0.000000,-0.043576
1.088000,pre_motion,0.000000,-0.043576
1.089000,pre_motion,0.000000,-0.043576
1.090000,pre_motion,0.000000,-0.043576
1.091000,pre_motion,0.000000,-0.043576
1.092000,pre_motion,0.000000,-0.043576
1.093000,pre_motion,0.000000,-0.043576
1.094000,pre_motion,0.000000,-0.043576
1.095000,pre_motion,0.000000,-0.043576
1.096000,pre_motion,0.000000,-0.043576
1.097000,pre_motion,0.000000,-0.043576
1.098000,pre_motion,0.000000,-0.043576
1.099000,pre_motion,0.000000,-0.043576
1.100000,pre_motion,0.000000,-0.043576
1.101000,pre_motion,0.000000,-0.043576
1.102000,pre_motion,0.000000,-0.043576
1.103000,pre_motion,0.000000,-0.043576
1.104000,pre_motion,0.000000,-0.043576
1.105000,pre_motion,0.000000,-0.043576
1.106000,pre_motion,0.000000,-0.043576
1.107000,pre_motion,0.000000,-0.043576
1.108000,pre_motion,0.000000,-0.043576
1.109000,pre_motion,0.000000,-0.043576
1.110000,pre_motion,0.000000,-0.043576
1.111000,pre_motion,0.000000,-0.043576
1.112000,pre_motion,0.000000,-0.043576
1.113000,pre_motion,0.000000,-0.043576
1.114000,pre_motion,0.000000,-0.043576
1.115000,pre_motion,0.000000,-0.043576
1.116000,pre_motion,0.000000,-0.043576
1.117000,pre_motion,0.000000,-0.043576
1.118000,pre_motion,0.000000,-0.043576
1.119000,pre_motion,0.000000,-0.043576
1.120000,pre_motion,0.000000,-0.043576
1.121000,pre_motion,0.000000,-0.043576
1.122000,pre_motion,0.000000,-0.043576
1.123000,pre_motion,0.000000,-0.043576
1.124000,pre_motion,0.000000,-0.043576
1.125000,pre_motion,0.000000,-0.043576
1.126000,pre_motion,0.000000,-0.043576
1.127000,pre_motion,0.000000,-0.043576
1.128000,pre_motion,0.000000,-0.043576
1.129000,pre_motion,0.000000,-0.043576
1.130000,pre_motion,0.000000,-0.043576
1.131000,pre_motion,0.000000,-0.043576
1.132000,pre_motion,0.000000,-0.043576
1.133000,pre_motion,0.000000,-0.043576
1.134000,pre_motion,0.000000,-0.043576
1.135000,pre_motion,0.000000,-0.043576
1.136000,pre_motion,0.000000,-0.043576
1.137000,pre_motion,0.000000,-0.043576
1.138000,pre_motion,0.000000,-0.043576
1.139000,pre_motion,0.000000,-0.043576
1.140000,pre_motion,0.000000,-0.043576
1.141000,pre_motion,0.000000,-0.043576
1.142000,pre_motion,0.000000,-0.043576
1.143000,pre_motion,0.000000,-0.043576
1.144000,pre_motion,0.000000,-0.043576
1.145000,pre_motion,0.000000,-0.043576
1.146000,pre_motion,0.000000,-0.043576
1.147000,pre_motion,0.000000,-0.043576
1.148000,pre_motion,0.000000,-0.043576
1.149000,pre_motion,0.000000,-0.043576
1.150000,pre_motion,0.000000,-0.043576
1.151000,pre_motion,0.000000,-0.043576
1.152000,pre_motion,0.000000,-0.043576
1.153000,pre_motion,0.000000,-0.043576
1.154000,pre_motion,0.000000,-0.043576
1.155000,pre_motion,0.000000,-0.043576
1.156000,pre_motion,0.000000,-0.043576
1.157000,pre_motion,0.000000,-0.043576
1.158000,pre_motion,0.000000,-0.043576
1.159000,pre_motion,0.000000,-0.043576
1.160000,pre_motion,0.000000,-0.043576
1.161000,pre_motion,0.000000,-0.043576
1.162000,pre_motion,0.000000,-0.043576
1.163000,pre_motion,0.000000,-0.043576
1.164000,pre_motion,0.000000,-0.043576
1.165000,pre_motion,0.000000,-0.043576
1.166000,pre_motion,0.000000,-0.043576
1.167000,pre_motion,0.000000,-0.043576
1.168000,pre_motion,0.000000,-0.043576
1.169000,pre_motion,0.000000,-0.043576
1.170000,pre_motion,0.000000,-0.043576
1.171000,pre_motion,0.000000,-0.043576
1.172000,pre_motion,0.000000,-0.043576
1.173000,pre_motion,0.000000,-0.043576
1.174000,pre_motion,0.000000,-0.043576
1.175000,pre_motion,0.000000,-0.043576
1.176000,pre_motion,0.000000,-0.043576
1.177000,pre_motion,0.000000,-0.043576
1.178000,pre_motion,0.000000,-0.043576
1.179000,pre_motion,0.000000,-0.043576
1.180000,pre_motion,0.000000,-0.043576
1.181000,pre_motion,0.000000,-0.043576
1.182000,pre_motion,0.000000,-0.043576
1.183000,pre_motion,0.000000,-0.043576
1.184000,pre_motion,0.000000,-0.043576
1.185000,pre_motion,0.000000,-0.043576
1.186000,pre_motion,0.000000,-0.043576
1.187000,pre_motion,0.000000,-0.043576
1.188000,pre_motion,0.000000,-0.043576
1.189000,pre_motion,0.000000,-0.043576
1.190000,pre_motion,0.000000,-0.043576
1.191000,pre_motion,0.000000,-0.043576
1.192000,pre_motion,0.000000,-0.043576
1.193000,pre_motion,0.000000,-0.043576
1.194000,pre_motion,0.000000,-0.043576
1.195000,pre_motion,0.000000,-0.043576
1.196000,pre_motion,0.000000,-0.043576
1.197000,pre_motion,0.000000,-0.043576
1.198000,pre_motion,0.000000,-0.043576
1.199000,pre_motion,0.000000,-0.043576
1.200000,pre_motion,0.000000,-0.043576
1.201000,pre_motion,0.000000,-0.043576
1.202000,pre_motion,0.000000,-0.043576
1.203000,pre_motion,0.000000,-0.043576
1.204000,pre_motion,0.000000,-0.043576
1.205000,pre_motion,0.000000,-0.043576
1.206000,pre_motion,0.000000,-0.043576
1.207000,pre_motion,0.000000,-0.043576
1.208000,pre_motion,0.000000,-0.043576
1.209000,pre_motion,0.000000,-0.043576
1.210000,pre_motion,0.000000,-0.043576
1.211000,pre_motion,0.000000,-0.043576
1.212000,pre_motion,0.000000,-0.043576
1.213000,pre_motion,0.000000,-0.043576
1.214000,pre_motion,0.000000,-0.043576
1.215000,pre_motion,0.000000,-0.043576
1.216000,pre_motion,0.000000,-0.043576
1.217000,pre_motion,0.000000,-0.043576
1.218000,pre_motion,0.000000,-0.043576
1.219000,pre_motion,0.000000,-0.043576
1.220000,pre_motion,0.000000,-0.043576
1.221000,pre_motion,0.000000,-0.043576
1.222000,pre_motion,0.000000,-0.043576
1.223000,pre_motion,0.000000,-0.043576
1.224000,pre_motion,0.000000,-0.043576
1.225000,pre_motion,0.000000,-0.043576
1.226000,pre_motion,0.000000,-0.043576
1.227000,pre_motion,0.000000,-0.043576
1.228000,pre_motion,0.000000,-0.043576
1.229000,pre_motion,0.000000,-0.043576
1.230000,pre_motion,0.000000,-0.043576
1.231000,pre_motion,0.000000,-0.043576
1.232000,pre_motion,0.000000,-0.043576
1.233000,pre_motion,0.000000,-0.043576
1.234000,pre_motion,0.000000,-0.043576
1.235000,pre_motion,0.000000,-0.043576
1.236000,pre_motion,0.000000,-0.043576
1.237000,pre_motion,0.000000,-0.043576
1.238000,pre_motion,0.000000,-0.043576
1.239000,pre_motion,0.000000,-0.043576
1.240000,pre_motion,0.000000,-0.043576
1.241000,pre_motion,0.000000,-0.043576
1.242000,pre_motion,0.000000,-0.043576
1.243000,pre_motion,0.000000,-0.043576
1.244000,pre_motion,0.000000,-0.043576
1.245000,pre_motion,0.000000,-0.043576
1.246000,pre_motion,0.000000,-0.043576
1.247000,pre_motion,0.000000,-0.043576
1.248000,pre_motion,0.000000,-0.043576
1.249000,pre_motion,0.000000,-0.043576
1.250000,pre_motion,0.000000,-0.043576
1.251000,pre_motion,0.000000,-0.043576
1.252000,pre_motion,0.000000,-0.043576
1.253000,pre_motion,0.000000,-0.043576
1.254000,pre_motion,0.000000,-0.043576
1.255000,pre_motion,0.000000,-0.043576
1.256000,pre_motion,0.000000,-0.043576
1.257000,pre_motion,0.000000,-0.043576
1.258000,pre_motion,0.000000,-0.043576
1.259000,pre_motion,0.000000,-0.043576
1.260000,pre_motion,0.000000,-0.043576
1.261000,pre_motion,0.000000,-0.043576
1.262000,pre_motion,0.000000,-0.043576
1.263000,pre_motion,0.000000,-0.043576
1.264000,pre_motion,0.000000,-0.043576
1.265000,pre_motion,0.000000,-0.043576
1.266000,pre_motion,0.000000,-0.043576
1.267000,pre_motion,0.000000,-0.043576
1.268000,pre_motion,0.000000,-0.043576
1.269000,pre_motion,0.000000,-0.043576
1.270000,pre_motion,0.000000,-0.043576
1.271000,pre_motion,0.000000,-0.043576
1.272000,pre_motion,0.000000,-0.043576
1.273000,pre_motion,0.000000,-0.043576
1.274000,pre_motion,0.000000,-0.043576
1.275000,pre_motion,0.000000,-0.043576
1.276000,pre_motion,0.000000,-0.043576
1.277000,pre_motion,0.000000,-0.043576
1.278000,pre_motion,0.000000,-0.043576
1.279000,pre_motion,0.000000,-0.043576
1.280000,pre_motion,0.000000,-0.043576
1.281000,pre_motion,0.000000,-0.043576
1.282000,pre_motion,0.000000,-0.043576
1.283000,pre_motion,0.000000,-0.043576
1.284000,pre_motion,0.000000,-0.043576
1.285000,X_outbound,0.000224,-0.043576
1.286000,X_outbound,0.005598,-0.043431
1.287000,X_outbound,0.010973,-0.042993
1.288000,X_outbound,0.016348,-0.042264
1.289000,X_outbound,0.021722,-0.041244
1.290000,X_outbound,0.027097,-0.039932
1.291000,X_outbound,0.032472,-0.038329
1.292000,X_outbound,0.037846,-0.036435
1.293000,X_outbound,0.043221,-0.034249
1.294000,X_outbound,0.048596,-0.031772
1.295000,X_outbound,0.053970,-0.029003
1.296000,X_outbound,0.059345,-0.025944
1.297000,X_outbound,0.064720,-0.022593
1.298000,X_outbound,0.070095,-0.018951
1.299000,X_outbound,0.075469,-0.015019
1.300000,X_outbound,0.080844,-0.010795
1.301000,X_outbound,0.086219,-0.006281
1.302000,X_outbound,0.091593,-0.001476
1.303000,X_outbound,0.096968,0.003619
1.304000,X_outbound,0.102343,0.009005
1.305000,X_outbound,0.107717,0.014681
1.306000,X_outbound,0.113092,0.020647
1.307000,X_outbound,0.118467,0.026903
1.308000,X_outbound,0.123841,0.033449
1.309000,X_outbound,0.129216,0.040284
1.310000,X_outbound,0.134591,0.047409
1.311000,X_outbound,0.139965,0.054824
1.312000,X_outbound,0.145340,0.062527
1.313000,X_outbound,0.150715,0.070520
1.314000,X_outbound,0.156090,0.078801
1.315000,X_outbound,0.161464,0.087371
1.316000,X_outbound,0.166839,0.096229
1.317000,X_outbound,0.172214,0.105375
1.318000,X_outbound,0.177588,0.114809
1.319000,X_outbound,0.182963,0.124531
1.320000,X_outbound,0.188338,0.134541
1.321000,X_outbound,0.193712,0.144838
1.322000,X_outbound,0.199087,0.155421
1.323000,X_outbound,0.204462,0.166291
1.324000,X_outbound,0.209836,0.177448
1.325000,X_outbound,0.215211,0.188891
1.326000,X_outbound,0.220586,0.200620
1.327000,X_outbound,0.225960,0.212635
1.328000,X_outbound,0.231335,0.224935
1.329000,X_outbound,0.236710,0.237520
1.330000,X_outbound,0.242085,0.250389
1.331000,X_outbound,0.247459,0.263543
1.332000,X_outbound,0.252834,0.276982
1.333000,X_outbound,0.258209,0.290704
1.334000,X_outbound,0.263583,0.304709
1.335000,X_outbound,0.268958,0.318998
1.336000,X_outbound,0.274333,0.333569
1.337000,X_outbound,0.279707,0.348423
1.338000,X_outbound,0.285082,0.363559
1.339000,X_outbound,0.290457,0.378977
1.340000,X_outbound,0.295831,0.394676
1.341000,X_outbound,0.301206,0.410656
1.342000,X_outbound,0.306581,0.426916
1.343000,X_outbound,0.311955,0.443457
1.344000,X_outbound,0.317330,0.460277
1.345000,X_outbound,0.322705,0.477377
1.346000,X_outbound,0.328080,0.494756
1.347000,X_outbound,0.333454,0.512413
1.348000,X_outbound,0.338829,0.530349
1.349000,X_outbound,0.344204,0.548562
1.350000,X_outbound,0.349578,0.567053
1.351000,X_outbound,0.354953,0.585820
1.352000,X_outbound,0.360328,0.604863
1.353000,X_outbound,0.365702,0.624183
1.354000,X_outbound,0.371077,0.643778
1.355000,X_outbound,0.376452,0.663648
1.356000,X_outbound,0.381826,0.683792
1.357000,X_outbound,0.387201,0.704210
1.358000,X_outbound,0.392576,0.724902
1.359000,X_outbound,0.397950,0.745867
1.360000,X_outbound,0.403325,0.767104
1.361000,X_outbound,0.408700,0.788614
1.362000,X_outbound,0.414075,0.810395
1.363000,X_outbound,0.419449,0.832446
1.364000,X_outbound,0.424824,0.854768
1.365000,X_outbound,0.430199,0.877360
1.366000,X_outbound,0.435573,0.900222
1.367000,X_outbound,0.440948,0.923352
1.368000,X_outbound,0.446323,0.946750
1.369000,X_outbound,0.451697,0.970416
1.370000,X_outbound,0.457072,0.994349
1.371000,X_outbound,0.462447,1.018549
1.372000,X_outbound,0.467821,1.043015
1.373000,X_outbound,0.473196,1.067745
1.374000,X_outbound,0.478571,1.092741
1.375000,X_outbound,0.483945,1.118001
1.376000,X_outbound,0.488410,1.143524
1.377000,X_outbound,0.491097,1.169310
1.378000,X_outbound,0.493785,1.195359
1.379000,X_outbound,0.496472,1.221669
1.380000,X_outbound,0.499159,1.248240
1.381000,X_outbound,0.501847,1.275072
1.382000,X_outbound,0.504534,1.302163
1.383000,X_outbound,0.507221,1.329513
1.384000,X_outbound,0.509909,1.357122
1.385000,X_outbound,0.512596,1.384989
1.386000,X_outbound,0.515284,1.413113
1.387000,X_outbound,0.517971,1.441493
1.388000,X_outbound,0.520658,1.470129
1.389000,X_outbound,0.523346,1.499019
1.390000,X_outbound,0.526033,1.528165
1.391000,X_outbound,0.529315,1.557564
1.392000,X_outbound,0.534690,1.587215
1.393000,X_outbound,0.540065,1.617120
1.394000,X_outbound,0.545440,1.647275
1.395000,X_outbound,0.550814,1.677681
1.396000,X_outbound,0.556189,1.708338
1.397000,X_outbound,0.561564,1.739244
1.398000,X_outbound,0.566938,1.770398
1.399000,X_outbound,0.572313,1.801800
1.400000,X_outbound,0.577688,1.833449
1.401000,X_outbound,0.583062,1.865344
1.402000,X_outbound,0.588437,1.897485
1.403000,X_outbound,0.593812,1.929871
1.404000,X_outbound,0.599186,1.962501
1.405000,X_outbound,0.604561,1.995374
1.406000,X_outbound,0.609936,2.028489
1.407000,X_outbound,0.615310,2.061846
1.408000,X_outbound,0.620685,2.095443
1.409000,X_outbound,0.626060,2.129281
1.410000,X_outbound,0.631435,2.163358
1.411000,X_outbound,0.636809,2.197673
1.412000,X_outbound,0.642184,2.232225
1.413000,X_outbound,0.647559,2.267015
1.414000,X_outbound,0.652933,2.302040
1.415000,X_outbound,0.658308,2.337300
1.416000,X_outbound,0.663683,2.372794
1.417000,X_outbound,0.669057,2.408522
1.418000,X_outbound,0.674432,2.444482
1.419000,X_outbound,0.679807,2.480673
1.420000,X_outbound,0.685181,2.517096
1.421000,X_outbound,0.690556,2.553748
1.422000,X_outbound,0.695931,2.590629
1.423000,X_outbound,0.701305,2.627738
1.424000,X_outbound,0.706680,2.665074
1.425000,X_outbound,0.712055,2.702637
1.426000,X_outbound,0.717430,2.740424
1.427000,X_outbound,0.722804,2.778437
1.428000,X_outbound,0.728179,2.816672
1.429000,X_outbound,0.733554,2.855131
1.430000,X_outbound,0.738928,2.893811
1.431000,X_outbound,0.744303,2.932712
1.432000,X_outbound,0.749678,2.971832
1.433000,X_outbound,0.755052,3.011172
1.434000,X_outbound,0.760427,3.050729
1.435000,X_outbound,0.765802,3.090503
1.436000,X_outbound,0.771176,3.130494
1.437000,X_outbound,0.776551,3.170699
1.438000,X_outbound,0.781926,3.211119
1.439000,X_outbound,0.787300,3.251751
1.440000,X_outbound,0.792675,3.292596
1.441000,X_outbound,0.798050,3.333652
1.442000,X_outbound,0.803425,3.374918
1.443000,X_outbound,0.808799,3.416393
1.444000,X_outbound,0.814174,3.458076
1.445000,X_outbound,0.819549,3.499966
1.446000,X_outbound,0.824923,3.542063
1.447000,X_outbound,0.830298,3.584364
1.448000,X_outbound,0.835673,3.626870
1.449000,X_outbound,0.841047,3.669579
1.450000,X_outbound,0.846422,3.712490
1.451000,X_outbound,0.851797,3.755602
1.452000,X_outbound,0.857171,3.798914
1.453000,X_outbound,0.862546,3.842424
1.454000,X_outbound,0.867921,3.886133
1.455000,X_outbound,0.873295,3.930038
1.456000,X_outbound,0.878670,3.974140
1.457000,X_outbound,0.884045,4.018436
1.458000,X_outbound,0.889420,4.062925
1.459000,X_outbound,0.894794,4.107608
1.460000,X_outbound,0.900169,4.152481
1.461000,X_outbound,0.905544,4.197545
1.462000,X_outbound,0.910918,4.242799
1.463000,X_outbound,0.916293,4.288240
1.464000,X_outbound,0.921668,4.333869
1.465000,X_outbound,0.927042,4.379684
1.466000,X_outbound,0.932417,4.425684
1.467000,X_outbound,0.937792,4.471867
1.468000,X_outbound,0.943166,4.518234
1.469000,X_outbound,0.948541,4.564782
1.470000,X_outbound,0.953916,4.611510
1.471000,X_outbound,0.959290,4.658418
1.472000,X_outbound,0.964665,4.705504
1.473000,X_outbound,0.970040,4.752767
1.474000,X_outbound,0.975415,4.800206
1.475000,X_outbound,0.980789,4.847820
1.476000,X_outbound,0.986164,4.895607
1.477000,X_outbound,0.991539,4.943567
1.478000,X_outbound,0.996913,4.991698
1.479000,X_outbound,1.002288,5.040000
1.480000,X_outbound,1.007663,5.088471
1.481000,X_outbound,1.013037,5.137109
1.482000,X_outbound,1.016554,5.185914
1.483000,X_outbound,1.018346,5.234885
1.484000,X_outbound,1.020137,5.284020
1.485000,X_outbound,1.021929,5.333318
1.486000,X_outbound,1.023720,5.382778
1.487000,X_outbound,1.025512,5.432399
1.488000,X_outbound,1.027303,5.482179
1.489000,X_outbound,1.029095,5.532118
1.490000,X_outbound,1.030887,5.582214
1.491000,X_outbound,1.032678,5.632466
1.492000,X_outbound,1.034470,5.682872
1.493000,X_outbound,1.036261,5.733432
1.494000,X_outbound,1.038053,5.784145
1.495000,X_outbound,1.039844,5.835008
1.496000,X_outbound,1.041636,5.886022
1.497000,X_outbound,1.043427,5.937184
1.498000,X_outbound,1.045219,5.988494
1.499000,X_outbound,1.047011,6.039949
1.500000,X_outbound,1.048802,6.091550
1.501000,X_outbound,1.050594,6.143294
1.502000,X_outbound,1.052385,6.195181
1.503000,X_outbound,1.054177,6.247209
1.504000,X_outbound,1.055968,6.299377
1.505000,X_outbound,1.060780,6.351683
1.506000,X_outbound,1.066155,6.404127
1.507000,X_outbound,1.071529,6.456707
1.508000,X_outbound,1.076904,6.509422
1.509000,X_outbound,1.082279,6.562271
1.510000,X_outbound,1.087653,6.615252
1.511000,X_outbound,1.093028,6.668364
1.512000,X_outbound,1.098403,6.721606
1.513000,X_outbound,1.103777,6.774976
1.514000,X_outbound,1.109152,6.828474
1.515000,X_outbound,1.114527,6.882097
1.516000,X_outbound,1.119901,6.935846
1.517000,X_outbound,1.125276,6.989717
1.518000,X_outbound,1.130651,7.043711
1.519000,X_outbound,1.136026,7.097825
1.520000,X_outbound,1.141400,7.152059
1.521000,X_outbound,1.146775,7.206411
1.522000,X_outbound,1.152150,7.260879
1.523000,X_outbound,1.157524,7.315464
1.524000,X_outbound,1.162899,7.370162
1.525000,X_outbound,1.168274,7.424973
1.526000,X_outbound,1.173648,7.479896
1.527000,X_outbound,1.179023,7.534929
1.528000,X_outbound,1.184398,7.590071
1.529000,X_outbound,1.189772,7.645321
1.530000,X_outbound,1.195147,7.700677
1.531000,X_outbound,1.200522,7.756137
1.532000,X_outbound,1.205896,7.811702
1.533000,X_outbound,1.211271,7.867368
1.534000,X_outbound,1.216646,7.923136
1.535000,X_outbound,1.222021,7.979003
1.536000,X_outbound,1.227395,8.034968
1.537000,X_outbound,1.232770,8.091030
1.538000,X_outbound,1.238145,8.147188
1.539000,X_outbound,1.243519,8.203440
1.540000,X_outbound,1.248894,8.259784
1.541000,X_outbound,1.254269,8.316220
1.542000,X_outbound,1.259643,8.372746
1.543000,X_outbound,1.265018,8.429361
1.544000,X_outbound,1.270393,8.486063
1.545000,X_outbound,1.275767,8.542851
1.546000,X_outbound,1.281142,8.599724
1.547000,X_outbound,1.286517,8.656680
1.548000,X_outbound,1.291891,8.713718
1.549000,X_outbound,1.297266,8.770837
1.550000,X_outbound,1.302641,8.828034
1.551000,X_outbound,1.308016,8.885309
1.552000,X_outbound,1.313390,8.942661
1.553000,X_outbound,1.318765,9.000088
1.554000,X_outbound,1.324140,9.057588
1.555000,X_outbound,1.329514,9.115161
1.556000,X_outbound,1.334889,9.172804
1.557000,X_outbound,1.340264,9.230517
1.558000,X_outbound,1.345638,9.288298
1.559000,X_outbound,1.351013,9.346145
1.560000,X_outbound,1.356388,9.404058
1.561000,X_outbound,1.361762,9.462034
1.562000,X_outbound,1.367137,9.520074
1.563000,X_outbound,1.372512,9.578174
1.564000,X_outbound,1.377886,9.636334
1.565000,X_outbound,1.383261,9.694552
1.566000,X_outbound,1.388636,9.752827
1.567000,X_outbound,1.394011,9.811157
1.568000,X_outbound,1.399385,9.869542
1.569000,X_outbound,1.404760,9.927979
1.570000,X_outbound,1.410135,9.986468
1.571000,X_outbound,1.415509,10.045006
1.572000,X_outbound,1.420884,10.103593
1.573000,X_outbound,1.426259,10.162226
1.574000,X_outbound,1.431633,10.220906
1.575000,X_outbound,1.437008,10.279629
1.576000,X_outbound,1.442383,10.338395
1.577000,X_outbound,1.447757,10.397203
1.578000,X_outbound,1.453132,10.456051
1.579000,X_outbound,1.458507,10.514937
1.580000,X_outbound,1.463881,10.573860
1.581000,X_outbound,1.469256,10.632819
1.582000,X_outbound,1.474631,10.691812
1.583000,X_outbound,1.480006,10.750838
1.584000,X_outbound,1.485380,10.809896
1.585000,X_outbound,1.490755,10.868983
1.586000,X_outbound,1.496130,10.928099
1.587000,X_outbound,1.501504,10.987242
1.588000,X_outbound,1.506879,11.046411
1.589000,X_outbound,1.512254,11.105604
1.590000,X_outbound,1.517628,11.164820
1.591000,X_outbound,1.523003,11.224058
1.592000,X_outbound,1.528378,11.283315
1.593000,X_outbound,1.533752,11.342592
1.594000,X_outbound,1.539127,11.401885
1.595000,X_outbound,1.544126,11.461194
1.596000,X_outbound,1.546813,11.520517
1.597000,X_outbound,1.549501,11.579853
1.598000,X_outbound,1.552188,11.639201
1.599000,X_outbound,1.554875,11.698559
1.600000,X_outbound,1.557563,11.757925
1.601000,X_outbound,1.560250,11.817298
1.602000,X_outbound,1.562937,11.876677
1.603000,X_outbound,1.565625,11.936061
1.604000,X_outbound,1.568312,11.995447
1.605000,X_outbound,1.570999,12.054835
1.606000,X_outbound,1.573687,12.114222
1.607000,X_outbound,1.576374,12.173609
1.608000,X_outbound,1.579061,12.232992
1.609000,X_outbound,1.581749,12.292371
1.610000,X_outbound,1.584497,12.351745
1.611000,X_outbound,1.589872,12.411111
1.612000,X_outbound,1.595246,12.470468
1.613000,X_outbound,1.600621,12.529816
1.614000,X_outbound,1.605996,12.589152
1.615000,X_outbound,1.611371,12.648476
1.616000,X_outbound,1.616745,12.707785
1.617000,X_outbound,1.622120,12.767078
1.618000,X_outbound,1.627495,12.826354
1.619000,X_outbound,1.632869,12.885612
1.620000,X_outbound,1.638244,12.944849
1.621000,X_outbound,1.643619,13.004065
1.622000,X_outbound,1.648993,13.063258
1.623000,X_outbound,1.654368,13.122427
1.624000,X_outbound,1.659743,13.181570
1.625000,X_outbound,1.665117,13.240686
1.626000,X_outbound,1.670492,13.299774
1.627000,X_outbound,1.675867,13.358831
1.628000,X_outbound,1.681241,13.417857
1.629000,X_outbound,1.686616,13.476850
1.630000,X_outbound,1.691991,13.535809
1.631000,X_outbound,1.697366,13.594733
1.632000,X_outbound,1.702740,13.653619
1.633000,X_outbound,1.708115,13.712466
1.634000,X_outbound,1.713490,13.771274
1.635000,X_outbound,1.718864,13.830040
1.636000,X_outbound,1.724239,13.888764
1.637000,X_outbound,1.729614,13.947443
1.638000,X_outbound,1.734988,14.006077
1.639000,X_outbound,1.740363,14.064664
1.640000,X_outbound,1.745738,14.123202
1.641000,X_outbound,1.751112,14.181690
1.642000,X_outbound,1.756487,14.240128
1.643000,X_outbound,1.761862,14.298512
1.644000,X_outbound,1.767236,14.356843
1.645000,X_outbound,1.772611,14.415118
1.646000,X_outbound,1.777986,14.473336
1.647000,X_outbound,1.783361,14.531496
1.648000,X_outbound,1.788735,14.589596
1.649000,X_outbound,1.794110,14.647635
1.650000,X_outbound,1.799485,14.705612
1.651000,X_outbound,1.804859,14.763524
1.652000,X_outbound,1.810234,14.821372
1.653000,X_outbound,1.815609,14.879153
1.654000,X_outbound,1.820983,14.936865
1.655000,X_outbound,1.826358,14.994509
1.656000,X_outbound,1.831733,15.052081
1.657000,X_outbound,1.837107,15.109582
1.658000,X_outbound,1.842482,15.167008
1.659000,X_outbound,1.847857,15.224360
1.660000,X_outbound,1.853231,15.281635
1.661000,X_outbound,1.858606,15.338833
1.662000,X_outbound,1.863981,15.395951
1.663000,X_outbound,1.869356,15.452989
1.664000,X_outbound,1.874730,15.509945
1.665000,X_outbound,1.880105,15.566818
1.666000,X_outbound,1.885480,15.623606
1.667000,X_outbound,1.890854,15.680308
1.668000,X_outbound,1.896229,15.736923
1.669000,X_outbound,1.901604,15.793449
1.670000,X_outbound,1.906978,15.849885
1.671000,X_outbound,1.912353,15.906230
1.672000,X_outbound,1.917728,15.962482
1.673000,X_outbound,1.923102,16.018639
1.674000,X_outbound,1.928477,16.074701
1.675000,X_outbound,1.933852,16.130667
1.676000,X_outbound,1.939226,16.186534
1.677000,X_outbound,1.944601,16.242301
1.678000,X_outbound,1.949976,16.297968
1.679000,X_outbound,1.955351,16.353532
1.680000,X_outbound,1.960725,16.408993
1.681000,X_outbound,1.966100,16.464349
1.682000,X_outbound,1.971475,16.519598
1.683000,X_outbound,1.976849,16.574740
1.684000,X_outbound,1.982224,16.629773
1.685000,X_outbound,1.987599,16.684696
1.686000,X_outbound,1.992973,16.739507
1.687000,X_outbound,1.998348,16.794206
1.688000,X_outbound,2.003723,16.848790
1.689000,X_outbound,2.009097,16.903259
1.690000,X_outbound,2.014472,16.957611
1.691000,X_outbound,2.019847,17.011844
1.692000,X_outbound,2.025221,17.065959
1.693000,X_outbound,2.030596,17.119952
1.694000,X_outbound,2.033610,17.173824
1.695000,X_outbound,2.036298,17.227572
1.696000,X_outbound,2.038985,17.281195
1.697000,X_outbound,2.041672,17.334693
1.698000,X_outbound,2.044360,17.388063
1.699000,X_outbound,2.047047,17.441305
1.700000,X_outbound,2.049734,17.494417
1.701000,X_outbound,2.052422,17.547398
1.702000,X_outbound,2.055109,17.600247
1.703000,X_outbound,2.057797,17.652962
1.704000,X_outbound,2.060484,17.705542
1.705000,X_outbound,2.063171,17.757986
1.706000,X_outbound,2.065859,17.810293
1.707000,X_outbound,2.068546,17.862461
1.708000,X_outbound,2.071233,17.914489
1.709000,X_outbound,2.075966,17.966375
1.710000,X_outbound,2.081341,18.018120
1.711000,X_outbound,2.086716,18.069720
1.712000,X_outbound,2.092090,18.121176
1.713000,X_outbound,2.097465,18.172485
1.714000,X_outbound,2.102840,18.223648
1.715000,X_outbound,2.108214,18.274661
1.716000,X_outbound,2.113589,18.325525
1.717000,X_outbound,2.118964,18.376237
1.718000,X_outbound,2.124338,18.426797
1.719000,X_outbound,2.129713,18.477204
1.720000,X_outbound,2.135088,18.527456
1.721000,X_outbound,2.140462,18.577552
1.722000,X_outbound,2.145837,18.627490
1.723000,X_outbound,2.151212,18.677271
1.724000,X_outbound,2.156586,18.726892
1.725000,X_outbound,2.161961,18.776352
1.726000,X_outbound,2.167336,18.825650
1.727000,X_outbound,2.172711,18.874785
1.728000,X_outbound,2.178085,18.923755
1.729000,X_outbound,2.183460,18.972560
1.730000,X_outbound,2.188835,19.021199
1.731000,X_outbound,2.194209,19.069669
1.732000,X_outbound,2.199584,19.117971
1.733000,X_outbound,2.204959,19.166102
1.734000,X_outbound,2.210333,19.214062
1.735000,X_outbound,2.215708,19.261850
1.736000,X_outbound,2.221083,19.309464
1.737000,X_outbound,2.226457,19.356903
1.738000,X_outbound,2.231832,19.404166
1.739000,X_outbound,2.237207,19.451252
1.740000,X_outbound,2.242581,19.498159
1.741000,X_outbound,2.247956,19.544888
1.742000,X_outbound,2.253331,19.591436
1.743000,X_outbound,2.258706,19.637802
1.744000,X_outbound,2.264080,19.683986
1.745000,X_outbound,2.269455,19.729985
1.746000,X_outbound,2.274830,19.775800
1.747000,X_outbound,2.280204,19.821429
1.748000,X_outbound,2.285579,19.866871
1.749000,X_outbound,2.290954,19.912124
1.750000,X_outbound,2.296328,19.957188
1.751000,X_outbound,2.301703,20.002062
1.752000,X_outbound,2.307078,20.046744
1.753000,X_outbound,2.312452,20.091234
1.754000,X_outbound,2.317827,20.135530
1.755000,X_outbound,2.323202,20.179631
1.756000,X_outbound,2.328576,20.223536
1.757000,X_outbound,2.333951,20.267245
1.758000,X_outbound,2.339326,20.310756
1.759000,X_outbound,2.344701,20.354068
1.760000,X_outbound,2.350075,20.397180
1.761000,X_outbound,2.355450,20.440090
1.762000,X_outbound,2.360825,20.482799
1.763000,X_outbound,2.366199,20.525305
1.764000,X_outbound,2.371574,20.567607
1.765000,X_outbound,2.376949,20.609703
1.766000,X_outbound,2.382323,20.651594
1.767000,X_outbound,2.387698,20.693277
1.768000,X_outbound,2.393073,20.734752
1.769000,X_outbound,2.398447,20.776018
1.770000,X_outbound,2.403822,20.817074
1.771000,X_outbound,2.409197,20.857918
1.772000,X_outbound,2.414571,20.898551
1.773000,X_outbound,2.419946,20.938970
1.774000,X_outbound,2.425321,20.979176
1.775000,X_outbound,2.430696,21.019166
1.776000,X_outbound,2.436070,21.058940
1.777000,X_outbound,2.441445,21.098498
1.778000,X_outbound,2.446820,21.137837
1.779000,X_outbound,2.452194,21.176958
1.780000,X_outbound,2.457569,21.215859
1.781000,X_outbound,2.462944,21.254539
1.782000,X_outbound,2.468318,21.292997
1.783000,X_outbound,2.473693,21.331233
1.784000,X_outbound,2.479068,21.369245
1.785000,X_outbound,2.484442,21.407033
1.786000,X_outbound,2.489817,21.444595
1.787000,X_outbound,2.495192,21.481932
1.788000,X_outbound,2.500566,21.519041
1.789000,X_outbound,2.505941,21.555922
1.790000,X_outbound,2.511316,21.592574
1.791000,X_outbound,2.516691,21.628996
1.792000,X_outbound,2.522065,21.665188
1.793000,X_outbound,2.527440,21.701148
1.794000,X_outbound,2.532815,21.736875
1.795000,X_outbound,2.538189,21.772370
1.796000,X_outbound,2.543564,21.807630
1.797000,X_outbound,2.548939,21.842655
1.798000,X_outbound,2.554313,21.877444
1.799000,X_outbound,2.559688,21.911997
1.800000,X_outbound,2.565063,21.946312
1.801000,X_outbound,2.570437,21.980389
1.802000,X_outbound,2.575812,22.014226
1.803000,X_outbound,2.581187,22.047824
1.804000,X_outbound,2.586561,22.081181
1.805000,X_outbound,2.591936,22.114296
1.806000,X_outbound,2.597311,22.147169
1.807000,X_outbound,2.602686,22.179798
1.808000,X_outbound,2.608060,22.212184
1.809000,X_outbound,2.613435,22.244325
1.810000,X_outbound,2.618810,22.276220
1.811000,X_outbound,2.624184,22.307869
1.812000,X_outbound,2.629559,22.339272
1.813000,X_outbound,2.634934,22.370426
1.814000,X_outbound,2.640308,22.401332
1.815000,X_outbound,2.645683,22.431988
1.816000,X_outbound,2.651058,22.462394
1.817000,X_outbound,2.656432,22.492550
1.818000,X_outbound,2.661807,22.522454
1.819000,X_outbound,2.667182,22.552106
1.820000,X_outbound,2.672556,22.581505
1.821000,X_outbound,2.677931,22.610650
1.822000,X_outbound,2.683306,22.639541
1.823000,X_outbound,2.688681,22.668177
1.824000,X_outbound,2.694055,22.696557
1.825000,X_outbound,2.699430,22.724681
1.826000,X_outbound,2.704805,22.752547
1.827000,X_outbound,2.710179,22.780156
1.828000,X_outbound,2.715554,22.807506
1.829000,X_outbound,2.720929,22.834598
1.830000,X_outbound,2.726303,22.861429
1.831000,X_outbound,2.731678,22.888001
1.832000,X_outbound,2.737053,22.914311
1.833000,X_outbound,2.742427,22.940359
1.834000,X_outbound,2.747802,22.966145
1.835000,X_outbound,2.753177,22.991669
1.836000,X_outbound,2.758551,23.016928
1.837000,X_outbound,2.763926,23.041924
1.838000,X_outbound,2.769301,23.066655
1.839000,X_outbound,2.774676,23.091120
1.840000,X_outbound,2.780050,23.115320
1.841000,X_outbound,2.785425,23.139253
1.842000,X_outbound,2.790800,23.162919
1.843000,X_outbound,2.796174,23.186318
1.844000,X_outbound,2.801549,23.209448
1.845000,X_outbound,2.806924,23.232309
1.846000,X_outbound,2.812298,23.254901
1.847000,X_outbound,2.817673,23.277223
1.848000,X_outbound,2.823048,23.299275
1.849000,X_outbound,2.828422,23.321056
1.850000,X_outbound,2.833797,23.342565
1.851000,X_outbound,2.839172,23.363802
1.852000,X_outbound,2.844546,23.384767
1.853000,X_outbound,2.849921,23.405459
1.854000,X_outbound,2.855296,23.425877
1.855000,X_outbound,2.860671,23.446022
1.856000,X_outbound,2.866045,23.465892
1.857000,X_outbound,2.871420,23.485487
1.858000,X_outbound,2.876795,23.504806
1.859000,X_outbound,2.882169,23.523850
1.860000,X_outbound,2.887544,23.542617
1.861000,X_outbound,2.892919,23.561107
1.862000,X_outbound,2.898293,23.579320
1.863000,X_outbound,2.903668,23.597256
1.864000,X_outbound,2.909043,23.614913
1.865000,X_outbound,2.914417,23.632292
1.866000,X_outbound,2.919792,23.649392
1.867000,X_outbound,2.925167,23.666213
1.868000,X_outbound,2.930541,23.682753
1.869000,X_outbound,2.935916,23.699014
1.870000,X_outbound,2.941291,23.714994
1.871000,X_outbound,2.946666,23.730693
1.872000,X_outbound,2.952040,23.746110
1.873000,X_outbound,2.957415,23.761246
1.874000,X_outbound,2.962790,23.776100
1.875000,X_outbound,2.968164,23.790671
1.876000,X_outbound,2.973539,23.804960
1.877000,X_outbound,2.978914,23.818966
1.878000,X_outbound,2.984288,23.832688
1.879000,X_outbound,2.989663,23.846126
1.880000,X_outbound,2.995038,23.859280
1.881000,X_outbound,3.000412,23.872150
1.882000,X_outbound,3.005787,23.884735
1.883000,X_outbound,3.011162,23.897035
1.884000,X_outbound,3.016536,23.909049
1.885000,X_outbound,3.021911,23.920778
1.886000,X_outbound,3.027286,23.932221
1.887000,X_outbound,3.032661,23.943378
1.888000,X_outbound,3.038035,23.954248
1.889000,X_outbound,3.043410,23.964832
1.890000,X_outbound,3.048785,23.975129
1.891000,X_outbound,3.054159,23.985138
1.892000,X_outbound,3.059534,23.994860
1.893000,X_outbound,3.064909,24.004294
1.894000,X_outbound,3.070283,24.013440
1.895000,X_outbound,3.075658,24.022299
1.896000,X_outbound,3.081033,24.030868
1.897000,X_outbound,3.086407,24.039150
1.898000,X_outbound,3.091782,24.047142
1.899000,X_outbound,3.097157,24.054846
1.900000,X_outbound,3.102531,24.062260
1.901000,X_outbound,3.107906,24.069385
1.902000,X_outbound,3.113281,24.076221
1.903000,X_outbound,3.118656,24.082766
1.904000,X_outbound,3.124030,24.089022
1.905000,X_outbound,3.128765,24.094989
1.906000,X_outbound,3.131452,24.100664
1.907000,X_outbound,3.134140,24.106050
1.908000,X_outbound,3.136827,24.111146
1.909000,X_outbound,3.139514,24.115950
1.910000,X_outbound,3.142202,24.120465
1.911000,X_outbound,3.144889,24.124688
1.912000,X_outbound,3.147576,24.128621
1.913000,X_outbound,3.150264,24.132262
1.914000,X_outbound,3.152951,24.135613
1.915000,X_outbound,3.155638,24.138673
1.916000,X_outbound,3.158326,24.141441
1.917000,X_outbound,3.161013,24.143918
1.918000,X_outbound,3.163700,24.146104
1.919000,X_outbound,3.166388,24.147999
1.920000,X_outbound,3.169400,24.149602
1.921000,X_outbound,3.174775,24.150914
1.922000,X_outbound,3.180150,24.151934
1.923000,X_outbound,3.185524,24.152663
1.924000,X_outbound,3.190899,24.153100
1.925000,X_outbound,3.196274,24.153246
1.926000,X_outbound,3.201648,24.153246
1.927000,X_outbound,3.207023,24.153246
1.928000,X_outbound,3.212398,24.153246
1.929000,X_outbound,3.217772,24.153246
1.930000,X_outbound,3.223147,24.153246
1.931000,X_outbound,3.228522,24.153246
1.932000,X_outbound,3.233896,24.153246
1.933000,X_outbound,3.239271,24.153246
1.934000,X_outbound,3.244646,24.153246
1.935000,X_outbound,3.250021,24.153246
1.936000,X_outbound,3.255395,24.153246
1.937000,X_outbound,3.260770,24.153246
1.938000,X_outbound,3.266145,24.153246
1.939000,X_outbound,3.271519,24.153246
1.940000,X_outbound,3.276894,24.153246
1.941000,X_outbound,3.282269,24.153246
1.942000,X_outbound,3.287643,24.153246
1.943000,X_outbound,3.293018,24.153246
1.944000,X_outbound,3.298393,24.153246
1.945000,X_outbound,3.303767,24.153246
1.946000,X_outbound,3.309142,24.153246
1.947000,X_outbound,3.314517,24.153246
1.948000,X_outbound,3.319891,24.153246
1.949000,X_outbound,3.325266,24.153246
1.950000,X_outbound,3.330641,24.153246
1.951000,X_outbound,3.336016,24.153246
1.952000,X_outbound,3.341390,24.153246
1.953000,X_outbound,3.346765,24.153246
1.954000,X_outbound,3.352140,24.153246
1.955000,X_outbound,3.357514,24.153246
1.956000,X_outbound,3.362889,24.153246
1.957000,X_outbound,3.368264,24.153246
1.958000,X_outbound,3.373638,24.153246
1.959000,X_outbound,3.379013,24.153246
1.960000,X_outbound,3.384388,24.153246
1.961000,X_outbound,3.389762,24.153246
1.962000,X_outbound,3.395137,24.153246
1.963000,X_outbound,3.400512,24.153246
1.964000,X_outbound,3.405886,24.153246
1.965000,X_outbound,3.411261,24.153246
1.966000,X_outbound,3.416636,24.153246
1.967000,X_outbound,3.422011,24.153246
1.968000,X_outbound,3.427385,24.153246
1.969000,X_outbound,3.432760,24.153246
1.970000,X_outbound,3.438135,24.153246
1.971000,X_outbound,3.443509,24.153246
1.972000,X_outbound,3.448884,24.153246
1.973000,X_outbound,3.454259,24.153246
1.974000,X_outbound,3.459633,24.153246
1.975000,X_outbound,3.465008,24.153246
1.976000,X_outbound,3.470383,24.153246
1.977000,X_outbound,3.475757,24.153246
1.978000,X_outbound,3.481132,24.153246
1.979000,X_outbound,3.486507,24.153246
1.980000,X_outbound,3.491881,24.153246
1.981000,X_outbound,3.497256,24.153246
1.982000,X_outbound,3.502631,24.153246
1.983000,X_outbound,3.508006,24.153246
1.984000,X_outbound,3.513380,24.153246
1.985000,X_outbound,3.518755,24.153246
1.986000,X_outbound,3.524130,24.153246
1.987000,X_outbound,3.529504,24.153246
1.988000,X_outbound,3.534879,24.153246
1.989000,X_outbound,3.540254,24.153246
1.990000,X_outbound,3.545628,24.153246
1.991000,X_outbound,3.551003,24.153246
1.992000,X_outbound,3.556378,24.153246
1.993000,X_outbound,3.561752,24.153246
1.994000,X_outbound,3.567127,24.153246
1.995000,X_outbound,3.572502,24.153246
1.996000,X_outbound,3.577876,24.153246
1.997000,X_outbound,3.583251,24.153246
1.998000,X_outbound,3.588626,24.153246
1.999000,X_outbound,3.594001,24.153246
2.000000,X_outbound,3.599375,24.153246
2.001000,X_outbound,3.604750,24.153246
2.002000,X_outbound,3.610125,24.153246
2.003000,X_outbound,3.615499,24.153246
2.004000,X_outbound,3.620874,24.153246
2.005000,X_outbound,3.626249,24.153246
2.006000,X_outbound,3.631623,24.153246
2.007000,X_outbound,3.636998,24.153246
2.008000,X_outbound,3.642373,24.153246
2.009000,X_outbound,3.647747,24.153246
2.010000,X_outbound,3.653122,24.153246
2.011000,X_outbound,3.658497,24.153246
2.012000,X_outbound,3.663871,24.153246
2.013000,X_outbound,3.669246,24.153246
2.014000,X_outbound,3.674621,24.153246
2.015000,X_outbound,3.679996,24.153246
2.016000,X_outbound,3.685370,24.153246
2.017000,X_outbound,3.690745,24.153246
2.018000,X_outbound,3.696120,24.153246
2.019000,X_outbound,3.701494,24.153246
2.020000,X_outbound,3.706869,24.153246
2.021000,X_outbound,3.712244,24.153246
2.022000,X_outbound,3.717618,24.153246
2.023000,X_outbound,3.722993,24.153246
2.024000,X_outbound,3.728368,24.153246
2.025000,X_outbound,3.733742,24.153246
2.026000,X_outbound,3.739117,24.153246
2.027000,X_outbound,3.744492,24.153246
2.028000,X_outbound,3.749867,24.153246
2.029000,X_outbound,3.755241,24.153246
2.030000,X_outbound,3.760616,24.153246
2.031000,X_outbound,3.765991,24.153246
2.032000,X_outbound,3.771365,24.153246
2.033000,X_outbound,3.776740,24.153246
2.034000,X_outbound,3.782115,24.153246
2.035000,X_outbound,3.787489,24.153246
2.036000,X_outbound,3.792864,24.153246
2.037000,X_outbound,3.798239,24.153246
2.038000,X_outbound,3.803613,24.153246
2.039000,X_outbound,3.808988,24.153246
2.040000,X_outbound,3.814363,24.153246
2.041000,X_outbound,3.819737,24.153246
2.042000,X_outbound,3.825112,24.153246
2.043000,X_outbound,3.830487,24.153246
2.044000,X_outbound,3.835862,24.153246
2.045000,X_outbound,3.841236,24.153246
2.046000,X_outbound,3.846611,24.153246
2.047000,X_outbound,3.851986,24.153246
2.048000,X_outbound,3.857360,24.153246
2.049000,X_outbound,3.862735,24.153246
2.050000,X_outbound,3.868110,24.153246
2.051000,X_outbound,3.873484,24.153246
2.052000,X_outbound,3.878859,24.153246
2.053000,X_outbound,3.884234,24.153246
2.054000,X_outbound,3.889608,24.153246
2.055000,X_outbound,3.894983,24.153246
2.056000,X_outbound,3.900358,24.153246
2.057000,X_outbound,3.905732,24.153246
2.058000,X_outbound,3.911107,24.153246
2.059000,X_outbound,3.916482,24.153246
2.060000,X_outbound,3.921857,24.153246
2.061000,X_outbound,3.927231,24.153246
2.062000,X_outbound,3.932606,24.153246
2.063000,X_outbound,3.937981,24.153246
2.064000,X_outbound,3.943355,24.153246
2.065000,X_outbound,3.948730,24.153246
2.066000,X_outbound,3.954105,24.153246
2.067000,X_outbound,3.959479,24.153246
2.068000,X_outbound,3.964854,24.153246
2.069000,X_outbound,3.970229,24.153246
2.070000,X_outbound,3.975603,24.153246
2.071000,X_outbound,3.980978,24.153246
2.072000,X_outbound,3.986353,24.153246
2.073000,X_outbound,3.991727,24.153246
2.074000,X_outbound,3.997102,24.153246
2.075000,X_outbound,4.002477,24.153246
2.076000,X_outbound,4.007852,24.153246
2.077000,X_outbound,4.013226,24.153246
2.078000,X_outbound,4.018601,24.153246
2.079000,X_outbound,4.023976,24.153246
2.080000,X_outbound,4.029350,24.153246
2.081000,X_outbound,4.034725,24.153246
2.082000,X_outbound,4.040100,24.153246
2.083000,X_outbound,4.045474,24.153246
2.084000,X_outbound,4.050849,24.153246
2.085000,X_outbound,4.056224,24.153246
2.086000,X_outbound,4.061598,24.153246
2.087000,X_outbound,4.066973,24.153246
2.088000,X_outbound,4.072348,24.153246
2.089000,X_outbound,4.077722,24.153246
2.090000,X_outbound,4.083097,24.153246
2.091000,X_outbound,4.088472,24.153246
2.092000,X_outbound,4.093847,24.153246
2.093000,X_outbound,4.099221,24.153246
2.094000,X_outbound,4.104596,24.153246
2.095000,X_outbound,4.109971,24.153246
2.096000,X_outbound,4.115345,24.153246
2.097000,X_outbound,4.120720,24.153246
2.098000,X_outbound,4.126095,24.153246
2.099000,X_outbound,4.131469,24.153246
2.100000,X_outbound,4.136844,24.153246
2.101000,X_outbound,4.142219,24.153246
2.102000,X_outbound,4.147593,24.153246
2.103000,X_outbound,4.152968,24.153246
2.104000,X_outbound,4.158343,24.153246
2.105000,X_outbound,4.163717,24.153246
2.106000,X_outbound,4.169092,24.153246
2.107000,X_outbound,4.174467,24.153246
2.108000,X_outbound,4.179842,24.153246
2.109000,X_outbound,4.185216,24.153246
2.110000,X_outbound,4.190591,24.153246
2.111000,X_outbound,4.195966,24.153246
2.112000,X_outbound,4.201340,24.153246
2.113000,X_outbound,4.206715,24.153246
2.114000,X_outbound,4.212090,24.153246
2.115000,X_outbound,4.217464,24.153246
2.116000,X_outbound,4.222839,24.153246
2.117000,X_outbound,4.226607,24.153246
2.118000,X_outbound,4.229294,24.153246
2.119000,X_outbound,4.231982,24.153246
2.120000,X_outbound,4.234669,24.153246
2.121000,X_outbound,4.237356,24.153246
2.122000,X_outbound,4.240044,24.153246
2.123000,X_outbound,4.242731,24.153246
2.124000,X_outbound,4.245418,24.153246
2.125000,X_outbound,4.248106,24.153246
2.126000,X_outbound,4.250793,24.153246
2.127000,X_outbound,4.253480,24.153246
2.128000,X_outbound,4.256168,24.153246
2.129000,X_outbound,4.258855,24.153246
2.130000,X_outbound,4.261542,24.153246
2.131000,X_outbound,4.264230,24.153246
2.132000,X_outbound,4.268209,24.153246
2.133000,X_outbound,4.273584,24.153246
2.134000,X_outbound,4.278958,24.153246
2.135000,X_outbound,4.284333,24.153246
2.136000,X_outbound,4.289708,24.153246
2.137000,X_outbound,4.295082,24.153246
2.138000,X_outbound,4.300457,24.153246
2.139000,X_outbound,4.305832,24.153246
2.140000,X_outbound,4.311207,24.153246
2.141000,X_outbound,4.316581,24.153246
2.142000,X_outbound,4.321956,24.153246
2.143000,X_outbound,4.327331,24.153246
2.144000,X_outbound,4.332705,24.153246
2.145000,X_outbound,4.338080,24.153246
2.146000,X_outbound,4.343455,24.153246
2.147000,X_outbound,4.348829,24.153246
2.148000,X_outbound,4.354204,24.153246
2.149000,X_outbound,4.359579,24.153246
2.150000,X_outbound,4.364953,24.153246
2.151000,X_outbound,4.370328,24.153246
2.152000,X_outbound,4.375703,24.153246
2.153000,X_outbound,4.381077,24.153246
2.154000,X_outbound,4.386452,24.153246
2.155000,X_outbound,4.391827,24.153246
2.156000,X_outbound,4.397202,24.153246
2.157000,X_outbound,4.402576,24.153246
2.158000,X_outbound,4.407951,24.153246
2.159000,X_outbound,4.413326,24.153246
2.160000,X_outbound,4.418700,24.153246
2.161000,X_outbound,4.424075,24.153246
2.162000,X_outbound,4.429450,24.153246
2.163000,X_outbound,4.434824,24.153246
2.164000,X_outbound,4.440199,24.153246
2.165000,X_outbound,4.445574,24.153246
2.166000,X_outbound,4.450948,24.153246
2.167000,X_outbound,4.456323,24.153246
2.168000,X_outbound,4.461698,24.153246
2.169000,X_outbound,4.467072,24.153246
2.170000,X_outbound,4.472447,24.153246
2.171000,X_outbound,4.477822,24.153246
2.172000,X_outbound,4.483197,24.153246
2.173000,X_outbound,4.488571,24.153246
2.174000,X_outbound,4.493946,24.153246
2.175000,X_outbound,4.499321,24.153246
2.176000,X_outbound,4.504695,24.153246
2.177000,X_outbound,4.510070,24.153246
2.178000,X_outbound,4.515445,24.153246
2.179000,X_outbound,4.520819,24.153246
2.180000,X_outbound,4.526194,24.153246
2.181000,X_outbound,4.531569,24.153246
2.182000,X_outbound,4.536943,24.153246
2.183000,X_outbound,4.542318,24.153246
2.184000,X_outbound,4.547693,24.153246
2.185000,X_outbound,4.553067,24.153246
2.186000,X_outbound,4.558442,24.153246
2.187000,X_outbound,4.563817,24.153246
2.188000,X_outbound,4.569192,24.153246
2.189000,X_outbound,4.574566,24.153246
2.190000,X_outbound,4.579941,24.153246
2.191000,X_outbound,4.585316,24.153246
2.192000,X_outbound,4.590690,24.153246
2.193000,X_outbound,4.596065,24.153246
2.194000,X_outbound,4.601440,24.153246
2.195000,X_outbound,4.606814,24.153246
2.196000,X_outbound,4.612189,24.153246
2.197000,X_outbound,4.617564,24.153246
2.198000,X_outbound,4.622938,24.153246
2.199000,X_outbound,4.628313,24.153246
2.200000,X_outbound,4.633688,24.153246
2.201000,X_outbound,4.639062,24.153246
2.202000,X_outbound,4.644437,24.153246
2.203000,X_outbound,4.649812,24.153246
2.204000,X_outbound,4.655187,24.153246
2.205000,X_outbound,4.660561,24.153246
2.206000,X_outbound,4.665936,24.153246
2.207000,X_outbound,4.671311,24.153246
2.208000,X_outbound,4.676685,24.153246
2.209000,X_outbound,4.682060,24.153246
2.210000,X_outbound,4.687435,24.153246
2.211000,X_outbound,4.692809,24.153246
2.212000,X_outbound,4.698184,24.153246
2.213000,X_outbound,4.703559,24.153246
2.214000,X_outbound,4.708933,24.153246
2.215000,X_outbound,4.714308,24.153246
2.216000,X_outbound,4.719683,24.153246
2.217000,X_outbound,4.725057,24.153246
2.218000,X_outbound,4.730432,24.153246
2.219000,X_outbound,4.735807,24.153246
2.220000,X_outbound,4.741182,24.153246
2.221000,X_outbound,4.746556,24.153246
2.222000,X_outbound,4.751931,24.153246
2.223000,X_outbound,4.755215,24.153246
2.224000,X_outbound,4.757903,24.153246
2.225000,X_outbound,4.760590,24.153246
2.226000,X_outbound,4.763277,24.153246
2.227000,X_outbound,4.765965,24.153246
2.228000,X_outbound,4.768652,24.153246
2.229000,X_outbound,4.771339,24.153246
2.230000,X_outbound,4.774027,24.153246
2.231000,X_outbound,4.776714,24.153246
2.232000,X_outbound,4.779401,24.153246
2.233000,X_outbound,4.782089,24.153246
2.234000,X_outbound,4.784776,24.153246
2.235000,X_outbound,4.787463,24.153246
2.236000,X_outbound,4.790151,24.153246
2.237000,X_outbound,4.792838,24.153246
2.238000,X_outbound,4.797301,24.153246
2.239000,X_outbound,4.802676,24.153246
2.240000,X_outbound,4.808050,24.153246
2.241000,X_outbound,4.813425,24.153246
2.242000,X_outbound,4.818800,24.153246
2.243000,X_outbound,4.824174,24.153246
2.244000,X_outbound,4.829549,24.153246
2.245000,X_outbound,4.834924,24.153246
2.246000,X_outbound,4.840298,24.153246
2.247000,X_outbound,4.845673,24.153246
2.248000,X_outbound,4.851048,24.153246
2.249000,X_outbound,4.856422,24.153246
2.250000,X_outbound,4.861797,24.153246
2.251000,X_outbound,4.867172,24.153246
2.252000,X_outbound,4.872547,24.153246
2.253000,X_outbound,4.877921,24.153246
2.254000,X_outbound,4.883296,24.153246
2.255000,X_outbound,4.888671,24.153246
2.256000,X_outbound,4.894045,24.153246
2.257000,X_outbound,4.899420,24.153246
2.258000,X_outbound,4.904795,24.153246
2.259000,X_outbound,4.910169,24.153246
2.260000,X_outbound,4.915544,24.153246
2.261000,X_outbound,4.920919,24.153246
2.262000,X_outbound,4.926293,24.153246
2.263000,X_outbound,4.931668,24.153246
2.264000,X_outbound,4.937043,24.153246
2.265000,X_outbound,4.942417,24.153246
2.266000,X_outbound,4.947792,24.153246
2.267000,X_outbound,4.953167,24.153246
2.268000,X_outbound,4.958542,24.153246
2.269000,X_outbound,4.963916,24.153246
2.270000,X_outbound,4.969291,24.153246
2.271000,X_outbound,4.974666,24.153246
2.272000,X_outbound,4.980040,24.153246
2.273000,X_outbound,4.985415,24.153246
2.274000,X_outbound,4.990790,24.153246
2.275000,X_outbound,4.996164,24.153246
2.276000,X_outbound,5.001539,24.153246
2.277000,X_outbound,5.006914,24.153246
2.278000,X_outbound,5.012288,24.153246
2.279000,X_outbound,5.017663,24.153246
2.280000,X_outbound,5.023038,24.153246
2.281000,X_outbound,5.028412,24.153246
2.282000,X_outbound,5.033787,24.153246
2.283000,X_outbound,5.039162,24.153246
2.284000,X_outbound,5.044537,24.153246
2.285000,X_outbound,5.049911,24.153246
2.286000,X_outbound,5.055286,24.153246
2.287000,X_outbound,5.060661,24.153246
2.288000,X_outbound,5.066035,24.153246
2.289000,X_outbound,5.071410,24.153246
2.290000,X_outbound,5.076785,24.153246
2.291000,X_outbound,5.082159,24.153246
2.292000,X_outbound,5.087534,24.153246
2.293000,X_outbound,5.092909,24.153246
2.294000,X_outbound,5.098283,24.153246
2.295000,X_outbound,5.103658,24.153246
2.296000,X_outbound,5.109033,24.153246
2.297000,X_outbound,5.114407,24.153246
2.298000,X_outbound,5.119782,24.153246
2.299000,X_outbound,5.125157,24.153246
2.300000,X_outbound,5.130532,24.153246
2.301000,X_outbound,5.135906,24.153246
2.302000,X_outbound,5.141281,24.153246
2.303000,X_outbound,5.146656,24.153246
2.304000,X_outbound,5.152030,24.153246
2.305000,X_outbound,5.157405,24.153246
2.306000,X_outbound,5.162780,24.153246
2.307000,X_outbound,5.168154,24.153246
2.308000,X_outbound,5.173529,24.153246
2.309000,X_outbound,5.178904,24.153246
2.310000,X_outbound,5.184278,24.153246
2.311000,X_outbound,5.189653,24.153246
2.312000,X_outbound,5.195028,24.153246
2.313000,X_outbound,5.200402,24.153246
2.314000,X_outbound,5.205777,24.153246
2.315000,X_outbound,5.211152,24.153246
2.316000,X_outbound,5.216527,24.153246
2.317000,X_outbound,5.221901,24.153246
2.318000,X_outbound,5.227276,24.153246
2.319000,X_outbound,5.232651,24.153246
2.320000,X_outbound,5.238025,24.153246
2.321000,X_outbound,5.243400,24.153246
2.322000,X_outbound,5.248775,24.153246
2.323000,X_outbound,5.254149,24.153246
2.324000,X_outbound,5.259524,24.153246
2.325000,X_outbound,5.264899,24.153246
2.326000,X_outbound,5.270273,24.153246
2.327000,X_outbound,5.275648,24.153246
2.328000,X_outbound,5.281023,24.153246
2.329000,X_outbound,5.286397,24.153246
2.330000,X_outbound,5.291772,24.153246
2.331000,X_outbound,5.297147,24.153246
2.332000,X_outbound,5.302522,24.153246
2.333000,X_outbound,5.307896,24.153246
2.334000,X_outbound,5.313271,24.153246
2.335000,X_outbound,5.318646,24.153246
2.336000,X_outbound,5.324020,24.153246
2.337000,X_outbound,5.329395,24.153246
2.338000,X_outbound,5.334770,24.153246
2.339000,X_outbound,5.340144,24.153246
2.340000,X_outbound,5.345519,24.153246
2.341000,X_outbound,5.350894,24.153246
2.342000,X_outbound,5.356268,24.153246
2.343000,X_outbound,5.361643,24.153246
2.344000,X_outbound,5.367018,24.153246
2.345000,X_outbound,5.372392,24.153246
2.346000,X_outbound,5.377767,24.153246
2.347000,X_outbound,5.383142,24.153246
2.348000,X_outbound,5.388517,24.153246
2.349000,X_outbound,5.393891,24.153246
2.350000,X_outbound,5.399266,24.153246
2.351000,X_outbound,5.404641,24.153246
2.352000,X_outbound,5.410015,24.153246
2.353000,X_outbound,5.415390,24.153246
2.354000,X_outbound,5.420765,24.153246
2.355000,X_outbound,5.426139,24.153246
2.356000,X_outbound,5.431514,24.153246
2.357000,X_outbound,5.436889,24.153246
2.358000,X_outbound,5.442263,24.153246
2.359000,X_outbound,5.447638,24.153246
2.360000,X_outbound,5.453013,24.153246
2.361000,X_outbound,5.458387,24.153246
2.362000,X_outbound,5.463762,24.153246
2.363000,X_outbound,5.469137,24.153246
2.364000,X_outbound,5.474512,24.153246
2.365000,X_outbound,5.479886,24.153246
2.366000,X_outbound,5.485261,24.153246
2.367000,X_outbound,5.490636,24.153246
2.368000,X_outbound,5.496010,24.153246
2.369000,X_outbound,5.501385,24.153246
2.370000,X_outbound,5.506760,24.153246
2.371000,X_outbound,5.512134,24.153246
2.372000,X_outbound,5.517509,24.153246
2.373000,X_outbound,5.522884,24.153246
2.374000,X_outbound,5.528258,24.153246
2.375000,X_outbound,5.533633,24.153246
2.376000,X_outbound,5.539008,24.153246
2.377000,X_outbound,5.544382,24.153246
2.378000,X_outbound,5.549757,24.153246
2.379000,X_outbound,5.555132,24.153246
2.380000,X_outbound,5.560507,24.153246
2.381000,X_outbound,5.565881,24.153246
2.382000,X_outbound,5.571256,24.153246
2.383000,X_outbound,5.576631,24.153246
2.384000,X_outbound,5.582005,24.153246
2.385000,X_outbound,5.587380,24.153246
2.386000,X_outbound,5.592755,24.153246
2.387000,X_outbound,5.598129,24.153246
2.388000,X_outbound,5.603504,24.153246
2.389000,X_outbound,5.608879,24.153246
2.390000,X_outbound,5.614253,24.153246
2.391000,X_outbound,5.619628,24.153246
2.392000,X_outbound,5.625003,24.153246
2.393000,X_outbound,5.630377,24.153246
2.394000,X_outbound,5.635752,24.153246
2.395000,X_outbound,5.641127,24.153246
2.396000,X_outbound,5.646502,24.153246
2.397000,X_outbound,5.651876,24.153246
2.398000,X_outbound,5.657251,24.153246
2.399000,X_outbound,5.662626,24.153246
2.400000,X_outbound,5.668000,24.153246
2.401000,X_outbound,5.673375,24.153246
2.402000,X_outbound,5.678750,24.153246
2.403000,X_outbound,5.684124,24.153246
2.404000,X_outbound,5.689499,24.153246
2.405000,X_outbound,5.694874,24.153246
2.406000,X_outbound,5.700248,24.153246
2.407000,X_outbound,5.705623,24.153246
2.408000,X_outbound,5.710998,24.153246
2.409000,X_outbound,5.716372,24.153246
2.410000,X_outbound,5.721747,24.153246
2.411000,X_outbound,5.727122,24.153246
2.412000,X_outbound,5.732497,24.153246
2.413000,X_outbound,5.737871,24.153246
2.414000,X_outbound,5.743246,24.153246
2.415000,X_outbound,5.748621,24.153246
2.416000,X_outbound,5.753995,24.153246
2.417000,X_outbound,5.759370,24.153246
2.418000,X_outbound,5.764745,24.153246
2.419000,X_outbound,5.770119,24.153246
2.420000,X_outbound,5.775494,24.153246
2.421000,X_outbound,5.780869,24.153246
2.422000,X_outbound,5.786243,24.153246
2.423000,X_outbound,5.791618,24.153246
2.424000,X_outbound,5.796993,24.153246
2.425000,X_outbound,5.802367,24.153246
2.426000,X_outbound,5.807742,24.153246
2.427000,X_outbound,5.813117,24.153246
2.428000,X_outbound,5.818492,24.153246
2.429000,X_outbound,5.823866,24.153246
2.430000,X_outbound,5.829241,24.153246
2.431000,X_outbound,5.834616,24.153246
2.432000,X_outbound,5.839990,24.153246
2.433000,X_outbound,5.845365,24.153246
2.434000,X_outbound,5.850370,24.153246
2.435000,X_outbound,5.853057,24.153246
2.436000,X_outbound,5.855745,24.153246
2.437000,X_outbound,5.858432,24.153246
2.438000,X_outbound,5.861119,24.153246
2.439000,X_outbound,5.863807,24.153246
2.440000,X_outbound,5.866494,24.153246
2.441000,X_outbound,5.869181,24.153246
2.442000,X_outbound,5.871869,24.153246
2.443000,X_outbound,5.874556,24.153246
2.444000,X_outbound,5.877243,24.153246
2.445000,X_outbound,5.879931,24.153246
2.446000,X_outbound,5.882618,24.153246
2.447000,X_outbound,5.885305,24.153246
2.448000,X_outbound,5.887993,24.153246
2.449000,X_outbound,5.890735,24.153246
2.450000,X_outbound,5.896110,24.153246
2.451000,X_outbound,5.901484,24.153246
2.452000,X_outbound,5.906859,24.153246
2.453000,X_outbound,5.912234,24.153246
2.454000,X_outbound,5.917608,24.153246
2.455000,X_outbound,5.922983,24.153246
2.456000,X_outbound,5.928358,24.153246
2.457000,X_outbound,5.933732,24.153246
2.458000,X_outbound,5.939107,24.153246
2.459000,X_outbound,5.944482,24.153246
2.460000,X_outbound,5.949857,24.153246
2.461000,X_outbound,5.955231,24.153246
2.462000,X_outbound,5.960606,24.153246
2.463000,X_outbound,5.965981,24.153246
2.464000,X_outbound,5.971355,24.153246
2.465000,X_outbound,5.976730,24.153246
2.466000,X_outbound,5.982105,24.153246
2.467000,X_outbound,5.987479,24.153246
2.468000,X_outbound,5.992854,24.153246
2.469000,X_outbound,5.998229,24.153246
2.470000,X_outbound,6.003603,24.153246
2.471000,X_outbound,6.008978,24.153246
2.472000,X_outbound,6.014353,24.153246
2.473000,X_outbound,6.019727,24.153246
2.474000,X_outbound,6.025102,24.153246
2.475000,X_outbound,6.030477,24.153246
2.476000,X_outbound,6.035852,24.153246
2.477000,X_outbound,6.041226,24.153246
2.478000,X_outbound,6.046601,24.153246
2.479000,X_outbound,6.051976,24.153246
2.480000,X_outbound,6.057350,24.153246
2.481000,X_outbound,6.062725,24.153246
2.482000,X_outbound,6.068100,24.153246
2.483000,X_outbound,6.073474,24.153246
2.484000,X_outbound,6.078849,24.153246
2.485000,X_outbound,6.084224,24.153246
2.486000,X_outbound,6.089598,24.153246
2.487000,X_outbound,6.094973,24.153246
2.488000,X_outbound,6.100348,24.153246
2.489000,X_outbound,6.105722,24.153246
2.490000,X_outbound,6.111097,24.153246
2.491000,X_outbound,6.116472,24.153246
2.492000,X_outbound,6.121847,24.153246
2.493000,X_outbound,6.127221,24.153246
2.494000,X_outbound,6.132596,24.153246
2.495000,X_outbound,6.137971,24.153246
2.496000,X_outbound,6.143345,24.153246
2.497000,X_outbound,6.148720,24.153246
2.498000,X_outbound,6.154095,24.153246
2.499000,X_outbound,6.159469,24.153246
2.500000,X_outbound,6.164844,24.153246
2.501000,X_outbound,6.170219,24.153246
2.502000,X_outbound,6.175593,24.153246
2.503000,X_outbound,6.180968,24.153246
2.504000,X_outbound,6.186343,24.153246
2.505000,X_outbound,6.191717,24.153246
2.506000,X_outbound,6.197092,24.153246
2.507000,X_outbound,6.202467,24.153246
2.508000,X_outbound,6.207842,24.153246
2.509000,X_outbound,6.213216,24.153246
2.510000,X_outbound,6.218591,24.153246
2.511000,X_outbound,6.223966,24.153246
2.512000,X_outbound,6.229340,24.153246
2.513000,X_outbound,6.234715,24.153246
2.514000,X_outbound,6.240090,24.153246
2.515000,X_outbound,6.245464,24.153246
2.516000,X_outbound,6.250839,24.153246
2.517000,X_outbound,6.256214,24.153246
2.518000,X_outbound,6.261588,24.153246
2.519000,X_outbound,6.266963,24.153246
2.520000,X_outbound,6.272338,24.153246
2.521000,X_outbound,6.277713,24.153246
2.522000,X_outbound,6.283087,24.153246
2.523000,X_outbound,6.288462,24.153246
2.524000,X_outbound,6.293837,24.153246
2.525000,X_outbound,6.299211,24.153246
2.526000,X_outbound,6.304586,24.153246
2.527000,X_outbound,6.309961,24.153246
2.528000,X_outbound,6.315335,24.153246
2.529000,X_outbound,6.320710,24.153246
2.530000,X_outbound,6.326085,24.153246
2.531000,X_outbound,6.331459,24.153246
2.532000,X_outbound,6.336834,24.153246
2.533000,X_outbound,6.342209,24.153246
2.534000,X_outbound,6.347583,24.153246
2.535000,X_outbound,6.352958,24.153246
2.536000,X_outbound,6.358333,24.153246
2.537000,X_outbound,6.363708,24.153246
2.538000,X_outbound,6.369082,24.153246
2.539000,X_outbound,6.374457,24.153246
2.540000,X_outbound,6.379832,24.153246
2.541000,X_outbound,6.385206,24.153246
2.542000,X_outbound,6.390581,24.153246
2.543000,X_outbound,6.395956,24.153246
2.544000,X_outbound,6.401330,24.153246
2.545000,X_outbound,6.406705,24.153246
2.546000,X_outbound,6.412080,24.153246
2.547000,X_outbound,6.417454,24.153246
2.548000,X_outbound,6.422829,24.153246
2.549000,X_outbound,6.428204,24.153246
2.550000,X_outbound,6.433578,24.153246
2.551000,X_outbound,6.438953,24.153246
2.552000,X_outbound,6.444328,24.153246
2.553000,X_outbound,6.449703,24.153246
2.554000,X_outbound,6.455077,24.153246
2.555000,X_outbound,6.460452,24.153246
2.556000,X_outbound,6.465827,24.153246
2.557000,X_outbound,6.471201,24.153246
2.558000,X_outbound,6.476576,24.153246
2.559000,X_outbound,6.481951,24.153246
2.560000,X_outbound,6.487325,24.153246
2.561000,X_outbound,6.492700,24.153246
2.562000,X_outbound,6.498075,24.153246
2.563000,X_outbound,6.503449,24.153246
2.564000,X_outbound,6.508824,24.153246
2.565000,X_outbound,6.514199,24.153246
2.566000,X_outbound,6.519573,24.153246
2.567000,X_outbound,6.524948,24.153246
2.568000,X_outbound,6.530323,24.153246
2.569000,X_outbound,6.535698,24.153246
2.570000,X_outbound,6.541072,24.153246
2.571000,X_outbound,6.546447,24.153246
2.572000,X_outbound,6.551822,24.153246
2.573000,X_outbound,6.557196,24.153246
2.574000,X_outbound,6.562571,24.153246
2.575000,X_outbound,6.567946,24.153246
2.576000,X_outbound,6.573320,24.153246
2.577000,X_outbound,6.578695,24.153246
2.578000,X_outbound,6.584070,24.153246
2.579000,X_outbound,6.589444,24.153246
2.580000,X_outbound,6.594819,24.153246
2.581000,X_outbound,6.600194,24.153246
2.582000,X_outbound,6.605568,24.153246
2.583000,X_outbound,6.610943,24.153246
2.584000,X_outbound,6.616318,24.153246
2.585000,X_outbound,6.621693,24.153246
2.586000,X_outbound,6.627067,24.153246
2.587000,X_outbound,6.632442,24.153246
2.588000,X_outbound,6.637817,24.153246
2.589000,X_outbound,6.643191,24.153246
2.590000,X_outbound,6.648566,24.153246
2.591000,X_outbound,6.653941,24.153246
2.592000,X_outbound,6.659315,24.153246
2.593000,X_outbound,6.664690,24.153246
2.594000,X_outbound,6.670065,24.153246
2.595000,X_outbound,6.675439,24.153246
2.596000,X_outbound,6.680814,24.153246
2.597000,X_outbound,6.686189,24.153246
2.598000,X_outbound,6.691563,24.153246
2.599000,X_outbound,6.696938,24.153246
2.600000,X_outbound,6.702313,24.153246
2.601000,X_outbound,6.707688,24.153246
2.602000,X_outbound,6.713062,24.153246
2.603000,X_outbound,6.718437,24.153246
2.604000,X_outbound,6.723812,24.153246
2.605000,X_outbound,6.729186,24.153246
2.606000,X_outbound,6.734561,24.153246
2.607000,X_outbound,6.739936,24.153246
2.608000,X_outbound,6.745310,24.153246
2.609000,X_outbound,6.750685,24.153246
2.610000,X_outbound,6.756060,24.153246
2.611000,X_outbound,6.761434,24.153246
2.612000,X_outbound,6.766809,24.153246
2.613000,X_outbound,6.772184,24.153246
2.614000,X_outbound,6.777558,24.153246
2.615000,X_outbound,6.782933,24.153246
2.616000,X_outbound,6.788308,24.153246
2.617000,X_outbound,6.793683,24.153246
2.618000,X_outbound,6.799057,24.153246
2.619000,X_outbound,6.804432,24.153246
2.620000,X_outbound,6.809807,24.153246
2.621000,X_outbound,6.815181,24.153246
2.622000,X_outbound,6.820556,24.153246
2.623000,X_outbound,6.825931,24.153246
2.624000,X_outbound,6.831305,24.153246
2.625000,X_outbound,6.836680,24.153246
2.626000,X_outbound,6.842055,24.153246
2.627000,X_outbound,6.847429,24.153246
2.628000,X_outbound,6.852804,24.153246
2.629000,X_outbound,6.858179,24.153246
2.630000,X_outbound,6.863553,24.153246
2.631000,X_outbound,6.868928,24.153246
2.632000,X_outbound,6.874303,24.153246
2.633000,X_outbound,6.879678,24.153246
2.634000,X_outbound,6.885052,24.153246
2.635000,X_outbound,6.890427,24.153246
2.636000,X_outbound,6.895802,24.153246
2.637000,X_outbound,6.901176,24.153246
2.638000,X_outbound,6.906551,24.153246
2.639000,X_outbound,6.911926,24.153246
2.640000,X_outbound,6.917300,24.153246
2.641000,X_outbound,6.922675,24.153246
2.642000,X_outbound,6.928050,24.153246
2.643000,X_outbound,6.933424,24.153246
2.644000,X_outbound,6.938799,24.153246
2.645000,X_outbound,6.944174,24.153246
2.646000,X_outbound,6.948212,24.153246
2.647000,X_outbound,6.950899,24.153246
2.648000,X_outbound,6.953586,24.153246
2.649000,X_outbound,6.956274,24.153246
2.650000,X_outbound,6.958961,24.153246
2.651000,X_outbound,6.961648,24.153246
2.652000,X_outbound,6.964336,24.153246
2.653000,X_outbound,6.967023,24.153246
2.654000,X_outbound,6.969710,24.153246
2.655000,X_outbound,6.972398,24.153246
2.656000,X_outbound,6.975085,24.153246
2.657000,X_outbound,6.977773,24.153246
2.658000,X_outbound,6.980460,24.153246
2.659000,X_outbound,6.983147,24.153246
2.660000,X_outbound,6.985835,24.153246
2.661000,X_outbound,6.989544,24.153246
2.662000,X_outbound,6.994918,24.153246
2.663000,X_outbound,7.000293,24.153246
2.664000,X_outbound,7.005668,24.153246
2.665000,X_outbound,7.011043,24.153246
2.666000,X_outbound,7.016417,24.153246
2.667000,X_outbound,7.021792,24.153246
2.668000,X_outbound,7.027167,24.153246
2.669000,X_outbound,7.032541,24.153246
2.670000,X_outbound,7.037916,24.153246
2.671000,X_outbound,7.043291,24.153246
2.672000,X_outbound,7.048665,24.153246
2.673000,X_outbound,7.054040,24.153246
2.674000,X_outbound,7.059415,24.153246
2.675000,X_outbound,7.064789,24.153246
2.676000,X_outbound,7.070164,24.153246
2.677000,X_outbound,7.075539,24.153246
2.678000,X_outbound,7.080913,24.153246
2.679000,X_outbound,7.086288,24.153246
2.680000,X_outbound,7.091663,24.153246
2.681000,X_outbound,7.097038,24.153246
2.682000,X_outbound,7.102412,24.153246
2.683000,X_outbound,7.107787,24.153246
2.684000,X_outbound,7.113162,24.153246
2.685000,X_outbound,7.118536,24.153246
2.686000,X_outbound,7.123911,24.153246
2.687000,X_outbound,7.129286,24.153246
2.688000,X_outbound,7.134660,24.153246
2.689000,X_outbound,7.140035,24.153246
2.690000,X_outbound,7.145410,24.153246
2.691000,X_outbound,7.150784,24.153246
2.692000,X_outbound,7.156159,24.153246
2.693000,X_outbound,7.161534,24.153246
2.694000,X_outbound,7.166908,24.153246
2.695000,X_outbound,7.172283,24.153246
2.696000,X_outbound,7.177658,24.153246
2.697000,X_outbound,7.183033,24.153246
2.698000,X_outbound,7.188407,24.153246
2.699000,X_outbound,7.193782,24.153246
2.700000,X_outbound,7.199157,24.153246
2.701000,X_outbound,7.204531,24.153246
2.702000,X_outbound,7.209906,24.153246
2.703000,X_outbound,7.215281,24.153246
2.704000,X_outbound,7.220655,24.153246
2.705000,X_outbound,7.226030,24.153246
2.706000,X_outbound,7.231405,24.153246
2.707000,X_outbound,7.236779,24.153246
2.708000,X_outbound,7.242154,24.153246
2.709000,X_outbound,7.247529,24.153246
2.710000,X_outbound,7.252903,24.153246
2.711000,X_outbound,7.258278,24.153246
2.712000,X_outbound,7.263653,24.153246
2.713000,X_outbound,7.269028,24.153246
2.714000,X_outbound,7.274402,24.153246
2.715000,X_outbound,7.279777,24.153246
2.716000,X_outbound,7.285152,24.153246
2.717000,X_outbound,7.290526,24.153246
2.718000,X_outbound,7.295901,24.153246
2.719000,X_outbound,7.301276,24.153246
2.720000,X_outbound,7.306650,24.153246
2.721000,X_outbound,7.312025,24.153246
2.722000,X_outbound,7.317400,24.153246
2.723000,X_outbound,7.322774,24.153246
2.724000,X_outbound,7.328149,24.153246
2.725000,X_outbound,7.333524,24.153246
2.726000,X_outbound,7.338898,24.153246
2.727000,X_outbound,7.344273,24.153246
2.728000,X_outbound,7.349648,24.153246
2.729000,X_outbound,7.355023,24.153246
2.730000,X_outbound,7.360397,24.153246
2.731000,X_outbound,7.365772,24.153246
2.732000,X_outbound,7.371147,24.153246
2.733000,X_outbound,7.376521,24.153246
2.734000,X_outbound,7.381896,24.153246
2.735000,X_outbound,7.387271,24.153246
2.736000,X_outbound,7.392645,24.153246
2.737000,X_outbound,7.398020,24.153246
2.738000,X_outbound,7.403395,24.153246
2.739000,X_outbound,7.408769,24.153246
2.740000,X_outbound,7.414144,24.153246
2.741000,X_outbound,7.419519,24.153246
2.742000,X_outbound,7.424893,24.153246
2.743000,X_outbound,7.430268,24.153246
2.744000,X_outbound,7.435643,24.153246
2.745000,X_outbound,7.441018,24.153246
2.746000,X_outbound,7.446392,24.153246
2.747000,X_outbound,7.451767,24.153246
2.748000,X_outbound,7.457142,24.153246
2.749000,X_outbound,7.462516,24.153246
2.750000,X_outbound,7.467891,24.153246
2.751000,X_outbound,7.473266,24.153246
2.752000,X_outbound,7.478640,24.153246
2.753000,X_outbound,7.484015,24.153246
2.754000,X_outbound,7.489390,24.153246
2.755000,X_outbound,7.494764,24.153246
2.756000,X_outbound,7.500139,24.153246
2.757000,X_outbound,7.505514,24.153246
2.758000,X_outbound,7.510888,24.153246
2.759000,X_outbound,7.516263,24.153246
2.760000,X_outbound,7.521638,24.153246
2.761000,X_outbound,7.527013,24.153246
2.762000,X_outbound,7.532387,24.153246
2.763000,X_outbound,7.537762,24.153246
2.764000,X_outbound,7.543137,24.153246
2.765000,X_outbound,7.548511,24.153246
2.766000,X_outbound,7.553886,24.153246
2.767000,X_outbound,7.559261,24.153246
2.768000,X_outbound,7.564635,24.153246
2.769000,X_outbound,7.570010,24.153246
2.770000,X_outbound,7.575385,24.153246
2.771000,X_outbound,7.580759,24.153246
2.772000,X_outbound,7.586134,24.153246
2.773000,X_outbound,7.591509,24.153246
2.774000,X_outbound,7.596883,24.153246
2.775000,X_outbound,7.602258,24.153246
2.776000,X_outbound,7.607633,24.153246
2.777000,X_outbound,7.613008,24.153246
2.778000,X_outbound,7.618382,24.153246
2.779000,X_outbound,7.623757,24.153246
2.780000,X_outbound,7.629132,24.153246
2.781000,X_outbound,7.634506,24.153246
2.782000,X_outbound,7.639881,24.153246
2.783000,X_outbound,7.645256,24.153246
2.784000,X_outbound,7.650630,24.153246
2.785000,X_outbound,7.656005,24.153246
2.786000,X_outbound,7.661380,24.153246
2.787000,X_outbound,7.666754,24.153246
2.788000,X_outbound,7.672129,24.153246
2.789000,X_outbound,7.677504,24.153246
2.790000,X_outbound,7.682878,24.153246
2.791000,X_outbound,7.688253,24.153246
2.792000,X_outbound,7.693628,24.153246
2.793000,X_outbound,7.699003,24.153246
2.794000,X_outbound,7.704377,24.153246
2.795000,X_outbound,7.709752,24.153246
2.796000,X_outbound,7.715127,24.153246
2.797000,X_outbound,7.720501,24.153246
2.798000,X_outbound,7.725876,24.153246
2.799000,X_outbound,7.731251,24.153246
2.800000,X_outbound,7.736625,24.153246
2.801000,X_outbound,7.742000,24.153246
2.802000,X_outbound,7.747375,24.153246
2.803000,X_outbound,7.752749,24.153246
2.804000,X_outbound,7.758124,24.153246
2.805000,X_outbound,7.763499,24.153246
2.806000,X_outbound,7.768873,24.153246
2.807000,X_outbound,7.774248,24.153246
2.808000,X_outbound,7.779623,24.153246
2.809000,X_outbound,7.784998,24.153246
2.810000,X_outbound,7.790372,24.153246
2.811000,X_outbound,7.795747,24.153246
2.812000,X_outbound,7.801122,24.153246
2.813000,X_outbound,7.806496,24.153246
2.814000,X_outbound,7.811871,24.153246
2.815000,X_outbound,7.817246,24.153246
2.816000,X_outbound,7.822620,24.153246
2.817000,X_outbound,7.827995,24.153246
2.818000,X_outbound,7.833370,24.153246
2.819000,X_outbound,7.838744,24.153246
2.820000,X_outbound,7.844119,24.153246
2.821000,X_outbound,7.849494,24.153246
2.822000,X_outbound,7.854868,24.153246
2.823000,X_outbound,7.860243,24.153246
2.824000,X_outbound,7.865618,24.153246
2.825000,X_outbound,7.870993,24.153246
2.826000,X_outbound,7.876367,24.153246
2.827000,X_outbound,7.881742,24.153246
2.828000,X_outbound,7.887117,24.153246
2.829000,X_outbound,7.892491,24.153246
2.830000,X_outbound,7.897866,24.153246
2.831000,X_outbound,7.903241,24.153246
2.832000,X_outbound,7.908615,24.153246
2.833000,X_outbound,7.913990,24.153246
2.834000,X_outbound,7.919365,24.153246
2.835000,X_outbound,7.924739,24.153246
2.836000,X_outbound,7.930114,24.153246
2.837000,X_outbound,7.935489,24.153246
2.838000,X_outbound,7.940863,24.153246
2.839000,X_outbound,7.946238,24.153246
2.840000,X_outbound,7.951613,24.153246
2.841000,X_outbound,7.956988,24.153246
2.842000,X_outbound,7.962362,24.153246
2.843000,X_outbound,7.967737,24.153246
2.844000,X_outbound,7.973112,24.153246
2.845000,X_outbound,7.978486,24.153246
2.846000,X_outbound,7.983861,24.153246
2.847000,X_outbound,7.989236,24.153246
2.848000,X_outbound,7.994610,24.153246
2.849000,X_outbound,7.999985,24.153246
2.850000,X_outbound,8.005360,24.153246
2.851000,X_outbound,8.010734,24.153246
2.852000,X_outbound,8.016109,24.153246
2.853000,X_outbound,8.021484,24.153246
2.854000,X_outbound,8.026858,24.153246
2.855000,X_outbound,8.032233,24.153246
2.856000,X_outbound,8.037608,24.153246
2.857000,X_outbound,8.042983,24.153246
2.858000,X_outbound,8.046054,24.153246
2.859000,X_outbound,8.048741,24.153246
2.860000,X_outbound,8.051428,24.153246
2.861000,X_outbound,8.054116,24.153246
2.862000,X_outbound,8.056803,24.153246
2.863000,X_outbound,8.059490,24.153246
2.864000,X_outbound,8.062178,24.153246
2.865000,X_outbound,8.064865,24.153246
2.866000,X_outbound,8.067552,24.153246
2.867000,X_outbound,8.070240,24.153246
2.868000,X_outbound,8.072927,24.153246
2.869000,X_outbound,8.075614,24.153246
2.870000,X_outbound,8.078302,24.153246
2.871000,X_outbound,8.080989,24.153246
2.872000,X_outbound,8.083676,24.153246
2.873000,X_outbound,8.088353,24.153246
2.874000,X_outbound,8.093727,24.153246
2.875000,X_outbound,8.099102,24.153246
2.876000,X_outbound,8.104477,24.153246
2.877000,X_outbound,8.109851,24.153246
2.878000,X_outbound,8.115226,24.153246
2.879000,X_outbound,8.120601,24.153246
2.880000,X_outbound,8.125975,24.153246
2.881000,X_outbound,8.131350,24.153246
2.882000,X_outbound,8.136725,24.153246
2.883000,X_outbound,8.142099,24.153246
2.884000,X_outbound,8.147474,24.153246
2.885000,X_outbound,8.152849,24.153246
2.886000,X_outbound,8.158223,24.153246
2.887000,X_outbound,8.163598,24.153246
2.888000,X_outbound,8.168973,24.153246
2.889000,X_outbound,8.174348,24.153246
2.890000,X_outbound,8.179722,24.153246
2.891000,X_outbound,8.185097,24.153246
2.892000,X_outbound,8.190472,24.153246
2.893000,X_outbound,8.195846,24.153246
2.894000,X_outbound,8.201221,24.153246
2.895000,X_outbound,8.206596,24.153246
2.896000,X_outbound,8.211970,24.153246
2.897000,X_outbound,8.217345,24.153246
2.898000,X_outbound,8.222720,24.153246
2.899000,X_outbound,8.228094,24.153246
2.900000,X_outbound,8.233469,24.153246
2.901000,X_outbound,8.238844,24.153246
2.902000,X_outbound,8.244218,24.153246
2.903000,X_outbound,8.249593,24.153246
2.904000,X_outbound,8.254968,24.153246
2.905000,X_outbound,8.260343,24.153246
2.906000,X_outbound,8.265717,24.153246
2.907000,X_outbound,8.271092,24.153246
2.908000,X_outbound,8.276467,24.153246
2.909000,X_outbound,8.281841,24.153246
2.910000,X_outbound,8.287216,24.153246
2.911000,X_outbound,8.292591,24.153246
2.912000,X_outbound,8.297965,24.153246
2.913000,X_outbound,8.303340,24.153246
2.914000,X_outbound,8.308715,24.153246
2.915000,X_outbound,8.314089,24.153246
2.916000,X_outbound,8.319464,24.153246
2.917000,X_outbound,8.324839,24.153246
2.918000,X_outbound,8.330213,24.153246
2.919000,X_outbound,8.335588,24.153246
2.920000,X_outbound,8.340963,24.153246
2.921000,X_outbound,8.346338,24.153246
2.922000,X_outbound,8.351712,24.153246
2.923000,X_outbound,8.357087,24.153246
2.924000,X_outbound,8.362462,24.153246
2.925000,X_outbound,8.367836,24.153246
2.926000,X_outbound,8.373211,24.153246
2.927000,X_outbound,8.378586,24.153246
2.928000,X_outbound,8.383960,24.153246
2.929000,X_outbound,8.389335,24.153246
2.930000,X_outbound,8.394710,24.153246
2.931000,X_outbound,8.400084,24.153246
2.932000,X_outbound,8.405459,24.153246
2.933000,X_outbound,8.410834,24.153246
2.934000,X_outbound,8.416208,24.153246
2.935000,X_outbound,8.421583,24.153246
2.936000,X_outbound,8.426958,24.153246
2.937000,X_outbound,8.432333,24.153246
2.938000,X_outbound,8.437707,24.153246
2.939000,X_outbound,8.443082,24.153246
2.940000,X_outbound,8.448457,24.153246
2.941000,X_outbound,8.453831,24.153246
2.942000,X_outbound,8.459206,24.153246
2.943000,X_outbound,8.464581,24.153246
2.944000,X_outbound,8.469955,24.153246
2.945000,X_outbound,8.475330,24.153246
2.946000,X_outbound,8.480705,24.153246
2.947000,X_outbound,8.486079,24.153246
2.948000,X_outbound,8.491454,24.153246
2.949000,X_outbound,8.496829,24.153246
2.950000,X_outbound,8.502203,24.153246
2.951000,X_outbound,8.507578,24.153246
2.952000,X_outbound,8.512953,24.153246
2.953000,X_outbound,8.518328,24.153246
2.954000,X_outbound,8.523702,24.153246
2.955000,X_outbound,8.529077,24.153246
2.956000,X_outbound,8.534452,24.153246
2.957000,X_outbound,8.539826,24.153246
2.958000,X_outbound,8.545201,24.153246
2.959000,X_outbound,8.550576,24.153246
2.960000,X_outbound,8.555950,24.153246
2.961000,X_outbound,8.561325,24.153246
2.962000,X_outbound,8.566700,24.153246
2.963000,X_outbound,8.571941,24.153246
2.964000,X_outbound,8.573733,24.153246
2.965000,X_outbound,8.575525,24.153246
2.966000,X_outbound,8.577316,24.153246
2.967000,X_outbound,8.579108,24.153246
2.968000,X_outbound,8.580899,24.153246
2.969000,X_outbound,8.582691,24.153246
2.970000,X_outbound,8.584482,24.153246
2.971000,X_outbound,8.586274,24.153246
2.972000,X_outbound,8.588066,24.153246
2.973000,X_outbound,8.589857,24.153246
2.974000,X_outbound,8.591649,24.153246
2.975000,X_outbound,8.593440,24.153246
2.976000,X_outbound,8.595232,24.153246
2.977000,X_outbound,8.597023,24.153246
2.978000,X_outbound,8.598815,24.153246
2.979000,X_outbound,8.600606,24.153246
2.980000,X_outbound,8.602398,24.153246
2.981000,X_outbound,8.604190,24.153246
2.982000,X_outbound,8.605981,24.153246
2.983000,X_outbound,8.607773,24.153246
2.984000,X_outbound,8.609564,24.153246
2.985000,X_outbound,8.611356,24.153246
2.986000,X_outbound,8.614442,24.153246
2.987000,X_outbound,8.619817,24.153246
2.988000,X_outbound,8.625192,24.153246
2.989000,X_outbound,8.630566,24.153246
2.990000,X_outbound,8.635941,24.153246
2.991000,X_outbound,8.641316,24.153246
2.992000,X_outbound,8.646690,24.153246
2.993000,X_outbound,8.652065,24.153246
2.994000,X_outbound,8.657440,24.153246
2.995000,X_outbound,8.662814,24.153246
2.996000,X_outbound,8.668189,24.153246
2.997000,X_outbound,8.673564,24.153246
2.998000,X_outbound,8.678938,24.153246
2.999000,X_outbound,8.684313,24.153246
3.000000,X_outbound,8.689688,24.153246
3.001000,X_outbound,8.695063,24.153246
3.002000,X_outbound,8.700437,24.153246
3.003000,X_outbound,8.705812,24.153246
3.004000,X_outbound,8.711187,24.153246
3.005000,X_outbound,8.716561,24.153246
3.006000,X_outbound,8.721936,24.153246
3.007000,X_outbound,8.727311,24.153246
3.008000,X_outbound,8.732685,24.153246
3.009000,X_outbound,8.738060,24.153246
3.010000,X_outbound,8.743435,24.153246
3.011000,X_outbound,8.748809,24.153246
3.012000,X_outbound,8.754184,24.153246
3.013000,X_outbound,8.759559,24.153246
3.014000,X_outbound,8.764933,24.153246
3.015000,X_outbound,8.770308,24.153246
3.016000,X_outbound,8.775683,24.153246
3.017000,X_outbound,8.781058,24.153246
3.018000,X_outbound,8.786432,24.153246
3.019000,X_outbound,8.791807,24.153246
3.020000,X_outbound,8.797182,24.153246
3.021000,X_outbound,8.802556,24.153246
3.022000,X_outbound,8.807931,24.153246
3.023000,X_outbound,8.813306,24.153246
3.024000,X_outbound,8.818680,24.153246
3.025000,X_outbound,8.824055,24.153246
3.026000,X_outbound,8.829430,24.153246
3.027000,X_outbound,8.834804,24.153246
3.028000,X_outbound,8.840179,24.153246
3.029000,X_outbound,8.845554,24.153246
3.030000,X_outbound,8.850929,24.153246
3.031000,X_outbound,8.856303,24.153246
3.032000,X_outbound,8.861678,24.153246
3.033000,X_outbound,8.867053,24.153246
3.034000,X_outbound,8.872427,24.153246
3.035000,X_outbound,8.877802,24.153246
3.036000,X_outbound,8.883177,24.153246
3.037000,X_outbound,8.888551,24.153246
3.038000,X_outbound,8.893926,24.153246
3.039000,X_outbound,8.899301,24.153246
3.040000,X_outbound,8.904675,24.153246
3.041000,X_outbound,8.910050,24.153246
3.042000,X_outbound,8.915425,24.153246
3.043000,X_outbound,8.920799,24.153246
3.044000,X_outbound,8.926174,24.153246
3.045000,X_outbound,8.931549,24.153246
3.046000,X_outbound,8.936924,24.153246
3.047000,X_outbound,8.942298,24.153246
3.048000,X_outbound,8.947673,24.153246
3.049000,X_outbound,8.953048,24.153246
3.050000,X_outbound,8.958422,24.153246
3.051000,X_outbound,8.963797,24.153246
3.052000,X_outbound,8.969172,24.153246
3.053000,X_outbound,8.974546,24.153246
3.054000,X_outbound,8.979921,24.153246
3.055000,X_outbound,8.985296,24.153246
3.056000,X_outbound,8.990670,24.153246
3.057000,X_outbound,8.996045,24.153246
3.058000,X_outbound,9.001420,24.153246
3.059000,X_outbound,9.006794,24.153246
3.060000,X_outbound,9.012169,24.153246
3.061000,X_outbound,9.017544,24.153246
3.062000,X_outbound,9.022919,24.153246
3.063000,X_outbound,9.028293,24.153246
3.064000,X_outbound,9.033668,24.153246
3.065000,X_outbound,9.039043,24.153246
3.066000,X_outbound,9.044417,24.153246
3.067000,X_outbound,9.049792,24.153246
3.068000,X_outbound,9.055167,24.153246
3.069000,X_outbound,9.059958,24.153246
3.070000,X_outbound,9.062646,24.153246
3.071000,X_outbound,9.065333,24.153246
3.072000,X_outbound,9.068020,24.153246
3.073000,X_outbound,9.070708,24.153246
3.074000,X_outbound,9.073395,24.153246
3.075000,X_outbound,9.076082,24.153246
3.076000,X_outbound,9.078770,24.153246
3.077000,X_outbound,9.081457,24.153246
3.078000,X_outbound,9.084144,24.153246
3.079000,X_outbound,9.086832,24.153246
3.080000,X_outbound,9.089519,24.153246
3.081000,X_outbound,9.092206,24.153246
3.082000,X_outbound,9.094894,24.153246
3.083000,X_outbound,9.097581,24.153246
3.084000,X_outbound,9.100537,24.153246
3.085000,X_outbound,9.105911,24.153246
3.086000,X_outbound,9.111286,24.153246
3.087000,X_outbound,9.116661,24.153246
3.088000,X_outbound,9.122035,24.153246
3.089000,X_outbound,9.127410,24.153246
3.090000,X_outbound,9.132785,24.153246
3.091000,X_outbound,9.138159,24.153246
3.092000,X_outbound,9.143534,24.153246
3.093000,X_outbound,9.148909,24.153246
3.094000,X_outbound,9.154284,24.153246
3.095000,X_outbound,9.159658,24.153246
3.096000,X_outbound,9.165033,24.153246
3.097000,X_outbound,9.170408,24.153246
3.098000,X_outbound,9.175782,24.153246
3.099000,X_outbound,9.181157,24.153246
3.100000,X_outbound,9.186532,24.153246
3.101000,X_outbound,9.191906,24.153246
3.102000,X_outbound,9.197281,24.153246
3.103000,X_outbound,9.202656,24.153246
3.104000,X_outbound,9.208030,24.153246
3.105000,X_outbound,9.213405,24.153246
3.106000,X_outbound,9.218780,24.153246
3.107000,X_outbound,9.224154,24.153246
3.108000,X_outbound,9.229529,24.153246
3.109000,X_outbound,9.234904,24.153246
3.110000,X_outbound,9.240279,24.153246
3.111000,X_outbound,9.245653,24.153246
3.112000,X_outbound,9.251028,24.153246
3.113000,X_outbound,9.256403,24.153246
3.114000,X_outbound,9.261777,24.153246
3.115000,X_outbound,9.267152,24.153246
3.116000,X_outbound,9.272527,24.153246
3.117000,X_outbound,9.277901,24.153246
3.118000,X_outbound,9.283276,24.153246
3.119000,X_outbound,9.288651,24.153246
3.120000,X_outbound,9.294025,24.153246
3.121000,X_outbound,9.299400,24.153246
3.122000,X_outbound,9.304775,24.153246
3.123000,X_outbound,9.310149,24.153246
3.124000,X_outbound,9.315524,24.153246
3.125000,X_outbound,9.320899,24.153246
3.126000,X_outbound,9.326274,24.153246
3.127000,X_outbound,9.331648,24.153246
3.128000,X_outbound,9.337023,24.153246
3.129000,X_outbound,9.342398,24.153246
3.130000,X_outbound,9.347772,24.153246
3.131000,X_outbound,9.353147,24.153246
3.132000,X_outbound,9.358522,24.153246
3.133000,X_outbound,9.363896,24.153246
3.134000,X_outbound,9.369271,24.153246
3.135000,X_outbound,9.374646,24.153246
3.136000,X_outbound,9.380020,24.153246
3.137000,X_outbound,9.385395,24.153246
3.138000,X_outbound,9.390770,24.153246
3.139000,X_outbound,9.396144,24.153246
3.140000,X_outbound,9.401519,24.153246
3.141000,X_outbound,9.406894,24.153246
3.142000,X_outbound,9.412269,24.153246
3.143000,X_outbound,9.417643,24.153246
3.144000,X_outbound,9.423018,24.153246
3.145000,X_outbound,9.428393,24.153246
3.146000,X_outbound,9.433767,24.153246
3.147000,X_outbound,9.439142,24.153246
3.148000,X_outbound,9.444517,24.153246
3.149000,X_outbound,9.449891,24.153246
3.150000,X_outbound,9.455266,24.153246
3.151000,X_outbound,9.460641,24.153246
3.152000,X_outbound,9.466015,24.153246
3.153000,X_outbound,9.471390,24.153246
3.154000,X_outbound,9.476765,24.153246
3.155000,X_outbound,9.482139,24.153246
3.156000,X_outbound,9.487514,24.153246
3.157000,X_outbound,9.492889,24.153246
3.158000,X_outbound,9.498264,24.153246
3.159000,X_outbound,9.503638,24.153246
3.160000,X_outbound,9.509013,24.153246
3.161000,X_outbound,9.514388,24.153246
3.162000,X_outbound,9.519762,24.153246
3.163000,X_outbound,9.525137,24.153246
3.164000,X_outbound,9.530512,24.153246
3.165000,X_outbound,9.535886,24.153246
3.166000,X_outbound,9.541261,24.153246
3.167000,X_outbound,9.546636,24.153246
3.168000,X_outbound,9.552010,24.153246
3.169000,X_outbound,9.557385,24.153246
3.170000,X_outbound,9.562760,24.153246
3.171000,X_outbound,9.568134,24.153246
3.172000,X_outbound,9.573509,24.153246
3.173000,X_outbound,9.578884,24.153246
3.174000,X_outbound,9.584259,24.153246
3.175000,X_outbound,9.588211,24.153246
3.176000,X_outbound,9.590003,24.153246
3.177000,X_outbound,9.591794,24.153246
3.178000,X_outbound,9.593586,24.153246
3.179000,X_outbound,9.595377,24.153246
3.180000,X_outbound,9.597169,24.153246
3.181000,X_outbound,9.598960,24.153246
3.182000,X_outbound,9.600752,24.153246
3.183000,X_outbound,9.602544,24.153246
3.184000,X_outbound,9.604335,24.153246
3.185000,X_outbound,9.606127,24.153246
3.186000,X_outbound,9.607918,24.153246
3.187000,X_outbound,9.609710,24.153246
3.188000,X_outbound,9.611501,24.153246
3.189000,X_outbound,9.613293,24.153246
3.190000,X_outbound,9.615085,24.153246
3.191000,X_outbound,9.616876,24.153246
3.192000,X_outbound,9.618668,24.153246
3.193000,X_outbound,9.620459,24.153246
3.194000,X_outbound,9.622251,24.153246
3.195000,X_outbound,9.624042,24.153246
3.196000,X_outbound,9.625834,24.153246
3.197000,X_outbound,9.627625,24.153246
3.198000,X_outbound,9.632001,24.153246
3.199000,X_outbound,9.637376,24.153246
3.200000,X_outbound,9.642750,24.153246
3.201000,X_outbound,9.648125,24.153246
3.202000,X_outbound,9.653500,24.153246
3.203000,X_outbound,9.658874,24.153246
3.204000,X_outbound,9.664249,24.153246
3.205000,X_outbound,9.669624,24.153246
3.206000,X_outbound,9.674999,24.153246
3.207000,X_outbound,9.680373,24.153246
3.208000,X_outbound,9.685748,24.153246
3.209000,X_outbound,9.691123,24.153246
3.210000,X_outbound,9.696497,24.153246
3.211000,X_outbound,9.701872,24.153246
3.212000,X_outbound,9.707247,24.153246
3.213000,X_outbound,9.712621,24.153246
3.214000,X_outbound,9.717996,24.153246
3.215000,X_outbound,9.723371,24.153246
3.216000,X_outbound,9.728745,24.153246
3.217000,X_outbound,9.734120,24.153246
3.218000,X_outbound,9.739495,24.153246
3.219000,X_outbound,9.744869,24.153246
3.220000,X_outbound,9.750244,24.153246
3.221000,X_outbound,9.755619,24.153246
3.222000,X_outbound,9.760994,24.153246
3.223000,X_outbound,9.766368,24.153246
3.224000,X_outbound,9.771743,24.153246
3.225000,X_outbound,9.777118,24.153246
3.226000,X_outbound,9.782492,24.153246
3.227000,X_outbound,9.787867,24.153246
3.228000,X_outbound,9.793242,24.153246
3.229000,X_outbound,9.798616,24.153246
3.230000,X_outbound,9.803991,24.153246
3.231000,X_outbound,9.809366,24.153246
3.232000,X_outbound,9.814740,24.153246
3.233000,X_outbound,9.820115,24.153246
3.234000,X_outbound,9.825490,24.153246
3.235000,X_outbound,9.830864,24.153246
3.236000,X_outbound,9.836239,24.153246
3.237000,X_outbound,9.841614,24.153246
3.238000,X_outbound,9.846989,24.153246
3.239000,X_outbound,9.852363,24.153246
3.240000,X_outbound,9.857738,24.153246
3.241000,X_outbound,9.863113,24.153246
3.242000,X_outbound,9.868487,24.153246
3.243000,X_outbound,9.873862,24.153246
3.244000,X_outbound,9.879237,24.153246
3.245000,X_outbound,9.884611,24.153246
3.246000,X_outbound,9.889986,24.153246
3.247000,X_outbound,9.895361,24.153246
3.248000,X_outbound,9.900735,24.153246
3.249000,X_outbound,9.906110,24.153246
3.250000,X_outbound,9.911485,24.153246
3.251000,X_outbound,9.916859,24.153246
3.252000,X_outbound,9.922234,24.153246
3.253000,X_outbound,9.927609,24.153246
3.254000,X_outbound,9.932984,24.153246
3.255000,X_outbound,9.938358,24.153246
3.256000,X_outbound,9.943733,24.153246
3.257000,X_outbound,9.949108,24.153246
3.258000,X_outbound,9.954482,24.153246
3.259000,X_outbound,9.959857,24.153246
3.260000,X_outbound,9.965232,24.153246
3.261000,X_outbound,9.970606,24.153246
3.262000,X_outbound,9.975981,24.153246
3.263000,X_outbound,9.981356,24.153246
3.264000,X_outbound,9.986730,24.153246
3.265000,X_outbound,9.992105,24.153246
3.266000,X_outbound,9.997480,24.153246
3.267000,X_outbound,10.002854,24.153246
3.268000,X_outbound,10.008229,24.153246
3.269000,X_outbound,10.013604,24.153246
3.270000,X_outbound,10.018979,24.153246
3.271000,X_outbound,10.024353,24.153246
3.272000,X_outbound,10.029728,24.153246
3.273000,X_outbound,10.035103,24.153246
3.274000,X_outbound,10.040477,24.153246
3.275000,X_outbound,10.045852,24.153246
3.276000,X_outbound,10.051227,24.153246
3.277000,X_outbound,10.056601,24.153246
3.278000,X_outbound,10.061976,24.153246
3.279000,X_outbound,10.067351,24.153246
3.280000,X_outbound,10.072725,24.153246
3.281000,X_outbound,10.078100,24.153246
3.282000,X_outbound,10.083475,24.153246
3.283000,X_outbound,10.088849,24.153246
3.284000,X_outbound,10.094224,24.153246
3.285000,X_outbound,10.099599,24.153246
3.286000,X_outbound,10.104974,24.153246
3.287000,X_outbound,10.110348,24.153246
3.288000,X_outbound,10.115723,24.153246
3.289000,X_outbound,10.121098,24.153246
3.290000,X_outbound,10.126472,24.153246
3.291000,X_outbound,10.131847,24.153246
3.292000,X_outbound,10.137222,24.153246
3.293000,X_outbound,10.142596,24.153246
3.294000,X_outbound,10.147971,24.153246
3.295000,X_outbound,10.153346,24.153246
3.296000,X_outbound,10.158720,24.153246
3.297000,X_outbound,10.164095,24.153246
3.298000,X_outbound,10.169470,24.153246
3.299000,X_outbound,10.174844,24.153246
3.300000,X_outbound,10.180219,24.153246
3.301000,X_outbound,10.185594,24.153246
3.302000,X_outbound,10.190969,24.153246
3.303000,X_outbound,10.196343,24.153246
3.304000,X_outbound,10.201718,24.153246
3.305000,X_outbound,10.207093,24.153246
3.306000,X_outbound,10.212467,24.153246
3.307000,X_outbound,10.217842,24.153246
3.308000,X_outbound,10.223217,24.153246
3.309000,X_outbound,10.228591,24.153246
3.310000,X_outbound,10.233966,24.153246
3.311000,X_outbound,10.239341,24.153246
3.312000,X_outbound,10.244715,24.153246
3.313000,X_outbound,10.250090,24.153246
3.314000,X_outbound,10.255465,24.153246
3.315000,X_outbound,10.260839,24.153246
3.316000,X_outbound,10.266214,24.153246
3.317000,X_outbound,10.271589,24.153246
3.318000,X_outbound,10.276964,24.153246
3.319000,X_outbound,10.282338,24.153246
3.320000,X_outbound,10.287713,24.153246
3.321000,X_outbound,10.293088,24.153246
3.322000,X_outbound,10.298462,24.153246
3.323000,X_outbound,10.303837,24.153246
3.324000,X_outbound,10.309212,24.153246
3.325000,X_outbound,10.314586,24.153246
3.326000,X_outbound,10.319961,24.153246
3.327000,X_outbound,10.325336,24.153246
3.328000,X_outbound,10.330710,24.153246
3.329000,X_outbound,10.336085,24.153246
3.330000,X_outbound,10.341460,24.153246
3.331000,X_outbound,10.346834,24.153246
3.332000,X_outbound,10.352209,24.153246
3.333000,X_outbound,10.357584,24.153246
3.334000,X_outbound,10.362959,24.153246
3.335000,X_outbound,10.368333,24.153246
3.336000,X_outbound,10.373708,24.153246
3.337000,X_outbound,10.379083,24.153246
3.338000,X_outbound,10.384457,24.153246
3.339000,X_outbound,10.389832,24.153246
3.340000,X_outbound,10.395207,24.153246
3.341000,X_outbound,10.400581,24.153246
3.342000,X_outbound,10.405956,24.153246
3.343000,X_outbound,10.411331,24.153246
3.344000,X_outbound,10.416705,24.153246
3.345000,X_outbound,10.422080,24.153246
3.346000,X_outbound,10.427455,24.153246
3.347000,X_outbound,10.432829,24.153246
3.348000,X_outbound,10.438204,24.153246
3.349000,X_outbound,10.443579,24.153246
3.350000,X_outbound,10.448954,24.153246
3.351000,X_outbound,10.454328,24.153246
3.352000,X_outbound,10.459703,24.153246
3.353000,X_outbound,10.465078,24.153246
3.354000,X_outbound,10.470452,24.153246
3.355000,X_outbound,10.475827,24.153246
3.356000,X_outbound,10.481202,24.153246
3.357000,X_outbound,10.486576,24.153246
3.358000,X_outbound,10.491951,24.153246
3.359000,X_outbound,10.497326,24.153246
3.360000,X_outbound,10.502700,24.153246
3.361000,X_outbound,10.508075,24.153246
3.362000,X_outbound,10.513450,24.153246
3.363000,X_outbound,10.518824,24.153246
3.364000,X_outbound,10.524199,24.153246
3.365000,X_outbound,10.529574,24.153246
3.366000,X_outbound,10.534949,24.153246
3.367000,X_outbound,10.540323,24.153246
3.368000,X_outbound,10.545698,24.153246
3.369000,X_outbound,10.551073,24.153246
3.370000,X_outbound,10.556447,24.153246
3.371000,X_outbound,10.561822,24.153246
3.372000,X_outbound,10.567197,24.153246
3.373000,X_outbound,10.572571,24.153246
3.374000,X_outbound,10.577946,24.153246
3.375000,X_outbound,10.583321,24.153246
3.376000,X_outbound,10.588695,24.153246
3.377000,X_outbound,10.594070,24.153246
3.378000,X_outbound,10.599445,24.153246
3.379000,X_outbound,10.604819,24.153246
3.380000,X_outbound,10.610194,24.153246
3.381000,X_outbound,10.615569,24.153246
3.382000,X_outbound,10.620944,24.153246
3.383000,X_outbound,10.626318,24.153246
3.384000,X_outbound,10.631693,24.153246
3.385000,X_outbound,10.637068,24.153246
3.386000,X_outbound,10.642442,24.153246
3.387000,X_outbound,10.645783,24.153246
3.388000,X_outbound,10.648471,24.153246
3.389000,X_outbound,10.651158,24.153246
3.390000,X_outbound,10.653846,24.153246
3.391000,X_outbound,10.656533,24.153246
3.392000,X_outbound,10.659220,24.153246
3.393000,X_outbound,10.661908,24.153246
3.394000,X_outbound,10.664595,24.153246
3.395000,X_outbound,10.667282,24.153246
3.396000,X_outbound,10.669970,24.153246
3.397000,X_outbound,10.672657,24.153246
3.398000,X_outbound,10.675344,24.153246
3.399000,X_outbound,10.678032,24.153246
3.400000,X_outbound,10.680719,24.153246
3.401000,X_outbound,10.683406,24.153246
3.402000,X_outbound,10.687812,24.153246
3.403000,X_outbound,10.693187,24.153246
3.404000,X_outbound,10.698562,24.153246
3.405000,X_outbound,10.703936,24.153246
3.406000,X_outbound,10.709311,24.153246
3.407000,X_outbound,10.714686,24.153246
3.408000,X_outbound,10.720060,24.153246
3.409000,X_outbound,10.725435,24.153246
3.410000,X_outbound,10.730810,24.153246
3.411000,X_outbound,10.736184,24.153246
3.412000,X_outbound,10.741559,24.153246
3.413000,X_outbound,10.746934,24.153246
3.414000,X_outbound,10.752309,24.153246
3.415000,X_outbound,10.757683,24.153246
3.416000,X_outbound,10.763058,24.153246
3.417000,X_outbound,10.768433,24.153246
3.418000,X_outbound,10.773807,24.153246
3.419000,X_outbound,10.779182,24.153246
3.420000,X_outbound,10.784557,24.153246
3.421000,X_outbound,10.789931,24.153246
3.422000,X_outbound,10.795306,24.153246
3.423000,X_outbound,10.800681,24.153246
3.424000,X_outbound,10.806055,24.153246
3.425000,X_outbound,10.811430,24.153246
3.426000,X_outbound,10.816805,24.153246
3.427000,X_outbound,10.822179,24.153246
3.428000,X_outbound,10.827554,24.153246
3.429000,X_outbound,10.832929,24.153246
3.430000,X_outbound,10.838304,24.153246
3.431000,X_outbound,10.843678,24.153246
3.432000,X_outbound,10.849053,24.153246
3.433000,X_outbound,10.854428,24.153246
3.434000,X_outbound,10.859802,24.153246
3.435000,X_outbound,10.865177,24.153246
3.436000,X_outbound,10.870552,24.153246
3.437000,X_outbound,10.875926,24.153246
3.438000,X_outbound,10.881301,24.153246
3.439000,X_outbound,10.886676,24.153246
3.440000,X_outbound,10.892050,24.153246
3.441000,X_outbound,10.897425,24.153246
3.442000,X_outbound,10.902800,24.153246
3.443000,X_outbound,10.908174,24.153246
3.444000,X_outbound,10.913549,24.153246
3.445000,X_outbound,10.918924,24.153246
3.446000,X_outbound,10.924299,24.153246
3.447000,X_outbound,10.929673,24.153246
3.448000,X_outbound,10.935048,24.153246
3.449000,X_outbound,10.940423,24.153246
3.450000,X_outbound,10.945797,24.153246
3.451000,X_outbound,10.951172,24.153246
3.452000,X_outbound,10.956547,24.153246
3.453000,X_outbound,10.961921,24.153246
3.454000,X_outbound,10.967296,24.153246
3.455000,X_outbound,10.972671,24.153246
3.456000,X_outbound,10.978045,24.153246
3.457000,X_outbound,10.983420,24.153246
3.458000,X_outbound,10.988795,24.153246
3.459000,X_outbound,10.994169,24.153246
3.460000,X_outbound,10.999544,24.153246
3.461000,X_outbound,11.004919,24.153246
3.462000,X_outbound,11.010294,24.153246
3.463000,X_outbound,11.015668,24.153151
3.464000,X_outbound,11.021043,24.152868
3.465000,X_outbound,11.026418,24.152395
3.466000,X_outbound,11.031792,24.151734
3.467000,X_outbound,11.037167,24.150883
3.468000,X_outbound,11.042542,24.149844
3.469000,X_outbound,11.047916,24.148615
3.470000,X_outbound,11.053291,24.147198
3.471000,X_outbound,11.058666,24.145591
3.472000,X_outbound,11.064040,24.143796
3.473000,X_outbound,11.069415,24.141812
3.474000,X_outbound,11.074790,24.139638
3.475000,X_outbound,11.080164,24.137276
3.476000,X_outbound,11.085539,24.134725
3.477000,X_outbound,11.090914,24.131986
3.478000,X_outbound,11.096289,24.129057
3.479000,X_outbound,11.101663,24.125939
3.480000,X_outbound,11.107038,24.122633
3.481000,X_outbound,11.112413,24.119138
3.482000,X_outbound,11.117787,24.115455
3.483000,X_outbound,11.123162,24.111582
3.484000,X_outbound,11.128537,24.107521
3.485000,X_outbound,11.133911,24.103272
3.486000,X_outbound,11.139286,24.098834
3.487000,X_outbound,11.144661,24.094207
3.488000,X_outbound,11.150035,24.089392
3.489000,X_outbound,11.155410,24.084388
3.490000,X_outbound,11.160785,24.079196
3.491000,X_outbound,11.166159,24.073816
3.492000,X_outbound,11.171534,24.068247
3.493000,X_outbound,11.173553,24.062490
3.494000,X_outbound,11.175345,24.056545
3.495000,X_outbound,11.177136,24.050411
3.496000,X_outbound,11.178928,24.044090
3.497000,X_outbound,11.180719,24.037580
3.498000,X_outbound,11.182511,24.030883
3.499000,X_outbound,11.184302,24.023997
3.500000,X_outbound,11.186094,24.016924
3.501000,X_outbound,11.187885,24.009663
3.502000,X_outbound,11.189677,24.002214
3.503000,X_outbound,11.191469,23.994578
3.504000,X_outbound,11.193260,23.986753
3.505000,X_outbound,11.195052,23.978742
3.506000,X_outbound,11.196843,23.970542
3.507000,X_outbound,11.198635,23.962156
3.508000,X_outbound,11.200426,23.953582
3.509000,X_outbound,11.202218,23.944821
3.510000,X_outbound,11.204010,23.935872
3.511000,X_outbound,11.205801,23.926737
3.512000,X_outbound,11.207593,23.917414
3.513000,X_outbound,11.209384,23.907905
3.514000,X_outbound,11.211176,23.898208
3.515000,X_outbound,11.213902,23.888325
3.516000,X_outbound,11.219277,23.878255
3.517000,X_outbound,11.224651,23.867999
3.518000,X_outbound,11.230026,23.857556
3.519000,X_outbound,11.235401,23.846927
3.520000,X_outbound,11.240775,23.836111
3.521000,X_outbound,11.246150,23.825109
3.522000,X_outbound,11.251525,23.813921
3.523000,X_outbound,11.256899,23.802547
3.524000,X_outbound,11.262274,23.790987
3.525000,X_outbound,11.267649,23.779241
3.526000,X_outbound,11.273024,23.767310
3.527000,X_outbound,11.278398,23.755192
3.528000,X_outbound,11.283773,23.742890
3.529000,X_outbound,11.289148,23.730402
3.530000,X_outbound,11.294522,23.717728
3.531000,X_outbound,11.299897,23.704870
3.532000,X_outbound,11.305272,23.691826
3.533000,X_outbound,11.310646,23.678597
3.534000,X_outbound,11.316021,23.665184
3.535000,X_outbound,11.321396,23.651586
3.536000,X_outbound,11.326770,23.637803
3.537000,X_outbound,11.332145,23.623835
3.538000,X_outbound,11.337520,23.609684
3.539000,X_outbound,11.342895,23.595348
3.540000,X_outbound,11.348269,23.580828
3.541000,X_outbound,11.353644,23.566124
3.542000,X_outbound,11.359019,23.551236
3.543000,X_outbound,11.364393,23.536164
3.544000,X_outbound,11.369768,23.520909
3.545000,X_outbound,11.375143,23.505470
3.546000,X_outbound,11.380517,23.489848
3.547000,X_outbound,11.385892,23.474043
3.548000,X_outbound,11.391267,23.458054
3.549000,X_outbound,11.396641,23.441883
3.550000,X_outbound,11.402016,23.425529
3.551000,X_outbound,11.407391,23.408993
3.552000,X_outbound,11.412765,23.392273
3.553000,X_outbound,11.418140,23.375372
3.554000,X_outbound,11.423515,23.358288
3.555000,X_outbound,11.428890,23.341023
3.556000,X_outbound,11.434264,23.323575
3.557000,X_outbound,11.439639,23.305946
3.558000,X_outbound,11.445014,23.288135
3.559000,X_outbound,11.450388,23.270143
3.560000,X_outbound,11.455763,23.251969
3.561000,X_outbound,11.461138,23.233614
3.562000,X_outbound,11.466512,23.215079
3.563000,X_outbound,11.471887,23.196362
3.564000,X_outbound,11.477262,23.177465
3.565000,X_outbound,11.482636,23.158388
3.566000,X_outbound,11.488011,23.139130
3.567000,X_outbound,11.493386,23.119692
3.568000,X_outbound,11.498760,23.100074
3.569000,X_outbound,11.504135,23.080277
3.570000,X_outbound,11.509510,23.060299
3.571000,X_outbound,11.514885,23.040143
3.572000,X_outbound,11.520259,23.019807
3.573000,X_outbound,11.525634,22.999292
3.574000,X_outbound,11.531009,22.978598
3.575000,X_outbound,11.536383,22.957726
3.576000,X_outbound,11.541758,22.936674
3.577000,X_outbound,11.547133,22.915445
3.578000,X_outbound,11.552507,22.894037
3.579000,X_outbound,11.557882,22.872452
3.580000,X_outbound,11.563257,22.850688
3.581000,X_outbound,11.568631,22.828747
3.582000,X_outbound,11.574006,22.806629
3.583000,X_outbound,11.579381,22.784334
3.584000,X_outbound,11.584755,22.761861
3.585000,X_outbound,11.590130,22.739212
3.586000,X_outbound,11.595505,22.716386
3.587000,X_outbound,11.600880,22.693383
3.588000,X_outbound,11.606254,22.670205
3.589000,X_outbound,11.611629,22.646850
3.590000,X_outbound,11.617004,22.623320
3.591000,X_outbound,11.622378,22.599614
3.592000,X_outbound,11.627753,22.575732
3.593000,X_outbound,11.633128,22.551676
3.594000,X_outbound,11.638502,22.527444
3.595000,X_outbound,11.643877,22.503038
3.596000,X_outbound,11.649252,22.478457
3.597000,X_outbound,11.654626,22.453702
3.598000,X_outbound,11.660001,22.428772
3.599000,X_outbound,11.665376,22.403669
3.600000,X_outbound,11.670750,22.378392
3.601000,X_outbound,11.676125,22.352942
3.602000,X_outbound,11.681500,22.327318
3.603000,X_outbound,11.686875,22.301522
3.604000,X_outbound,11.692249,22.275553
3.605000,X_outbound,11.697624,22.249411
3.606000,X_outbound,11.702999,22.223097
3.607000,X_outbound,11.708373,22.196610
3.608000,X_outbound,11.713748,22.169952
3.609000,X_outbound,11.719123,22.143122
3.610000,X_outbound,11.724497,22.116121
3.611000,X_outbound,11.729872,22.088949
3.612000,X_outbound,11.735247,22.061606
3.613000,X_outbound,11.740621,22.034092
3.614000,X_outbound,11.745996,22.006408
3.615000,X_outbound,11.751371,21.978553
3.616000,X_outbound,11.756745,21.950529
3.617000,X_outbound,11.762120,21.922335
3.618000,X_outbound,11.767495,21.893971
3.619000,X_outbound,11.772870,21.865438
3.620000,X_outbound,11.778244,21.836737
3.621000,X_outbound,11.783619,21.807866
3.622000,X_outbound,11.788994,21.778827
3.623000,X_outbound,11.794368,21.749620
3.624000,X_outbound,11.799743,21.720245
3.625000,X_outbound,11.805118,21.690703
3.626000,X_outbound,11.810492,21.660993
3.627000,X_outbound,11.815867,21.631115
3.628000,X_outbound,11.821242,21.601071
3.629000,X_outbound,11.826616,21.570860
3.630000,X_outbound,11.831991,21.540483
3.631000,X_outbound,11.837366,21.509940
3.632000,X_outbound,11.842740,21.479231
3.633000,X_outbound,11.848115,21.448356
3.634000,X_outbound,11.853490,21.417316
3.635000,X_outbound,11.858865,21.386111
3.636000,X_outbound,11.864239,21.354741
3.637000,X_outbound,11.869614,21.323207
3.638000,X_outbound,11.874989,21.291509
3.639000,X_outbound,11.880363,21.259646
3.640000,X_outbound,11.885738,21.227621
3.641000,X_outbound,11.891113,21.195431
3.642000,X_outbound,11.896487,21.163079
3.643000,X_outbound,11.901862,21.130564
3.644000,X_outbound,11.907237,21.097886
3.645000,X_outbound,11.912611,21.065046
3.646000,X_outbound,11.917986,21.032044
3.647000,X_outbound,11.923361,20.998881
3.648000,X_outbound,11.928735,20.965556
3.649000,X_outbound,11.934110,20.932070
3.650000,X_outbound,11.939485,20.898423
3.651000,X_outbound,11.944860,20.864616
3.652000,X_outbound,11.950234,20.830649
3.653000,X_outbound,11.955609,20.796521
3.654000,X_outbound,11.960984,20.762234
3.655000,X_outbound,11.966358,20.727788
3.656000,X_outbound,11.971733,20.693183
3.657000,X_outbound,11.977108,20.658420
3.658000,X_outbound,11.982482,20.623497
3.659000,X_outbound,11.987857,20.588417
3.660000,X_outbound,11.993232,20.553179
3.661000,X_outbound,11.998606,20.517784
3.662000,X_outbound,12.003981,20.482231
3.663000,X_outbound,12.009356,20.446522
3.664000,X_outbound,12.014730,20.410656
3.665000,X_outbound,12.020105,20.374634
3.666000,X_outbound,12.025480,20.338456
3.667000,X_outbound,12.030855,20.302123
3.668000,X_outbound,12.036229,20.265634
3.669000,X_outbound,12.041604,20.228990
3.670000,X_outbound,12.046979,20.192192
3.671000,X_outbound,12.052353,20.155240
3.672000,X_outbound,12.057728,20.118133
3.673000,X_outbound,12.063103,20.080873
3.674000,X_outbound,12.068477,20.043459
3.675000,X_outbound,12.073852,20.005893
3.676000,X_outbound,12.079227,19.968174
3.677000,X_outbound,12.084601,19.930303
3.678000,X_outbound,12.089976,19.892279
3.679000,X_outbound,12.095351,19.854104
3.680000,X_outbound,12.100725,19.815778
3.681000,X_outbound,12.106100,19.777300
3.682000,X_outbound,12.111475,19.738672
3.683000,X_outbound,12.116850,19.699894
3.684000,X_outbound,12.122224,19.660966
3.685000,X_outbound,12.127599,19.621888
3.686000,X_outbound,12.132974,19.582661
3.687000,X_outbound,12.138348,19.543285
3.688000,X_outbound,12.143723,19.503760
3.689000,X_outbound,12.149098,19.464087
3.690000,X_outbound,12.154472,19.424266
3.691000,X_outbound,12.159847,19.384298
3.692000,X_outbound,12.165222,19.344182
3.693000,X_outbound,12.170596,19.303920
3.694000,X_outbound,12.175971,19.263511
3.695000,X_outbound,12.181346,19.222956
3.696000,X_outbound,12.186720,19.182255
3.697000,X_outbound,12.192095,19.141409
3.698000,X_outbound,12.197470,19.100417
3.699000,X_outbound,12.202845,19.059281
3.700000,X_outbound,12.208219,19.018001
3.701000,X_outbound,12.213594,18.976577
3.702000,X_outbound,12.218969,18.935008
3.703000,X_outbound,12.224343,18.893297
3.704000,X_outbound,12.228921,18.851443
3.705000,X_outbound,12.231609,18.809446
3.706000,X_outbound,12.234296,18.767307
3.707000,X_outbound,12.236984,18.725027
3.708000,X_outbound,12.239671,18.682605
3.709000,X_outbound,12.242358,18.640042
3.710000,X_outbound,12.245046,18.597338
3.711000,X_outbound,12.247733,18.554494
3.712000,X_outbound,12.250420,18.511510
3.713000,X_outbound,12.253108,18.468386
3.714000,X_outbound,12.255795,18.425123
3.715000,X_outbound,12.258482,18.381722
3.716000,X_outbound,12.261170,18.338182
3.717000,X_outbound,12.263857,18.294504
3.718000,X_outbound,12.266544,18.250688
3.719000,X_outbound,12.269713,18.206736
3.720000,X_outbound,12.275088,18.162646
3.721000,X_outbound,12.280463,18.118420
3.722000,X_outbound,12.285837,18.074057
3.723000,X_outbound,12.291212,18.029559
3.724000,X_outbound,12.296587,17.984926
3.725000,X_outbound,12.301961,17.940158
3.726000,X_outbound,12.307336,17.895255
3.727000,X_outbound,12.312711,17.850218
3.728000,X_outbound,12.318085,17.805047
3.729000,X_outbound,12.323460,17.759743
3.730000,X_outbound,12.328835,17.714306
3.731000,X_outbound,12.334210,17.668736
3.732000,X_outbound,12.339584,17.623035
3.733000,X_outbound,12.344959,17.577201
3.734000,X_outbound,12.350334,17.531236
3.735000,X_outbound,12.355708,17.485140
3.736000,X_outbound,12.361083,17.438914
3.737000,X_outbound,12.366458,17.392558
3.738000,X_outbound,12.371832,17.346071
3.739000,X_outbound,12.377207,17.299456
3.740000,X_outbound,12.382582,17.252711
3.741000,X_outbound,12.387956,17.205838
3.742000,X_outbound,12.393331,17.158837
3.743000,X_outbound,12.398706,17.111708
3.744000,X_outbound,12.404080,17.064452
3.745000,X_outbound,12.409455,17.017069
3.746000,X_outbound,12.414830,16.969560
3.747000,X_outbound,12.420205,16.921925
3.748000,X_outbound,12.425579,16.874164
3.749000,X_outbound,12.430954,16.826277
3.750000,X_outbound,12.436329,16.778266
3.751000,X_outbound,12.441703,16.730131
3.752000,X_outbound,12.447078,16.681872
3.753000,X_outbound,12.452453,16.633489
3.754000,X_outbound,12.457827,16.584983
3.755000,X_outbound,12.463202,16.536355
3.756000,X_outbound,12.468577,16.487604
3.757000,X_outbound,12.473951,16.438732
3.758000,X_outbound,12.479326,16.389738
3.759000,X_outbound,12.484701,16.340623
3.760000,X_outbound,12.490075,16.291387
3.761000,X_outbound,12.495450,16.242032
3.762000,X_outbound,12.500825,16.192557
3.763000,X_outbound,12.506200,16.142963
3.764000,X_outbound,12.511574,16.093249
3.765000,X_outbound,12.516949,16.043418
3.766000,X_outbound,12.522324,15.993469
3.767000,X_outbound,12.527698,15.943402
3.768000,X_outbound,12.533073,15.893218
3.769000,X_outbound,12.538448,15.842918
3.770000,X_outbound,12.543822,15.792501
3.771000,X_outbound,12.549197,15.741969
3.772000,X_outbound,12.554572,15.691321
3.773000,X_outbound,12.559946,15.640559
3.774000,X_outbound,12.565321,15.589682
3.775000,X_outbound,12.570696,15.538691
3.776000,X_outbound,12.576070,15.487587
3.777000,X_outbound,12.581445,15.436370
3.778000,X_outbound,12.586820,15.385040
3.779000,X_outbound,12.592195,15.333598
3.780000,X_outbound,12.597569,15.282045
3.781000,X_outbound,12.602944,15.230380
3.782000,X_outbound,12.608319,15.178604
3.783000,X_outbound,12.613693,15.126718
3.784000,X_outbound,12.619068,15.074722
3.785000,X_outbound,12.624443,15.022617
3.786000,X_outbound,12.629817,14.970403
3.787000,X_outbound,12.635192,14.918080
3.788000,X_outbound,12.640567,14.865649
3.789000,X_outbound,12.645941,14.813111
3.790000,X_outbound,12.651316,14.760466
3.791000,X_outbound,12.656691,14.707714
3.792000,X_outbound,12.662065,14.654855
3.793000,X_outbound,12.667440,14.601891
3.794000,X_outbound,12.672815,14.548822
3.795000,X_outbound,12.678190,14.495648
3.796000,X_outbound,12.683564,14.442369
3.797000,X_outbound,12.688939,14.388987
3.798000,X_outbound,12.694314,14.335501
3.799000,X_outbound,12.699688,14.281913
3.800000,X_outbound,12.705063,14.228221
3.801000,X_outbound,12.710438,14.174428
3.802000,X_outbound,12.715812,14.120534
3.803000,X_outbound,12.721187,14.066538
3.804000,X_outbound,12.726562,14.012442
3.805000,X_outbound,12.731936,13.958245
3.806000,X_outbound,12.737311,13.903949
3.807000,X_outbound,12.742686,13.849554
3.808000,X_outbound,12.748060,13.795060
3.809000,X_outbound,12.753435,13.740468
3.810000,X_outbound,12.758810,13.685779
3.811000,X_outbound,12.764185,13.630992
3.812000,X_outbound,12.769559,13.576108
3.813000,X_outbound,12.774934,13.521128
3.814000,X_outbound,12.780309,13.466052
3.815000,X_outbound,12.785683,13.410881
3.816000,X_outbound,12.791058,13.355615
3.817000,X_outbound,12.796433,13.300255
3.818000,X_outbound,12.801807,13.244801
3.819000,X_outbound,12.807182,13.189253
3.820000,X_outbound,12.812557,13.133613
3.821000,X_outbound,12.817931,13.077880
3.822000,X_outbound,12.823306,13.022055
3.823000,X_outbound,12.828681,12.966139
3.824000,X_outbound,12.834055,12.910132
3.825000,X_outbound,12.839430,12.854035
3.826000,X_outbound,12.844805,12.797847
3.827000,X_outbound,12.850180,12.741570
3.828000,X_outbound,12.855554,12.685204
3.829000,X_outbound,12.860929,12.628750
3.830000,X_outbound,12.866304,12.572208
3.831000,X_outbound,12.871678,12.515578
3.832000,X_outbound,12.877053,12.458861
3.833000,X_outbound,12.882428,12.402058
3.834000,X_outbound,12.887802,12.345169
3.835000,X_outbound,12.893177,12.288194
3.836000,X_outbound,12.898552,12.231134
3.837000,X_outbound,12.903926,12.173990
3.838000,X_outbound,12.909301,12.116762
3.839000,X_outbound,12.914676,12.059450
3.840000,X_outbound,12.920050,12.002056
3.841000,X_outbound,12.925425,11.944579
3.842000,X_outbound,12.930800,11.887020
3.843000,X_outbound,12.936175,11.829379
3.844000,X_outbound,12.941549,11.771658
3.845000,X_outbound,12.946924,11.713856
3.846000,X_outbound,12.952299,11.655974
3.847000,X_outbound,12.957673,11.598013
3.848000,X_outbound,12.963048,11.539972
3.849000,X_outbound,12.968423,11.481854
3.850000,X_outbound,12.973797,11.423657
3.851000,X_outbound,12.979172,11.365383
3.852000,X_outbound,12.984547,11.307032
3.853000,X_outbound,12.989921,11.248605
3.854000,X_outbound,12.995296,11.190102
3.855000,X_outbound,13.000000,11.131523
3.856000,X_outbound,13.000000,11.072870
3.857000,X_outbound,13.000000,11.014142
3.858000,X_outbound,13.000000,10.955340
3.859000,X_outbound,13.000000,10.896466
3.860000,X_outbound,13.000000,10.837518
3.861000,X_outbound,13.000000,10.778498
3.862000,X_outbound,13.000000,10.719407
3.863000,far_end_turn,13.000000,10.660244
3.864000,far_end_turn,13.000000,10.601010
3.865000,far_end_turn,13.000000,10.541706
3.866000,far_end_turn,13.000000,10.482333
3.867000,far_end_turn,13.000000,10.422890
3.868000,far_end_turn,13.000000,10.363379
3.869000,far_end_turn,13.000000,10.303800
3.870000,far_end_turn,13.000000,10.244153
3.871000,far_end_turn,13.000000,10.184439
3.872000,far_end_turn,13.000000,10.124659
3.873000,far_end_turn,13.000000,10.064812
3.874000,far_end_turn,13.000000,10.004900
3.875000,far_end_turn,13.000000,9.944923
3.876000,far_end_turn,13.000000,9.884882
3.877000,far_end_turn,13.000000,9.824776
3.878000,far_end_turn,13.000000,9.764608
3.879000,far_end_turn,13.000000,9.704376
3.880000,far_end_turn,13.000000,9.644082
3.881000,far_end_turn,13.000000,9.583726
3.882000,far_end_turn,13.000000,9.523309
3.883000,far_end_turn,13.000000,9.462832
3.884000,far_end_turn,13.000000,9.402294
3.885000,far_end_turn,13.000000,9.341696
3.886000,far_end_turn,13.000000,9.281039
3.887000,far_end_turn,13.000000,9.220324
3.888000,far_end_turn,13.000000,9.159550
3.889000,far_end_turn,13.000000,9.098719
3.890000,far_end_turn,13.000000,9.037831
3.891000,far_end_turn,13.000000,8.976887
3.892000,far_end_turn,13.000000,8.915886
3.893000,far_end_turn,13.000000,8.854830
3.894000,far_end_turn,13.000000,8.793720
3.895000,far_end_turn,13.000000,8.732554
3.896000,far_end_turn,13.000000,8.671335
3.897000,far_end_turn,13.000000,8.610063
3.898000,far_end_turn,13.000000,8.548738
3.899000,far_end_turn,13.000000,8.487361
3.900000,far_end_turn,13.000000,8.425932
3.901000,far_end_turn,13.000000,8.364452
3.902000,far_end_turn,13.000000,8.302922
3.903000,far_end_turn,13.000000,8.241341
3.904000,far_end_turn,13.000000,8.179711
3.905000,far_end_turn,13.000000,8.118032
3.906000,far_end_turn,13.000000,8.056304
3.907000,far_end_turn,13.000000,7.994529
3.908000,far_end_turn,13.000000,7.932706
3.909000,far_end_turn,13.000000,7.870837
3.910000,far_end_turn,13.000000,7.808921
3.911000,far_end_turn,13.000000,7.746960
3.912000,far_end_turn,13.000000,7.684953
3.913000,far_end_turn,13.000000,7.622902
3.914000,far_end_turn,13.000000,7.560806
3.915000,far_end_turn,13.000000,7.498667
3.916000,far_end_turn,13.000000,7.436486
3.917000,far_end_turn,13.000000,7.374261
3.918000,far_end_turn,13.000000,7.311995
3.919000,far_end_turn,13.000000,7.249687
3.920000,far_end_turn,13.000000,7.187339
3.921000,far_end_turn,13.000000,7.124950
3.922000,far_end_turn,13.000000,7.062522
3.923000,far_end_turn,13.000000,7.000054
3.924000,far_end_turn,13.000000,6.937548
3.925000,far_end_turn,13.000000,6.875004
3.926000,far_end_turn,13.000000,6.812422
3.927000,far_end_turn,13.000000,6.749803
3.928000,far_end_turn,13.000000,6.687148
3.929000,far_end_turn,13.000000,6.624457
3.930000,far_end_turn,13.000000,6.561731
3.931000,far_end_turn,13.000000,6.498970
3.932000,far_end_turn,13.000000,6.436174
3.933000,far_end_turn,13.000000,6.373345
3.934000,far_end_turn,13.000000,6.310483
3.935000,far_end_turn,13.000000,6.247588
3.936000,far_end_turn,13.000000,6.184661
3.937000,far_end_turn,13.000000,6.121703
3.938000,far_end_turn,13.000000,6.058714
3.939000,far_end_turn,13.000000,5.995694
3.940000,far_end_turn,13.000000,5.932645
3.941000,far_end_turn,13.000000,5.869566
3.942000,far_end_turn,13.000000,5.806459
3.943000,far_end_turn,13.000000,5.743323
3.944000,far_end_turn,13.000000,5.680160
3.945000,far_end_turn,13.000000,5.616970
3.946000,far_end_turn,13.000000,5.553753
3.947000,far_end_turn,13.000000,5.490511
3.948000,far_end_turn,13.000000,5.427243
3.949000,far_end_turn,13.000000,5.363950
3.950000,far_end_turn,13.000000,5.300633
3.951000,far_end_turn,13.000000,5.237292
3.952000,far_end_turn,13.000000,5.173928
3.953000,far_end_turn,13.000000,5.110541
3.954000,far_end_turn,13.000000,5.047133
3.955000,far_end_turn,13.000000,4.983702
3.956000,far_end_turn,13.000000,4.920251
3.957000,far_end_turn,13.000000,4.856780
3.958000,far_end_turn,13.000000,4.793288
3.959000,far_end_turn,13.000000,4.729778
3.960000,far_end_turn,13.000000,4.666249
3.961000,far_end_turn,13.000000,4.602701
3.962000,far_end_turn,13.000000,4.539136
3.963000,far_end_turn,13.000000,4.475554
3.964000,far_end_turn,13.000000,4.411955
3.965000,far_end_turn,13.000000,4.348341
3.966000,far_end_turn,13.000000,4.284711
3.967000,far_end_turn,13.000000,4.221066
3.968000,far_end_turn,13.000000,4.157407
3.969000,far_end_turn,13.000000,4.093734
3.970000,far_end_turn,13.000000,4.030048
3.971000,far_end_turn,13.000000,3.966350
3.972000,far_end_turn,13.000000,3.902640
3.973000,far_end_turn,13.000000,3.838918
3.974000,far_end_turn,13.000000,3.775185
3.975000,far_end_turn,13.000000,3.711442
3.976000,far_end_turn,13.000000,3.647689
3.977000,far_end_turn,13.000000,3.583927
3.978000,far_end_turn,13.000000,3.520156
3.979000,far_end_turn,13.000000,3.456377
3.980000,far_end_turn,13.000000,3.392590
3.981000,far_end_turn,13.000000,3.328797
3.982000,far_end_turn,13.000000,3.264997
3.983000,far_end_turn,13.000000,3.201191
3.984000,far_end_turn,13.000000,3.137380
3.985000,far_end_turn,13.000000,3.073564
3.986000,far_end_turn,13.000000,3.009744
3.987000,far_end_turn,13.000000,2.945920
3.988000,far_end_turn,13.000000,2.882093
3.989000,far_end_turn,13.000000,2.818264
3.990000,far_end_turn,13.000000,2.754433
3.991000,far_end_turn,13.000000,2.690600
3.992000,far_end_turn,13.000000,2.626766
3.993000,far_end_turn,13.000000,2.562932
3.994000,far_end_turn,13.000000,2.499099
3.995000,far_end_turn,13.000000,2.435266
3.996000,far_end_turn,13.000000,2.371435
3.997000,far_end_turn,13.000000,2.307606
3.998000,far_end_turn,13.000000,2.243779
3.999000,far_end_turn,13.000000,2.179955
4.000000,far_end_turn,13.000000,2.116135
4.001000,far_end_turn,13.000000,2.052319
4.002000,far_end_turn,13.000000,1.988508
4.003000,far_end_turn,13.000000,1.924702
4.004000,far_end_turn,13.000000,1.860902
4.005000,far_end_turn,13.000000,1.797109
4.006000,far_end_turn,13.000000,1.733322
4.007000,far_end_turn,13.000000,1.669543
4.008000,far_end_turn,13.000000,1.605772
4.009000,far_end_turn,13.000000,1.542010
4.010000,far_end_turn,13.000000,1.478257
4.011000,far_end_turn,13.000000,1.414514
4.012000,far_end_turn,13.000000,1.350781
4.013000,far_end_turn,13.000000,1.287059
4.014000,far_end_turn,13.000000,1.223349
4.015000,far_end_turn,13.000000,1.159650
4.016000,far_end_turn,13.000000,1.095964
4.017000,far_end_turn,13.000000,1.032292
4.018000,far_end_turn,13.000000,0.968633
4.019000,far_end_turn,13.000000,0.904988
4.020000,far_end_turn,13.000000,0.841358
4.021000,far_end_turn,13.000000,0.777744
4.022000,far_end_turn,13.000000,0.714145
4.023000,far_end_turn,13.000000,0.650563
4.024000,far_end_turn,13.000000,0.586998
4.025000,far_end_turn,13.000000,0.523450
4.026000,far_end_turn,13.000000,0.459921
4.027000,far_end_turn,13.000000,0.396410
4.028000,far_end_turn,13.000000,0.332919
4.029000,far_end_turn,13.000000,0.269447
4.030000,far_end_turn,13.000000,0.205996
4.031000,far_end_turn,13.000000,0.142566
4.032000,far_end_turn,13.000000,0.079158
4.033000,far_end_turn,13.000000,0.015771
4.034000,far_end_turn,13.000000,-0.047593
4.035000,far_end_turn,13.000000,-0.110934
4.036000,far_end_turn,13.000000,-0.174251
4.037000,far_end_turn,13.000000,-0.237544
4.038000,far_end_turn,13.000000,-0.300812
4.039000,far_end_turn,13.000000,-0.364054
4.040000,far_end_turn,13.000000,-0.427271
4.041000,far_end_turn,13.000000,-0.490461
4.042000,far_end_turn,13.000000,-0.553624
4.043000,far_end_turn,13.000000,-0.616760
4.044000,far_end_turn,13.000000,-0.679867
4.045000,far_end_turn,13.000000,-0.742946
4.046000,far_end_turn,13.000000,-0.805995
4.047000,far_end_turn,13.000000,-0.869015
4.048000,far_end_turn,13.000000,-0.932004
4.049000,far_end_turn,13.000000,-0.994962
4.050000,far_end_turn,13.000000,-1.057889
4.051000,far_end_turn,13.000000,-1.120784
4.052000,far_end_turn,13.000000,-1.183646
4.053000,far_end_turn,13.000000,-1.246475
4.054000,far_end_turn,13.000000,-1.309271
4.055000,far_end_turn,13.000000,-1.372032
4.056000,far_end_turn,13.000000,-1.434758
4.057000,far_end_turn,13.000000,-1.497449
4.058000,far_end_turn,13.000000,-1.560105
4.059000,X_return,12.999764,-1.622723
4.060000,X_return,12.994304,-1.685305
4.061000,X_return,12.988844,-1.747849
4.062000,X_return,12.983384,-1.810356
4.063000,X_return,12.977924,-1.872823
4.064000,X_return,12.972464,-1.935251
4.065000,X_return,12.967004,-1.997640
4.066000,X_return,12.961544,-2.059989
4.067000,X_return,12.956084,-2.122296
4.068000,X_return,12.950624,-2.184562
4.069000,X_return,12.945164,-2.246787
4.070000,X_return,12.939704,-2.308969
4.071000,X_return,12.934244,-2.371108
4.072000,X_return,12.928784,-2.433203
4.073000,X_return,12.923324,-2.495254
4.074000,X_return,12.917864,-2.557261
4.075000,X_return,12.912404,-2.619222
4.076000,X_return,12.906944,-2.681138
4.077000,X_return,12.901484,-2.743008
4.078000,X_return,12.896024,-2.804830
4.079000,X_return,12.890564,-2.866606
4.080000,X_return,12.885104,-2.928333
4.081000,X_return,12.879644,-2.990012
4.082000,X_return,12.874184,-3.051642
4.083000,X_return,12.868724,-3.113223
4.084000,X_return,12.863264,-3.174753
4.085000,X_return,12.857804,-3.236233
4.086000,X_return,12.852344,-3.297662
4.087000,X_return,12.846884,-3.359039
4.088000,X_return,12.841424,-3.420364
4.089000,X_return,12.835964,-3.481637
4.090000,X_return,12.830504,-3.542856
4.091000,X_return,12.825044,-3.604021
4.092000,X_return,12.819584,-3.665132
4.093000,X_return,12.814124,-3.726188
4.094000,X_return,12.808664,-3.787188
4.095000,X_return,12.803204,-3.848133
4.096000,X_return,12.797744,-3.909021
4.097000,X_return,12.792284,-3.969852
4.098000,X_return,12.786824,-4.030625
4.099000,X_return,12.781364,-4.091341
4.100000,X_return,12.775904,-4.151997
4.101000,X_return,12.770444,-4.212595
4.102000,X_return,12.764984,-4.273133
4.103000,X_return,12.759524,-4.333611
4.104000,X_return,12.754064,-4.394028
4.105000,X_return,12.748604,-4.454383
4.106000,X_return,12.743144,-4.514677
4.107000,X_return,12.737684,-4.574909
4.108000,X_return,12.732224,-4.635078
4.109000,X_return,12.726764,-4.695183
4.110000,X_return,12.721304,-4.755224
4.111000,X_return,12.715844,-4.815201
4.112000,X_return,12.710384,-4.875113
4.113000,X_return,12.704924,-4.934960
4.114000,X_return,12.699464,-4.994740
4.115000,X_return,12.694004,-5.054454
4.116000,X_return,12.688544,-5.114101
4.117000,X_return,12.683084,-5.173680
4.118000,X_return,12.677624,-5.233192
4.119000,X_return,12.672164,-5.292634
4.120000,X_return,12.666704,-5.352008
4.121000,X_return,12.661244,-5.411311
4.122000,X_return,12.655784,-5.470545
4.123000,X_return,12.650324,-5.529708
4.124000,X_return,12.644864,-5.588799
4.125000,X_return,12.639404,-5.647819
4.126000,X_return,12.633944,-5.706767
4.127000,X_return,12.628542,-5.765642
4.128000,X_return,12.626722,-5.824443
4.129000,X_return,12.624902,-5.883171
4.130000,X_return,12.623082,-5.941824
4.131000,X_return,12.621262,-6.000403
4.132000,X_return,12.619442,-6.058906
4.133000,X_return,12.617622,-6.117333
4.134000,X_return,12.615802,-6.175684
4.135000,X_return,12.613982,-6.233958
4.136000,X_return,12.612162,-6.292155
4.137000,X_return,12.610342,-6.350273
4.138000,X_return,12.608522,-6.408314
4.139000,X_return,12.606702,-6.466275
4.140000,X_return,12.604882,-6.524157
4.141000,X_return,12.603062,-6.581959
4.142000,X_return,12.601242,-6.639680
4.143000,X_return,12.599422,-6.697321
4.144000,X_return,12.597602,-6.754880
4.145000,X_return,12.595782,-6.812357
4.146000,X_return,12.593962,-6.869752
4.147000,X_return,12.592142,-6.927063
4.148000,X_return,12.590322,-6.984291
4.149000,X_return,12.588502,-7.041436
4.150000,X_return,12.585444,-7.098495
4.151000,X_return,12.579984,-7.155470
4.152000,X_return,12.574524,-7.212359
4.153000,X_return,12.569064,-7.269162
4.154000,X_return,12.563604,-7.325879
4.155000,X_return,12.558144,-7.382509
4.156000,X_return,12.552684,-7.439051
4.157000,X_return,12.547224,-7.495506
4.158000,X_return,12.541764,-7.551871
4.159000,X_return,12.536304,-7.608148
4.160000,X_return,12.530844,-7.664336
4.161000,X_return,12.525384,-7.720433
4.162000,X_return,12.519924,-7.776440
4.163000,X_return,12.514464,-7.832356
4.164000,X_return,12.509004,-7.888181
4.165000,X_return,12.503544,-7.943914
4.166000,X_return,12.498084,-7.999554
4.167000,X_return,12.492624,-8.055102
4.168000,X_return,12.487164,-8.110556
4.169000,X_return,12.481704,-8.165916
4.170000,X_return,12.476244,-8.221182
4.171000,X_return,12.470784,-8.276353
4.172000,X_return,12.465324,-8.331429
4.173000,X_return,12.459864,-8.386409
4.174000,X_return,12.454404,-8.441293
4.175000,X_return,12.448944,-8.496080
4.176000,X_return,12.443484,-8.550770
4.177000,X_return,12.438024,-8.605362
4.178000,X_return,12.432564,-8.659855
4.179000,X_return,12.427104,-8.714251
4.180000,X_return,12.421644,-8.768547
4.181000,X_return,12.416184,-8.822743
4.182000,X_return,12.410724,-8.876839
4.183000,X_return,12.405264,-8.930835
4.184000,X_return,12.399804,-8.984730
4.185000,X_return,12.394344,-9.038523
4.186000,X_return,12.388884,-9.092214
4.187000,X_return,12.383424,-9.145802
4.188000,X_return,12.377964,-9.199288
4.189000,X_return,12.372504,-9.252671
4.190000,X_return,12.367044,-9.305949
4.191000,X_return,12.361584,-9.359123
4.192000,X_return,12.356124,-9.412192
4.193000,X_return,12.350664,-9.465156
4.194000,X_return,12.345204,-9.518015
4.195000,X_return,12.339744,-9.570767
4.196000,X_return,12.334284,-9.623412
4.197000,X_return,12.328824,-9.675951
4.198000,X_return,12.323364,-9.728381
4.199000,X_return,12.317904,-9.780704
4.200000,X_return,12.312444,-9.832918
4.201000,X_return,12.306984,-9.885024
4.202000,X_return,12.301524,-9.937019
4.203000,X_return,12.296064,-9.988905
4.204000,X_return,12.290604,-10.040681
4.205000,X_return,12.285144,-10.092346
4.206000,X_return,12.279684,-10.143899
4.207000,X_return,12.274224,-10.195341
4.208000,X_return,12.268764,-10.246671
4.209000,X_return,12.263304,-10.297888
4.210000,X_return,12.257844,-10.348993
4.211000,X_return,12.252384,-10.399983
4.212000,X_return,12.246924,-10.450860
4.213000,X_return,12.241464,-10.501622
4.214000,X_return,12.236004,-10.552270
4.215000,X_return,12.230544,-10.602802
4.216000,X_return,12.225084,-10.653219
4.217000,X_return,12.219624,-10.703519
4.218000,X_return,12.214164,-10.753703
4.219000,X_return,12.208704,-10.803770
4.220000,X_return,12.203244,-10.853719
4.221000,X_return,12.197784,-10.903551
4.222000,X_return,12.192324,-10.953264
4.223000,X_return,12.186864,-11.002858
4.224000,X_return,12.181404,-11.052333
4.225000,X_return,12.175944,-11.101689
4.226000,X_return,12.170484,-11.150924
4.227000,X_return,12.165024,-11.200039
4.228000,X_return,12.159564,-11.249033
4.229000,X_return,12.154104,-11.297905
4.230000,X_return,12.148644,-11.346656
4.231000,X_return,12.143184,-11.395284
4.232000,X_return,12.137724,-11.443790
4.233000,X_return,12.132264,-11.492173
4.234000,X_return,12.126804,-11.540432
4.235000,X_return,12.121344,-11.588568
4.236000,X_return,12.115884,-11.636579
4.237000,X_return,12.110424,-11.684465
4.238000,X_return,12.104964,-11.732226
4.239000,X_return,12.099504,-11.779861
4.240000,X_return,12.094044,-11.827371
4.241000,X_return,12.088584,-11.874754
4.242000,X_return,12.083124,-11.922010
4.243000,X_return,12.077664,-11.969138
4.244000,X_return,12.072204,-12.016139
4.245000,X_return,12.066744,-12.063012
4.246000,X_return,12.061284,-12.109757
4.247000,X_return,12.055824,-12.156373
4.248000,X_return,12.050364,-12.202859
4.249000,X_return,12.044904,-12.249215
4.250000,X_return,12.039444,-12.295442
4.251000,X_return,12.033984,-12.341537
4.252000,X_return,12.028524,-12.387502
4.253000,X_return,12.023064,-12.433336
4.254000,X_return,12.017604,-12.479038
4.255000,X_return,12.012144,-12.524607
4.256000,X_return,12.006684,-12.570044
4.257000,X_return,12.001224,-12.615348
4.258000,X_return,11.995764,-12.660519
4.259000,X_return,11.990304,-12.705556
4.260000,X_return,11.984844,-12.750459
4.261000,X_return,11.979384,-12.795227
4.262000,X_return,11.973924,-12.839860
4.263000,X_return,11.968464,-12.884358
4.264000,X_return,11.963004,-12.928721
4.265000,X_return,11.957544,-12.972947
4.266000,X_return,11.952084,-13.017037
4.267000,X_return,11.946624,-13.060990
4.268000,X_return,11.941164,-13.104805
4.269000,X_return,11.935704,-13.148483
4.270000,X_return,11.930244,-13.192023
4.271000,X_return,11.924784,-13.235425
4.272000,X_return,11.919324,-13.278687
4.273000,X_return,11.913864,-13.321811
4.274000,X_return,11.908404,-13.364795
4.275000,X_return,11.902944,-13.407639
4.276000,X_return,11.897484,-13.450343
4.277000,X_return,11.892024,-13.492906
4.278000,X_return,11.886564,-13.535328
4.279000,X_return,11.881104,-13.577609
4.280000,X_return,11.875644,-13.619748
4.281000,X_return,11.870184,-13.661744
4.282000,X_return,11.864724,-13.703598
4.283000,X_return,11.859264,-13.745310
4.284000,X_return,11.853804,-13.786878
4.285000,X_return,11.848344,-13.828302
4.286000,X_return,11.842884,-13.869583
4.287000,X_return,11.837424,-13.910719
4.288000,X_return,11.831964,-13.951710
4.289000,X_return,11.826504,-13.992556
4.290000,X_return,11.821044,-14.033257
4.291000,X_return,11.815584,-14.073812
4.292000,X_return,11.810124,-14.114221
4.293000,X_return,11.804664,-14.154483
4.294000,X_return,11.799204,-14.194599
4.295000,X_return,11.793744,-14.234567
4.296000,X_return,11.788284,-14.274388
4.297000,X_return,11.782824,-14.314061
4.298000,X_return,11.777364,-14.353586
4.299000,X_return,11.771904,-14.392962
4.300000,X_return,11.766444,-14.432189
4.301000,X_return,11.760984,-14.471267
4.302000,X_return,11.755524,-14.510195
4.303000,X_return,11.750064,-14.548974
4.304000,X_return,11.744604,-14.587602
4.305000,X_return,11.739144,-14.626079
4.306000,X_return,11.733684,-14.664405
4.307000,X_return,11.728224,-14.702580
4.308000,X_return,11.722764,-14.740604
4.309000,X_return,11.717304,-14.778475
4.310000,X_return,11.711844,-14.816194
4.311000,X_return,11.706384,-14.853761
4.312000,X_return,11.700924,-14.891174
4.313000,X_return,11.695464,-14.928434
4.314000,X_return,11.690004,-14.965541
4.315000,X_return,11.684544,-15.002493
4.316000,X_return,11.679084,-15.039292
4.317000,X_return,11.673624,-15.075935
4.318000,X_return,11.668164,-15.112424
4.319000,X_return,11.662704,-15.148757
4.320000,X_return,11.657244,-15.184935
4.321000,X_return,11.651784,-15.220957
4.322000,X_return,11.646324,-15.256823
4.323000,X_return,11.640864,-15.292533
4.324000,X_return,11.635404,-15.328085
4.325000,X_return,11.629944,-15.363481
4.326000,X_return,11.624484,-15.398718
4.327000,X_return,11.619024,-15.433799
4.328000,X_return,11.613564,-15.468721
4.329000,X_return,11.608104,-15.503485
4.330000,X_return,11.602644,-15.538090
4.331000,X_return,11.597184,-15.572536
4.332000,X_return,11.591724,-15.606823
4.333000,X_return,11.586264,-15.640950
4.334000,X_return,11.580804,-15.674917
4.335000,X_return,11.575344,-15.708724
4.336000,X_return,11.569884,-15.742371
4.337000,X_return,11.564424,-15.775857
4.338000,X_return,11.558964,-15.809182
4.339000,X_return,11.554530,-15.842345
4.340000,X_return,11.551800,-15.875347
4.341000,X_return,11.549070,-15.908187
4.342000,X_return,11.546340,-15.940865
4.343000,X_return,11.543610,-15.973380
4.344000,X_return,11.540880,-16.005732
4.345000,X_return,11.538150,-16.037922
4.346000,X_return,11.535420,-16.069948
4.347000,X_return,11.532690,-16.101810
4.348000,X_return,11.529960,-16.133508
4.349000,X_return,11.527230,-16.165043
4.350000,X_return,11.524500,-16.196412
4.351000,X_return,11.521770,-16.227617
4.352000,X_return,11.519040,-16.258657
4.353000,X_return,11.516310,-16.289532
4.354000,X_return,11.512874,-16.320241
4.355000,X_return,11.507414,-16.350784
4.356000,X_return,11.501954,-16.381162
4.357000,X_return,11.496494,-16.411372
4.358000,X_return,11.491034,-16.441416
4.359000,X_return,11.485574,-16.471294
4.360000,X_return,11.480114,-16.501004
4.361000,X_return,11.474654,-16.530547
4.362000,X_return,11.469194,-16.559922
4.363000,X_return,11.463734,-16.589129
4.364000,X_return,11.458274,-16.618167
4.365000,X_return,11.452814,-16.647038
4.366000,X_return,11.447354,-16.675740
4.367000,X_return,11.441894,-16.704272
4.368000,X_return,11.436434,-16.732636
4.369000,X_return,11.430974,-16.760830
4.370000,X_return,11.425514,-16.788854
4.371000,X_return,11.420054,-16.816709
4.372000,X_return,11.414594,-16.844393
4.373000,X_return,11.409134,-16.871907
4.374000,X_return,11.403674,-16.899250
4.375000,X_return,11.398214,-16.926423
4.376000,X_return,11.392754,-16.953424
4.377000,X_return,11.387294,-16.980253
4.378000,X_return,11.381834,-17.006912
4.379000,X_return,11.376374,-17.033398
4.380000,X_return,11.370914,-17.059712
4.381000,X_return,11.365454,-17.085854
4.382000,X_return,11.359994,-17.111823
4.383000,X_return,11.354534,-17.137620
4.384000,X_return,11.349074,-17.163243
4.385000,X_return,11.343614,-17.188693
4.386000,X_return,11.338154,-17.213970
4.387000,X_return,11.332694,-17.239074
4.388000,X_return,11.327234,-17.264003
4.389000,X_return,11.321774,-17.288758
4.390000,X_return,11.316314,-17.313339
4.391000,X_return,11.310854,-17.337745
4.392000,X_return,11.305394,-17.361977
4.393000,X_return,11.299934,-17.386033
4.394000,X_return,11.294474,-17.409915
4.395000,X_return,11.289014,-17.433621
4.396000,X_return,11.283554,-17.457151
4.397000,X_return,11.278094,-17.480506
4.398000,X_return,11.272634,-17.503684
4.399000,X_return,11.267174,-17.526687
4.400000,X_return,11.261714,-17.549513
4.401000,X_return,11.256254,-17.572162
4.402000,X_return,11.250794,-17.594635
4.403000,X_return,11.245334,-17.616930
4.404000,X_return,11.239874,-17.639049
4.405000,X_return,11.234414,-17.660990
4.406000,X_return,11.228954,-17.682753
4.407000,X_return,11.223494,-17.704339
4.408000,X_return,11.218034,-17.725746
4.409000,X_return,11.212574,-17.746976
4.410000,X_return,11.207114,-17.768027
4.411000,X_return,11.201654,-17.788899
4.412000,X_return,11.196194,-17.809593
4.413000,X_return,11.190734,-17.830108
4.414000,X_return,11.185274,-17.850444
4.415000,X_return,11.179814,-17.870601
4.416000,X_return,11.174354,-17.890578
4.417000,X_return,11.168894,-17.910376
4.418000,X_return,11.163434,-17.929993
4.419000,X_return,11.157974,-17.949431
4.420000,X_return,11.152514,-17.968689
4.421000,X_return,11.147054,-17.987767
4.422000,X_return,11.141594,-18.006664
4.423000,X_return,11.136134,-18.025380
4.424000,X_return,11.130674,-18.043916
4.425000,X_return,11.125214,-18.062270
4.426000,X_return,11.119754,-18.080444
4.427000,X_return,11.114294,-18.098436
4.428000,X_return,11.108834,-18.116247
4.429000,X_return,11.103374,-18.133876
4.430000,X_return,11.097914,-18.151324
4.431000,X_return,11.092454,-18.168590
4.432000,X_return,11.086994,-18.185673
4.433000,X_return,11.081534,-18.202575
4.434000,X_return,11.076074,-18.219294
4.435000,X_return,11.070614,-18.235830
4.436000,X_return,11.065154,-18.252184
4.437000,X_return,11.059694,-18.268356
4.438000,X_return,11.054234,-18.284344
4.439000,X_return,11.048774,-18.300149
4.440000,X_return,11.043314,-18.315771
4.441000,X_return,11.037854,-18.331210
4.442000,X_return,11.032394,-18.346465
4.443000,X_return,11.026934,-18.361537
4.444000,X_return,11.021474,-18.376425
4.445000,X_return,11.018036,-18.391129
4.446000,X_return,11.016216,-18.405649
4.447000,X_return,11.014396,-18.419985
4.448000,X_return,11.012576,-18.434137
4.449000,X_return,11.010756,-18.448104
4.450000,X_return,11.008936,-18.461887
4.451000,X_return,11.007116,-18.475485
4.452000,X_return,11.005296,-18.488898
4.453000,X_return,11.003476,-18.502127
4.454000,X_return,11.001656,-18.515171
4.455000,X_return,10.999836,-18.528029
4.456000,X_return,10.998016,-18.540703
4.457000,X_return,10.996196,-18.553191
4.458000,X_return,10.994376,-18.565494
4.459000,X_return,10.992556,-18.577611
4.460000,X_return,10.990736,-18.589542
4.461000,X_return,10.988916,-18.601288
4.462000,X_return,10.987096,-18.612848
4.463000,X_return,10.985276,-18.624222
4.464000,X_return,10.983456,-18.635410
4.465000,X_return,10.981636,-18.646412
4.466000,X_return,10.979816,-18.657228
4.467000,X_return,10.977996,-18.667857
4.468000,X_return,10.972973,-18.678300
4.469000,X_return,10.967513,-18.688557
4.470000,X_return,10.962053,-18.698626
4.471000,X_return,10.956593,-18.708509
4.472000,X_return,10.951133,-18.718206
4.473000,X_return,10.945673,-18.727715
4.474000,X_return,10.940213,-18.737038
4.475000,X_return,10.934753,-18.746173
4.476000,X_return,10.929293,-18.755122
4.477000,X_return,10.923833,-18.763883
4.478000,X_return,10.918373,-18.772457
4.479000,X_return,10.912913,-18.780844
4.480000,X_return,10.907453,-18.789043
4.481000,X_return,10.901993,-18.797055
4.482000,X_return,10.896533,-18.804879
4.483000,X_return,10.891073,-18.812515
4.484000,X_return,10.885613,-18.819964
4.485000,X_return,10.880153,-18.827225
4.486000,X_return,10.874693,-18.834299
4.487000,X_return,10.869233,-18.841184
4.488000,X_return,10.863773,-18.847882
4.489000,X_return,10.858313,-18.854391
4.490000,X_return,10.852853,-18.860713
4.491000,X_return,10.847393,-18.866846
4.492000,X_return,10.841933,-18.872791
4.493000,X_return,10.836473,-18.878548
4.494000,X_return,10.831013,-18.884117
4.495000,X_return,10.825553,-18.889497
4.496000,X_return,10.820093,-18.894689
4.497000,X_return,10.814633,-18.899693
4.498000,X_return,10.809173,-18.904508
4.499000,X_return,10.803713,-18.909135
4.500000,X_return,10.798253,-18.913573
4.501000,X_return,10.792793,-18.917823
4.502000,X_return,10.787333,-18.921884
4.503000,X_return,10.781873,-18.925756
4.504000,X_return,10.776413,-18.929440
4.505000,X_return,10.770953,-18.932934
4.506000,X_return,10.765493,-18.936241
4.507000,X_return,10.760033,-18.939358
4.508000,X_return,10.754573,-18.942287
4.509000,X_return,10.749113,-18.945027
4.510000,X_return,10.743653,-18.947577
4.511000,X_return,10.738193,-18.949940
4.512000,X_return,10.732733,-18.952113
4.513000,X_return,10.727273,-18.954097
4.514000,X_return,10.721813,-18.955892
4.515000,X_return,10.716353,-18.957499
4.516000,X_return,10.710893,-18.958916
4.517000,X_return,10.705433,-18.960145
4.518000,X_return,10.699973,-18.961184
4.519000,X_return,10.694513,-18.962035
4.520000,X_return,10.689053,-18.962696
4.521000,X_return,10.683593,-18.963169
4.522000,X_return,10.678133,-18.963452
4.523000,X_return,10.672673,-18.963547
4.524000,X_return,10.667213,-18.963547
4.525000,X_return,10.661753,-18.963547
4.526000,X_return,10.656293,-18.963547
4.527000,X_return,10.650833,-18.963547
4.528000,X_return,10.645373,-18.963547
4.529000,X_return,10.639913,-18.963547
4.530000,X_return,10.634453,-18.963547
4.531000,X_return,10.628993,-18.963547
4.532000,X_return,10.623533,-18.963547
4.533000,X_return,10.618073,-18.963547
4.534000,X_return,10.612613,-18.963547
4.535000,X_return,10.607153,-18.963547
4.536000,X_return,10.601693,-18.963547
4.537000,X_return,10.596233,-18.963547
4.538000,X_return,10.590773,-18.963547
4.539000,X_return,10.585313,-18.963547
4.540000,X_return,10.579853,-18.963547
4.541000,X_return,10.574393,-18.963547
4.542000,X_return,10.568933,-18.963547
4.543000,X_return,10.563473,-18.963547
4.544000,X_return,10.558013,-18.963547
4.545000,X_return,10.552553,-18.963547
4.546000,X_return,10.547093,-18.963547
4.547000,X_return,10.541633,-18.963547
4.548000,X_return,10.536173,-18.963547
4.549000,X_return,10.530713,-18.963547
4.550000,X_return,10.525253,-18.963547
4.551000,X_return,10.521801,-18.963547
4.552000,X_return,10.519071,-18.963547
4.553000,X_return,10.516341,-18.963547
4.554000,X_return,10.513611,-18.963547
4.555000,X_return,10.510881,-18.963547
4.556000,X_return,10.508151,-18.963547
4.557000,X_return,10.505421,-18.963547
4.558000,X_return,10.502691,-18.963547
4.559000,X_return,10.499961,-18.963547
4.560000,X_return,10.497231,-18.963547
4.561000,X_return,10.494501,-18.963547
4.562000,X_return,10.491771,-18.963547
4.563000,X_return,10.489041,-18.963547
4.564000,X_return,10.486311,-18.963547
4.565000,X_return,10.483581,-18.963547
4.566000,X_return,10.479163,-18.963547
4.567000,X_return,10.473703,-18.963547
4.568000,X_return,10.468243,-18.963547
4.569000,X_return,10.462783,-18.963547
4.570000,X_return,10.457323,-18.963547
4.571000,X_return,10.451863,-18.963547
4.572000,X_return,10.446403,-18.963547
4.573000,X_return,10.440943,-18.963547
4.574000,X_return,10.435483,-18.963547
4.575000,X_return,10.430023,-18.963547
4.576000,X_return,10.424563,-18.963547
4.577000,X_return,10.419103,-18.963547
4.578000,X_return,10.413643,-18.963547
4.579000,X_return,10.408183,-18.963547
4.580000,X_return,10.402723,-18.963547
4.581000,X_return,10.397263,-18.963547
4.582000,X_return,10.391803,-18.963547
4.583000,X_return,10.386343,-18.963547
4.584000,X_return,10.380883,-18.963547
4.585000,X_return,10.375423,-18.963547
4.586000,X_return,10.369963,-18.963547
4.587000,X_return,10.364503,-18.963547
4.588000,X_return,10.359043,-18.963547
4.589000,X_return,10.353583,-18.963547
4.590000,X_return,10.348123,-18.963547
4.591000,X_return,10.342663,-18.963547
4.592000,X_return,10.337203,-18.963547
4.593000,X_return,10.331743,-18.963547
4.594000,X_return,10.326283,-18.963547
4.595000,X_return,10.320823,-18.963547
4.596000,X_return,10.315363,-18.963547
4.597000,X_return,10.309903,-18.963547
4.598000,X_return,10.304443,-18.963547
4.599000,X_return,10.298983,-18.963547
4.600000,X_return,10.293523,-18.963547
4.601000,X_return,10.288063,-18.963547
4.602000,X_return,10.282603,-18.963547
4.603000,X_return,10.277143,-18.963547
4.604000,X_return,10.271683,-18.963547
4.605000,X_return,10.266223,-18.963547
4.606000,X_return,10.260763,-18.963547
4.607000,X_return,10.255303,-18.963547
4.608000,X_return,10.249843,-18.963547
4.609000,X_return,10.244383,-18.963547
4.610000,X_return,10.238923,-18.963547
4.611000,X_return,10.233463,-18.963547
4.612000,X_return,10.228003,-18.963547
4.613000,X_return,10.222543,-18.963547
4.614000,X_return,10.217083,-18.963547
4.615000,X_return,10.211623,-18.963547
4.616000,X_return,10.206163,-18.963547
4.617000,X_return,10.200703,-18.963547
4.618000,X_return,10.195243,-18.963547
4.619000,X_return,10.189783,-18.963547
4.620000,X_return,10.184323,-18.963547
4.621000,X_return,10.178863,-18.963547
4.622000,X_return,10.173403,-18.963547
4.623000,X_return,10.167943,-18.963547
4.624000,X_return,10.162483,-18.963547
4.625000,X_return,10.157023,-18.963547
4.626000,X_return,10.151563,-18.963547
4.627000,X_return,10.146103,-18.963547
4.628000,X_return,10.140643,-18.963547
4.629000,X_return,10.135183,-18.963547
4.630000,X_return,10.129723,-18.963547
4.631000,X_return,10.124263,-18.963547
4.632000,X_return,10.118803,-18.963547
4.633000,X_return,10.113343,-18.963547
4.634000,X_return,10.107883,-18.963547
4.635000,X_return,10.102423,-18.963547
4.636000,X_return,10.096963,-18.963547
4.637000,X_return,10.091503,-18.963547
4.638000,X_return,10.086043,-18.963547
4.639000,X_return,10.080583,-18.963547
4.640000,X_return,10.075123,-18.963547
4.641000,X_return,10.069663,-18.963547
4.642000,X_return,10.064203,-18.963547
4.643000,X_return,10.058743,-18.963547
4.644000,X_return,10.053283,-18.963547
4.645000,X_return,10.047823,-18.963547
4.646000,X_return,10.042363,-18.963547
4.647000,X_return,10.036903,-18.963547
4.648000,X_return,10.031443,-18.963547
4.649000,X_return,10.025983,-18.963547
4.650000,X_return,10.020523,-18.963547
4.651000,X_return,10.015063,-18.963547
4.652000,X_return,10.009603,-18.963547
4.653000,X_return,10.004143,-18.963547
4.654000,X_return,9.998683,-18.963547
4.655000,X_return,9.993223,-18.963547
4.656000,X_return,9.987763,-18.963547
4.657000,X_return,9.985635,-18.963547
4.658000,X_return,9.983815,-18.963547
4.659000,X_return,9.981995,-18.963547
4.660000,X_return,9.980175,-18.963547
4.661000,X_return,9.978355,-18.963547
4.662000,X_return,9.976535,-18.963547
4.663000,X_return,9.974715,-18.963547
4.664000,X_return,9.972895,-18.963547
4.665000,X_return,9.971075,-18.963547
4.666000,X_return,9.969255,-18.963547
4.667000,X_return,9.967435,-18.963547
4.668000,X_return,9.965615,-18.963547
4.669000,X_return,9.963795,-18.963547
4.670000,X_return,9.961975,-18.963547
4.671000,X_return,9.960155,-18.963547
4.672000,X_return,9.958335,-18.963547
4.673000,X_return,9.956515,-18.963547
4.674000,X_return,9.954695,-18.963547
4.675000,X_return,9.952875,-18.963547
4.676000,X_return,9.951055,-18.963547
4.677000,X_return,9.949235,-18.963547
4.678000,X_return,9.947415,-18.963547
4.679000,X_return,9.944723,-18.963547
4.680000,X_return,9.939263,-18.963547
4.681000,X_return,9.933803,-18.963547
4.682000,X_return,9.928343,-18.963547
4.683000,X_return,9.922883,-18.963547
4.684000,X_return,9.917423,-18.963547
4.685000,X_return,9.911963,-18.963547
4.686000,X_return,9.906503,-18.963547
4.687000,X_return,9.901043,-18.963547
4.688000,X_return,9.895583,-18.963547
4.689000,X_return,9.890123,-18.963547
4.690000,X_return,9.884663,-18.963547
4.691000,X_return,9.879203,-18.963547
4.692000,X_return,9.873743,-18.963547
4.693000,X_return,9.868283,-18.963547
4.694000,X_return,9.862823,-18.963547
4.695000,X_return,9.857363,-18.963547
4.696000,X_return,9.851903,-18.963547
4.697000,X_return,9.846443,-18.963547
4.698000,X_return,9.840983,-18.963547
4.699000,X_return,9.835523,-18.963547
4.700000,X_return,9.830063,-18.963547
4.701000,X_return,9.824603,-18.963547
4.702000,X_return,9.819143,-18.963547
4.703000,X_return,9.813683,-18.963547
4.704000,X_return,9.808223,-18.963547
4.705000,X_return,9.802763,-18.963547
4.706000,X_return,9.797303,-18.963547
4.707000,X_return,9.791843,-18.963547
4.708000,X_return,9.786383,-18.963547
4.709000,X_return,9.780923,-18.963547
4.710000,X_return,9.775463,-18.963547
4.711000,X_return,9.770003,-18.963547
4.712000,X_return,9.764543,-18.963547
4.713000,X_return,9.759083,-18.963547
4.714000,X_return,9.753623,-18.963547
4.715000,X_return,9.748163,-18.963547
4.716000,X_return,9.742703,-18.963547
4.717000,X_return,9.737243,-18.963547
4.718000,X_return,9.731783,-18.963547
4.719000,X_return,9.726323,-18.963547
4.720000,X_return,9.720863,-18.963547
4.721000,X_return,9.715403,-18.963547
4.722000,X_return,9.709943,-18.963547
4.723000,X_return,9.704483,-18.963547
4.724000,X_return,9.699023,-18.963547
4.725000,X_return,9.693563,-18.963547
4.726000,X_return,9.688103,-18.963547
4.727000,X_return,9.682643,-18.963547
4.728000,X_return,9.677183,-18.963547
4.729000,X_return,9.671723,-18.963547
4.730000,X_return,9.666263,-18.963547
4.731000,X_return,9.660803,-18.963547
4.732000,X_return,9.655343,-18.963547
4.733000,X_return,9.649883,-18.963547
4.734000,X_return,9.644423,-18.963547
4.735000,X_return,9.638963,-18.963547
4.736000,X_return,9.633503,-18.963547
4.737000,X_return,9.628043,-18.963547
4.738000,X_return,9.622583,-18.963547
4.739000,X_return,9.617123,-18.963547
4.740000,X_return,9.611663,-18.963547
4.741000,X_return,9.606203,-18.963547
4.742000,X_return,9.600743,-18.963547
4.743000,X_return,9.595283,-18.963547
4.744000,X_return,9.589823,-18.963547
4.745000,X_return,9.584363,-18.963547
4.746000,X_return,9.578903,-18.963547
4.747000,X_return,9.573443,-18.963547
4.748000,X_return,9.567983,-18.963547
4.749000,X_return,9.562523,-18.963547
4.750000,X_return,9.557063,-18.963547
4.751000,X_return,9.551603,-18.963547
4.752000,X_return,9.546143,-18.963547
4.753000,X_return,9.540683,-18.963547
4.754000,X_return,9.535223,-18.963547
4.755000,X_return,9.529763,-18.963547
4.756000,X_return,9.524303,-18.963547
4.757000,X_return,9.518843,-18.963547
4.758000,X_return,9.513383,-18.963547
4.759000,X_return,9.507923,-18.963547
4.760000,X_return,9.502463,-18.963547
4.761000,X_return,9.497003,-18.963547
4.762000,X_return,9.491543,-18.963547
4.763000,X_return,9.486083,-18.963547
4.764000,X_return,9.480623,-18.963547
4.765000,X_return,9.475163,-18.963547
4.766000,X_return,9.469703,-18.963547
4.767000,X_return,9.464243,-18.963547
4.768000,X_return,9.458783,-18.963547
4.769000,X_return,9.453323,-18.963547
4.770000,X_return,9.447863,-18.963547
4.771000,X_return,9.442403,-18.963547
4.772000,X_return,9.436943,-18.963547
4.773000,X_return,9.431483,-18.963547
4.774000,X_return,9.426023,-18.963547
4.775000,X_return,9.420563,-18.963547
4.776000,X_return,9.415103,-18.963547
4.777000,X_return,9.409643,-18.963547
4.778000,X_return,9.404183,-18.963547
4.779000,X_return,9.398723,-18.963547
4.780000,X_return,9.393263,-18.963547
4.781000,X_return,9.387803,-18.963547
4.782000,X_return,9.382343,-18.963547
4.783000,X_return,9.376883,-18.963547
4.784000,X_return,9.371423,-18.963547
4.785000,X_return,9.365963,-18.963547
4.786000,X_return,9.360503,-18.963547
4.787000,X_return,9.355043,-18.963547
4.788000,X_return,9.349583,-18.963547
4.789000,X_return,9.344123,-18.963547
4.790000,X_return,9.338663,-18.963547
4.791000,X_return,9.333203,-18.963547
4.792000,X_return,9.327743,-18.963547
4.793000,X_return,9.322283,-18.963547
4.794000,X_return,9.316823,-18.963547
4.795000,X_return,9.311363,-18.963547
4.796000,X_return,9.305903,-18.963547
4.797000,X_return,9.300443,-18.963547
4.798000,X_return,9.294983,-18.963547
4.799000,X_return,9.289523,-18.963547
4.800000,X_return,9.284063,-18.963547
4.801000,X_return,9.278603,-18.963547
4.802000,X_return,9.273143,-18.963547
4.803000,X_return,9.267683,-18.963547
4.804000,X_return,9.262223,-18.963547
4.805000,X_return,9.256763,-18.963547
4.806000,X_return,9.251303,-18.963547
4.807000,X_return,9.245843,-18.963547
4.808000,X_return,9.240383,-18.963547
4.809000,X_return,9.234923,-18.963547
4.810000,X_return,9.229463,-18.963547
4.811000,X_return,9.224003,-18.963547
4.812000,X_return,9.218543,-18.963547
4.813000,X_return,9.213083,-18.963547
4.814000,X_return,9.207623,-18.963547
4.815000,X_return,9.202163,-18.963547
4.816000,X_return,9.196703,-18.963547
4.817000,X_return,9.191243,-18.963547
4.818000,X_return,9.185783,-18.963547
4.819000,X_return,9.180323,-18.963547
4.820000,X_return,9.174863,-18.963547
4.821000,X_return,9.169403,-18.963547
4.822000,X_return,9.163943,-18.963547
4.823000,X_return,9.158483,-18.963547
4.824000,X_return,9.153023,-18.963547
4.825000,X_return,9.147563,-18.963547
4.826000,X_return,9.142103,-18.963547
4.827000,X_return,9.136643,-18.963547
4.828000,X_return,9.131183,-18.963547
4.829000,X_return,9.125723,-18.963547
4.830000,X_return,9.120263,-18.963547
4.831000,X_return,9.114803,-18.963547
4.832000,X_return,9.109343,-18.963547
4.833000,X_return,9.103883,-18.963547
4.834000,X_return,9.098423,-18.963547
4.835000,X_return,9.092963,-18.963547
4.836000,X_return,9.087503,-18.963547
4.837000,X_return,9.082043,-18.963547
4.838000,X_return,9.076583,-18.963547
4.839000,X_return,9.071123,-18.963547
4.840000,X_return,9.065663,-18.963547
4.841000,X_return,9.060203,-18.963547
4.842000,X_return,9.054743,-18.963547
4.843000,X_return,9.049283,-18.963547
4.844000,X_return,9.043823,-18.963547
4.845000,X_return,9.038363,-18.963547
4.846000,X_return,9.032903,-18.963547
4.847000,X_return,9.027443,-18.963547
4.848000,X_return,9.021983,-18.963547
4.849000,X_return,9.016523,-18.963547
4.850000,X_return,9.011063,-18.963547
4.851000,X_return,9.005603,-18.963547
4.852000,X_return,9.000143,-18.963547
4.853000,X_return,8.994683,-18.963547
4.854000,X_return,8.989223,-18.963547
4.855000,X_return,8.983763,-18.963547
4.856000,X_return,8.978303,-18.963547
4.857000,X_return,8.972843,-18.963547
4.858000,X_return,8.967383,-18.963547
4.859000,X_return,8.961923,-18.963547
4.860000,X_return,8.956463,-18.963547
4.861000,X_return,8.951003,-18.963547
4.862000,X_return,8.945543,-18.963547
4.863000,X_return,8.940083,-18.963547
4.864000,X_return,8.934623,-18.963547
4.865000,X_return,8.929163,-18.963547
4.866000,X_return,8.923703,-18.963547
4.867000,X_return,8.918243,-18.963547
4.868000,X_return,8.913534,-18.963547
4.869000,X_return,8.910804,-18.963547
4.870000,X_return,8.908074,-18.963547
4.871000,X_return,8.905344,-18.963547
4.872000,X_return,8.902614,-18.963547
4.873000,X_return,8.899884,-18.963547
4.874000,X_return,8.897154,-18.963547
4.875000,X_return,8.894424,-18.963547
4.876000,X_return,8.891694,-18.963547
4.877000,X_return,8.888964,-18.963547
4.878000,X_return,8.886234,-18.963547
4.879000,X_return,8.883504,-18.963547
4.880000,X_return,8.880774,-18.963547
4.881000,X_return,8.878044,-18.963547
4.882000,X_return,8.875314,-18.963547
4.883000,X_return,8.872153,-18.963547
4.884000,X_return,8.866693,-18.963547
4.885000,X_return,8.861233,-18.963547
4.886000,X_return,8.855773,-18.963547
4.887000,X_return,8.850313,-18.963547
4.888000,X_return,8.844853,-18.963547
4.889000,X_return,8.839393,-18.963547
4.890000,X_return,8.833933,-18.963547
4.891000,X_return,8.828473,-18.963547
4.892000,X_return,8.823013,-18.963547
4.893000,X_return,8.817553,-18.963547
4.894000,X_return,8.812093,-18.963547
4.895000,X_return,8.806633,-18.963547
4.896000,X_return,8.801173,-18.963547
4.897000,X_return,8.795713,-18.963547
4.898000,X_return,8.790253,-18.963547
4.899000,X_return,8.784793,-18.963547
4.900000,X_return,8.779333,-18.963547
4.901000,X_return,8.773873,-18.963547
4.902000,X_return,8.768413,-18.963547
4.903000,X_return,8.762953,-18.963547
4.904000,X_return,8.757493,-18.963547
4.905000,X_return,8.752033,-18.963547
4.906000,X_return,8.746573,-18.963547
4.907000,X_return,8.741113,-18.963547
4.908000,X_return,8.735653,-18.963547
4.909000,X_return,8.730193,-18.963547
4.910000,X_return,8.724733,-18.963547
4.911000,X_return,8.719273,-18.963547
4.912000,X_return,8.713813,-18.963547
4.913000,X_return,8.708353,-18.963547
4.914000,X_return,8.702893,-18.963547
4.915000,X_return,8.697433,-18.963547
4.916000,X_return,8.691973,-18.963547
4.917000,X_return,8.686513,-18.963547
4.918000,X_return,8.681053,-18.963547
4.919000,X_return,8.675593,-18.963547
4.920000,X_return,8.670133,-18.963547
4.921000,X_return,8.664673,-18.963547
4.922000,X_return,8.659213,-18.963547
4.923000,X_return,8.653753,-18.963547
4.924000,X_return,8.648293,-18.963547
4.925000,X_return,8.642833,-18.963547
4.926000,X_return,8.637373,-18.963547
4.927000,X_return,8.631913,-18.963547
4.928000,X_return,8.626453,-18.963547
4.929000,X_return,8.620993,-18.963547
4.930000,X_return,8.615533,-18.963547
4.931000,X_return,8.610073,-18.963547
4.932000,X_return,8.604613,-18.963547
4.933000,X_return,8.599153,-18.963547
4.934000,X_return,8.593693,-18.963547
4.935000,X_return,8.588233,-18.963547
4.936000,X_return,8.582773,-18.963547
4.937000,X_return,8.577313,-18.963547
4.938000,X_return,8.571853,-18.963547
4.939000,X_return,8.566393,-18.963547
4.940000,X_return,8.560933,-18.963547
4.941000,X_return,8.555473,-18.963547
4.942000,X_return,8.550013,-18.963547
4.943000,X_return,8.544553,-18.963547
4.944000,X_return,8.539093,-18.963547
4.945000,X_return,8.533633,-18.963547
4.946000,X_return,8.528173,-18.963547
4.947000,X_return,8.522713,-18.963547
4.948000,X_return,8.517253,-18.963547
4.949000,X_return,8.511793,-18.963547
4.950000,X_return,8.506333,-18.963547
4.951000,X_return,8.500873,-18.963547
4.952000,X_return,8.495413,-18.963547
4.953000,X_return,8.489953,-18.963547
4.954000,X_return,8.484493,-18.963547
4.955000,X_return,8.479033,-18.963547
4.956000,X_return,8.473573,-18.963547
4.957000,X_return,8.468113,-18.963547
4.958000,X_return,8.462653,-18.963547
4.959000,X_return,8.457193,-18.963547
4.960000,X_return,8.451733,-18.963547
4.961000,X_return,8.446273,-18.963547
4.962000,X_return,8.440813,-18.963547
4.963000,X_return,8.435353,-18.963547
4.964000,X_return,8.429893,-18.963547
4.965000,X_return,8.424433,-18.963547
4.966000,X_return,8.418973,-18.963547
4.967000,X_return,8.413513,-18.963547
4.968000,X_return,8.408053,-18.963547
4.969000,X_return,8.402593,-18.963547
4.970000,X_return,8.397133,-18.963547
4.971000,X_return,8.391673,-18.963547
4.972000,X_return,8.386213,-18.963547
4.973000,X_return,8.380753,-18.963547
4.974000,X_return,8.376949,-18.963547
4.975000,X_return,8.375129,-18.963547
4.976000,X_return,8.373309,-18.963547
4.977000,X_return,8.371489,-18.963547
4.978000,X_return,8.369669,-18.963547
4.979000,X_return,8.367849,-18.963547
4.980000,X_return,8.366029,-18.963547
4.981000,X_return,8.364209,-18.963547
4.982000,X_return,8.362389,-18.963547
4.983000,X_return,8.360569,-18.963547
4.984000,X_return,8.358749,-18.963547
4.985000,X_return,8.356929,-18.963547
4.986000,X_return,8.355109,-18.963547
4.987000,X_return,8.353289,-18.963547
4.988000,X_return,8.351469,-18.963547
4.989000,X_return,8.349649,-18.963547
4.990000,X_return,8.347829,-18.963547
4.991000,X_return,8.346009,-18.963547
4.992000,X_return,8.344189,-18.963547
4.993000,X_return,8.342369,-18.963547
4.994000,X_return,8.340549,-18.963547
4.995000,X_return,8.338729,-18.963547
4.996000,X_return,8.336909,-18.963547
4.997000,X_return,8.332252,-18.963547
4.998000,X_return,8.326792,-18.963547
4.999000,X_return,8.321332,-18.963547
5.000000,X_return,8.315872,-18.963547
5.001000,X_return,8.310412,-18.963547
5.002000,X_return,8.304952,-18.963547
5.003000,X_return,8.299492,-18.963547
5.004000,X_return,8.294032,-18.963547
5.005000,X_return,8.288572,-18.963547
5.006000,X_return,8.283112,-18.963547
5.007000,X_return,8.277652,-18.963547
5.008000,X_return,8.272192,-18.963547
5.009000,X_return,8.266732,-18.963547
5.010000,X_return,8.261272,-18.963547
5.011000,X_return,8.255812,-18.963547
5.012000,X_return,8.250352,-18.963547
5.013000,X_return,8.244892,-18.963547
5.014000,X_return,8.239432,-18.963547
5.015000,X_return,8.233972,-18.963547
5.016000,X_return,8.228512,-18.963547
5.017000,X_return,8.223052,-18.963547
5.018000,X_return,8.217592,-18.963547
5.019000,X_return,8.212132,-18.963547
5.020000,X_return,8.206672,-18.963547
5.021000,X_return,8.201212,-18.963547
5.022000,X_return,8.195752,-18.963547
5.023000,X_return,8.190292,-18.963547
5.024000,X_return,8.184832,-18.963547
5.025000,X_return,8.179372,-18.963547
5.026000,X_return,8.173912,-18.963547
5.027000,X_return,8.168452,-18.963547
5.028000,X_return,8.162992,-18.963547
5.029000,X_return,8.157532,-18.963547
5.030000,X_return,8.152072,-18.963547
5.031000,X_return,8.146612,-18.963547
5.032000,X_return,8.141152,-18.963547
5.033000,X_return,8.135692,-18.963547
5.034000,X_return,8.130232,-18.963547
5.035000,X_return,8.124772,-18.963547
5.036000,X_return,8.119312,-18.963547
5.037000,X_return,8.113852,-18.963547
5.038000,X_return,8.108392,-18.963547
5.039000,X_return,8.102932,-18.963547
5.040000,X_return,8.097472,-18.963547
5.041000,X_return,8.092012,-18.963547
5.042000,X_return,8.086552,-18.963547
5.043000,X_return,8.081092,-18.963547
5.044000,X_return,8.075632,-18.963547
5.045000,X_return,8.070172,-18.963547
5.046000,X_return,8.064712,-18.963547
5.047000,X_return,8.059252,-18.963547
5.048000,X_return,8.053792,-18.963547
5.049000,X_return,8.048332,-18.963547
5.050000,X_return,8.042872,-18.963547
5.051000,X_return,8.037412,-18.963547
5.052000,X_return,8.031952,-18.963547
5.053000,X_return,8.026492,-18.963547
5.054000,X_return,8.021032,-18.963547
5.055000,X_return,8.015572,-18.963547
5.056000,X_return,8.010112,-18.963547
5.057000,X_return,8.004652,-18.963547
5.058000,X_return,7.999192,-18.963547
5.059000,X_return,7.993732,-18.963547
5.060000,X_return,7.988272,-18.963547
5.061000,X_return,7.982812,-18.963547
5.062000,X_return,7.977352,-18.963547
5.063000,X_return,7.971892,-18.963547
5.064000,X_return,7.966432,-18.963547
5.065000,X_return,7.960972,-18.963547
5.066000,X_return,7.955512,-18.963547
5.067000,X_return,7.950052,-18.963547
5.068000,X_return,7.944592,-18.963547
5.069000,X_return,7.939132,-18.963547
5.070000,X_return,7.933672,-18.963547
5.071000,X_return,7.928212,-18.963547
5.072000,X_return,7.922752,-18.963547
5.073000,X_return,7.917292,-18.963547
5.074000,X_return,7.911832,-18.963547
5.075000,X_return,7.906372,-18.963547
5.076000,X_return,7.900912,-18.963547
5.077000,X_return,7.895452,-18.963547
5.078000,X_return,7.889992,-18.963547
5.079000,X_return,7.884532,-18.963547
5.080000,X_return,7.879072,-18.963547
5.081000,X_return,7.873612,-18.963547
5.082000,X_return,7.868152,-18.963547
5.083000,X_return,7.862692,-18.963547
5.084000,X_return,7.857232,-18.963547
5.085000,X_return,7.851772,-18.963547
5.086000,X_return,7.846312,-18.963547
5.087000,X_return,7.840852,-18.963547
5.088000,X_return,7.835392,-18.963547
5.089000,X_return,7.829932,-18.963547
5.090000,X_return,7.824472,-18.963547
5.091000,X_return,7.819012,-18.963547
5.092000,X_return,7.813552,-18.963547
5.093000,X_return,7.808092,-18.963547
5.094000,X_return,7.802632,-18.963547
5.095000,X_return,7.797172,-18.963547
5.096000,X_return,7.791712,-18.963547
5.097000,X_return,7.786252,-18.963547
5.098000,X_return,7.780792,-18.963547
5.099000,X_return,7.775332,-18.963547
5.100000,X_return,7.769872,-18.963547
5.101000,X_return,7.764412,-18.963547
5.102000,X_return,7.758952,-18.963547
5.103000,X_return,7.753492,-18.963547
5.104000,X_return,7.748032,-18.963547
5.105000,X_return,7.742572,-18.963547
5.106000,X_return,7.737112,-18.963547
5.107000,X_return,7.731652,-18.963547
5.108000,X_return,7.726192,-18.963547
5.109000,X_return,7.720732,-18.963547
5.110000,X_return,7.715272,-18.963547
5.111000,X_return,7.709812,-18.963547
5.112000,X_return,7.704352,-18.963547
5.113000,X_return,7.698892,-18.963547
5.114000,X_return,7.693432,-18.963547
5.115000,X_return,7.687972,-18.963547
5.116000,X_return,7.682512,-18.963547
5.117000,X_return,7.677052,-18.963547
5.118000,X_return,7.671592,-18.963547
5.119000,X_return,7.666132,-18.963547
5.120000,X_return,7.660672,-18.963547
5.121000,X_return,7.655212,-18.963547
5.122000,X_return,7.649752,-18.963547
5.123000,X_return,7.644292,-18.963547
5.124000,X_return,7.638832,-18.963547
5.125000,X_return,7.633372,-18.963547
5.126000,X_return,7.627912,-18.963547
5.127000,X_return,7.622452,-18.963547
5.128000,X_return,7.616992,-18.963547
5.129000,X_return,7.611532,-18.963547
5.130000,X_return,7.606072,-18.963547
5.131000,X_return,7.600612,-18.963547
5.132000,X_return,7.595152,-18.963547
5.133000,X_return,7.589692,-18.963547
5.134000,X_return,7.584232,-18.963547
5.135000,X_return,7.578772,-18.963547
5.136000,X_return,7.573312,-18.963547
5.137000,X_return,7.567852,-18.963547
5.138000,X_return,7.562392,-18.963547
5.139000,X_return,7.556932,-18.963547
5.140000,X_return,7.551472,-18.963547
5.141000,X_return,7.546012,-18.963547
5.142000,X_return,7.540552,-18.963547
5.143000,X_return,7.535092,-18.963547
5.144000,X_return,7.529632,-18.963547
5.145000,X_return,7.524172,-18.963547
5.146000,X_return,7.518712,-18.963547
5.147000,X_return,7.513252,-18.963547
5.148000,X_return,7.507792,-18.963547
5.149000,X_return,7.502332,-18.963547
5.150000,X_return,7.496872,-18.963547
5.151000,X_return,7.491412,-18.963547
5.152000,X_return,7.485952,-18.963547
5.153000,X_return,7.480492,-18.963547
5.154000,X_return,7.475032,-18.963547
5.155000,X_return,7.469572,-18.963547
5.156000,X_return,7.464112,-18.963547
5.157000,X_return,7.458652,-18.963547
5.158000,X_return,7.453192,-18.963547
5.159000,X_return,7.447732,-18.963547
5.160000,X_return,7.442272,-18.963547
5.161000,X_return,7.436812,-18.963547
5.162000,X_return,7.431352,-18.963547
5.163000,X_return,7.425892,-18.963547
5.164000,X_return,7.420432,-18.963547
5.165000,X_return,7.414972,-18.963547
5.166000,X_return,7.409512,-18.963547
5.167000,X_return,7.404052,-18.963547
5.168000,X_return,7.398592,-18.963547
5.169000,X_return,7.393132,-18.963547
5.170000,X_return,7.387672,-18.963547
5.171000,X_return,7.382212,-18.963547
5.172000,X_return,7.376752,-18.963547
5.173000,X_return,7.371292,-18.963547
5.174000,X_return,7.365832,-18.963547
5.175000,X_return,7.360372,-18.963547
5.176000,X_return,7.354912,-18.963547
5.177000,X_return,7.349452,-18.963547
5.178000,X_return,7.343992,-18.963547
5.179000,X_return,7.338532,-18.963547
5.180000,X_return,7.333072,-18.963547
5.181000,X_return,7.327612,-18.963547
5.182000,X_return,7.322152,-18.963547
5.183000,X_return,7.316692,-18.963547
5.184000,X_return,7.311232,-18.963547
5.185000,X_return,7.305772,-18.963547
5.186000,X_return,7.300312,-18.963547
5.187000,X_return,7.294852,-18.963547
5.188000,X_return,7.289392,-18.963547
5.189000,X_return,7.283932,-18.963547
5.190000,X_return,7.278472,-18.963547
5.191000,X_return,7.273012,-18.963547
5.192000,X_return,7.267552,-18.963547
5.193000,X_return,7.262092,-18.963547
5.194000,X_return,7.256632,-18.963547
5.195000,X_return,7.251172,-18.963547
5.196000,X_return,7.245712,-18.963547
5.197000,X_return,7.240252,-18.963547
5.198000,X_return,7.234792,-18.963547
5.199000,X_return,7.229332,-18.963547
5.200000,X_return,7.223872,-18.963547
5.201000,X_return,7.218412,-18.963547
5.202000,X_return,7.212952,-18.963547
5.203000,X_return,7.207492,-18.963547
5.204000,X_return,7.202032,-18.963547
5.205000,X_return,7.196572,-18.963547
5.206000,X_return,7.191112,-18.963547
5.207000,X_return,7.185652,-18.963547
5.208000,X_return,7.180192,-18.963547
5.209000,X_return,7.174732,-18.963547
5.210000,X_return,7.169272,-18.963547
5.211000,X_return,7.163812,-18.963547
5.212000,X_return,7.158352,-18.963547
5.213000,X_return,7.152892,-18.963547
5.214000,X_return,7.147432,-18.963547
5.215000,X_return,7.141972,-18.963547
5.216000,X_return,7.136512,-18.963547
5.217000,X_return,7.131052,-18.963547
5.218000,X_return,7.125592,-18.963547
5.219000,X_return,7.120132,-18.963547
5.220000,X_return,7.114672,-18.963547
5.221000,X_return,7.109212,-18.963547
5.222000,X_return,7.103752,-18.963547
5.223000,X_return,7.098292,-18.963547
5.224000,X_return,7.092832,-18.963547
5.225000,X_return,7.087372,-18.963547
5.226000,X_return,7.081912,-18.963547
5.227000,X_return,7.076452,-18.963547
5.228000,X_return,7.070992,-18.963547
5.229000,X_return,7.065532,-18.963547
5.230000,X_return,7.060072,-18.963547
5.231000,X_return,7.054612,-18.963547
5.232000,X_return,7.049152,-18.963547
5.233000,X_return,7.043692,-18.963547
5.234000,X_return,7.038232,-18.963547
5.235000,X_return,7.032772,-18.963547
5.236000,X_return,7.027312,-18.963547
5.237000,X_return,7.021852,-18.963547
5.238000,X_return,7.016392,-18.963547
5.239000,X_return,7.010932,-18.963547
5.240000,X_return,7.005472,-18.963547
5.241000,X_return,7.000012,-18.963547
5.242000,X_return,6.994552,-18.963547
5.243000,X_return,6.989092,-18.963547
5.244000,X_return,6.983632,-18.963547
5.245000,X_return,6.978172,-18.963547
5.246000,X_return,6.972712,-18.963547
5.247000,X_return,6.967252,-18.963547
5.248000,X_return,6.961792,-18.963547
5.249000,X_return,6.956332,-18.963547
5.250000,X_return,6.950872,-18.963547
5.251000,X_return,6.945412,-18.963547
5.252000,X_return,6.939952,-18.963547
5.253000,X_return,6.934492,-18.963547
5.254000,X_return,6.929032,-18.963547
5.255000,X_return,6.923572,-18.963547
5.256000,X_return,6.918112,-18.963547
5.257000,X_return,6.912652,-18.963547
5.258000,X_return,6.907192,-18.963547
5.259000,X_return,6.901732,-18.963547
5.260000,X_return,6.896272,-18.963547
5.261000,X_return,6.890812,-18.963547
5.262000,X_return,6.885352,-18.963547
5.263000,X_return,6.879892,-18.963547
5.264000,X_return,6.874432,-18.963547
5.265000,X_return,6.868972,-18.963547
5.266000,X_return,6.863512,-18.963547
5.267000,X_return,6.858052,-18.963547
5.268000,X_return,6.852592,-18.963547
5.269000,X_return,6.847132,-18.963547
5.270000,X_return,6.841672,-18.963547
5.271000,X_return,6.836212,-18.963547
5.272000,X_return,6.830752,-18.963547
5.273000,X_return,6.825292,-18.963547
5.274000,X_return,6.819832,-18.963547
5.275000,X_return,6.814372,-18.963547
5.276000,X_return,6.808912,-18.963547
5.277000,X_return,6.803452,-18.963547
5.278000,X_return,6.797992,-18.963547
5.279000,X_return,6.792532,-18.963547
5.280000,X_return,6.787072,-18.963547
5.281000,X_return,6.781612,-18.963547
5.282000,X_return,6.776152,-18.963547
5.283000,X_return,6.770692,-18.963547
5.284000,X_return,6.765232,-18.963547
5.285000,X_return,6.759772,-18.963547
5.286000,X_return,6.754312,-18.963547
5.287000,X_return,6.748852,-18.963547
5.288000,X_return,6.743392,-18.963547
5.289000,X_return,6.737932,-18.963547
5.290000,X_return,6.732472,-18.963547
5.291000,X_return,6.727012,-18.963547
5.292000,X_return,6.724268,-18.963547
5.293000,X_return,6.721538,-18.963547
5.294000,X_return,6.718808,-18.963547
5.295000,X_return,6.716078,-18.963547
5.296000,X_return,6.713348,-18.963547
5.297000,X_return,6.710618,-18.963547
5.298000,X_return,6.707888,-18.963547
5.299000,X_return,6.705158,-18.963547
5.300000,X_return,6.702428,-18.963547
5.301000,X_return,6.699698,-18.963547
5.302000,X_return,6.696968,-18.963547
5.303000,X_return,6.694238,-18.963547
5.304000,X_return,6.691508,-18.963547
5.305000,X_return,6.688778,-18.963547
5.306000,X_return,6.686048,-18.963547
5.307000,X_return,6.680922,-18.963547
5.308000,X_return,6.675462,-18.963547
5.309000,X_return,6.670002,-18.963547
5.310000,X_return,6.664542,-18.963547
5.311000,X_return,6.659082,-18.963547
5.312000,X_return,6.653622,-18.963547
5.313000,X_return,6.648162,-18.963547
5.314000,X_return,6.642702,-18.963547
5.315000,X_return,6.637242,-18.963547
5.316000,X_return,6.631782,-18.963547
5.317000,X_return,6.626322,-18.963547
5.318000,X_return,6.620862,-18.963547
5.319000,X_return,6.615402,-18.963547
5.320000,X_return,6.609942,-18.963547
5.321000,X_return,6.604482,-18.963547
5.322000,X_return,6.599022,-18.963547
5.323000,X_return,6.593562,-18.963547
5.324000,X_return,6.588102,-18.963547
5.325000,X_return,6.582642,-18.963547
5.326000,X_return,6.577182,-18.963547
5.327000,X_return,6.571722,-18.963547
5.328000,X_return,6.566262,-18.963547
5.329000,X_return,6.560802,-18.963547
5.330000,X_return,6.555342,-18.963547
5.331000,X_return,6.549882,-18.963547
5.332000,X_return,6.544422,-18.963547
5.333000,X_return,6.538962,-18.963547
5.334000,X_return,6.533502,-18.963547
5.335000,X_return,6.528042,-18.963547
5.336000,X_return,6.522582,-18.963547
5.337000,X_return,6.517122,-18.963547
5.338000,X_return,6.511662,-18.963547
5.339000,X_return,6.506202,-18.963547
5.340000,X_return,6.500742,-18.963547
5.341000,X_return,6.495282,-18.963547
5.342000,X_return,6.489822,-18.963547
5.343000,X_return,6.484362,-18.963547
5.344000,X_return,6.478902,-18.963547
5.345000,X_return,6.473442,-18.963547
5.346000,X_return,6.467982,-18.963547
5.347000,X_return,6.462522,-18.963547
5.348000,X_return,6.457062,-18.963547
5.349000,X_return,6.451602,-18.963547
5.350000,X_return,6.446142,-18.963547
5.351000,X_return,6.440682,-18.963547
5.352000,X_return,6.435222,-18.963547
5.353000,X_return,6.429762,-18.963547
5.354000,X_return,6.424302,-18.963547
5.355000,X_return,6.418842,-18.963547
5.356000,X_return,6.413382,-18.963547
5.357000,X_return,6.407922,-18.963547
5.358000,X_return,6.402462,-18.963547
5.359000,X_return,6.397002,-18.963547
5.360000,X_return,6.391542,-18.963547
5.361000,X_return,6.386082,-18.963547
5.362000,X_return,6.380622,-18.963547
5.363000,X_return,6.375162,-18.963547
5.364000,X_return,6.369702,-18.963547
5.365000,X_return,6.364242,-18.963547
5.366000,X_return,6.358782,-18.963547
5.367000,X_return,6.353322,-18.963547
5.368000,X_return,6.347862,-18.963547
5.369000,X_return,6.342402,-18.963547
5.370000,X_return,6.336942,-18.963547
5.371000,X_return,6.331482,-18.963547
5.372000,X_return,6.326022,-18.963547
5.373000,X_return,6.320562,-18.963547
5.374000,X_return,6.315102,-18.963547
5.375000,X_return,6.309642,-18.963547
5.376000,X_return,6.304182,-18.963547
5.377000,X_return,6.298722,-18.963547
5.378000,X_return,6.293262,-18.963547
5.379000,X_return,6.287802,-18.963547
5.380000,X_return,6.282342,-18.963547
5.381000,X_return,6.276882,-18.963547
5.382000,X_return,6.271422,-18.963547
5.383000,X_return,6.265962,-18.963547
5.384000,X_return,6.260502,-18.963547
5.385000,X_return,6.255042,-18.963547
5.386000,X_return,6.249582,-18.963547
5.387000,X_return,6.244122,-18.963547
5.388000,X_return,6.238662,-18.963547
5.389000,X_return,6.233202,-18.963547
5.390000,X_return,6.227742,-18.963547
5.391000,X_return,6.222282,-18.963547
5.392000,X_return,6.216822,-18.963547
5.393000,X_return,6.211362,-18.963547
5.394000,X_return,6.205902,-18.963547
5.395000,X_return,6.200442,-18.963547
5.396000,X_return,6.194982,-18.963547
5.397000,X_return,6.190158,-18.963547
5.398000,X_return,6.188338,-18.963547
5.399000,X_return,6.186518,-18.963547
5.400000,X_return,6.184698,-18.963547
5.401000,X_return,6.182878,-18.963547
5.402000,X_return,6.181058,-18.963547
5.403000,X_return,6.179238,-18.963547
5.404000,X_return,6.177418,-18.963547
5.405000,X_return,6.175598,-18.963547
5.406000,X_return,6.173778,-18.963547
5.407000,X_return,6.171958,-18.963547
5.408000,X_return,6.170138,-18.963547
5.409000,X_return,6.168318,-18.963547
5.410000,X_return,6.166498,-18.963547
5.411000,X_return,6.164678,-18.963547
5.412000,X_return,6.162858,-18.963547
5.413000,X_return,6.161038,-18.963547
5.414000,X_return,6.159218,-18.963547
5.415000,X_return,6.157398,-18.963547
5.416000,X_return,6.155578,-18.963547
5.417000,X_return,6.153758,-18.963547
5.418000,X_return,6.151938,-18.963547
5.419000,X_return,6.150118,-18.963547
5.420000,X_return,6.146482,-18.963547
5.421000,X_return,6.141022,-18.963547
5.422000,X_return,6.135562,-18.963547
5.423000,X_return,6.130102,-18.963547
5.424000,X_return,6.124642,-18.963547
5.425000,X_return,6.119182,-18.963547
5.426000,X_return,6.113722,-18.963547
5.427000,X_return,6.108262,-18.963547
5.428000,X_return,6.102802,-18.963547
5.429000,X_return,6.097342,-18.963547
5.430000,X_return,6.091882,-18.963547
5.431000,X_return,6.086422,-18.963547
5.432000,X_return,6.080962,-18.963547
5.433000,X_return,6.075502,-18.963547
5.434000,X_return,6.070042,-18.963547
5.435000,X_return,6.064582,-18.963547
5.436000,X_return,6.059122,-18.963547
5.437000,X_return,6.053662,-18.963547
5.438000,X_return,6.048202,-18.963547
5.439000,X_return,6.042742,-18.963547
5.440000,X_return,6.037282,-18.963547
5.441000,X_return,6.031822,-18.963547
5.442000,X_return,6.026362,-18.963547
5.443000,X_return,6.020902,-18.963547
5.444000,X_return,6.015442,-18.963547
5.445000,X_return,6.009982,-18.963547
5.446000,X_return,6.004522,-18.963547
5.447000,X_return,5.999062,-18.963547
5.448000,X_return,5.993602,-18.963547
5.449000,X_return,5.988142,-18.963547
5.450000,X_return,5.982682,-18.963547
5.451000,X_return,5.977222,-18.963547
5.452000,X_return,5.971762,-18.963547
5.453000,X_return,5.966302,-18.963547
5.454000,X_return,5.960842,-18.963547
5.455000,X_return,5.955382,-18.963547
5.456000,X_return,5.949922,-18.963547
5.457000,X_return,5.944462,-18.963547
5.458000,X_return,5.939002,-18.963547
5.459000,X_return,5.933542,-18.963547
5.460000,X_return,5.928082,-18.963547
5.461000,X_return,5.922622,-18.963547
5.462000,X_return,5.917162,-18.963547
5.463000,X_return,5.911702,-18.963547
5.464000,X_return,5.906242,-18.963547
5.465000,X_return,5.900782,-18.963547
5.466000,X_return,5.895322,-18.963547
5.467000,X_return,5.889862,-18.963547
5.468000,X_return,5.884402,-18.963547
5.469000,X_return,5.878942,-18.963547
5.470000,X_return,5.873482,-18.963547
5.471000,X_return,5.868022,-18.963547
5.472000,X_return,5.862562,-18.963547
5.473000,X_return,5.857102,-18.963547
5.474000,X_return,5.851642,-18.963547
5.475000,X_return,5.846182,-18.963547
5.476000,X_return,5.840722,-18.963547
5.477000,X_return,5.835262,-18.963547
5.478000,X_return,5.829802,-18.963547
5.479000,X_return,5.824342,-18.963547
5.480000,X_return,5.818882,-18.963547
5.481000,X_return,5.813422,-18.963547
5.482000,X_return,5.807962,-18.963547
5.483000,X_return,5.802502,-18.963547
5.484000,X_return,5.797042,-18.963547
5.485000,X_return,5.791582,-18.963547
5.486000,X_return,5.786122,-18.963547
5.487000,X_return,5.780662,-18.963547
5.488000,X_return,5.775202,-18.963547
5.489000,X_return,5.769742,-18.963547
5.490000,X_return,5.764282,-18.963547
5.491000,X_return,5.758822,-18.963547
5.492000,X_return,5.753362,-18.963547
5.493000,X_return,5.747902,-18.963547
5.494000,X_return,5.742442,-18.963547
5.495000,X_return,5.736982,-18.963547
5.496000,X_return,5.731522,-18.963547
5.497000,X_return,5.726062,-18.963547
5.498000,X_return,5.720602,-18.963547
5.499000,X_return,5.715142,-18.963547
5.500000,X_return,5.709682,-18.963547
5.501000,X_return,5.704222,-18.963547
5.502000,X_return,5.698762,-18.963547
5.503000,X_return,5.693302,-18.963547
5.504000,X_return,5.687842,-18.963547
5.505000,X_return,5.682382,-18.963547
5.506000,X_return,5.676922,-18.963547
5.507000,X_return,5.671462,-18.963547
5.508000,X_return,5.666002,-18.963547
5.509000,X_return,5.660542,-18.963547
5.510000,X_return,5.655082,-18.963547
5.511000,X_return,5.649622,-18.963547
5.512000,X_return,5.644162,-18.963547
5.513000,X_return,5.638702,-18.963547
5.514000,X_return,5.633242,-18.963547
5.515000,X_return,5.627782,-18.963547
5.516000,X_return,5.622322,-18.963547
5.517000,X_return,5.616862,-18.963547
5.518000,X_return,5.611402,-18.963547
5.519000,X_return,5.605942,-18.963547
5.520000,X_return,5.600482,-18.963547
5.521000,X_return,5.595022,-18.963547
5.522000,X_return,5.589562,-18.963547
5.523000,X_return,5.584102,-18.963547
5.524000,X_return,5.578642,-18.963547
5.525000,X_return,5.573182,-18.963547
5.526000,X_return,5.567722,-18.963547
5.527000,X_return,5.562262,-18.963547
5.528000,X_return,5.556802,-18.963547
5.529000,X_return,5.551342,-18.963547
5.530000,X_return,5.545882,-18.963547
5.531000,X_return,5.540422,-18.963547
5.532000,X_return,5.534962,-18.963547
5.533000,X_return,5.529502,-18.963547
5.534000,X_return,5.524042,-18.963547
5.535000,X_return,5.518582,-18.963547
5.536000,X_return,5.513122,-18.963547
5.537000,X_return,5.507662,-18.963547
5.538000,X_return,5.502202,-18.963547
5.539000,X_return,5.496742,-18.963547
5.540000,X_return,5.491282,-18.963547
5.541000,X_return,5.485822,-18.963547
5.542000,X_return,5.480362,-18.963547
5.543000,X_return,5.474902,-18.963547
5.544000,X_return,5.469442,-18.963547
5.545000,X_return,5.463982,-18.963547
5.546000,X_return,5.458522,-18.963547
5.547000,X_return,5.453062,-18.963547
5.548000,X_return,5.447602,-18.963547
5.549000,X_return,5.442142,-18.963547
5.550000,X_return,5.436682,-18.963547
5.551000,X_return,5.431222,-18.963547
5.552000,X_return,5.425762,-18.963547
5.553000,X_return,5.420302,-18.963547
5.554000,X_return,5.414842,-18.963547
5.555000,X_return,5.409382,-18.963547
5.556000,X_return,5.403922,-18.963547
5.557000,X_return,5.398462,-18.963547
5.558000,X_return,5.393002,-18.963547
5.559000,X_return,5.387542,-18.963547
5.560000,X_return,5.382082,-18.963547
5.561000,X_return,5.376622,-18.963547
5.562000,X_return,5.371162,-18.963547
5.563000,X_return,5.365702,-18.963547
5.564000,X_return,5.360242,-18.963547
5.565000,X_return,5.354782,-18.963547
5.566000,X_return,5.349322,-18.963547
5.567000,X_return,5.343862,-18.963547
5.568000,X_return,5.338402,-18.963547
5.569000,X_return,5.332942,-18.963547
5.570000,X_return,5.327482,-18.963547
5.571000,X_return,5.322022,-18.963547
5.572000,X_return,5.316562,-18.963547
5.573000,X_return,5.311102,-18.963547
5.574000,X_return,5.305642,-18.963547
5.575000,X_return,5.300182,-18.963547
5.576000,X_return,5.294722,-18.963547
5.577000,X_return,5.289262,-18.963547
5.578000,X_return,5.283802,-18.963547
5.579000,X_return,5.278342,-18.963547
5.580000,X_return,5.272882,-18.963547
5.581000,X_return,5.267422,-18.963547
5.582000,X_return,5.261962,-18.963547
5.583000,X_return,5.256502,-18.963547
5.584000,X_return,5.251042,-18.963547
5.585000,X_return,5.245582,-18.963547
5.586000,X_return,5.240122,-18.963547
5.587000,X_return,5.234662,-18.963547
5.588000,X_return,5.229202,-18.963547
5.589000,X_return,5.223742,-18.963547
5.590000,X_return,5.218282,-18.963547
5.591000,X_return,5.212822,-18.963547
5.592000,X_return,5.207362,-18.963547
5.593000,X_return,5.201902,-18.963547
5.594000,X_return,5.196442,-18.963547
5.595000,X_return,5.190982,-18.963547
5.596000,X_return,5.185522,-18.963547
5.597000,X_return,5.180062,-18.963547
5.598000,X_return,5.174602,-18.963547
5.599000,X_return,5.169142,-18.963547
5.600000,X_return,5.163682,-18.963547
5.601000,X_return,5.158222,-18.963547
5.602000,X_return,5.152762,-18.963547
5.603000,X_return,5.147302,-18.963547
5.604000,X_return,5.141842,-18.963547
5.605000,X_return,5.136382,-18.963547
5.606000,X_return,5.130922,-18.963547
5.607000,X_return,5.125462,-18.963547
5.608000,X_return,5.120002,-18.963547
5.609000,X_return,5.116001,-18.963547
5.610000,X_return,5.113271,-18.963547
5.611000,X_return,5.110541,-18.963547
5.612000,X_return,5.107811,-18.963547
5.613000,X_return,5.105081,-18.963547
5.614000,X_return,5.102351,-18.963547
5.615000,X_return,5.099621,-18.963547
5.616000,X_return,5.096891,-18.963547
5.617000,X_return,5.094161,-18.963547
5.618000,X_return,5.091431,-18.963547
5.619000,X_return,5.088701,-18.963547
5.620000,X_return,5.085971,-18.963547
5.621000,X_return,5.083241,-18.963547
5.622000,X_return,5.080511,-18.963547
5.623000,X_return,5.077781,-18.963547
5.624000,X_return,5.073912,-18.963547
5.625000,X_return,5.068452,-18.963547
5.626000,X_return,5.062992,-18.963547
5.627000,X_return,5.057532,-18.963547
5.628000,X_return,5.052072,-18.963547
5.629000,X_return,5.046612,-18.963547
5.630000,X_return,5.041152,-18.963547
5.631000,X_return,5.035692,-18.963547
5.632000,X_return,5.030232,-18.963547
5.633000,X_return,5.024772,-18.963547
5.634000,X_return,5.019312,-18.963547
5.635000,X_return,5.013852,-18.963547
5.636000,X_return,5.008392,-18.963547
5.637000,X_return,5.002932,-18.963547
5.638000,X_return,4.997472,-18.963547
5.639000,X_return,4.992012,-18.963547
5.640000,X_return,4.986552,-18.963547
5.641000,X_return,4.981092,-18.963547
5.642000,X_return,4.975632,-18.963547
5.643000,X_return,4.970172,-18.963547
5.644000,X_return,4.964712,-18.963547
5.645000,X_return,4.959252,-18.963547
5.646000,X_return,4.953792,-18.963547
5.647000,X_return,4.948332,-18.963547
5.648000,X_return,4.942872,-18.963547
5.649000,X_return,4.937412,-18.963547
5.650000,X_return,4.931952,-18.963547
5.651000,X_return,4.926492,-18.963547
5.652000,X_return,4.921032,-18.963547
5.653000,X_return,4.915572,-18.963547
5.654000,X_return,4.910112,-18.963547
5.655000,X_return,4.904652,-18.963547
5.656000,X_return,4.899192,-18.963547
5.657000,X_return,4.893732,-18.963547
5.658000,X_return,4.888272,-18.963547
5.659000,X_return,4.882812,-18.963547
5.660000,X_return,4.877352,-18.963547
5.661000,X_return,4.871892,-18.963547
5.662000,X_return,4.866432,-18.963547
5.663000,X_return,4.860972,-18.963547
5.664000,X_return,4.855512,-18.963547
5.665000,X_return,4.850052,-18.963547
5.666000,X_return,4.844592,-18.963547
5.667000,X_return,4.839132,-18.963547
5.668000,X_return,4.833672,-18.963547
5.669000,X_return,4.828212,-18.963547
5.670000,X_return,4.822752,-18.963547
5.671000,X_return,4.817292,-18.963547
5.672000,X_return,4.811832,-18.963547
5.673000,X_return,4.806372,-18.963547
5.674000,X_return,4.800912,-18.963547
5.675000,X_return,4.795452,-18.963547
5.676000,X_return,4.789992,-18.963547
5.677000,X_return,4.784532,-18.963547
5.678000,X_return,4.779072,-18.963547
5.679000,X_return,4.773612,-18.963547
5.680000,X_return,4.768152,-18.963547
5.681000,X_return,4.762692,-18.963547
5.682000,X_return,4.757232,-18.963547
5.683000,X_return,4.751772,-18.963547
5.684000,X_return,4.746312,-18.963547
5.685000,X_return,4.740852,-18.963547
5.686000,X_return,4.735392,-18.963547
5.687000,X_return,4.729932,-18.963547
5.688000,X_return,4.724472,-18.963547
5.689000,X_return,4.719012,-18.963547
5.690000,X_return,4.713552,-18.963547
5.691000,X_return,4.708092,-18.963547
5.692000,X_return,4.702632,-18.963547
5.693000,X_return,4.697172,-18.963547
5.694000,X_return,4.691712,-18.963547
5.695000,X_return,4.686252,-18.963547
5.696000,X_return,4.680792,-18.963547
5.697000,X_return,4.675332,-18.963547
5.698000,X_return,4.669872,-18.963547
5.699000,X_return,4.664412,-18.963547
5.700000,X_return,4.658952,-18.963547
5.701000,X_return,4.653492,-18.963547
5.702000,X_return,4.648032,-18.963547
5.703000,X_return,4.642572,-18.963547
5.704000,X_return,4.637112,-18.963547
5.705000,X_return,4.631652,-18.963547
5.706000,X_return,4.626192,-18.963547
5.707000,X_return,4.620732,-18.963547
5.708000,X_return,4.615272,-18.963547
5.709000,X_return,4.609812,-18.963547
5.710000,X_return,4.604352,-18.963547
5.711000,X_return,4.598892,-18.963547
5.712000,X_return,4.593432,-18.963547
5.713000,X_return,4.587972,-18.963547
5.714000,X_return,4.582512,-18.963547
5.715000,X_return,4.577052,-18.963547
5.716000,X_return,4.571592,-18.963547
5.717000,X_return,4.566132,-18.963547
5.718000,X_return,4.560672,-18.963547
5.719000,X_return,4.555212,-18.963547
5.720000,X_return,4.549752,-18.963547
5.721000,X_return,4.544292,-18.963547
5.722000,X_return,4.538832,-18.963547
5.723000,X_return,4.533372,-18.963547
5.724000,X_return,4.527912,-18.963547
5.725000,X_return,4.522452,-18.963547
5.726000,X_return,4.516992,-18.963547
5.727000,X_return,4.511532,-18.963547
5.728000,X_return,4.506072,-18.963547
5.729000,X_return,4.500612,-18.963547
5.730000,X_return,4.495152,-18.963547
5.731000,X_return,4.489692,-18.963547
5.732000,X_return,4.484232,-18.963547
5.733000,X_return,4.478772,-18.963547
5.734000,X_return,4.473312,-18.963547
5.735000,X_return,4.467852,-18.963547
5.736000,X_return,4.462392,-18.963547
5.737000,X_return,4.456932,-18.963547
5.738000,X_return,4.451472,-18.963547
5.739000,X_return,4.446012,-18.963547
5.740000,X_return,4.440552,-18.963547
5.741000,X_return,4.435092,-18.963547
5.742000,X_return,4.429632,-18.963547
5.743000,X_return,4.424172,-18.963547
5.744000,X_return,4.418712,-18.963547
5.745000,X_return,4.413252,-18.963547
5.746000,X_return,4.407792,-18.963547
5.747000,X_return,4.402332,-18.963547
5.748000,X_return,4.396872,-18.963547
5.749000,X_return,4.391412,-18.963547
5.750000,X_return,4.385952,-18.963547
5.751000,X_return,4.380492,-18.963547
5.752000,X_return,4.375032,-18.963547
5.753000,X_return,4.369572,-18.963547
5.754000,X_return,4.364112,-18.963547
5.755000,X_return,4.358652,-18.963547
5.756000,X_return,4.353192,-18.963547
5.757000,X_return,4.347732,-18.963547
5.758000,X_return,4.342272,-18.963547
5.759000,X_return,4.336812,-18.963547
5.760000,X_return,4.331352,-18.963547
5.761000,X_return,4.325892,-18.963547
5.762000,X_return,4.320432,-18.963547
5.763000,X_return,4.314972,-18.963547
5.764000,X_return,4.309512,-18.963547
5.765000,X_return,4.304052,-18.963547
5.766000,X_return,4.298592,-18.963547
5.767000,X_return,4.293132,-18.963547
5.768000,X_return,4.287672,-18.963547
5.769000,X_return,4.282212,-18.963547
5.770000,X_return,4.276752,-18.963547
5.771000,X_return,4.271292,-18.963547
5.772000,X_return,4.265832,-18.963547
5.773000,X_return,4.260372,-18.963547
5.774000,X_return,4.254912,-18.963547
5.775000,X_return,4.249452,-18.963547
5.776000,X_return,4.243992,-18.963547
5.777000,X_return,4.238532,-18.963547
5.778000,X_return,4.233072,-18.963547
5.779000,X_return,4.227612,-18.963547
5.780000,X_return,4.222152,-18.963547
5.781000,X_return,4.216692,-18.963547
5.782000,X_return,4.211232,-18.963547
5.783000,X_return,4.205772,-18.963547
5.784000,X_return,4.200312,-18.963547
5.785000,X_return,4.194852,-18.963547
5.786000,X_return,4.189392,-18.963547
5.787000,X_return,4.183932,-18.963547
5.788000,X_return,4.178472,-18.963547
5.789000,X_return,4.173012,-18.963547
5.790000,X_return,4.167552,-18.963547
5.791000,X_return,4.162092,-18.963547
5.792000,X_return,4.156632,-18.963547
5.793000,X_return,4.151172,-18.963547
5.794000,X_return,4.145712,-18.963547
5.795000,X_return,4.140252,-18.963547
5.796000,X_return,4.134792,-18.963547
5.797000,X_return,4.129332,-18.963547
5.798000,X_return,4.123872,-18.963547
5.799000,X_return,4.118412,-18.963547
5.800000,X_return,4.112952,-18.963547
5.801000,X_return,4.107492,-18.963547
5.802000,X_return,4.102032,-18.963547
5.803000,X_return,4.096572,-18.963547
5.804000,X_return,4.091112,-18.963547
5.805000,X_return,4.085652,-18.963547
5.806000,X_return,4.080192,-18.963547
5.807000,X_return,4.074732,-18.963547
5.808000,X_return,4.069272,-18.963547
5.809000,X_return,4.063812,-18.963547
5.810000,X_return,4.058352,-18.963547
5.811000,X_return,4.052892,-18.963547
5.812000,X_return,4.047432,-18.963547
5.813000,X_return,4.041972,-18.963547
5.814000,X_return,4.036512,-18.963547
5.815000,X_return,4.031052,-18.963547
5.816000,X_return,4.025592,-18.963547
5.817000,X_return,4.020132,-18.963547
5.818000,X_return,4.014672,-18.963547
5.819000,X_return,4.009212,-18.963547
5.820000,X_return,4.003752,-18.963547
5.821000,X_return,3.998292,-18.963547
5.822000,X_return,3.992832,-18.963547
5.823000,X_return,3.987372,-18.963547
5.824000,X_return,3.981912,-18.963547
5.825000,X_return,3.976452,-18.963547
5.826000,X_return,3.970992,-18.963547
5.827000,X_return,3.965532,-18.963547
5.828000,X_return,3.960072,-18.963547
5.829000,X_return,3.954612,-18.963547
5.830000,X_return,3.949152,-18.963547
5.831000,X_return,3.943692,-18.963547
5.832000,X_return,3.938232,-18.963547
5.833000,X_return,3.932772,-18.963547
5.834000,X_return,3.927312,-18.963547
5.835000,X_return,3.921852,-18.963547
5.836000,X_return,3.916392,-18.963547
5.837000,X_return,3.910932,-18.963547
5.838000,X_return,3.905472,-18.963547
5.839000,X_return,3.900012,-18.963547
5.840000,X_return,3.894552,-18.963547
5.841000,X_return,3.889092,-18.963547
5.842000,X_return,3.883632,-18.963547
5.843000,X_return,3.878172,-18.963547
5.844000,X_return,3.872712,-18.963547
5.845000,X_return,3.867252,-18.963547
5.846000,X_return,3.861792,-18.963547
5.847000,X_return,3.856332,-18.963547
5.848000,X_return,3.850872,-18.963547
5.849000,X_return,3.845412,-18.963547
5.850000,X_return,3.839952,-18.963547
5.851000,X_return,3.834492,-18.963547
5.852000,X_return,3.829032,-18.963547
5.853000,X_return,3.823572,-18.963547
5.854000,X_return,3.818112,-18.963547
5.855000,X_return,3.812652,-18.963547
5.856000,X_return,3.807192,-18.963547
5.857000,X_return,3.801732,-18.963547
5.858000,X_return,3.796272,-18.963547
5.859000,X_return,3.790812,-18.963547
5.860000,X_return,3.785352,-18.963547
5.861000,X_return,3.779892,-18.963547
5.862000,X_return,3.774432,-18.963547
5.863000,X_return,3.768972,-18.963547
5.864000,X_return,3.763512,-18.963547
5.865000,X_return,3.758052,-18.963547
5.866000,X_return,3.752592,-18.963547
5.867000,X_return,3.747132,-18.963547
5.868000,X_return,3.741672,-18.963547
5.869000,X_return,3.736212,-18.963547
5.870000,X_return,3.730752,-18.963547
5.871000,X_return,3.725292,-18.963547
5.872000,X_return,3.719832,-18.963547
5.873000,X_return,3.714372,-18.963547
5.874000,X_return,3.708912,-18.963547
5.875000,X_return,3.703452,-18.963547
5.876000,X_return,3.697992,-18.963547
5.877000,X_return,3.692532,-18.963547
5.878000,X_return,3.687072,-18.963547
5.879000,X_return,3.681612,-18.963547
5.880000,X_return,3.676152,-18.963547
5.881000,X_return,3.670692,-18.963547
5.882000,X_return,3.665232,-18.963547
5.883000,X_return,3.659772,-18.963547
5.884000,X_return,3.654312,-18.963547
5.885000,X_return,3.648852,-18.963547
5.886000,X_return,3.643392,-18.963547
5.887000,X_return,3.637932,-18.963547
5.888000,X_return,3.632472,-18.963547
5.889000,X_return,3.627012,-18.963547
5.890000,X_return,3.621552,-18.963547
5.891000,X_return,3.616092,-18.963547
5.892000,X_return,3.610632,-18.963547
5.893000,X_return,3.605172,-18.963547
5.894000,X_return,3.599712,-18.963547
5.895000,X_return,3.594252,-18.963547
5.896000,X_return,3.588792,-18.963547
5.897000,X_return,3.583332,-18.963547
5.898000,X_return,3.577872,-18.963547
5.899000,X_return,3.572412,-18.963547
5.900000,X_return,3.566952,-18.963547
5.901000,X_return,3.561492,-18.963547
5.902000,X_return,3.556032,-18.963547
5.903000,X_return,3.550572,-18.963547
5.904000,X_return,3.545112,-18.963547
5.905000,X_return,3.539652,-18.963547
5.906000,X_return,3.534192,-18.963547
5.907000,X_return,3.528732,-18.963547
5.908000,X_return,3.523272,-18.963547
5.909000,X_return,3.517812,-18.963547
5.910000,X_return,3.512352,-18.963547
5.911000,X_return,3.506892,-18.963547
5.912000,X_return,3.501432,-18.963547
5.913000,X_return,3.495972,-18.963547
5.914000,X_return,3.490512,-18.963547
5.915000,X_return,3.485052,-18.963547
5.916000,X_return,3.479592,-18.963547
5.917000,X_return,3.474132,-18.963547
5.918000,X_return,3.468672,-18.963547
5.919000,X_return,3.463212,-18.963547
5.920000,X_return,3.457752,-18.963547
5.921000,X_return,3.452292,-18.963547
5.922000,X_return,3.446832,-18.963547
5.923000,X_return,3.441372,-18.963547
5.924000,X_return,3.435912,-18.963547
5.925000,X_return,3.430452,-18.963547
5.926000,X_return,3.425194,-18.963547
5.927000,X_return,3.422464,-18.963547
5.928000,X_return,3.419734,-18.963547
5.929000,X_return,3.417004,-18.963547
5.930000,X_return,3.414274,-18.963547
5.931000,X_return,3.411544,-18.963547
5.932000,X_return,3.408814,-18.963547
5.933000,X_return,3.406084,-18.963547
5.934000,X_return,3.403354,-18.963547
5.935000,X_return,3.400624,-18.963547
5.936000,X_return,3.397894,-18.963547
5.937000,X_return,3.395164,-18.963547
5.938000,X_return,3.392434,-18.963547
5.939000,X_return,3.389704,-18.963547
5.940000,X_return,3.386974,-18.963547
5.941000,X_return,3.384244,-18.963547
5.942000,X_return,3.378901,-18.963547
5.943000,X_return,3.373441,-18.963547
5.944000,X_return,3.367981,-18.963547
5.945000,X_return,3.362521,-18.963547
5.946000,X_return,3.357061,-18.963547
5.947000,X_return,3.351601,-18.963547
5.948000,X_return,3.346141,-18.963547
5.949000,X_return,3.340681,-18.963547
5.950000,X_return,3.335221,-18.963547
5.951000,X_return,3.329761,-18.963547
5.952000,X_return,3.324301,-18.963547
5.953000,X_return,3.318841,-18.963547
5.954000,X_return,3.313381,-18.963547
5.955000,X_return,3.307921,-18.963547
5.956000,X_return,3.302461,-18.963547
5.957000,X_return,3.297001,-18.963547
5.958000,X_return,3.291541,-18.963547
5.959000,X_return,3.286081,-18.963547
5.960000,X_return,3.280621,-18.963547
5.961000,X_return,3.275161,-18.963547
5.962000,X_return,3.269701,-18.963547
5.963000,X_return,3.264241,-18.963547
5.964000,X_return,3.258781,-18.963547
5.965000,X_return,3.253321,-18.963547
5.966000,X_return,3.247861,-18.963547
5.967000,X_return,3.242401,-18.963547
5.968000,X_return,3.236941,-18.963547
5.969000,X_return,3.231481,-18.963547
5.970000,X_return,3.226021,-18.963547
5.971000,X_return,3.220561,-18.963547
5.972000,X_return,3.215101,-18.963547
5.973000,X_return,3.209641,-18.963547
5.974000,X_return,3.204181,-18.963547
5.975000,X_return,3.198721,-18.963547
5.976000,X_return,3.193261,-18.963547
5.977000,X_return,3.187801,-18.963547
5.978000,X_return,3.182341,-18.963547
5.979000,X_return,3.176881,-18.963547
5.980000,X_return,3.171421,-18.963547
5.981000,X_return,3.165961,-18.963547
5.982000,X_return,3.160501,-18.963547
5.983000,X_return,3.155041,-18.963547
5.984000,X_return,3.149581,-18.963547
5.985000,X_return,3.144121,-18.963547
5.986000,X_return,3.138661,-18.963547
5.987000,X_return,3.133201,-18.963547
5.988000,X_return,3.127741,-18.963547
5.989000,X_return,3.122281,-18.963547
5.990000,X_return,3.116821,-18.963547
5.991000,X_return,3.111361,-18.963547
5.992000,X_return,3.105901,-18.963547
5.993000,X_return,3.100441,-18.963547
5.994000,X_return,3.094981,-18.963547
5.995000,X_return,3.089521,-18.963547
5.996000,X_return,3.084061,-18.963547
5.997000,X_return,3.078601,-18.963547
5.998000,X_return,3.073141,-18.963547
5.999000,X_return,3.067681,-18.963547
6.000000,X_return,3.062221,-18.963547
6.001000,X_return,3.056761,-18.963547
6.002000,X_return,3.051301,-18.963547
6.003000,X_return,3.045841,-18.963547
6.004000,X_return,3.040381,-18.963547
6.005000,X_return,3.034921,-18.963547
6.006000,X_return,3.029461,-18.963547
6.007000,X_return,3.024001,-18.963547
6.008000,X_return,3.018541,-18.963547
6.009000,X_return,3.013081,-18.963547
6.010000,X_return,3.007621,-18.963547
6.011000,X_return,3.002161,-18.963547
6.012000,X_return,2.996701,-18.963547
6.013000,X_return,2.991241,-18.963547
6.014000,X_return,2.985781,-18.963547
6.015000,X_return,2.980321,-18.963547
6.016000,X_return,2.974861,-18.963547
6.017000,X_return,2.969401,-18.963547
6.018000,X_return,2.963941,-18.963547
6.019000,X_return,2.958481,-18.963547
6.020000,X_return,2.953021,-18.963547
6.021000,X_return,2.947561,-18.963547
6.022000,X_return,2.942101,-18.963547
6.023000,X_return,2.936641,-18.963547
6.024000,X_return,2.931181,-18.963547
6.025000,X_return,2.925721,-18.963547
6.026000,X_return,2.920261,-18.963547
6.027000,X_return,2.914801,-18.963547
6.028000,X_return,2.909341,-18.963547
6.029000,X_return,2.903881,-18.963547
6.030000,X_return,2.898421,-18.963547
6.031000,X_return,2.892961,-18.963547
6.032000,X_return,2.888426,-18.963547
6.033000,X_return,2.886606,-18.963547
6.034000,X_return,2.884786,-18.963547
6.035000,X_return,2.882966,-18.963547
6.036000,X_return,2.881146,-18.963547
6.037000,X_return,2.879326,-18.963547
6.038000,X_return,2.877506,-18.963547
6.039000,X_return,2.875686,-18.963547
6.040000,X_return,2.873866,-18.963547
6.041000,X_return,2.872046,-18.963547
6.042000,X_return,2.870226,-18.963547
6.043000,X_return,2.868406,-18.963547
6.044000,X_return,2.866586,-18.963547
6.045000,X_return,2.864766,-18.963547
6.046000,X_return,2.862946,-18.963547
6.047000,X_return,2.861126,-18.963547
6.048000,X_return,2.859306,-18.963547
6.049000,X_return,2.857486,-18.963547
6.050000,X_return,2.855666,-18.963547
6.051000,X_return,2.853846,-18.963547
6.052000,X_return,2.852026,-18.963547
6.053000,X_return,2.850206,-18.963547
6.054000,X_return,2.848386,-18.963547
6.055000,X_return,2.844461,-18.963547
6.056000,X_return,2.839001,-18.963547
6.057000,X_return,2.833541,-18.963547
6.058000,X_return,2.828081,-18.963547
6.059000,X_return,2.822621,-18.963547
6.060000,X_return,2.817161,-18.963547
6.061000,X_return,2.811701,-18.963547
6.062000,X_return,2.806241,-18.963547
6.063000,X_return,2.800781,-18.963547
6.064000,X_return,2.795321,-18.963547
6.065000,X_return,2.789861,-18.963547
6.066000,X_return,2.784401,-18.963547
6.067000,X_return,2.778941,-18.963547
6.068000,X_return,2.773481,-18.963547
6.069000,X_return,2.768021,-18.963547
6.070000,X_return,2.762561,-18.963547
6.071000,X_return,2.757101,-18.963547
6.072000,X_return,2.751641,-18.963547
6.073000,X_return,2.746181,-18.963547
6.074000,X_return,2.740721,-18.963547
6.075000,X_return,2.735261,-18.963547
6.076000,X_return,2.729801,-18.963547
6.077000,X_return,2.724341,-18.963547
6.078000,X_return,2.718881,-18.963547
6.079000,X_return,2.713421,-18.963547
6.080000,X_return,2.707961,-18.963547
6.081000,X_return,2.702501,-18.963547
6.082000,X_return,2.697041,-18.963547
6.083000,X_return,2.691581,-18.963547
6.084000,X_return,2.686121,-18.963547
6.085000,X_return,2.680661,-18.963547
6.086000,X_return,2.675201,-18.963547
6.087000,X_return,2.669741,-18.963547
6.088000,X_return,2.664281,-18.963547
6.089000,X_return,2.658821,-18.963547
6.090000,X_return,2.653361,-18.963547
6.091000,X_return,2.647901,-18.963547
6.092000,X_return,2.642441,-18.963547
6.093000,X_return,2.636981,-18.963547
6.094000,X_return,2.631521,-18.963547
6.095000,X_return,2.626061,-18.963547
6.096000,X_return,2.620601,-18.963547
6.097000,X_return,2.615141,-18.963547
6.098000,X_return,2.609681,-18.963547
6.099000,X_return,2.604221,-18.963547
6.100000,X_return,2.598761,-18.963547
6.101000,X_return,2.593301,-18.963547
6.102000,X_return,2.587841,-18.963547
6.103000,X_return,2.582381,-18.963547
6.104000,X_return,2.576921,-18.963547
6.105000,X_return,2.571461,-18.963547
6.106000,X_return,2.566001,-18.963547
6.107000,X_return,2.560541,-18.963547
6.108000,X_return,2.555081,-18.963547
6.109000,X_return,2.549621,-18.963547
6.110000,X_return,2.544161,-18.963547
6.111000,X_return,2.538701,-18.963547
6.112000,X_return,2.533241,-18.963547
6.113000,X_return,2.527781,-18.963547
6.114000,X_return,2.522321,-18.963547
6.115000,X_return,2.516861,-18.963547
6.116000,X_return,2.511401,-18.963547
6.117000,X_return,2.505941,-18.963547
6.118000,X_return,2.500481,-18.963547
6.119000,X_return,2.495021,-18.963547
6.120000,X_return,2.489561,-18.963547
6.121000,X_return,2.484101,-18.963547
6.122000,X_return,2.478641,-18.963547
6.123000,X_return,2.473181,-18.963547
6.124000,X_return,2.467721,-18.963547
6.125000,X_return,2.462261,-18.963547
6.126000,X_return,2.456801,-18.963547
6.127000,X_return,2.451341,-18.963547
6.128000,X_return,2.445881,-18.963547
6.129000,X_return,2.440421,-18.963547
6.130000,X_return,2.434961,-18.963547
6.131000,X_return,2.429501,-18.963547
6.132000,X_return,2.424041,-18.963547
6.133000,X_return,2.418581,-18.963547
6.134000,X_return,2.413121,-18.963547
6.135000,X_return,2.407661,-18.963547
6.136000,X_return,2.402201,-18.963547
6.137000,X_return,2.396741,-18.963547
6.138000,X_return,2.391281,-18.963547
6.139000,X_return,2.385821,-18.963547
6.140000,X_return,2.380361,-18.963547
6.141000,X_return,2.374901,-18.963547
6.142000,X_return,2.369441,-18.963547
6.143000,X_return,2.363981,-18.963547
6.144000,X_return,2.358521,-18.963547
6.145000,X_return,2.353061,-18.963547
6.146000,X_return,2.347601,-18.963547
6.147000,X_return,2.342141,-18.963547
6.148000,X_return,2.336681,-18.963547
6.149000,X_return,2.331221,-18.963547
6.150000,X_return,2.325761,-18.963547
6.151000,X_return,2.320301,-18.963547
6.152000,X_return,2.314841,-18.963547
6.153000,X_return,2.309381,-18.963547
6.154000,X_return,2.303921,-18.963547
6.155000,X_return,2.298461,-18.963547
6.156000,X_return,2.293001,-18.963547
6.157000,X_return,2.287541,-18.963547
6.158000,X_return,2.282081,-18.963547
6.159000,X_return,2.276621,-18.963547
6.160000,X_return,2.271161,-18.963547
6.161000,X_return,2.265701,-18.963547
6.162000,X_return,2.260241,-18.963547
6.163000,X_return,2.254781,-18.963547
6.164000,X_return,2.249321,-18.963547
6.165000,X_return,2.243861,-18.963547
6.166000,X_return,2.238401,-18.963547
6.167000,X_return,2.232941,-18.963547
6.168000,X_return,2.227481,-18.963547
6.169000,X_return,2.222021,-18.963547
6.170000,X_return,2.216561,-18.963547
6.171000,X_return,2.211101,-18.963547
6.172000,X_return,2.205641,-18.963547
6.173000,X_return,2.200181,-18.963547
6.174000,X_return,2.194721,-18.963547
6.175000,X_return,2.189261,-18.963547
6.176000,X_return,2.183801,-18.963547
6.177000,X_return,2.178341,-18.963547
6.178000,X_return,2.172881,-18.963547
6.179000,X_return,2.167421,-18.963547
6.180000,X_return,2.161961,-18.963547
6.181000,X_return,2.156501,-18.963547
6.182000,X_return,2.151041,-18.963547
6.183000,X_return,2.145581,-18.963547
6.184000,X_return,2.140121,-18.963547
6.185000,X_return,2.134661,-18.963547
6.186000,X_return,2.129201,-18.963547
6.187000,X_return,2.123741,-18.963547
6.188000,X_return,2.118281,-18.963547
6.189000,X_return,2.112821,-18.963547
6.190000,X_return,2.107361,-18.963547
6.191000,X_return,2.101901,-18.963547
6.192000,X_return,2.096441,-18.963547
6.193000,X_return,2.090981,-18.963547
6.194000,X_return,2.085521,-18.963547
6.195000,X_return,2.080061,-18.963547
6.196000,X_return,2.074601,-18.963547
6.197000,X_return,2.069141,-18.963547
6.198000,X_return,2.063681,-18.963547
6.199000,X_return,2.058221,-18.963547
6.200000,X_return,2.052761,-18.963547
6.201000,X_return,2.047301,-18.963547
6.202000,X_return,2.041841,-18.963547
6.203000,X_return,2.036381,-18.963547
6.204000,X_return,2.030921,-18.963547
6.205000,X_return,2.025461,-18.963547
6.206000,X_return,2.020001,-18.963547
6.207000,X_return,2.014541,-18.963547
6.208000,X_return,2.009081,-18.963547
6.209000,X_return,2.003621,-18.963547
6.210000,X_return,1.998161,-18.963547
6.211000,X_return,1.992701,-18.963547
6.212000,X_return,1.987241,-18.963547
6.213000,X_return,1.981781,-18.963547
6.214000,X_return,1.976321,-18.963547
6.215000,X_return,1.970861,-18.963547
6.216000,X_return,1.965401,-18.963547
6.217000,X_return,1.959941,-18.963547
6.218000,X_return,1.954481,-18.963547
6.219000,X_return,1.949021,-18.963547
6.220000,X_return,1.943561,-18.963547
6.221000,X_return,1.938101,-18.963547
6.222000,X_return,1.932641,-18.963547
6.223000,X_return,1.927181,-18.963547
6.224000,X_return,1.921721,-18.963547
6.225000,X_return,1.916261,-18.963547
6.226000,X_return,1.910801,-18.963547
6.227000,X_return,1.905341,-18.963547
6.228000,X_return,1.899881,-18.963547
6.229000,X_return,1.894421,-18.963547
6.230000,X_return,1.888961,-18.963547
6.231000,X_return,1.883501,-18.963547
6.232000,X_return,1.878041,-18.963547
6.233000,X_return,1.872581,-18.963547
6.234000,X_return,1.867121,-18.963547
6.235000,X_return,1.861661,-18.963547
6.236000,X_return,1.856201,-18.963547
6.237000,X_return,1.850741,-18.963547
6.238000,X_return,1.845281,-18.963547
6.239000,X_return,1.839821,-18.963547
6.240000,X_return,1.834361,-18.963547
6.241000,X_return,1.828901,-18.963547
6.242000,X_return,1.823441,-18.963547
6.243000,X_return,1.817981,-18.963547
6.244000,X_return,1.814197,-18.963547
6.245000,X_return,1.811467,-18.963547
6.246000,X_return,1.808737,-18.963547
6.247000,X_return,1.806007,-18.963547
6.248000,X_return,1.803277,-18.963547
6.249000,X_return,1.800547,-18.963547
6.250000,X_return,1.797817,-18.963547
6.251000,X_return,1.795087,-18.963547
6.252000,X_return,1.792357,-18.963547
6.253000,X_return,1.789627,-18.963547
6.254000,X_return,1.786897,-18.963547
6.255000,X_return,1.784167,-18.963547
6.256000,X_return,1.781437,-18.963547
6.257000,X_return,1.778707,-18.963547
6.258000,X_return,1.775977,-18.963547
6.259000,X_return,1.771891,-18.963547
6.260000,X_return,1.766431,-18.963547
6.261000,X_return,1.760971,-18.963547
6.262000,X_return,1.755511,-18.963547
6.263000,X_return,1.750051,-18.963547
6.264000,X_return,1.744591,-18.963547
6.265000,X_return,1.739131,-18.963547
6.266000,X_return,1.733671,-18.963547
6.267000,X_return,1.728211,-18.963547
6.268000,X_return,1.722751,-18.963547
6.269000,X_return,1.717291,-18.963547
6.270000,X_return,1.711831,-18.963547
6.271000,X_return,1.706371,-18.963547
6.272000,X_return,1.700911,-18.963547
6.273000,X_return,1.695451,-18.963547
6.274000,X_return,1.689991,-18.963547
6.275000,X_return,1.684531,-18.963547
6.276000,X_return,1.679071,-18.963547
6.277000,X_return,1.673611,-18.963547
6.278000,X_return,1.668151,-18.963547
6.279000,X_return,1.662691,-18.963547
6.280000,X_return,1.657231,-18.963547
6.281000,X_return,1.651771,-18.963547
6.282000,X_return,1.646311,-18.963547
6.283000,X_return,1.640851,-18.963547
6.284000,X_return,1.635391,-18.963547
6.285000,X_return,1.629931,-18.963547
6.286000,X_return,1.624471,-18.963547
6.287000,X_return,1.619011,-18.963547
6.288000,X_return,1.613551,-18.963547
6.289000,X_return,1.608091,-18.963547
6.290000,X_return,1.602631,-18.963547
6.291000,X_return,1.597171,-18.963547
6.292000,X_return,1.591711,-18.963547
6.293000,X_return,1.586251,-18.963547
6.294000,X_return,1.580791,-18.963547
6.295000,X_return,1.575331,-18.963547
6.296000,X_return,1.569871,-18.963547
6.297000,X_return,1.564411,-18.963547
6.298000,X_return,1.558951,-18.963547
6.299000,X_return,1.553491,-18.963547
6.300000,X_return,1.548031,-18.963547
6.301000,X_return,1.542571,-18.963547
6.302000,X_return,1.537111,-18.963547
6.303000,X_return,1.531651,-18.963547
6.304000,X_return,1.526191,-18.963547
6.305000,X_return,1.520731,-18.963547
6.306000,X_return,1.515271,-18.963547
6.307000,X_return,1.509811,-18.963547
6.308000,X_return,1.504351,-18.963547
6.309000,X_return,1.498891,-18.963547
6.310000,X_return,1.493431,-18.963547
6.311000,X_return,1.487971,-18.963547
6.312000,X_return,1.482511,-18.963547
6.313000,X_return,1.477051,-18.963547
6.314000,X_return,1.471591,-18.963547
6.315000,X_return,1.466131,-18.963547
6.316000,X_return,1.460671,-18.963547
6.317000,X_return,1.455211,-18.963547
6.318000,X_return,1.449751,-18.963547
6.319000,X_return,1.444291,-18.963547
6.320000,X_return,1.438831,-18.963547
6.321000,X_return,1.433371,-18.963547
6.322000,X_return,1.427911,-18.963547
6.323000,X_return,1.422451,-18.963547
6.324000,X_return,1.416991,-18.963547
6.325000,X_return,1.411531,-18.963547
6.326000,X_return,1.406071,-18.963547
6.327000,X_return,1.400611,-18.963547
6.328000,X_return,1.395151,-18.963547
6.329000,X_return,1.389691,-18.963547
6.330000,X_return,1.384231,-18.963547
6.331000,X_return,1.378771,-18.963547
6.332000,X_return,1.373311,-18.963547
6.333000,X_return,1.367851,-18.963547
6.334000,X_return,1.362391,-18.963547
6.335000,X_return,1.356931,-18.963547
6.336000,X_return,1.351471,-18.963547
6.337000,X_return,1.346011,-18.963547
6.338000,X_return,1.340551,-18.963547
6.339000,X_return,1.335091,-18.963547
6.340000,X_return,1.329631,-18.963547
6.341000,X_return,1.324171,-18.963547
6.342000,X_return,1.318711,-18.963547
6.343000,X_return,1.313251,-18.963547
6.344000,X_return,1.307791,-18.963547
6.345000,X_return,1.302331,-18.963547
6.346000,X_return,1.296871,-18.963547
6.347000,X_return,1.291411,-18.963547
6.348000,X_return,1.285951,-18.963547
6.349000,X_return,1.280491,-18.963547
6.350000,X_return,1.277920,-18.963547
6.351000,X_return,1.276100,-18.963547
6.352000,X_return,1.274280,-18.963547
6.353000,X_return,1.272460,-18.963547
6.354000,X_return,1.270640,-18.963547
6.355000,X_return,1.268820,-18.963547
6.356000,X_return,1.267000,-18.963547
6.357000,X_return,1.265180,-18.963547
6.358000,X_return,1.263360,-18.963547
6.359000,X_return,1.261540,-18.963547
6.360000,X_return,1.259720,-18.963547
6.361000,X_return,1.257900,-18.963547
6.362000,X_return,1.256080,-18.963547
6.363000,X_return,1.254260,-18.963547
6.364000,X_return,1.252440,-18.963547
6.365000,X_return,1.250620,-18.963547
6.366000,X_return,1.248800,-18.963547
6.367000,X_return,1.246980,-18.963547
6.368000,X_return,1.245160,-18.963547
6.369000,X_return,1.243340,-18.963547
6.370000,X_return,1.241520,-18.963547
6.371000,X_return,1.239700,-18.963547
6.372000,X_return,1.237451,-18.963547
6.373000,X_return,1.231991,-18.963547
6.374000,X_return,1.226531,-18.963547
6.375000,X_return,1.221071,-18.963547
6.376000,X_return,1.215611,-18.963547
6.377000,X_return,1.210151,-18.963547
6.378000,X_return,1.204691,-18.963547
6.379000,X_return,1.199231,-18.963547
6.380000,X_return,1.193771,-18.963547
6.381000,X_return,1.188311,-18.963547
6.382000,X_return,1.182851,-18.963547
6.383000,X_return,1.177391,-18.963547
6.384000,X_return,1.171931,-18.963547
6.385000,X_return,1.166471,-18.963547
6.386000,X_return,1.161011,-18.963547
6.387000,X_return,1.155551,-18.963547
6.388000,X_return,1.150091,-18.963547
6.389000,X_return,1.144631,-18.963547
6.390000,X_return,1.139171,-18.963547
6.391000,X_return,1.133711,-18.963547
6.392000,X_return,1.128251,-18.963547
6.393000,X_return,1.122791,-18.963547
6.394000,X_return,1.117331,-18.963547
6.395000,X_return,1.111871,-18.963547
6.396000,X_return,1.106411,-18.963547
6.397000,X_return,1.100951,-18.963547
6.398000,X_return,1.095491,-18.963547
6.399000,X_return,1.090031,-18.963547
6.400000,X_return,1.084571,-18.963547
6.401000,X_return,1.079111,-18.963547
6.402000,X_return,1.073651,-18.963547
6.403000,X_return,1.068191,-18.963547
6.404000,X_return,1.062731,-18.963547
6.405000,X_return,1.057271,-18.963547
6.406000,X_return,1.051811,-18.963547
6.407000,X_return,1.046351,-18.963547
6.408000,X_return,1.040891,-18.963547
6.409000,X_return,1.035431,-18.963547
6.410000,X_return,1.029971,-18.963547
6.411000,X_return,1.024511,-18.963547
6.412000,X_return,1.019051,-18.963547
6.413000,X_return,1.013591,-18.963547
6.414000,X_return,1.008131,-18.963547
6.415000,X_return,1.002671,-18.963547
6.416000,X_return,0.997211,-18.963547
6.417000,X_return,0.991751,-18.963547
6.418000,X_return,0.986291,-18.963547
6.419000,X_return,0.980831,-18.963547
6.420000,X_return,0.975371,-18.963547
6.421000,X_return,0.969911,-18.963547
6.422000,X_return,0.964451,-18.963547
6.423000,X_return,0.958991,-18.963547
6.424000,X_return,0.953531,-18.963547
6.425000,X_return,0.948071,-18.963547
6.426000,X_return,0.942611,-18.963547
6.427000,X_return,0.937151,-18.963547
6.428000,X_return,0.931691,-18.963547
6.429000,X_return,0.926231,-18.963547
6.430000,X_return,0.920771,-18.963547
6.431000,X_return,0.915311,-18.963547
6.432000,X_return,0.909851,-18.963547
6.433000,X_return,0.904391,-18.963547
6.434000,X_return,0.898931,-18.963547
6.435000,X_return,0.893471,-18.963547
6.436000,X_return,0.888011,-18.963547
6.437000,X_return,0.882551,-18.963547
6.438000,X_return,0.877091,-18.963547
6.439000,X_return,0.871631,-18.963547
6.440000,X_return,0.866171,-18.963547
6.441000,X_return,0.860711,-18.963547
6.442000,X_return,0.855251,-18.963547
6.443000,X_return,0.849791,-18.963547
6.444000,X_return,0.844331,-18.963547
6.445000,X_return,0.838871,-18.963547
6.446000,X_return,0.833411,-18.963547
6.447000,X_return,0.827951,-18.963547
6.448000,X_return,0.822491,-18.963547
6.449000,X_return,0.817031,-18.963547
6.450000,X_return,0.811571,-18.963547
6.451000,X_return,0.806111,-18.963547
6.452000,X_return,0.800651,-18.963547
6.453000,X_return,0.795191,-18.963547
6.454000,X_return,0.789731,-18.963547
6.455000,X_return,0.784271,-18.963547
6.456000,X_return,0.778811,-18.963547
6.457000,X_return,0.773351,-18.963547
6.458000,X_return,0.767891,-18.963547
6.459000,X_return,0.762431,-18.963547
6.460000,X_return,0.756971,-18.963547
6.461000,X_return,0.751511,-18.963547
6.462000,X_return,0.746051,-18.963547
6.463000,X_return,0.740591,-18.963547
6.464000,X_return,0.735131,-18.963547
6.465000,X_return,0.729671,-18.963547
6.466000,X_return,0.724211,-18.963547
6.467000,X_return,0.718751,-18.963547
6.468000,X_return,0.713291,-18.963547
6.469000,X_return,0.707831,-18.963547
6.470000,X_return,0.702371,-18.963547
6.471000,X_return,0.696911,-18.963547
6.472000,X_return,0.691451,-18.963547
6.473000,X_return,0.685991,-18.963547
6.474000,X_return,0.680531,-18.963547
6.475000,X_return,0.675071,-18.963547
6.476000,X_return,0.669611,-18.963547
6.477000,X_return,0.664151,-18.963547
6.478000,X_return,0.658691,-18.963547
6.479000,X_return,0.653231,-18.963547
6.480000,X_return,0.647771,-18.963547
6.481000,X_return,0.642311,-18.963547
6.482000,X_return,0.636851,-18.963547
6.483000,X_return,0.631391,-18.963547
6.484000,X_return,0.625931,-18.963547
6.485000,X_return,0.620471,-18.963547
6.486000,X_return,0.615011,-18.963547
6.487000,X_return,0.609551,-18.963547
6.488000,X_return,0.604091,-18.963547
6.489000,X_return,0.598631,-18.963547
6.490000,X_return,0.593171,-18.963547
6.491000,X_return,0.587711,-18.963547
6.492000,X_return,0.582251,-18.963547
6.493000,X_return,0.576791,-18.963547
6.494000,X_return,0.571331,-18.963547
6.495000,X_return,0.565871,-18.963547
6.496000,X_return,0.560411,-18.963547
6.497000,X_return,0.554951,-18.963547
6.498000,X_return,0.549491,-18.963547
6.499000,X_return,0.544031,-18.963547
6.500000,X_return,0.538571,-18.963547
6.501000,X_return,0.533111,-18.963547
6.502000,X_return,0.527651,-18.963547
6.503000,X_return,0.522191,-18.963547
6.504000,X_return,0.516731,-18.963547
6.505000,X_return,0.511271,-18.963547
6.506000,X_return,0.505811,-18.963547
6.507000,X_return,0.500351,-18.963547
6.508000,X_return,0.494891,-18.963547
6.509000,X_return,0.489431,-18.963547
6.510000,X_return,0.483971,-18.963547
6.511000,X_return,0.478511,-18.963547
6.512000,X_return,0.473051,-18.963547
6.513000,X_return,0.467591,-18.963547
6.514000,X_return,0.462131,-18.963547
6.515000,X_return,0.456671,-18.963547
6.516000,X_return,0.451211,-18.963547
6.517000,X_return,0.445751,-18.963547
6.518000,X_return,0.440291,-18.963547
6.519000,X_return,0.434831,-18.963547
6.520000,X_return,0.429371,-18.963547
6.521000,X_return,0.423911,-18.963547
6.522000,X_return,0.418451,-18.963547
6.523000,X_return,0.412991,-18.963547
6.524000,X_return,0.407531,-18.963547
6.525000,X_return,0.402071,-18.963547
6.526000,X_return,0.396611,-18.963547
6.527000,X_return,0.391151,-18.963547
6.528000,X_return,0.385691,-18.963547
6.529000,X_return,0.380231,-18.963547
6.530000,X_return,0.374771,-18.963547
6.531000,X_return,0.369311,-18.963547
6.532000,X_return,0.363851,-18.963547
6.533000,X_return,0.358391,-18.963547
6.534000,X_return,0.352931,-18.963547
6.535000,X_return,0.347471,-18.963547
6.536000,X_return,0.342011,-18.963547
6.537000,X_return,0.336551,-18.963547
6.538000,X_return,0.331091,-18.963547
6.539000,X_return,0.325631,-18.963547
6.540000,X_return,0.320171,-18.963547
6.541000,X_return,0.314711,-18.963547
6.542000,X_return,0.309251,-18.963547
6.543000,X_return,0.303791,-18.963547
6.544000,X_return,0.298331,-18.963547
6.545000,X_return,0.292871,-18.963547
6.546000,X_return,0.287411,-18.963547
6.547000,X_return,0.281951,-18.963547
6.548000,X_return,0.276491,-18.963547
6.549000,X_return,0.271031,-18.963547
6.550000,X_return,0.265571,-18.963547
6.551000,X_return,0.260111,-18.963547
6.552000,X_return,0.254651,-18.963547
6.553000,X_return,0.249191,-18.963547
6.554000,X_return,0.243731,-18.963547
6.555000,X_return,0.238271,-18.963547
6.556000,X_return,0.232811,-18.963547
6.557000,X_return,0.227351,-18.963547
6.558000,X_return,0.221891,-18.963547
6.559000,X_return,0.216431,-18.963547
6.560000,X_return,0.210971,-18.963547
6.561000,X_return,0.205930,-18.963547
6.562000,X_return,0.203200,-18.963547
6.563000,X_return,0.200470,-18.963547
6.564000,X_return,0.197740,-18.963547
6.565000,X_return,0.195010,-18.963547
6.566000,X_return,0.192280,-18.963547
6.567000,X_return,0.189550,-18.963547
6.568000,X_return,0.186820,-18.963547
6.569000,X_return,0.184090,-18.963547
6.570000,X_return,0.181360,-18.963547
6.571000,X_return,0.178630,-18.963547
6.572000,X_return,0.175900,-18.963547
6.573000,X_return,0.173170,-18.963547
6.574000,X_return,0.170440,-18.963547
6.575000,X_return,0.167710,-18.926162
6.576000,X_return,0.164880,-18.814251
6.577000,X_return,0.159420,-18.628538
6.578000,X_return,0.153960,-18.370228
6.579000,X_return,0.148500,-18.040997
6.580000,X_return,0.143040,-17.642980
6.581000,X_return,0.137580,-17.178757
6.582000,X_return,0.132120,-16.651341
6.583000,X_return,0.126660,-16.064150
6.584000,X_return,0.121200,-15.420994
6.585000,X_return,0.115740,-14.726043
6.586000,X_return,0.110280,-13.983804
6.587000,X_return,0.104820,-13.199092
6.588000,X_return,0.099360,-12.376995
6.589000,X_return,0.093900,-11.522845
6.590000,X_return,0.088440,-10.642181
6.591000,X_return,0.082980,-9.740715
6.592000,X_return,0.077520,-8.824293
6.593000,X_return,0.072060,-7.898859
6.594000,X_return,0.066600,-6.970414
6.595000,X_return,0.061140,-6.044980
6.596000,X_return,0.055680,-5.128558
6.597000,X_return,0.050220,-4.227093
6.598000,X_return,0.044760,-3.346429
6.599000,X_return,0.039300,-2.492279
6.600000,X_return,0.033840,-1.670182
6.601000,X_return,0.028380,-0.885469
6.602000,X_return,0.022920,-0.143231
6.603000,X_return,0.017460,0.551720
6.604000,X_return,0.012000,1.194876
6.605000,X_return,0.006540,1.782067
6.606000,X_return,0.001080,2.309484
6.607000,X_return,0.000000,2.773706
6.608000,X_return,0.000000,3.171724
6.609000,X_return,0.000000,3.500955
6.610000,X_return,0.000000,3.759264
6.611000,X_return,0.000000,3.944977
6.612000,X_return,0.000000,4.056889
6.613000,X_return,0.000000,4.094273
6.614000,post_stop,0.000000,4.094273
6.615000,post_stop,0.000000,4.094273
6.616000,post_stop,0.000000,4.094273
6.617000,post_stop,0.000000,4.094273
6.618000,post_stop,0.000000,4.094273
6.619000,post_stop,0.000000,4.094273
6.620000,post_stop,0.000000,4.094273
6.621000,post_stop,0.000000,4.094273
6.622000,post_stop,0.000000,4.094273
6.623000,post_stop,0.000000,4.094273
6.624000,post_stop,0.000000,4.094273
6.625000,post_stop,0.000000,4.094273
6.626000,post_stop,0.000000,4.094273
6.627000,post_stop,0.000000,4.094273
6.628000,post_stop,0.000000,4.094273
6.629000,post_stop,0.000000,4.094273
6.630000,post_stop,0.000000,4.094273
6.631000,post_stop,0.000000,4.094273
6.632000,post_stop,0.000000,4.094273
6.633000,post_stop,0.000000,4.094273
6.634000,post_stop,0.000000,4.094273
6.635000,post_stop,0.000000,4.094273
6.636000,post_stop,0.000000,4.094273
6.637000,post_stop,0.000000,4.094273
6.638000,post_stop,0.000000,4.094273
6.639000,post_stop,0.000000,4.094273
6.640000,post_stop,0.000000,4.094273
6.641000,post_stop,0.000000,4.094273
6.642000,post_stop,0.000000,4.094273
6.643000,post_stop,0.000000,4.094273
6.644000,post_stop,0.000000,4.094273
6.645000,post_stop,0.000000,4.094273
6.646000,post_stop,0.000000,4.094273
6.647000,post_stop,0.000000,4.094273
6.648000,post_stop,0.000000,4.094273
6.649000,post_stop,0.000000,4.094273
6.650000,post_stop,0.000000,4.094273
6.651000,post_stop,0.000000,4.094273
6.652000,post_stop,0.000000,4.094273
6.653000,post_stop,0.000000,4.094273
6.654000,post_stop,0.000000,4.094273
6.655000,post_stop,0.000000,4.094273
6.656000,post_stop,0.000000,4.094273
6.657000,post_stop,0.000000,4.094273
6.658000,post_stop,0.000000,4.094273
6.659000,post_stop,0.000000,4.094273
6.660000,post_stop,0.000000,4.094273
6.661000,post_stop,0.000000,4.094273
6.662000,post_stop,0.000000,4.094273
6.663000,post_stop,0.000000,4.094273
6.664000,post_stop,0.000000,4.094273
6.665000,post_stop,0.000000,4.094273
6.666000,post_stop,0.000000,4.094273
6.667000,post_stop,0.000000,4.094273
6.668000,post_stop,0.000000,4.094273
6.669000,post_stop,0.000000,4.094273
6.670000,post_stop,0.000000,4.094273
6.671000,post_stop,0.000000,4.094273
6.672000,post_stop,0.000000,4.094273
6.673000,post_stop,0.000000,4.094273
6.674000,post_stop,0.000000,4.094273
6.675000,post_stop,0.000000,4.094273
6.676000,post_stop,0.000000,4.094273
6.677000,post_stop,0.000000,4.094273
6.678000,post_stop,0.000000,4.094273
6.679000,post_stop,0.000000,4.094273
6.680000,post_stop,0.000000,4.094273
6.681000,post_stop,0.000000,4.094273
6.682000,post_stop,0.000000,4.094273
6.683000,post_stop,0.000000,4.094273
6.684000,post_stop,0.000000,4.094273
6.685000,post_stop,0.000000,4.094273
6.686000,post_stop,0.000000,4.094273
6.687000,post_stop,0.000000,4.094273
6.688000,post_stop,0.000000,4.094273
6.689000,post_stop,0.000000,4.094273
6.690000,post_stop,0.000000,4.094273
6.691000,post_stop,0.000000,4.094273
6.692000,post_stop,0.000000,4.094273
6.693000,post_stop,0.000000,4.094273
6.694000,post_stop,0.000000,4.094273
6.695000,post_stop,0.000000,4.094273
6.696000,post_stop,0.000000,4.094273
6.697000,post_stop,0.000000,4.094273
6.698000,post_stop,0.000000,4.094273
6.699000,post_stop,0.000000,4.094273
6.700000,post_stop,0.000000,4.094273
6.701000,post_stop,0.000000,4.094273
6.702000,post_stop,0.000000,4.094273
6.703000,post_stop,0.000000,4.094273
6.704000,post_stop,0.000000,4.094273
6.705000,post_stop,0.000000,4.094273
6.706000,post_stop,0.000000,4.094273
6.707000,post_stop,0.000000,4.094273
6.708000,post_stop,0.000000,4.094273
6.709000,post_stop,0.000000,4.094273
6.710000,post_stop,0.000000,4.094273
6.711000,post_stop,0.000000,4.094273
6.712000,post_stop,0.000000,4.094273
6.713000,post_stop,0.000000,4.094273
6.714000,post_stop,0.000000,4.094273
6.715000,post_stop,0.000000,4.094273
6.716000,post_stop,0.000000,4.094273
6.717000,post_stop,0.000000,4.094273
6.718000,post_stop,0.000000,4.094273
6.719000,post_stop,0.000000,4.094273
6.720000,post_stop,0.000000,4.094273
6.721000,post_stop,0.000000,4.094273
6.722000,post_stop,0.000000,4.094273
6.723000,post_stop,0.000000,4.094273
6.724000,post_stop,0.000000,4.094273
6.725000,post_stop,0.000000,4.094273
6.726000,post_stop,0.000000,4.094273
6.727000,post_stop,0.000000,4.094273
6.728000,post_stop,0.000000,4.094273
6.729000,post_stop,0.000000,4.094273
6.730000,post_stop,0.000000,4.094273
6.731000,post_stop,0.000000,4.094273
6.732000,post_stop,0.000000,4.094273
6.733000,post_stop,0.000000,4.094273
6.734000,post_stop,0.000000,4.094273
6.735000,post_stop,0.000000,4.094273
6.736000,post_stop,0.000000,4.094273
6.737000,post_stop,0.000000,4.094273
6.738000,post_stop,0.000000,4.094273
6.739000,post_stop,0.000000,4.094273
6.740000,post_stop,0.000000,4.094273
6.741000,post_stop,0.000000,4.094273
6.742000,post_stop,0.000000,4.094273
6.743000,post_stop,0.000000,4.094273
6.744000,post_stop,0.000000,4.094273
6.745000,post_stop,0.000000,4.094273
6.746000,post_stop,0.000000,4.094273
6.747000,post_stop,0.000000,4.094273
6.748000,post_stop,0.000000,4.094273
6.749000,post_stop,0.000000,4.094273
6.750000,post_stop,0.000000,4.094273
6.751000,post_stop,0.000000,4.094273
6.752000,post_stop,0.000000,4.094273
6.753000,post_stop,0.000000,4.094273
6.754000,post_stop,0.000000,4.094273
6.755000,post_stop,0.000000,4.094273
6.756000,post_stop,0.000000,4.094273
6.757000,post_stop,0.000000,4.094273
6.758000,post_stop,0.000000,4.094273
6.759000,post_stop,0.000000,4.094273
6.760000,post_stop,0.000000,4.094273
6.761000,post_stop,0.000000,4.094273
6.762000,post_stop,0.000000,4.094273
6.763000,post_stop,0.000000,4.094273
6.764000,post_stop,0.000000,4.094273
6.765000,post_stop,0.000000,4.094273
6.766000,post_stop,0.000000,4.094273
6.767000,post_stop,0.000000,4.094273
6.768000,post_stop,0.000000,4.094273
6.769000,post_stop,0.000000,4.094273
6.770000,post_stop,0.000000,4.094273
6.771000,post_stop,0.000000,4.094273
6.772000,post_stop,0.000000,4.094273
6.773000,post_stop,0.000000,4.094273
6.774000,post_stop,0.000000,4.094273
6.775000,post_stop,0.000000,4.094273
6.776000,post_stop,0.000000,4.094273
6.777000,post_stop,0.000000,4.094273
6.778000,post_stop,0.000000,4.094273
6.779000,post_stop,0.000000,4.094273
6.780000,post_stop,0.000000,4.094273
6.781000,post_stop,0.000000,4.094273
6.782000,post_stop,0.000000,4.094273
6.783000,post_stop,0.000000,4.094273
6.784000,post_stop,0.000000,4.094273
6.785000,post_stop,0.000000,4.094273
6.786000,post_stop,0.000000,4.094273
6.787000,post_stop,0.000000,4.094273
6.788000,post_stop,0.000000,4.094273
6.789000,post_stop,0.000000,4.094273
6.790000,post_stop,0.000000,4.094273
6.791000,post_stop,0.000000,4.094273
6.792000,post_stop,0.000000,4.094273
6.793000,post_stop,0.000000,4.094273
6.794000,post_stop,0.000000,4.094273
6.795000,post_stop,0.000000,4.094273
6.796000,post_stop,0.000000,4.094273
6.797000,post_stop,0.000000,4.094273
6.798000,post_stop,0.000000,4.094273
6.799000,post_stop,0.000000,4.094273
6.800000,post_stop,0.000000,4.094273
6.801000,post_stop,0.000000,4.094273
6.802000,post_stop,0.000000,4.094273
6.803000,post_stop,0.000000,4.094273
6.804000,post_stop,0.000000,4.094273
6.805000,post_stop,0.000000,4.094273
6.806000,post_stop,0.000000,4.094273
6.807000,post_stop,0.000000,4.094273
6.808000,post_stop,0.000000,4.094273
6.809000,post_stop,0.000000,4.094273
6.810000,post_stop,0.000000,4.094273
6.811000,post_stop,0.000000,4.094273
6.812000,post_stop,0.000000,4.094273
6.813000,post_stop,0.000000,4.094273
6.814000,post_stop,0.000000,4.094273
6.815000,post_stop,0.000000,4.094273
6.816000,post_stop,0.000000,4.094273
6.817000,post_stop,0.000000,4.094273
6.818000,post_stop,0.000000,4.094273
6.819000,post_stop,0.000000,4.094273
6.820000,post_stop,0.000000,4.094273
6.821000,post_stop,0.000000,4.094273
6.822000,post_stop,0.000000,4.094273
6.823000,post_stop,0.000000,4.094273
6.824000,post_stop,0.000000,4.094273
6.825000,post_stop,0.000000,4.094273
6.826000,post_stop,0.000000,4.094273
6.827000,post_stop,0.000000,4.094273
6.828000,post_stop,0.000000,4.094273
6.829000,post_stop,0.000000,4.094273
6.830000,post_stop,0.000000,4.094273
6.831000,post_stop,0.000000,4.094273
6.832000,post_stop,0.000000,4.094273
6.833000,post_stop,0.000000,4.094273
6.834000,post_stop,0.000000,4.094273
6.835000,post_stop,0.000000,4.094273
6.836000,post_stop,0.000000,4.094273
6.837000,post_stop,0.000000,4.094273
6.838000,post_stop,0.000000,4.094273
6.839000,post_stop,0.000000,4.094273
6.840000,post_stop,0.000000,4.094273
6.841000,post_stop,0.000000,4.094273
6.842000,post_stop,0.000000,4.094273
6.843000,post_stop,0.000000,4.094273
6.844000,post_stop,0.000000,4.094273
6.845000,post_stop,0.000000,4.094273
6.846000,post_stop,0.000000,4.094273
6.847000,post_stop,0.000000,4.094273
6.848000,post_stop,0.000000,4.094273
6.849000,post_stop,0.000000,4.094273
6.850000,post_stop,0.000000,4.094273
6.851000,post_stop,0.000000,4.094273
6.852000,post_stop,0.000000,4.094273
6.853000,post_stop,0.000000,4.094273
6.854000,post_stop,0.000000,4.094273
6.855000,post_stop,0.000000,4.094273
6.856000,post_stop,0.000000,4.094273
6.857000,post_stop,0.000000,4.094273
6.858000,post_stop,0.000000,4.094273
6.859000,post_stop,0.000000,4.094273
6.860000,post_stop,0.000000,4.094273
6.861000,post_stop,0.000000,4.094273
6.862000,post_stop,0.000000,4.094273
6.863000,post_stop,0.000000,4.094273
6.864000,post_stop,0.000000,4.094273
6.865000,post_stop,0.000000,4.094273
6.866000,post_stop,0.000000,4.094273
6.867000,post_stop,0.000000,4.094273
6.868000,post_stop,0.000000,4.094273
6.869000,post_stop,0.000000,4.094273
6.870000,post_stop,0.000000,4.094273
6.871000,post_stop,0.000000,4.094273
6.872000,post_stop,0.000000,4.094273
6.873000,post_stop,0.000000,4.094273
6.874000,post_stop,0.000000,4.094273
6.875000,post_stop,0.000000,4.094273
6.876000,post_stop,0.000000,4.094273
6.877000,post_stop,0.000000,4.094273
6.878000,post_stop,0.000000,4.094273
6.879000,post_stop,0.000000,4.094273
6.880000,post_stop,0.000000,4.094273
6.881000,post_stop,0.000000,4.094273
6.882000,post_stop,0.000000,4.094273
6.883000,post_stop,0.000000,4.094273
6.884000,post_stop,0.000000,4.094273
6.885000,post_stop,0.000000,4.094273
6.886000,post_stop,0.000000,4.094273
6.887000,post_stop,0.000000,4.094273
6.888000,post_stop,0.000000,4.094273
6.889000,post_stop,0.000000,4.094273
6.890000,post_stop,0.000000,4.094273
6.891000,post_stop,0.000000,4.094273
6.892000,post_stop,0.000000,4.094273
6.893000,post_stop,0.000000,4.094273
6.894000,post_stop,0.000000,4.094273
6.895000,post_stop,0.000000,4.094273
6.896000,post_stop,0.000000,4.094273
6.897000,post_stop,0.000000,4.094273
6.898000,post_stop,0.000000,4.094273
6.899000,post_stop,0.000000,4.094273
6.900000,post_stop,0.000000,4.094273
6.901000,post_stop,0.000000,4.094273
6.902000,post_stop,0.000000,4.094273
6.903000,post_stop,0.000000,4.094273
6.904000,post_stop,0.000000,4.094273
6.905000,post_stop,0.000000,4.094273
6.906000,post_stop,0.000000,4.094273
6.907000,post_stop,0.000000,4.094273
6.908000,post_stop,0.000000,4.094273
6.909000,post_stop,0.000000,4.094273
6.910000,post_stop,0.000000,4.094273
6.911000,post_stop,0.000000,4.094273
6.912000,post_stop,0.000000,4.094273
6.913000,post_stop,0.000000,4.094273
6.914000,post_stop,0.000000,4.094273
6.915000,post_stop,0.000000,4.094273
6.916000,post_stop,0.000000,4.094273
6.917000,post_stop,0.000000,4.094273
6.918000,post_stop,0.000000,4.094273
6.919000,post_stop,0.000000,4.094273
6.920000,post_stop,0.000000,4.094273
6.921000,post_stop,0.000000,4.094273
6.922000,post_stop,0.000000,4.094273
6.923000,post_stop,0.000000,4.094273
6.924000,post_stop,0.000000,4.094273
6.925000,post_stop,0.000000,4.094273
6.926000,post_stop,0.000000,4.094273
6.927000,post_stop,0.000000,4.094273
6.928000,post_stop,0.000000,4.094273
6.929000,post_stop,0.000000,4.094273
6.930000,post_stop,0.000000,4.094273
6.931000,post_stop,0.000000,4.094273
6.932000,post_stop,0.000000,4.094273
6.933000,post_stop,0.000000,4.094273
6.934000,post_stop,0.000000,4.094273
6.935000,post_stop,0.000000,4.094273
6.936000,post_stop,0.000000,4.094273
6.937000,post_stop,0.000000,4.094273
6.938000,post_stop,0.000000,4.094273
6.939000,post_stop,0.000000,4.094273
6.940000,post_stop,0.000000,4.094273
6.941000,post_stop,0.000000,4.094273
6.942000,post_stop,0.000000,4.094273
6.943000,post_stop,0.000000,4.094273
6.944000,post_stop,0.000000,4.094273
6.945000,post_stop,0.000000,4.094273
6.946000,post_stop,0.000000,4.094273
6.947000,post_stop,0.000000,4.094273
6.948000,post_stop,0.000000,4.094273
6.949000,post_stop,0.000000,4.094273
6.950000,post_stop,0.000000,4.094273
6.951000,post_stop,0.000000,4.094273
6.952000,post_stop,0.000000,4.094273
6.953000,post_stop,0.000000,4.094273
6.954000,post_stop,0.000000,4.094273
6.955000,post_stop,0.000000,4.094273
6.956000,post_stop,0.000000,4.094273
6.957000,post_stop,0.000000,4.094273
6.958000,post_stop,0.000000,4.094273
6.959000,post_stop,0.000000,4.094273
6.960000,post_stop,0.000000,4.094273
6.961000,post_stop,0.000000,4.094273
6.962000,post_stop,0.000000,4.094273
6.963000,post_stop,0.000000,4.094273
6.964000,post_stop,0.000000,4.094273
6.965000,post_stop,0.000000,4.094273
6.966000,post_stop,0.000000,4.094273
6.967000,post_stop,0.000000,4.094273
6.968000,post_stop,0.000000,4.094273
6.969000,post_stop,0.000000,4.094273
6.970000,post_stop,0.000000,4.094273
6.971000,post_stop,0.000000,4.094273
6.972000,post_stop,0.000000,4.094273
6.973000,post_stop,0.000000,4.094273
6.974000,post_stop,0.000000,4.094273
6.975000,post_stop,0.000000,4.094273
6.976000,post_stop,0.000000,4.094273
6.977000,post_stop,0.000000,4.094273
6.978000,post_stop,0.000000,4.094273
6.979000,post_stop,0.000000,4.094273
6.980000,post_stop,0.000000,4.094273
6.981000,post_stop,0.000000,4.094273
6.982000,post_stop,0.000000,4.094273
6.983000,post_stop,0.000000,4.094273
6.984000,post_stop,0.000000,4.094273
6.985000,post_stop,0.000000,4.094273
6.986000,post_stop,0.000000,4.094273
6.987000,post_stop,0.000000,4.094273
6.988000,post_stop,0.000000,4.094273
6.989000,post_stop,0.000000,4.094273
6.990000,post_stop,0.000000,4.094273
6.991000,post_stop,0.000000,4.094273
6.992000,post_stop,0.000000,4.094273
6.993000,post_stop,0.000000,4.094273
6.994000,post_stop,0.000000,4.094273
6.995000,post_stop,0.000000,4.094273
6.996000,post_stop,0.000000,4.094273
6.997000,post_stop,0.000000,4.094273
6.998000,post_stop,0.000000,4.094273
6.999000,post_stop,0.000000,4.094273
7.000000,post_stop,0.000000,4.094273
7.001000,post_stop,0.000000,4.094273
7.002000,post_stop,0.000000,4.094273
7.003000,post_stop,0.000000,4.094273
7.004000,post_stop,0.000000,4.094273
7.005000,post_stop,0.000000,4.094273
7.006000,post_stop,0.000000,4.094273
7.007000,post_stop,0.000000,4.094273
7.008000,post_stop,0.000000,4.094273
7.009000,post_stop,0.000000,4.094273
7.010000,post_stop,0.000000,4.094273
7.011000,post_stop,0.000000,4.094273
7.012000,post_stop,0.000000,4.094273
7.013000,post_stop,0.000000,4.094273
7.014000,post_stop,0.000000,4.094273
7.015000,post_stop,0.000000,4.094273
7.016000,post_stop,0.000000,4.094273
7.017000,post_stop,0.000000,4.094273
7.018000,post_stop,0.000000,4.094273
7.019000,post_stop,0.000000,4.094273
7.020000,post_stop,0.000000,4.094273
7.021000,post_stop,0.000000,4.094273
7.022000,post_stop,0.000000,4.094273
7.023000,post_stop,0.000000,4.094273
7.024000,post_stop,0.000000,4.094273
7.025000,post_stop,0.000000,4.094273
7.026000,post_stop,0.000000,4.094273
7.027000,post_stop,0.000000,4.094273
7.028000,post_stop,0.000000,4.094273
7.029000,post_stop,0.000000,4.094273
7.030000,post_stop,0.000000,4.094273
7.031000,post_stop,0.000000,4.094273
7.032000,post_stop,0.000000,4.094273
7.033000,post_stop,0.000000,4.094273
7.034000,post_stop,0.000000,4.094273
7.035000,post_stop,0.000000,4.094273
7.036000,post_stop,0.000000,4.094273
7.037000,post_stop,0.000000,4.094273
7.038000,post_stop,0.000000,4.094273
7.039000,post_stop,0.000000,4.094273
7.040000,post_stop,0.000000,4.094273
7.041000,post_stop,0.000000,4.094273
7.042000,post_stop,0.000000,4.094273
7.043000,post_stop,0.000000,4.094273
7.044000,post_stop,0.000000,4.094273
7.045000,post_stop,0.000000,4.094273
7.046000,post_stop,0.000000,4.094273
7.047000,post_stop,0.000000,4.094273
7.048000,post_stop,0.000000,4.094273
7.049000,post_stop,0.000000,4.094273
7.050000,post_stop,0.000000,4.094273
7.051000,post_stop,0.000000,4.094273
7.052000,post_stop,0.000000,4.094273
7.053000,post_stop,0.000000,4.094273
7.054000,post_stop,0.000000,4.094273
7.055000,post_stop,0.000000,4.094273
7.056000,post_stop,0.000000,4.094273
7.057000,post_stop,0.000000,4.094273
7.058000,post_stop,0.000000,4.094273
7.059000,post_stop,0.000000,4.094273
7.060000,post_stop,0.000000,4.094273
7.061000,post_stop,0.000000,4.094273
7.062000,post_stop,0.000000,4.094273
7.063000,post_stop,0.000000,4.094273
7.064000,post_stop,0.000000,4.094273
7.065000,post_stop,0.000000,4.094273
7.066000,post_stop,0.000000,4.094273
7.067000,post_stop,0.000000,4.094273
7.068000,post_stop,0.000000,4.094273
7.069000,post_stop,0.000000,4.094273
7.070000,post_stop,0.000000,4.094273
7.071000,post_stop,0.000000,4.094273
7.072000,post_stop,0.000000,4.094273
7.073000,post_stop,0.000000,4.094273
7.074000,post_stop,0.000000,4.094273
7.075000,post_stop,0.000000,4.094273
7.076000,post_stop,0.000000,4.094273
7.077000,post_stop,0.000000,4.094273
7.078000,post_stop,0.000000,4.094273
7.079000,post_stop,0.000000,4.094273
7.080000,post_stop,0.000000,4.094273
7.081000,post_stop,0.000000,4.094273
7.082000,post_stop,0.000000,4.094273
7.083000,post_stop,0.000000,4.094273
7.084000,post_stop,0.000000,4.094273
7.085000,post_stop,0.000000,4.094273
7.086000,post_stop,0.000000,4.094273
7.087000,post_stop,0.000000,4.094273
7.088000,post_stop,0.000000,4.094273
7.089000,post_stop,0.000000,4.094273
7.090000,post_stop,0.000000,4.094273
7.091000,post_stop,0.000000,4.094273
7.092000,post_stop,0.000000,4.094273
7.093000,post_stop,0.000000,4.094273
7.094000,post_stop,0.000000,4.094273
7.095000,post_stop,0.000000,4.094273
7.096000,post_stop,0.000000,4.094273
7.097000,post_stop,0.000000,4.094273
7.098000,post_stop,0.000000,4.094273
7.099000,post_stop,0.000000,4.094273
7.100000,post_stop,0.000000,4.094273
7.101000,post_stop,0.000000,4.094273
7.102000,post_stop,0.000000,4.094273
7.103000,post_stop,0.000000,4.094273
7.104000,post_stop,0.000000,4.094273
7.105000,post_stop,0.000000,4.094273
7.106000,post_stop,0.000000,4.094273
7.107000,post_stop,0.000000,4.094273
7.108000,post_stop,0.000000,4.094273
7.109000,post_stop,0.000000,4.094273
7.110000,post_stop,0.000000,4.094273
7.111000,post_stop,0.000000,4.094273
7.112000,post_stop,0.000000,4.094273
7.113000,post_stop,0.000000,4.094273
7.114000,post_stop,0.000000,4.094273
7.115000,post_stop,0.000000,4.094273
7.116000,post_stop,0.000000,4.094273
7.117000,post_stop,0.000000,4.094273
7.118000,post_stop,0.000000,4.094273
7.119000,post_stop,0.000000,4.094273
7.120000,post_stop,0.000000,4.094273
7.121000,post_stop,0.000000,4.094273
7.122000,post_stop,0.000000,4.094273
7.123000,post_stop,0.000000,4.094273
7.124000,post_stop,0.000000,4.094273
7.125000,post_stop,0.000000,4.094273
7.126000,post_stop,0.000000,4.094273
7.127000,post_stop,0.000000,4.094273
7.128000,post_stop,0.000000,4.094273
7.129000,post_stop,0.000000,4.094273
7.130000,post_stop,0.000000,4.094273
7.131000,post_stop,0.000000,4.094273
7.132000,post_stop,0.000000,4.094273
7.133000,post_stop,0.000000,4.094273
7.134000,post_stop,0.000000,4.094273
7.135000,post_stop,0.000000,4.094273
7.136000,post_stop,0.000000,4.094273
7.137000,post_stop,0.000000,4.094273
7.138000,post_stop,0.000000,4.094273
7.139000,post_stop,0.000000,4.094273
7.140000,post_stop,0.000000,4.094273
7.141000,post_stop,0.000000,4.094273
7.142000,post_stop,0.000000,4.094273
7.143000,post_stop,0.000000,4.094273
7.144000,post_stop,0.000000,4.094273
7.145000,post_stop,0.000000,4.094273
7.146000,post_stop,0.000000,4.094273
7.147000,post_stop,0.000000,4.094273
7.148000,post_stop,0.000000,4.094273
7.149000,post_stop,0.000000,4.094273
7.150000,post_stop,0.000000,4.094273
7.151000,post_stop,0.000000,4.094273
7.152000,post_stop,0.000000,4.094273
7.153000,post_stop,0.000000,4.094273
7.154000,post_stop,0.000000,4.094273
7.155000,post_stop,0.000000,4.094273
7.156000,post_stop,0.000000,4.094273
7.157000,post_stop,0.000000,4.094273
7.158000,post_stop,0.000000,4.094273
7.159000,post_stop,0.000000,4.094273
7.160000,post_stop,0.000000,4.094273
7.161000,post_stop,0.000000,4.094273
7.162000,post_stop,0.000000,4.094273
7.163000,post_stop,0.000000,4.094273
7.164000,post_stop,0.000000,4.094273
7.165000,post_stop,0.000000,4.094273
7.166000,post_stop,0.000000,4.094273
7.167000,post_stop,0.000000,4.094273
7.168000,post_stop,0.000000,4.094273
7.169000,post_stop,0.000000,4.094273
7.170000,post_stop,0.000000,4.094273
7.171000,post_stop,0.000000,4.094273
7.172000,post_stop,0.000000,4.094273
7.173000,post_stop,0.000000,4.094273
7.174000,post_stop,0.000000,4.094273
7.175000,post_stop,0.000000,4.094273
7.176000,post_stop,0.000000,4.094273
7.177000,post_stop,0.000000,4.094273
7.178000,post_stop,0.000000,4.094273
7.179000,post_stop,0.000000,4.094273
7.180000,post_stop,0.000000,4.094273
7.181000,post_stop,0.000000,4.094273
7.182000,post_stop,0.000000,4.094273
7.183000,post_stop,0.000000,4.094273
7.184000,post_stop,0.000000,4.094273
7.185000,post_stop,0.000000,4.094273
7.186000,post_stop,0.000000,4.094273
7.187000,post_stop,0.000000,4.094273
7.188000,post_stop,0.000000,4.094273
7.189000,post_stop,0.000000,4.094273
7.190000,post_stop,0.000000,4.094273
7.191000,post_stop,0.000000,4.094273
7.192000,post_stop,0.000000,4.094273
7.193000,post_stop,0.000000,4.094273
7.194000,post_stop,0.000000,4.094273
7.195000,post_stop,0.000000,4.094273
7.196000,post_stop,0.000000,4.094273
7.197000,post_stop,0.000000,4.094273
7.198000,post_stop,0.000000,4.094273
7.199000,post_stop,0.000000,4.094273
7.200000,post_stop,0.000000,4.094273
7.201000,post_stop,0.000000,4.094273
7.202000,post_stop,0.000000,4.094273
7.203000,post_stop,0.000000,4.094273
7.204000,post_stop,0.000000,4.094273
7.205000,post_stop,0.000000,4.094273
7.206000,post_stop,0.000000,4.094273
7.207000,post_stop,0.000000,4.094273
7.208000,post_stop,0.000000,4.094273
7.209000,post_stop,0.000000,4.094273
7.210000,post_stop,0.000000,4.094273
7.211000,post_stop,0.000000,4.094273
7.212000,post_stop,0.000000,4.094273
7.213000,post_stop,0.000000,4.094273
7.214000,post_stop,0.000000,4.094273
7.215000,post_stop,0.000000,4.094273
7.216000,post_stop,0.000000,4.094273
7.217000,post_stop,0.000000,4.094273
7.218000,post_stop,0.000000,4.094273
7.219000,post_stop,0.000000,4.094273
7.220000,post_stop,0.000000,4.094273
7.221000,post_stop,0.000000,4.094273
7.222000,post_stop,0.000000,4.094273
7.223000,post_stop,0.000000,4.094273
7.224000,post_stop,0.000000,4.094273
7.225000,post_stop,0.000000,4.094273
7.226000,post_stop,0.000000,4.094273
7.227000,post_stop,0.000000,4.094273
7.228000,post_stop,0.000000,4.094273
7.229000,post_stop,0.000000,4.094273
7.230000,post_stop,0.000000,4.094273
7.231000,post_stop,0.000000,4.094273
7.232000,post_stop,0.000000,4.094273
7.233000,post_stop,0.000000,4.094273
7.234000,post_stop,0.000000,4.094273
7.235000,post_stop,0.000000,4.094273
7.236000,post_stop,0.000000,4.094273
7.237000,post_stop,0.000000,4.094273
7.238000,post_stop,0.000000,4.094273
7.239000,post_stop,0.000000,4.094273
7.240000,post_stop,0.000000,4.094273
7.241000,post_stop,0.000000,4.094273
7.242000,post_stop,0.000000,4.094273
7.243000,post_stop,0.000000,4.094273
7.244000,post_stop,0.000000,4.094273
7.245000,post_stop,0.000000,4.094273
7.246000,post_stop,0.000000,4.094273
7.247000,post_stop,0.000000,4.094273
7.248000,post_stop,0.000000,4.094273
7.249000,post_stop,0.000000,4.094273
7.250000,post_stop,0.000000,4.094273
7.251000,post_stop,0.000000,4.094273
7.252000,post_stop,0.000000,4.094273
7.253000,post_stop,0.000000,4.094273
7.254000,post_stop,0.000000,4.094273
7.255000,post_stop,0.000000,4.094273
7.256000,post_stop,0.000000,4.094273
7.257000,post_stop,0.000000,4.094273
7.258000,post_stop,0.000000,4.094273
7.259000,post_stop,0.000000,4.094273
7.260000,post_stop,0.000000,4.094273
7.261000,post_stop,0.000000,4.094273
7.262000,post_stop,0.000000,4.094273
7.263000,post_stop,0.000000,4.094273
7.264000,post_stop,0.000000,4.094273
7.265000,post_stop,0.000000,4.094273
7.266000,post_stop,0.000000,4.094273
7.267000,post_stop,0.000000,4.094273
7.268000,post_stop,0.000000,4.094273
7.269000,post_stop,0.000000,4.094273
7.270000,post_stop,0.000000,4.094273
7.271000,post_stop,0.000000,4.094273
7.272000,post_stop,0.000000,4.094273
7.273000,post_stop,0.000000,4.094273
7.274000,post_stop,0.000000,4.094273
7.275000,post_stop,0.000000,4.094273
7.276000,post_stop,0.000000,4.094273
7.277000,post_stop,0.000000,4.094273
7.278000,post_stop,0.000000,4.094273
7.279000,post_stop,0.000000,4.094273
7.280000,post_stop,0.000000,4.094273
7.281000,post_stop,0.000000,4.094273
7.282000,post_stop,0.000000,4.094273
7.283000,post_stop,0.000000,4.094273
7.284000,post_stop,0.000000,4.094273
7.285000,post_stop,0.000000,4.094273
7.286000,post_stop,0.000000,4.094273
7.287000,post_stop,0.000000,4.094273
7.288000,post_stop,0.000000,4.094273
7.289000,post_stop,0.000000,4.094273
7.290000,post_stop,0.000000,4.094273
7.291000,post_stop,0.000000,4.094273
7.292000,post_stop,0.000000,4.094273
7.293000,post_stop,0.000000,4.094273
7.294000,post_stop,0.000000,4.094273
7.295000,post_stop,0.000000,4.094273
7.296000,post_stop,0.000000,4.094273
7.297000,post_stop,0.000000,4.094273
7.298000,post_stop,0.000000,4.094273
7.299000,post_stop,0.000000,4.094273
7.300000,post_stop,0.000000,4.094273
7.301000,post_stop,0.000000,4.094273
7.302000,post_stop,0.000000,4.094273
7.303000,post_stop,0.000000,4.094273
7.304000,post_stop,0.000000,4.094273
7.305000,post_stop,0.000000,4.094273
7.306000,post_stop,0.000000,4.094273
7.307000,post_stop,0.000000,4.094273
7.308000,post_stop,0.000000,4.094273
7.309000,post_stop,0.000000,4.094273
7.310000,post_stop,0.000000,4.094273
7.311000,post_stop,0.000000,4.094273
7.312000,post_stop,0.000000,4.094273
7.313000,post_stop,0.000000,4.094273
7.314000,post_stop,0.000000,4.094273
7.315000,post_stop,0.000000,4.094273
7.316000,post_stop,0.000000,4.094273
7.317000,post_stop,0.000000,4.094273
7.318000,post_stop,0.000000,4.094273
7.319000,post_stop,0.000000,4.094273
7.320000,post_stop,0.000000,4.094273
7.321000,post_stop,0.000000,4.094273
7.322000,post_stop,0.000000,4.094273
7.323000,post_stop,0.000000,4.094273
7.324000,post_stop,0.000000,4.094273
7.325000,post_stop,0.000000,4.094273
7.326000,post_stop,0.000000,4.094273
7.327000,post_stop,0.000000,4.094273
7.328000,post_stop,0.000000,4.094273
7.329000,post_stop,0.000000,4.094273
7.330000,post_stop,0.000000,4.094273
7.331000,post_stop,0.000000,4.094273
7.332000,post_stop,0.000000,4.094273
7.333000,post_stop,0.000000,4.094273
7.334000,post_stop,0.000000,4.094273
7.335000,post_stop,0.000000,4.094273
7.336000,post_stop,0.000000,4.094273
7.337000,post_stop,0.000000,4.094273
7.338000,post_stop,0.000000,4.094273
7.339000,post_stop,0.000000,4.094273
7.340000,post_stop,0.000000,4.094273
7.341000,post_stop,0.000000,4.094273
7.342000,post_stop,0.000000,4.094273
7.343000,post_stop,0.000000,4.094273
7.344000,post_stop,0.000000,4.094273
7.345000,post_stop,0.000000,4.094273
7.346000,post_stop,0.000000,4.094273
7.347000,post_stop,0.000000,4.094273
7.348000,post_stop,0.000000,4.094273
7.349000,post_stop,0.000000,4.094273
7.350000,post_stop,0.000000,4.094273
7.351000,post_stop,0.000000,4.094273
7.352000,post_stop,0.000000,4.094273
7.353000,post_stop,0.000000,4.094273
7.354000,post_stop,0.000000,4.094273
7.355000,post_stop,0.000000,4.094273
7.356000,post_stop,0.000000,4.094273
7.357000,post_stop,0.000000,4.094273
7.358000,post_stop,0.000000,4.094273
7.359000,post_stop,0.000000,4.094273
7.360000,post_stop,0.000000,4.094273
7.361000,post_stop,0.000000,4.094273
7.362000,post_stop,0.000000,4.094273
7.363000,post_stop,0.000000,4.094273
7.364000,post_stop,0.000000,4.094273
7.365000,post_stop,0.000000,4.094273
7.366000,post_stop,0.000000,4.094273
7.367000,post_stop,0.000000,4.094273
7.368000,post_stop,0.000000,4.094273
7.369000,post_stop,0.000000,4.094273
7.370000,post_stop,0.000000,4.094273
7.371000,post_stop,0.000000,4.094273
7.372000,post_stop,0.000000,4.094273
7.373000,post_stop,0.000000,4.094273
7.374000,post_stop,0.000000,4.094273
7.375000,post_stop,0.000000,4.094273
7.376000,post_stop,0.000000,4.094273
7.377000,post_stop,0.000000,4.094273
7.378000,post_stop,0.000000,4.094273
7.379000,post_stop,0.000000,4.094273
7.380000,post_stop,0.000000,4.094273
7.381000,post_stop,0.000000,4.094273
7.382000,post_stop,0.000000,4.094273
7.383000,post_stop,0.000000,4.094273
7.384000,post_stop,0.000000,4.094273
7.385000,post_stop,0.000000,4.094273
7.386000,post_stop,0.000000,4.094273
7.387000,post_stop,0.000000,4.094273
7.388000,post_stop,0.000000,4.094273
7.389000,post_stop,0.000000,4.094273
7.390000,post_stop,0.000000,4.094273
7.391000,post_stop,0.000000,4.094273
7.392000,post_stop,0.000000,4.094273
7.393000,post_stop,0.000000,4.094273
7.394000,post_stop,0.000000,4.094273
7.395000,post_stop,0.000000,4.094273
7.396000,post_stop,0.000000,4.094273
7.397000,post_stop,0.000000,4.094273
7.398000,post_stop,0.000000,4.094273
7.399000,post_stop,0.000000,4.094273
7.400000,post_stop,0.000000,4.094273
7.401000,post_stop,0.000000,4.094273
7.402000,post_stop,0.000000,4.094273
7.403000,post_stop,0.000000,4.094273
7.404000,post_stop,0.000000,4.094273
7.405000,post_stop,0.000000,4.094273
7.406000,post_stop,0.000000,4.094273
7.407000,post_stop,0.000000,4.094273
7.408000,post_stop,0.000000,4.094273
7.409000,post_stop,0.000000,4.094273
7.410000,post_stop,0.000000,4.094273
7.411000,post_stop,0.000000,4.094273
7.412000,post_stop,0.000000,4.094273
7.413000,post_stop,0.000000,4.094273
7.414000,post_stop,0.000000,4.094273
7.415000,post_stop,0.000000,4.094273
7.416000,post_stop,0.000000,4.094273
7.417000,post_stop,0.000000,4.094273
7.418000,post_stop,0.000000,4.094273
7.419000,post_stop,0.000000,4.094273
7.420000,post_stop,0.000000,4.094273
7.421000,post_stop,0.000000,4.094273
7.422000,post_stop,0.000000,4.094273
7.423000,post_stop,0.000000,4.094273
7.424000,post_stop,0.000000,4.094273
7.425000,post_stop,0.000000,4.094273
7.426000,post_stop,0.000000,4.094273
7.427000,post_stop,0.000000,4.094273
7.428000,post_stop,0.000000,4.094273
7.429000,post_stop,0.000000,4.094273
7.430000,post_stop,0.000000,4.094273
7.431000,post_stop,0.000000,4.094273
7.432000,post_stop,0.000000,4.094273
7.433000,post_stop,0.000000,4.094273
7.434000,post_stop,0.000000,4.094273
7.435000,post_stop,0.000000,4.094273
7.436000,post_stop,0.000000,4.094273
7.437000,post_stop,0.000000,4.094273
7.438000,post_stop,0.000000,4.094273
7.439000,post_stop,0.000000,4.094273
7.440000,post_stop,0.000000,4.094273
7.441000,post_stop,0.000000,4.094273
7.442000,post_stop,0.000000,4.094273
7.443000,post_stop,0.000000,4.094273
7.444000,post_stop,0.000000,4.094273
7.445000,post_stop,0.000000,4.094273
7.446000,post_stop,0.000000,4.094273
7.447000,post_stop,0.000000,4.094273
7.448000,post_stop,0.000000,4.094273
7.449000,post_stop,0.000000,4.094273
7.450000,post_stop,0.000000,4.094273
7.451000,post_stop,0.000000,4.094273
7.452000,post_stop,0.000000,4.094273
7.453000,post_stop,0.000000,4.094273
7.454000,post_stop,0.000000,4.094273
7.455000,post_stop,0.000000,4.094273
7.456000,post_stop,0.000000,4.094273
7.457000,post_stop,0.000000,4.094273
7.458000,post_stop,0.000000,4.094273
7.459000,post_stop,0.000000,4.094273
7.460000,post_stop,0.000000,4.094273
7.461000,post_stop,0.000000,4.094273
7.462000,post_stop,0.000000,4.094273
7.463000,post_stop,0.000000,4.094273
7.464000,post_stop,0.000000,4.094273
7.465000,post_stop,0.000000,4.094273
7.466000,post_stop,0.000000,4.094273
7.467000,post_stop,0.000000,4.094273
7.468000,post_stop,0.000000,4.094273
7.469000,post_stop,0.000000,4.094273
7.470000,post_stop,0.000000,4.094273
7.471000,post_stop,0.000000,4.094273
7.472000,post_stop,0.000000,4.094273
7.473000,post_stop,0.000000,4.094273
7.474000,post_stop,0.000000,4.094273
7.475000,post_stop,0.000000,4.094273
7.476000,post_stop,0.000000,4.094273
7.477000,post_stop,0.000000,4.094273
7.478000,post_stop,0.000000,4.094273
7.479000,post_stop,0.000000,4.094273
7.480000,post_stop,0.000000,4.094273
7.481000,post_stop,0.000000,4.094273
7.482000,post_stop,0.000000,4.094273
7.483000,post_stop,0.000000,4.094273
7.484000,post_stop,0.000000,4.094273
7.485000,post_stop,0.000000,4.094273
7.486000,post_stop,0.000000,4.094273
7.487000,post_stop,0.000000,4.094273
7.488000,post_stop,0.000000,4.094273
7.489000,post_stop,0.000000,4.094273
7.490000,post_stop,0.000000,4.094273
7.491000,post_stop,0.000000,4.094273
7.492000,post_stop,0.000000,4.094273
7.493000,post_stop,0.000000,4.094273
7.494000,post_stop,0.000000,4.094273
7.495000,post_stop,0.000000,4.094273
7.496000,post_stop,0.000000,4.094273
7.497000,post_stop,0.000000,4.094273
7.498000,post_stop,0.000000,4.094273
7.499000,post_stop,0.000000,4.094273
7.500000,post_stop,0.000000,4.094273
7.501000,post_stop,0.000000,4.094273
7.502000,post_stop,0.000000,4.094273
7.503000,post_stop,0.000000,4.094273
7.504000,post_stop,0.000000,4.094273
7.505000,post_stop,0.000000,4.094273
7.506000,post_stop,0.000000,4.094273
7.507000,post_stop,0.000000,4.094273
7.508000,post_stop,0.000000,4.094273
7.509000,post_stop,0.000000,4.094273
7.510000,post_stop,0.000000,4.094273
7.511000,post_stop,0.000000,4.094273
7.512000,post_stop,0.000000,4.094273
7.513000,post_stop,0.000000,4.094273
7.514000,post_stop,0.000000,4.094273
7.515000,post_stop,0.000000,4.094273
7.516000,post_stop,0.000000,4.094273
7.517000,post_stop,0.000000,4.094273
7.518000,post_stop,0.000000,4.094273
7.519000,post_stop,0.000000,4.094273
7.520000,post_stop,0.000000,4.094273
7.521000,post_stop,0.000000,4.094273
7.522000,post_stop,0.000000,4.094273
7.523000,post_stop,0.000000,4.094273
7.524000,post_stop,0.000000,4.094273
7.525000,post_stop,0.000000,4.094273
7.526000,post_stop,0.000000,4.094273
7.527000,post_stop,0.000000,4.094273
7.528000,post_stop,0.000000,4.094273
7.529000,post_stop,0.000000,4.094273
7.530000,post_stop,0.000000,4.094273
7.531000,post_stop,0.000000,4.094273
7.532000,post_stop,0.000000,4.094273
7.533000,post_stop,0.000000,4.094273
7.534000,post_stop,0.000000,4.094273
7.535000,post_stop,0.000000,4.094273
7.536000,post_stop,0.000000,4.094273
7.537000,post_stop,0.000000,4.094273
7.538000,post_stop,0.000000,4.094273
7.539000,post_stop,0.000000,4.094273
7.540000,post_stop,0.000000,4.094273
7.541000,post_stop,0.000000,4.094273
7.542000,post_stop,0.000000,4.094273
7.543000,post_stop,0.000000,4.094273
7.544000,post_stop,0.000000,4.094273
7.545000,post_stop,0.000000,4.094273
7.546000,post_stop,0.000000,4.094273
7.547000,post_stop,0.000000,4.094273
7.548000,post_stop,0.000000,4.094273
7.549000,post_stop,0.000000,4.094273
7.550000,post_stop,0.000000,4.094273
7.551000,post_stop,0.000000,4.094273
7.552000,post_stop,0.000000,4.094273
7.553000,post_stop,0.000000,4.094273
7.554000,post_stop,0.000000,4.094273
7.555000,post_stop,0.000000,4.094273
7.556000,post_stop,0.000000,4.094273
7.557000,post_stop,0.000000,4.094273
7.558000,post_stop,0.000000,4.094273
7.559000,post_stop,0.000000,4.094273
7.560000,post_stop,0.000000,4.094273
7.561000,post_stop,0.000000,4.094273
7.562000,post_stop,0.000000,4.094273
7.563000,post_stop,0.000000,4.094273
7.564000,post_stop,0.000000,4.094273
7.565000,post_stop,0.000000,4.094273
7.566000,post_stop,0.000000,4.094273
7.567000,post_stop,0.000000,4.094273
7.568000,post_stop,0.000000,4.094273
7.569000,post_stop,0.000000,4.094273
7.570000,post_stop,0.000000,4.094273
7.571000,post_stop,0.000000,4.094273
7.572000,post_stop,0.000000,4.094273
7.573000,post_stop,0.000000,4.094273
7.574000,post_stop,0.000000,4.094273
7.575000,post_stop,0.000000,4.094273
7.576000,post_stop,0.000000,4.094273
7.577000,post_stop,0.000000,4.094273
7.578000,post_stop,0.000000,4.094273
7.579000,post_stop,0.000000,4.094273
7.580000,post_stop,0.000000,4.094273
7.581000,post_stop,0.000000,4.094273
7.582000,post_stop,0.000000,4.094273
7.583000,post_stop,0.000000,4.094273
7.584000,post_stop,0.000000,4.094273
7.585000,post_stop,0.000000,4.094273
7.586000,post_stop,0.000000,4.094273
7.587000,post_stop,0.000000,4.094273
7.588000,post_stop,0.000000,4.094273
7.589000,post_stop,0.000000,4.094273
7.590000,post_stop,0.000000,4.094273
7.591000,post_stop,0.000000,4.094273
7.592000,post_stop,0.000000,4.094273
7.593000,post_stop,0.000000,4.094273
7.594000,post_stop,0.000000,4.094273
7.595000,post_stop,0.000000,4.094273
7.596000,post_stop,0.000000,4.094273
7.597000,post_stop,0.000000,4.094273
7.598000,post_stop,0.000000,4.094273
7.599000,post_stop,0.000000,4.094273
7.600000,post_stop,0.000000,4.094273
7.601000,post_stop,0.000000,4.094273
7.602000,post_stop,0.000000,4.094273
7.603000,post_stop,0.000000,4.094273
7.604000,post_stop,0.000000,4.094273
7.605000,post_stop,0.000000,4.094273
7.606000,post_stop,0.000000,4.094273
7.607000,post_stop,0.000000,4.094273
7.608000,post_stop,0.000000,4.094273
7.609000,post_stop,0.000000,4.094273
7.610000,post_stop,0.000000,4.094273
7.611000,post_stop,0.000000,4.094273
7.612000,post_stop,0.000000,4.094273
7.613000,post_stop,0.000000,4.094273
7.614000,post_stop,0.000000,4.094273
7.615000,post_stop,0.000000,4.094273
7.616000,post_stop,0.000000,4.094273
7.617000,post_stop,0.000000,4.094273
7.618000,post_stop,0.000000,4.094273
7.619000,post_stop,0.000000,4.094273
7.620000,post_stop,0.000000,4.094273
7.621000,post_stop,0.000000,4.094273
7.622000,post_stop,0.000000,4.094273
7.623000,post_stop,0.000000,4.094273
7.624000,post_stop,0.000000,4.094273
7.625000,post_stop,0.000000,4.094273
7.626000,post_stop,0.000000,4.094273
7.627000,post_stop,0.000000,4.094273
7.628000,post_stop,0.000000,4.094273
7.629000,post_stop,0.000000,4.094273
7.630000,post_stop,0.000000,4.094273
7.631000,post_stop,0.000000,4.094273
7.632000,post_stop,0.000000,4.094273
7.633000,post_stop,0.000000,4.094273
7.634000,post_stop,0.000000,4.094273
7.635000,post_stop,0.000000,4.094273
7.636000,post_stop,0.000000,4.094273
7.637000,post_stop,0.000000,4.094273
7.638000,post_stop,0.000000,4.094273
7.639000,post_stop,0.000000,4.094273
7.640000,post_stop,0.000000,4.094273
7.641000,post_stop,0.000000,4.094273
7.642000,post_stop,0.000000,4.094273
7.643000,post_stop,0.000000,4.094273
7.644000,post_stop,0.000000,4.094273
7.645000,post_stop,0.000000,4.094273
7.646000,post_stop,0.000000,4.094273
7.647000,post_stop,0.000000,4.094273
7.648000,post_stop,0.000000,4.094273
7.649000,post_stop,0.000000,4.094273
7.650000,post_stop,0.000000,4.094273
7.651000,post_stop,0.000000,4.094273
7.652000,post_stop,0.000000,4.094273
7.653000,post_stop,0.000000,4.094273
7.654000,post_stop,0.000000,4.094273
7.655000,post_stop,0.000000,4.094273
7.656000,post_stop,0.000000,4.094273
7.657000,post_stop,0.000000,4.094273
7.658000,post_stop,0.000000,4.094273
7.659000,post_stop,0.000000,4.094273
7.660000,post_stop,0.000000,4.094273
7.661000,post_stop,0.000000,4.094273
7.662000,post_stop,0.000000,4.094273
7.663000,post_stop,0.000000,4.094273
7.664000,post_stop,0.000000,4.094273
7.665000,post_stop,0.000000,4.094273
7.666000,post_stop,0.000000,4.094273
7.667000,post_stop,0.000000,4.094273
7.668000,post_stop,0.000000,4.094273
7.669000,post_stop,0.000000,4.094273
7.670000,post_stop,0.000000,4.094273
7.671000,post_stop,0.000000,4.094273
7.672000,post_stop,0.000000,4.094273
7.673000,post_stop,0.000000,4.094273
7.674000,post_stop,0.000000,4.094273
7.675000,post_stop,0.000000,4.094273
7.676000,post_stop,0.000000,4.094273
7.677000,post_stop,0.000000,4.094273
7.678000,post_stop,0.000000,4.094273
7.679000,post_stop,0.000000,4.094273
7.680000,post_stop,0.000000,4.094273
7.681000,post_stop,0.000000,4.094273
7.682000,post_stop,0.000000,4.094273
7.683000,post_stop,0.000000,4.094273
7.684000,post_stop,0.000000,4.094273
7.685000,post_stop,0.000000,4.094273
7.686000,post_stop,0.000000,4.094273
7.687000,post_stop,0.000000,4.094273
7.688000,post_stop,0.000000,4.094273
7.689000,post_stop,0.000000,4.094273
7.690000,post_stop,0.000000,4.094273
7.691000,post_stop,0.000000,4.094273
7.692000,post_stop,0.000000,4.094273
7.693000,post_stop,0.000000,4.094273
7.694000,post_stop,0.000000,4.094273
7.695000,post_stop,0.000000,4.094273
7.696000,post_stop,0.000000,4.094273
7.697000,post_stop,0.000000,4.094273
7.698000,post_stop,0.000000,4.094273
7.699000,post_stop,0.000000,4.094273
7.700000,post_stop,0.000000,4.094273
7.701000,post_stop,0.000000,4.094273
7.702000,post_stop,0.000000,4.094273
7.703000,post_stop,0.000000,4.094273
7.704000,post_stop,0.000000,4.094273
7.705000,post_stop,0.000000,4.094273
7.706000,post_stop,0.000000,4.094273
7.707000,post_stop,0.000000,4.094273
7.708000,post_stop,0.000000,4.094273
7.709000,post_stop,0.000000,4.094273
7.710000,post_stop,0.000000,4.094273
7.711000,post_stop,0.000000,4.094273
7.712000,post_stop,0.000000,4.094273
7.713000,post_stop,0.000000,4.094273
7.714000,post_stop,0.000000,4.094273
7.715000,post_stop,0.000000,4.094273
7.716000,post_stop,0.000000,4.094273
7.717000,post_stop,0.000000,4.094273
7.718000,post_stop,0.000000,4.094273
7.719000,post_stop,0.000000,4.094273
7.720000,post_stop,0.000000,4.094273
7.721000,post_stop,0.000000,4.094273
7.722000,post_stop,0.000000,4.094273
7.723000,post_stop,0.000000,4.094273
7.724000,post_stop,0.000000,4.094273
7.725000,post_stop,0.000000,4.094273
7.726000,post_stop,0.000000,4.094273
7.727000,post_stop,0.000000,4.094273
7.728000,post_stop,0.000000,4.094273
7.729000,post_stop,0.000000,4.094273
7.730000,post_stop,0.000000,4.094273
7.731000,post_stop,0.000000,4.094273
7.732000,post_stop,0.000000,4.094273
7.733000,post_stop,0.000000,4.094273
7.734000,post_stop,0.000000,4.094273
7.735000,post_stop,0.000000,4.094273
7.736000,post_stop,0.000000,4.094273
7.737000,post_stop,0.000000,4.094273
7.738000,post_stop,0.000000,4.094273
7.739000,post_stop,0.000000,4.094273
7.740000,post_stop,0.000000,4.094273
7.741000,post_stop,0.000000,4.094273
7.742000,post_stop,0.000000,4.094273
7.743000,post_stop,0.000000,4.094273
7.744000,post_stop,0.000000,4.094273
7.745000,post_stop,0.000000,4.094273
7.746000,post_stop,0.000000,4.094273
7.747000,post_stop,0.000000,4.094273
7.748000,post_stop,0.000000,4.094273
7.749000,post_stop,0.000000,4.094273
7.750000,post_stop,0.000000,4.094273
7.751000,post_stop,0.000000,4.094273
7.752000,post_stop,0.000000,4.094273
7.753000,post_stop,0.000000,4.094273
7.754000,post_stop,0.000000,4.094273
7.755000,post_stop,0.000000,4.094273
