t_s,phase,nominal_along_mm,e_raw_um
0.000000,pre_motion,0.000000,6.462617
0.001000,pre_motion,0.000000,6.264517
0.002000,pre_motion,0.000000,6.066418
0.003000,pre_motion,0.000000,5.868319
0.004000,pre_motion,0.000000,5.670220
0.005000,pre_motion,0.000000,5.472120
0.006000,pre_motion,0.000000,5.274021
0.007000,pre_motion,0.000000,5.075922
0.008000,pre_motion,0.000000,4.877822
0.009000,pre_motion,0.000000,4.679723
0.010000,pre_motion,0.000000,4.481624
0.011000,pre_motion,0.000000,4.283524
0.012000,pre_motion,0.000000,4.085425
0.013000,pre_motion,0.000000,3.887326
0.014000,pre_motion,0.000000,3.689227
0.015000,pre_motion,0.000000,3.491127
0.016000,pre_motion,0.000000,3.435819
0.017000,pre_motion,0.000000,3.399461
0.018000,pre_motion,0.000000,3.363102
0.019000,pre_motion,0.000000,3.326743
0.020000,pre_motion,0.000000,3.290385
0.021000,pre_motion,0.000000,3.254026
0.022000,pre_motion,0.000000,3.217667
0.023000,pre_motion,0.000000,3.087728
0.024000,pre_motion,0.000000,2.762774
0.025000,pre_motion,0.000000,2.437821
0.026000,pre_motion,0.000000,2.112867
0.027000,pre_motion,0.000000,1.787914
0.028000,pre_motion,0.000000,1.462960
0.029000,pre_motion,0.000000,1.138007
0.030000,pre_motion,0.000000,0.813053
0.031000,pre_motion,0.000000,0.804672
0.032000,pre_motion,0.000000,0.893169
0.033000,pre_motion,0.000000,0.981666
0.034000,pre_motion,0.000000,1.070163
0.035000,pre_motion,0.000000,1.158660
0.036000,pre_motion,0.000000,1.247157
0.037000,pre_motion,0.000000,1.335654
0.038000,pre_motion,0.000000,1.376744
0.039000,pre_motion,0.000000,1.236340
0.040000,pre_motion,0.000000,1.095936
0.041000,pre_motion,0.000000,0.955532
0.042000,pre_motion,0.000000,0.815128
0.043000,pre_motion,0.000000,0.674724
0.044000,pre_motion,0.000000,0.534320
0.045000,pre_motion,0.000000,0.393916
0.046000,pre_motion,0.000000,0.402367
0.047000,pre_motion,0.000000,0.491491
0.048000,pre_motion,0.000000,0.580616
0.049000,pre_motion,0.000000,0.669740
0.050000,pre_motion,0.000000,0.758864
0.051000,pre_motion,0.000000,0.847989
0.052000,pre_motion,0.000000,0.937113
0.053000,pre_motion,0.000000,1.016587
0.054000,pre_motion,0.000000,0.998426
0.055000,pre_motion,0.000000,0.980264
0.056000,pre_motion,0.000000,0.962103
0.057000,pre_motion,0.000000,0.943942
0.058000,pre_motion,0.000000,0.925781
0.059000,pre_motion,0.000000,0.907619
0.060000,pre_motion,0.000000,0.889458
0.061000,pre_motion,0.000000,0.803505
0.062000,pre_motion,0.000000,0.657764
0.063000,pre_motion,0.000000,0.512023
0.064000,pre_motion,0.000000,0.366282
0.065000,pre_motion,0.000000,0.220541
0.066000,pre_motion,0.000000,0.074800
0.067000,pre_motion,0.000000,-0.070941
0.068000,pre_motion,0.000000,-0.216681
0.069000,pre_motion,0.000000,-0.175048
0.070000,pre_motion,0.000000,-0.128173
0.071000,pre_motion,0.000000,-0.081299
0.072000,pre_motion,0.000000,-0.034424
0.073000,pre_motion,0.000000,0.012450
0.074000,pre_motion,0.000000,0.059325
0.075000,pre_motion,0.000000,0.106199
0.076000,pre_motion,0.000000,0.078280
0.077000,pre_motion,0.000000,-0.055414
0.078000,pre_motion,0.000000,-0.189109
0.079000,pre_motion,0.000000,-0.322803
0.080000,pre_motion,0.000000,-0.456497
0.081000,pre_motion,0.000000,-0.590191
0.082000,pre_motion,0.000000,-0.723886
0.083000,pre_motion,0.000000,-0.857580
0.084000,pre_motion,0.000000,-0.955594
0.085000,pre_motion,0.000000,-1.047588
0.086000,pre_motion,0.000000,-1.139582
0.087000,pre_motion,0.000000,-1.231577
0.088000,pre_motion,0.000000,-1.323571
0.089000,pre_motion,0.000000,-1.415565
0.090000,pre_motion,0.000000,-1.507559
0.091000,pre_motion,0.000000,-1.570957
0.092000,pre_motion,0.000000,-1.566687
0.093000,pre_motion,0.000000,-1.562417
0.094000,pre_motion,0.000000,-1.558147
0.095000,pre_motion,0.000000,-1.553877
0.096000,pre_motion,0.000000,-1.549606
0.097000,pre_motion,0.000000,-1.545336
0.098000,pre_motion,0.000000,-1.541066
0.099000,pre_motion,0.000000,-1.688407
0.100000,pre_motion,0.000000,-1.889438
0.101000,pre_motion,0.000000,-2.090470
0.102000,pre_motion,0.000000,-2.291502
0.103000,pre_motion,0.000000,-2.492534
0.104000,pre_motion,0.000000,-2.693566
0.105000,pre_motion,0.000000,-2.894598
0.106000,pre_motion,0.000000,-3.050136
0.107000,pre_motion,0.000000,-2.998279
0.108000,pre_motion,0.000000,-2.946421
0.109000,pre_motion,0.000000,-2.894564
0.110000,pre_motion,0.000000,-2.842706
0.111000,pre_motion,0.000000,-2.790849
0.112000,pre_motion,0.000000,-2.738992
0.113000,pre_motion,0.000000,-2.687134
0.114000,pre_motion,0.000000,-2.513042
0.115000,pre_motion,0.000000,-2.264450
0.116000,pre_motion,0.000000,-2.015858
0.117000,pre_motion,0.000000,-1.767265
0.118000,pre_motion,0.000000,-1.518673
0.119000,pre_motion,0.000000,-1.270081
0.120000,pre_motion,0.000000,-1.021489
0.121000,pre_motion,0.000000,-0.783816
0.122000,pre_motion,0.000000,-0.709264
0.123000,pre_motion,0.000000,-0.634712
0.124000,pre_motion,0.000000,-0.560161
0.125000,pre_motion,0.000000,-0.485609
0.126000,pre_motion,0.000000,-0.411057
0.127000,pre_motion,0.000000,-0.336506
0.128000,pre_motion,0.000000,-0.261954
0.129000,pre_motion,0.000000,-0.209981
0.130000,pre_motion,0.000000,-0.180215
0.131000,pre_motion,0.000000,-0.150449
0.132000,pre_motion,0.000000,-0.120684
0.133000,pre_motion,0.000000,-0.090918
0.134000,pre_motion,0.000000,-0.061152
0.135000,pre_motion,0.000000,-0.031386
0.136000,pre_motion,0.000000,-0.001620
0.137000,pre_motion,0.000000,0.214116
0.138000,pre_motion,0.000000,0.440554
0.139000,pre_motion,0.000000,0.666992
0.140000,pre_motion,0.000000,0.893430
0.141000,pre_motion,0.000000,1.119869
0.142000,pre_motion,0.000000,1.346307
0.143000,pre_motion,0.000000,1.572745
0.144000,pre_motion,0.000000,1.720951
0.145000,pre_motion,0.000000,1.745242
0.146000,pre_motion,0.000000,1.769533
0.147000,pre_motion,0.000000,1.793823
0.148000,pre_motion,0.000000,1.818114
0.149000,pre_motion,0.000000,1.842404
0.150000,pre_motion,0.000000,1.866695
0.151000,pre_motion,0.000000,1.890985
0.152000,pre_motion,0.000000,1.807540
0.153000,pre_motion,0.000000,1.701780
0.154000,pre_motion,0.000000,1.596021
0.155000,pre_motion,0.000000,1.490262
0.156000,pre_motion,0.000000,1.384503
0.157000,pre_motion,0.000000,1.278744
0.158000,pre_motion,0.000000,1.172985
0.159000,pre_motion,0.000000,1.098969
0.160000,pre_motion,0.000000,1.110845
0.161000,pre_motion,0.000000,1.122722
0.162000,pre_motion,0.000000,1.134598
0.163000,pre_motion,0.000000,1.146475
0.164000,pre_motion,0.000000,1.158351
0.165000,pre_motion,0.000000,1.170228
0.166000,pre_motion,0.000000,1.182105
0.167000,pre_motion,0.000000,1.144976
0.168000,pre_motion,0.000000,1.087955
0.169000,pre_motion,0.000000,1.030933
0.170000,pre_motion,0.000000,0.973911
0.171000,pre_motion,0.000000,0.916890
0.172000,pre_motion,0.000000,0.859868
0.173000,pre_motion,0.000000,0.802846
0.174000,pre_motion,0.000000,0.782335
0.175000,pre_motion,0.000000,0.964427
0.176000,pre_motion,0.000000,1.146520
0.177000,pre_motion,0.000000,1.328613
0.178000,pre_motion,0.000000,1.510706
0.179000,pre_motion,0.000000,1.692799
0.180000,pre_motion,0.000000,1.874892
0.181000,pre_motion,0.000000,2.056985
0.182000,pre_motion,0.000000,2.160648
0.183000,pre_motion,0.000000,2.210729
0.184000,pre_motion,0.000000,2.260809
0.185000,pre_motion,0.000000,2.310889
0.186000,pre_motion,0.000000,2.360969
0.187000,pre_motion,0.000000,2.411049
0.188000,pre_motion,0.000000,2.461130
0.189000,pre_motion,0.000000,2.503565
0.190000,pre_motion,0.000000,2.338488
0.191000,pre_motion,0.000000,2.173411
0.192000,pre_motion,0.000000,2.008334
0.193000,pre_motion,0.000000,1.843257
0.194000,pre_motion,0.000000,1.678180
0.195000,pre_motion,0.000000,1.513103
0.196000,pre_motion,0.000000,1.348026
0.197000,pre_motion,0.000000,1.225292
0.198000,pre_motion,0.000000,1.148995
0.199000,pre_motion,0.000000,1.072699
0.200000,pre_motion,0.000000,0.996402
0.201000,pre_motion,0.000000,0.920105
0.202000,pre_motion,0.000000,0.843808
0.203000,pre_motion,0.000000,0.767511
0.204000,pre_motion,0.000000,0.691214
0.205000,pre_motion,0.000000,0.741609
0.206000,pre_motion,0.000000,0.803264
0.207000,pre_motion,0.000000,0.864919
0.208000,pre_motion,0.000000,0.926574
0.209000,pre_motion,0.000000,0.988229
0.210000,pre_motion,0.000000,1.049885
0.211000,pre_motion,0.000000,1.111540
0.212000,pre_motion,0.000000,1.131534
0.213000,pre_motion,0.000000,1.077399
0.214000,pre_motion,0.000000,1.023264
0.215000,pre_motion,0.000000,0.969129
0.216000,pre_motion,0.000000,0.914994
0.217000,pre_motion,0.000000,0.860858
0.218000,pre_motion,0.000000,0.806723
0.219000,pre_motion,0.000000,0.752588
0.220000,pre_motion,0.000000,0.698453
0.221000,pre_motion,0.000000,0.644318
0.222000,pre_motion,0.000000,0.590183
0.223000,pre_motion,0.000000,0.536047
0.224000,pre_motion,0.000000,0.481912
0.225000,pre_motion,0.000000,0.427777
0.226000,pre_motion,0.000000,0.373642
0.227000,pre_motion,0.000000,0.411519
0.228000,pre_motion,0.000000,0.736607
0.229000,pre_motion,0.000000,1.061694
0.230000,pre_motion,0.000000,1.386782
0.231000,pre_motion,0.000000,1.711869
0.232000,pre_motion,0.000000,2.036956
0.233000,pre_motion,0.000000,2.362044
0.234000,pre_motion,0.000000,2.687131
0.235000,pre_motion,0.000000,2.671379
0.236000,pre_motion,0.000000,2.498204
0.237000,pre_motion,0.000000,2.325029
0.238000,pre_motion,0.000000,2.151854
0.239000,pre_motion,0.000000,1.978679
0.240000,pre_motion,0.000000,1.805504
0.241000,pre_motion,0.000000,1.632329
0.242000,pre_motion,0.000000,1.502879
0.243000,pre_motion,0.000000,1.678166
0.244000,pre_motion,0.000000,1.853454
0.245000,pre_motion,0.000000,2.028742
0.246000,pre_motion,0.000000,2.204029
0.247000,pre_motion,0.000000,2.379317
0.248000,pre_motion,0.000000,2.554604
0.249000,pre_motion,0.000000,2.729892
0.250000,pre_motion,0.000000,2.748861
0.251000,pre_motion,0.000000,2.648405
0.252000,pre_motion,0.000000,2.547949
0.253000,pre_motion,0.000000,2.447493
0.254000,pre_motion,0.000000,2.347037
0.255000,pre_motion,0.000000,2.246581
0.256000,pre_motion,0.000000,2.146125
0.257000,pre_motion,0.000000,2.047958
0.258000,pre_motion,0.000000,2.222554
0.259000,pre_motion,0.000000,2.397149
0.260000,pre_motion,0.000000,2.571745
0.261000,pre_motion,0.000000,2.746340
0.262000,pre_motion,0.000000,2.920936
0.263000,pre_motion,0.000000,3.095532
0.264000,pre_motion,0.000000,3.270127
0.265000,pre_motion,0.000000,3.346706
0.266000,pre_motion,0.000000,3.303360
0.267000,pre_motion,0.000000,3.260014
0.268000,pre_motion,0.000000,3.216668
0.269000,pre_motion,0.000000,3.173323
0.270000,pre_motion,0.000000,3.129977
0.271000,pre_motion,0.000000,3.086631
0.272000,pre_motion,0.000000,3.043285
0.273000,pre_motion,0.000000,3.000752
0.274000,pre_motion,0.000000,2.958319
0.275000,pre_motion,0.000000,2.915885
0.276000,pre_motion,0.000000,2.873451
0.277000,pre_motion,0.000000,2.831018
0.278000,pre_motion,0.000000,2.788584
0.279000,pre_motion,0.000000,2.746150
0.280000,pre_motion,0.000000,2.671495
0.281000,pre_motion,0.000000,2.532178
0.282000,pre_motion,0.000000,2.392861
0.283000,pre_motion,0.000000,2.253543
0.284000,pre_motion,0.000000,2.114226
0.285000,pre_motion,0.000000,1.974909
0.286000,pre_motion,0.000000,1.835592
0.287000,pre_motion,0.000000,1.696275
0.288000,pre_motion,0.000000,1.759311
0.289000,pre_motion,0.000000,1.881431
0.290000,pre_motion,0.000000,2.003551
0.291000,pre_motion,0.000000,2.125670
0.292000,pre_motion,0.000000,2.247790
0.293000,pre_motion,0.000000,2.369910
0.294000,pre_motion,0.000000,2.492030
0.295000,pre_motion,0.000000,2.599022
0.296000,pre_motion,0.000000,2.650924
0.297000,pre_motion,0.000000,2.702825
0.298000,pre_motion,0.000000,2.754726
0.299000,pre_motion,0.000000,2.806627
0.300000,pre_motion,0.000000,2.858529
0.301000,pre_motion,0.000000,2.910430
0.302000,pre_motion,0.000000,2.962331
0.303000,pre_motion,0.000000,2.978477
0.304000,pre_motion,0.000000,2.975944
0.305000,pre_motion,0.000000,2.973411
0.306000,pre_motion,0.000000,2.970878
0.307000,pre_motion,0.000000,2.968345
0.308000,pre_motion,0.000000,2.965812
0.309000,pre_motion,0.000000,2.963279
0.310000,pre_motion,0.000000,2.959721
0.311000,pre_motion,0.000000,2.946765
0.312000,pre_motion,0.000000,2.933809
0.313000,pre_motion,0.000000,2.920853
0.314000,pre_motion,0.000000,2.907896
0.315000,pre_motion,0.000000,2.894940
0.316000,pre_motion,0.000000,2.881984
0.317000,pre_motion,0.000000,2.869028
0.318000,pre_motion,0.000000,2.859832
0.319000,pre_motion,0.000000,2.853842
0.320000,pre_motion,0.000000,2.847852
0.321000,pre_motion,0.000000,2.841863
0.322000,pre_motion,0.000000,2.835873
0.323000,pre_motion,0.000000,2.829883
0.324000,pre_motion,0.000000,2.823894
0.325000,pre_motion,0.000000,2.817904
0.326000,pre_motion,0.000000,2.842264
0.327000,pre_motion,0.000000,2.867209
0.328000,pre_motion,0.000000,2.892154
0.329000,pre_motion,0.000000,2.917098
0.330000,pre_motion,0.000000,2.942043
0.331000,pre_motion,0.000000,2.966988
0.332000,pre_motion,0.000000,2.991932
0.333000,pre_motion,0.000000,3.046199
0.334000,pre_motion,0.000000,3.140539
0.335000,pre_motion,0.000000,3.234879
0.336000,pre_motion,0.000000,3.329219
0.337000,pre_motion,0.000000,3.423560
0.338000,pre_motion,0.000000,3.517900
0.339000,pre_motion,0.000000,3.612240
0.340000,pre_motion,0.000000,3.706580
0.341000,pre_motion,0.000000,3.551329
0.342000,pre_motion,0.000000,3.356776
0.343000,pre_motion,0.000000,3.162222
0.344000,pre_motion,0.000000,2.967668
0.345000,pre_motion,0.000000,2.773114
0.346000,pre_motion,0.000000,2.578561
0.347000,pre_motion,0.000000,2.384007
0.348000,pre_motion,0.000000,2.159585
0.349000,pre_motion,0.000000,1.867221
0.350000,pre_motion,0.000000,1.574858
0.351000,pre_motion,0.000000,1.282494
0.352000,pre_motion,0.000000,0.990131
0.353000,pre_motion,0.000000,0.697767
0.354000,pre_motion,0.000000,0.405404
0.355000,pre_motion,0.000000,0.113040
0.356000,pre_motion,0.000000,-0.060833
0.357000,pre_motion,0.000000,-0.194532
0.358000,pre_motion,0.000000,-0.328230
0.359000,pre_motion,0.000000,-0.461929
0.360000,pre_motion,0.000000,-0.595628
0.361000,pre_motion,0.000000,-0.729327
0.362000,pre_motion,0.000000,-0.863026
0.363000,pre_motion,0.000000,-0.972279
0.364000,pre_motion,0.000000,-0.976101
0.365000,pre_motion,0.000000,-0.979922
0.366000,pre_motion,0.000000,-0.983744
0.367000,pre_motion,0.000000,-0.987565
0.368000,pre_motion,0.000000,-0.991387
0.369000,pre_motion,0.000000,-0.995208
0.370000,pre_motion,0.000000,-0.999030
0.371000,pre_motion,0.000000,-0.956145
0.372000,pre_motion,0.000000,-0.885787
0.373000,pre_motion,0.000000,-0.815430
0.374000,pre_motion,0.000000,-0.745072
0.375000,pre_motion,0.000000,-0.674714
0.376000,pre_motion,0.000000,-0.604356
0.377000,pre_motion,0.000000,-0.533998
0.378000,pre_motion,0.000000,-0.467350
0.379000,pre_motion,0.000000,-0.449199
0.380000,pre_motion,0.000000,-0.431048
0.381000,pre_motion,0.000000,-0.412896
0.382000,pre_motion,0.000000,-0.394745
0.383000,pre_motion,0.000000,-0.376593
0.384000,pre_motion,0.000000,-0.358442
0.385000,pre_motion,0.000000,-0.340291
0.386000,pre_motion,0.000000,-0.315010
0.387000,pre_motion,0.000000,-0.282947
0.388000,pre_motion,0.000000,-0.250885
0.389000,pre_motion,0.000000,-0.218822
0.390000,pre_motion,0.000000,-0.186759
0.391000,pre_motion,0.000000,-0.154696
0.392000,pre_motion,0.000000,-0.122634
0.393000,pre_motion,0.000000,-0.090571
0.394000,pre_motion,0.000000,-0.099634
0.395000,pre_motion,0.000000,-0.110685
0.396000,pre_motion,0.000000,-0.121736
0.397000,pre_motion,0.000000,-0.132787
0.398000,pre_motion,0.000000,-0.143838
0.399000,pre_motion,0.000000,-0.154888
0.400000,pre_motion,0.000000,-0.165939
0.401000,pre_motion,0.000000,-0.217641
0.402000,pre_motion,0.000000,-0.331523
0.403000,pre_motion,0.000000,-0.445405
0.404000,pre_motion,0.000000,-0.559287
0.405000,pre_motion,0.000000,-0.673169
0.406000,pre_motion,0.000000,-0.787051
0.407000,pre_motion,0.000000,-0.900933
0.408000,pre_motion,0.000000,-1.014815
0.409000,pre_motion,0.000000,-1.131659
0.410000,pre_motion,0.000000,-1.249081
0.411000,pre_motion,0.000000,-1.366502
0.412000,pre_motion,0.000000,-1.483924
0.413000,pre_motion,0.000000,-1.601346
0.414000,pre_motion,0.000000,-1.718768
0.415000,pre_motion,0.000000,-1.836189
0.416000,pre_motion,0.000000,-1.922452
0.417000,pre_motion,0.000000,-1.927859
0.418000,pre_motion,0.000000,-1.933266
0.419000,pre_motion,0.000000,-1.938673
0.420000,pre_motion,0.000000,-1.944080
0.421000,pre_motion,0.000000,-1.949487
0.422000,pre_motion,0.000000,-1.954894
0.423000,pre_motion,0.000000,-1.960301
0.424000,pre_motion,0.000000,-1.936333
0.425000,pre_motion,0.000000,-1.900919
0.426000,pre_motion,0.000000,-1.865505
0.427000,pre_motion,0.000000,-1.830091
0.428000,pre_motion,0.000000,-1.794677
0.429000,pre_motion,0.000000,-1.759263
0.430000,pre_motion,0.000000,-1.723849
0.431000,pre_motion,0.000000,-1.688435
0.432000,pre_motion,0.000000,-1.653021
0.433000,pre_motion,0.000000,-1.617607
0.434000,pre_motion,0.000000,-1.582193
0.435000,pre_motion,0.000000,-1.546779
0.436000,pre_motion,0.000000,-1.511365
0.437000,pre_motion,0.000000,-1.475951
0.438000,pre_motion,0.000000,-1.440537
0.439000,pre_motion,0.000000,-1.327543
0.440000,pre_motion,0.000000,-1.163352
0.441000,pre_motion,0.000000,-0.999160
0.442000,pre_motion,0.000000,-0.834969
0.443000,pre_motion,0.000000,-0.670777
0.444000,pre_motion,0.000000,-0.506586
0.445000,pre_motion,0.000000,-0.342394
0.446000,pre_motion,0.000000,-0.179085
0.447000,pre_motion,0.000000,-0.035016
0.448000,pre_motion,0.000000,0.109053
0.449000,pre_motion,0.000000,0.253122
0.450000,pre_motion,0.000000,0.397191
0.451000,pre_motion,0.000000,0.541260
0.452000,pre_motion,0.000000,0.685329
0.453000,pre_motion,0.000000,0.829398
0.454000,pre_motion,0.000000,0.929302
0.455000,pre_motion,0.000000,0.982360
0.456000,pre_motion,0.000000,1.035417
0.457000,pre_motion,0.000000,1.088475
0.458000,pre_motion,0.000000,1.141533
0.459000,pre_motion,0.000000,1.194590
0.460000,pre_motion,0.000000,1.247648
0.461000,pre_motion,0.000000,1.300706
0.462000,pre_motion,0.000000,1.315582
0.463000,pre_motion,0.000000,1.327438
0.464000,pre_motion,0.000000,1.339294
0.465000,pre_motion,0.000000,1.351149
0.466000,pre_motion,0.000000,1.363005
0.467000,pre_motion,0.000000,1.374861
0.468000,pre_motion,0.000000,1.386717
0.469000,pre_motion,0.000000,1.333745
0.470000,pre_motion,0.000000,1.169492
0.471000,pre_motion,0.000000,1.005239
0.472000,pre_motion,0.000000,0.840987
0.473000,pre_motion,0.000000,0.676734
0.474000,pre_motion,0.000000,0.512481
0.475000,pre_motion,0.000000,0.348228
0.476000,pre_motion,0.000000,0.183976
0.477000,pre_motion,0.000000,0.028602
0.478000,pre_motion,0.000000,-0.124682
0.479000,pre_motion,0.000000,-0.277966
0.480000,pre_motion,0.000000,-0.431250
0.481000,pre_motion,0.000000,-0.584534
0.482000,pre_motion,0.000000,-0.737818
0.483000,pre_motion,0.000000,-0.891102
0.484000,pre_motion,0.000000,-0.972100
0.485000,pre_motion,0.000000,-0.837340
0.486000,pre_motion,0.000000,-0.702581
0.487000,pre_motion,0.000000,-0.567821
0.488000,pre_motion,0.000000,-0.433061
0.489000,pre_motion,0.000000,-0.298302
0.490000,pre_motion,0.000000,-0.163542
0.491000,pre_motion,0.000000,-0.028783
0.492000,pre_motion,0.000000,-0.049584
0.493000,pre_motion,0.000000,-0.139500
0.494000,pre_motion,0.000000,-0.229417
0.495000,pre_motion,0.000000,-0.319334
0.496000,pre_motion,0.000000,-0.409250
0.497000,pre_motion,0.000000,-0.499167
0.498000,pre_motion,0.000000,-0.589084
0.499000,pre_motion,0.000000,-0.666163
0.500000,pre_motion,0.000000,-0.660136
0.501000,pre_motion,0.000000,-0.654109
0.502000,pre_motion,0.000000,-0.648082
0.503000,pre_motion,0.000000,-0.642055
0.504000,pre_motion,0.000000,-0.636028
0.505000,pre_motion,0.000000,-0.630001
0.506000,pre_motion,0.000000,-0.623974
0.507000,pre_motion,0.000000,-0.641404
0.508000,pre_motion,0.000000,-0.676156
0.509000,pre_motion,0.000000,-0.710907
0.510000,pre_motion,0.000000,-0.745659
0.511000,pre_motion,0.000000,-0.780411
0.512000,pre_motion,0.000000,-0.815162
0.513000,pre_motion,0.000000,-0.849914
0.514000,pre_motion,0.000000,-0.882041
0.515000,pre_motion,0.000000,-0.759060
0.516000,pre_motion,0.000000,-0.636080
0.517000,pre_motion,0.000000,-0.513099
0.518000,pre_motion,0.000000,-0.390119
0.519000,pre_motion,0.000000,-0.267139
0.520000,pre_motion,0.000000,-0.144158
0.521000,pre_motion,0.000000,-0.021178
0.522000,pre_motion,0.000000,0.041453
0.523000,pre_motion,0.000000,0.032682
0.524000,pre_motion,0.000000,0.023912
0.525000,pre_motion,0.000000,0.015142
0.526000,pre_motion,0.000000,0.006371
0.527000,pre_motion,0.000000,-0.002399
0.528000,pre_motion,0.000000,-0.011170
0.529000,pre_motion,0.000000,-0.019940
0.530000,pre_motion,0.000000,0.104497
0.531000,pre_motion,0.000000,0.243819
0.532000,pre_motion,0.000000,0.383142
0.533000,pre_motion,0.000000,0.522464
0.534000,pre_motion,0.000000,0.661787
0.535000,pre_motion,0.000000,0.801109
0.536000,pre_motion,0.000000,0.940432
0.537000,pre_motion,0.000000,0.954081
0.538000,pre_motion,0.000000,0.724756
0.539000,pre_motion,0.000000,0.495432
0.540000,pre_motion,0.000000,0.266107
0.541000,pre_motion,0.000000,0.036782
0.542000,pre_motion,0.000000,-0.192543
0.543000,pre_motion,0.000000,-0.421867
0.544000,pre_motion,0.000000,-0.651192
0.545000,pre_motion,0.000000,-0.830543
0.546000,pre_motion,0.000000,-0.995988
0.547000,pre_motion,0.000000,-1.161434
0.548000,pre_motion,0.000000,-1.326880
0.549000,pre_motion,0.000000,-1.492326
0.550000,pre_motion,0.000000,-1.657772
0.551000,pre_motion,0.000000,-1.823217
0.552000,pre_motion,0.000000,-1.915294
0.553000,pre_motion,0.000000,-1.752831
0.554000,pre_motion,0.000000,-1.590367
0.555000,pre_motion,0.000000,-1.427904
0.556000,pre_motion,0.000000,-1.265440
0.557000,pre_motion,0.000000,-1.102977
0.558000,pre_motion,0.000000,-0.940513
0.559000,pre_motion,0.000000,-0.778050
0.560000,pre_motion,0.000000,-0.719259
0.561000,pre_motion,0.000000,-0.712655
0.562000,pre_motion,0.000000,-0.706051
0.563000,pre_motion,0.000000,-0.699447
0.564000,pre_motion,0.000000,-0.692843
0.565000,pre_motion,0.000000,-0.686239
0.566000,pre_motion,0.000000,-0.679634
0.567000,pre_motion,0.000000,-0.667317
0.568000,pre_motion,0.000000,-0.607109
0.569000,pre_motion,0.000000,-0.546901
0.570000,pre_motion,0.000000,-0.486693
0.571000,pre_motion,0.000000,-0.426485
0.572000,pre_motion,0.000000,-0.366277
0.573000,pre_motion,0.000000,-0.306069
0.574000,pre_motion,0.000000,-0.245861
0.575000,pre_motion,0.000000,-0.136045
0.576000,pre_motion,0.000000,0.014685
0.577000,pre_motion,0.000000,0.165416
0.578000,pre_motion,0.000000,0.316147
0.579000,pre_motion,0.000000,0.466878
0.580000,pre_motion,0.000000,0.617609
0.581000,pre_motion,0.000000,0.768339
0.582000,pre_motion,0.000000,0.919070
0.583000,pre_motion,0.000000,0.853842
0.584000,pre_motion,0.000000,0.786307
0.585000,pre_motion,0.000000,0.718772
0.586000,pre_motion,0.000000,0.651237
0.587000,pre_motion,0.000000,0.583702
0.588000,pre_motion,0.000000,0.516167
0.589000,pre_motion,0.000000,0.448632
0.590000,pre_motion,0.000000,0.395480
0.591000,pre_motion,0.000000,0.361328
0.592000,pre_motion,0.000000,0.327175
0.593000,pre_motion,0.000000,0.293023
0.594000,pre_motion,0.000000,0.258871
0.595000,pre_motion,0.000000,0.224719
0.596000,pre_motion,0.000000,0.190567
0.597000,pre_motion,0.000000,0.156415
0.598000,pre_motion,0.000000,0.133972
0.599000,pre_motion,0.000000,0.113243
0.600000,pre_motion,0.000000,0.092515
0.601000,pre_motion,0.000000,0.071786
0.602000,pre_motion,0.000000,0.051057
0.603000,pre_motion,0.000000,0.030329
0.604000,pre_motion,0.000000,0.009600
0.605000,pre_motion,0.000000,0.015256
0.606000,pre_motion,0.000000,0.078634
0.607000,pre_motion,0.000000,0.142013
0.608000,pre_motion,0.000000,0.205392
0.609000,pre_motion,0.000000,0.268771
0.610000,pre_motion,0.000000,0.332149
0.611000,pre_motion,0.000000,0.395528
0.612000,pre_motion,0.000000,0.458907
0.613000,pre_motion,0.000000,0.217263
0.614000,pre_motion,0.000000,-0.123300
0.615000,pre_motion,0.000000,-0.463863
0.616000,pre_motion,0.000000,-0.804426
0.617000,pre_motion,0.000000,-1.144989
0.618000,pre_motion,0.000000,-1.485551
0.619000,pre_motion,0.000000,-1.826114
0.620000,pre_motion,0.000000,-2.077690
0.621000,pre_motion,0.000000,-1.965480
0.622000,pre_motion,0.000000,-1.853270
0.623000,pre_motion,0.000000,-1.741060
0.624000,pre_motion,0.000000,-1.628850
0.625000,pre_motion,0.000000,-1.516640
0.626000,pre_motion,0.000000,-1.404430
0.627000,pre_motion,0.000000,-1.292220
0.628000,pre_motion,0.000000,-1.205970
0.629000,pre_motion,0.000000,-1.134451
0.630000,pre_motion,0.000000,-1.062932
0.631000,pre_motion,0.000000,-0.991413
0.632000,pre_motion,0.000000,-0.919895
0.633000,pre_motion,0.000000,-0.848376
0.634000,pre_motion,0.000000,-0.776857
0.635000,pre_motion,0.000000,-0.701588
0.636000,pre_motion,0.000000,-0.582833
0.637000,pre_motion,0.000000,-0.464077
0.638000,pre_motion,0.000000,-0.345321
0.639000,pre_motion,0.000000,-0.226565
0.640000,pre_motion,0.000000,-0.107810
0.641000,pre_motion,0.000000,0.010946
0.642000,pre_motion,0.000000,0.129702
0.643000,pre_motion,0.000000,0.141597
0.644000,pre_motion,0.000000,0.055167
0.645000,pre_motion,0.000000,-0.031264
0.646000,pre_motion,0.000000,-0.117694
0.647000,pre_motion,0.000000,-0.204124
0.648000,pre_motion,0.000000,-0.290554
0.649000,pre_motion,0.000000,-0.376984
0.650000,pre_motion,0.000000,-0.463414
0.651000,pre_motion,0.000000,-0.316988
0.652000,pre_motion,0.000000,-0.161419
0.653000,pre_motion,0.000000,-0.005850
0.654000,pre_motion,0.000000,0.149719
0.655000,pre_motion,0.000000,0.305288
0.656000,pre_motion,0.000000,0.460857
0.657000,pre_motion,0.000000,0.616425
0.658000,pre_motion,0.000000,0.663250
0.659000,pre_motion,0.000000,0.549413
0.660000,pre_motion,0.000000,0.435576
0.661000,pre_motion,0.000000,0.321738
0.662000,pre_motion,0.000000,0.207901
0.663000,pre_motion,0.000000,0.094064
0.664000,pre_motion,0.000000,-0.019773
0.665000,pre_motion,0.000000,-0.133611
0.666000,pre_motion,0.000000,-0.062212
0.667000,pre_motion,0.000000,0.043149
0.668000,pre_motion,0.000000,0.148510
0.669000,pre_motion,0.000000,0.253870
0.670000,pre_motion,0.000000,0.359231
0.671000,pre_motion,0.000000,0.464592
0.672000,pre_motion,0.000000,0.569953
0.673000,pre_motion,0.000000,0.567824
0.674000,pre_motion,0.000000,0.297987
0.675000,pre_motion,0.000000,0.028150
0.676000,pre_motion,0.000000,-0.241687
0.677000,pre_motion,0.000000,-0.511524
0.678000,pre_motion,0.000000,-0.781361
0.679000,pre_motion,0.000000,-1.051198
0.680000,pre_motion,0.000000,-1.321035
0.681000,pre_motion,0.000000,-1.445688
0.682000,pre_motion,0.000000,-1.516070
0.683000,pre_motion,0.000000,-1.586453
0.684000,pre_motion,0.000000,-1.656835
0.685000,pre_motion,0.000000,-1.727218
0.686000,pre_motion,0.000000,-1.797600
0.687000,pre_motion,0.000000,-1.867983
0.688000,pre_motion,0.000000,-1.917648
0.689000,pre_motion,0.000000,-1.865678
0.690000,pre_motion,0.000000,-1.813709
0.691000,pre_motion,0.000000,-1.761739
0.692000,pre_motion,0.000000,-1.709770
0.693000,pre_motion,0.000000,-1.657800
0.694000,pre_motion,0.000000,-1.605831
0.695000,pre_motion,0.000000,-1.553861
0.696000,pre_motion,0.000000,-1.572600
0.697000,pre_motion,0.000000,-1.636405
0.698000,pre_motion,0.000000,-1.700209
0.699000,pre_motion,0.000000,-1.764013
0.700000,pre_motion,0.000000,-1.827817
0.701000,pre_motion,0.000000,-1.891621
0.702000,pre_motion,0.000000,-1.955425
0.703000,pre_motion,0.000000,-2.011912
0.704000,pre_motion,0.000000,-1.935466
0.705000,pre_motion,0.000000,-1.859020
0.706000,pre_motion,0.000000,-1.782574
0.707000,pre_motion,0.000000,-1.706128
0.708000,pre_motion,0.000000,-1.629682
0.709000,pre_motion,0.000000,-1.553236
0.710000,pre_motion,0.000000,-1.476790
0.711000,pre_motion,0.000000,-1.495114
0.712000,pre_motion,0.000000,-1.610669
0.713000,pre_motion,0.000000,-1.726224
0.714000,pre_motion,0.000000,-1.841779
0.715000,pre_motion,0.000000,-1.957334
0.716000,pre_motion,0.000000,-2.072889
0.717000,pre_motion,0.000000,-2.188443
0.718000,pre_motion,0.000000,-2.303998
0.719000,pre_motion,0.000000,-2.088904
0.720000,pre_motion,0.000000,-1.850828
0.721000,pre_motion,0.000000,-1.612752
0.722000,pre_motion,0.000000,-1.374676
0.723000,pre_motion,0.000000,-1.136601
0.724000,pre_motion,0.000000,-0.898525
0.725000,pre_motion,0.000000,-0.660449
0.726000,pre_motion,0.000000,-0.532832
0.727000,pre_motion,0.000000,-0.588192
0.728000,pre_motion,0.000000,-0.643551
0.729000,pre_motion,0.000000,-0.698910
0.730000,pre_motion,0.000000,-0.754270
0.731000,pre_motion,0.000000,-0.809629
0.732000,pre_motion,0.000000,-0.864988
0.733000,pre_motion,0.000000,-0.920348
0.734000,pre_motion,0.000000,-0.906666
0.735000,pre_motion,0.000000,-0.877607
0.736000,pre_motion,0.000000,-0.848549
0.737000,pre_motion,0.000000,-0.819491
0.738000,pre_motion,0.000000,-0.790432
0.739000,pre_motion,0.000000,-0.761374
0.740000,pre_motion,0.000000,-0.732316
0.741000,pre_motion,0.000000,-0.713132
0.742000,pre_motion,0.000000,-0.722159
0.743000,pre_motion,0.000000,-0.731187
0.744000,pre_motion,0.000000,-0.740214
0.745000,pre_motion,0.000000,-0.749241
0.746000,pre_motion,0.000000,-0.758268
0.747000,pre_motion,0.000000,-0.767296
0.748000,pre_motion,0.000000,-0.776323
0.749000,pre_motion,0.000000,-0.785350
0.750000,pre_motion,0.000000,-0.794378
0.751000,pre_motion,0.000000,-0.803405
0.752000,pre_motion,0.000000,-0.812432
0.753000,pre_motion,0.000000,-0.821459
0.754000,pre_motion,0.000000,-0.830487
0.755000,pre_motion,0.000000,-0.839514
0.756000,pre_motion,0.000000,-0.838345
0.757000,pre_motion,0.000000,-0.775626
0.758000,pre_motion,0.000000,-0.712906
0.759000,pre_motion,0.000000,-0.650187
0.760000,pre_motion,0.000000,-0.587468
0.761000,pre_motion,0.000000,-0.524749
0.762000,pre_motion,0.000000,-0.462030
0.763000,pre_motion,0.000000,-0.399310
0.764000,pre_motion,0.000000,-0.348041
0.765000,pre_motion,0.000000,-0.304942
0.766000,pre_motion,0.000000,-0.261843
0.767000,pre_motion,0.000000,-0.218745
0.768000,pre_motion,0.000000,-0.175646
0.769000,pre_motion,0.000000,-0.132548
0.770000,pre_motion,0.000000,-0.089449
0.771000,pre_motion,0.000000,-0.043576
0.772000,pre_motion,0.000000,0.110669
0.773000,pre_motion,0.000000,0.264914
0.774000,pre_motion,0.000000,0.419159
0.775000,pre_motion,0.000000,0.573404
0.776000,pre_motion,0.000000,0.727649
0.777000,pre_motion,0.000000,0.881895
0.778000,pre_motion,0.000000,1.036140
0.779000,pre_motion,0.000000,1.131965
0.780000,pre_motion,0.000000,1.160948
0.781000,pre_motion,0.000000,1.189932
0.782000,pre_motion,0.000000,1.218915
0.783000,pre_motion,0.000000,1.247899
0.784000,pre_motion,0.000000,1.276882
0.785000,pre_motion,0.000000,1.305865
0.786000,pre_motion,0.000000,1.334849
0.787000,pre_motion,0.000000,1.414275
0.788000,pre_motion,0.000000,1.498823
0.789000,pre_motion,0.000000,1.583372
0.790000,pre_motion,0.000000,1.667921
0.791000,pre_motion,0.000000,1.752470
0.792000,pre_motion,0.000000,1.837019
0.793000,pre_motion,0.000000,1.921568
0.794000,pre_motion,0.000000,1.963111
0.795000,pre_motion,0.000000,1.924516
0.796000,pre_motion,0.000000,1.885920
0.797000,pre_motion,0.000000,1.847325
0.798000,pre_motion,0.000000,1.808729
0.799000,pre_motion,0.000000,1.770134
0.800000,pre_motion,0.000000,1.731538
0.801000,pre_motion,0.000000,1.692943
0.802000,pre_motion,0.000000,1.805720
0.803000,pre_motion,0.000000,1.958579
0.804000,pre_motion,0.000000,2.111438
0.805000,pre_motion,0.000000,2.264297
0.806000,pre_motion,0.000000,2.417156
0.807000,pre_motion,0.000000,2.570015
0.808000,pre_motion,0.000000,2.722873
0.809000,pre_motion,0.000000,2.835870
0.810000,pre_motion,0.000000,2.816959
0.811000,pre_motion,0.000000,2.798048
0.812000,pre_motion,0.000000,2.779137
0.813000,pre_motion,0.000000,2.760226
0.814000,pre_motion,0.000000,2.741315
0.815000,pre_motion,0.000000,2.722404
0.816000,pre_motion,0.000000,2.703493
0.817000,pre_motion,0.000000,2.505132
0.818000,pre_motion,0.000000,2.219772
0.819000,pre_motion,0.000000,1.934412
0.820000,pre_motion,0.000000,1.649052
0.821000,pre_motion,0.000000,1.363691
0.822000,pre_motion,0.000000,1.078331
0.823000,pre_motion,0.000000,0.792971
0.824000,pre_motion,0.000000,0.519817
0.825000,pre_motion,0.000000,0.340683
0.826000,pre_motion,0.000000,0.161549
0.827000,pre_motion,0.000000,-0.017585
0.828000,pre_motion,0.000000,-0.196719
0.829000,pre_motion,0.000000,-0.375853
0.830000,pre_motion,0.000000,-0.554987
0.831000,pre_motion,0.000000,-0.734121
0.832000,pre_motion,0.000000,-0.742189
0.833000,pre_motion,0.000000,-0.613834
0.834000,pre_motion,0.000000,-0.485480
0.835000,pre_motion,0.000000,-0.357125
0.836000,pre_motion,0.000000,-0.228770
0.837000,pre_motion,0.000000,-0.100415
0.838000,pre_motion,0.000000,0.027940
0.839000,pre_motion,0.000000,0.156294
0.840000,pre_motion,0.000000,-0.004054
0.841000,pre_motion,0.000000,-0.165052
0.842000,pre_motion,0.000000,-0.326051
0.843000,pre_motion,0.000000,-0.487050
0.844000,pre_motion,0.000000,-0.648048
0.845000,pre_motion,0.000000,-0.809047
0.846000,pre_motion,0.000000,-0.970046
0.847000,pre_motion,0.000000,-1.031938
0.848000,pre_motion,0.000000,-0.967270
0.849000,pre_motion,0.000000,-0.902603
0.850000,pre_motion,0.000000,-0.837936
0.851000,pre_motion,0.000000,-0.773268
0.852000,pre_motion,0.000000,-0.708601
0.853000,pre_motion,0.000000,-0.643934
0.854000,pre_motion,0.000000,-0.579266
0.855000,pre_motion,0.000000,-0.412968
0.856000,pre_motion,0.000000,-0.232888
0.857000,pre_motion,0.000000,-0.052808
0.858000,pre_motion,0.000000,0.127272
0.859000,pre_motion,0.000000,0.307352
0.860000,pre_motion,0.000000,0.487431
0.861000,pre_motion,0.000000,0.667511
0.862000,pre_motion,0.000000,0.801513
0.863000,pre_motion,0.000000,0.838501
0.864000,pre_motion,0.000000,0.875489
0.865000,pre_motion,0.000000,0.912477
0.866000,pre_motion,0.000000,0.949465
0.867000,pre_motion,0.000000,0.986453
0.868000,pre_motion,0.000000,1.023441
0.869000,pre_motion,0.000000,1.060428
0.870000,pre_motion,0.000000,1.062000
0.871000,pre_motion,0.000000,1.052598
0.872000,pre_motion,0.000000,1.043196
0.873000,pre_motion,0.000000,1.033793
0.874000,pre_motion,0.000000,1.024391
0.875000,pre_motion,0.000000,1.014989
0.876000,pre_motion,0.000000,1.005586
0.877000,pre_motion,0.000000,0.965394
0.878000,pre_motion,0.000000,0.805694
0.879000,pre_motion,0.000000,0.645993
0.880000,pre_motion,0.000000,0.486293
0.881000,pre_motion,0.000000,0.326592
0.882000,pre_motion,0.000000,0.166892
0.883000,pre_motion,0.000000,0.007191
0.884000,pre_motion,0.000000,-0.152509
0.885000,pre_motion,0.000000,-0.176687
0.886000,pre_motion,0.000000,-0.126690
0.887000,pre_motion,0.000000,-0.076693
0.888000,pre_motion,0.000000,-0.026697
0.889000,pre_motion,0.000000,0.023300
0.890000,pre_motion,0.000000,0.073297
0.891000,pre_motion,0.000000,0.123294
0.892000,pre_motion,0.000000,0.170417
0.893000,pre_motion,0.000000,0.187656
0.894000,pre_motion,0.000000,0.204894
0.895000,pre_motion,0.000000,0.222132
0.896000,pre_motion,0.000000,0.239371
0.897000,pre_motion,0.000000,0.256609
0.898000,pre_motion,0.000000,0.273847
0.899000,pre_motion,0.000000,0.291086
0.900000,pre_motion,0.000000,0.228641
0.901000,pre_motion,0.000000,0.095286
0.902000,pre_motion,0.000000,-0.038070
0.903000,pre_motion,0.000000,-0.171426
0.904000,pre_motion,0.000000,-0.304782
0.905000,pre_motion,0.000000,-0.438137
0.906000,pre_motion,0.000000,-0.571493
0.907000,pre_motion,0.000000,-0.704849
0.908000,pre_motion,0.000000,-0.900817
0.909000,pre_motion,0.000000,-1.098686
0.910000,pre_motion,0.000000,-1.296555
0.911000,pre_motion,0.000000,-1.494424
0.912000,pre_motion,0.000000,-1.692293
0.913000,pre_motion,0.000000,-1.890162
0.914000,pre_motion,0.000000,-2.088031
0.915000,pre_motion,0.000000,-2.122913
0.916000,pre_motion,0.000000,-1.925147
0.917000,pre_motion,0.000000,-1.727382
0.918000,pre_motion,0.000000,-1.529616
0.919000,pre_motion,0.000000,-1.331851
0.920000,pre_motion,0.000000,-1.134085
0.921000,pre_motion,0.000000,-0.936320
0.922000,pre_motion,0.000000,-0.738554
0.923000,pre_motion,0.000000,-0.616018
0.924000,pre_motion,0.000000,-0.506406
0.925000,pre_motion,0.000000,-0.396794
0.926000,pre_motion,0.000000,-0.287182
0.927000,pre_motion,0.000000,-0.177570
0.928000,pre_motion,0.000000,-0.067958
0.929000,pre_motion,0.000000,0.041654
0.930000,pre_motion,0.000000,0.128408
0.931000,pre_motion,0.000000,0.160481
0.932000,pre_motion,0.000000,0.192555
0.933000,pre_motion,0.000000,0.224629
0.934000,pre_motion,0.000000,0.256703
0.935000,pre_motion,0.000000,0.288776
0.936000,pre_motion,0.000000,0.320850
0.937000,pre_motion,0.000000,0.352924
0.938000,pre_motion,0.000000,0.204217
0.939000,pre_motion,0.000000,-0.009260
0.940000,pre_motion,0.000000,-0.222736
0.941000,pre_motion,0.000000,-0.436213
0.942000,pre_motion,0.000000,-0.649690
0.943000,pre_motion,0.000000,-0.863166
0.944000,pre_motion,0.000000,-1.076643
0.945000,pre_motion,0.000000,-1.228602
0.946000,pre_motion,0.000000,-1.095791
0.947000,pre_motion,0.000000,-0.962980
0.948000,pre_motion,0.000000,-0.830169
0.949000,pre_motion,0.000000,-0.697358
0.950000,pre_motion,0.000000,-0.564548
0.951000,pre_motion,0.000000,-0.431737
0.952000,pre_motion,0.000000,-0.298926
0.953000,pre_motion,0.000000,-0.350171
0.954000,pre_motion,0.000000,-0.514671
0.955000,pre_motion,0.000000,-0.679171
0.956000,pre_motion,0.000000,-0.843671
0.957000,pre_motion,0.000000,-1.008172
0.958000,pre_motion,0.000000,-1.172672
0.959000,pre_motion,0.000000,-1.337172
0.960000,pre_motion,0.000000,-1.480659
0.961000,pre_motion,0.000000,-1.297787
0.962000,pre_motion,0.000000,-1.114915
0.963000,pre_motion,0.000000,-0.932042
0.964000,pre_motion,0.000000,-0.749170
0.965000,pre_motion,0.000000,-0.566298
0.966000,pre_motion,0.000000,-0.383426
0.967000,pre_motion,0.000000,-0.200554
0.968000,pre_motion,0.000000,-0.296903
0.969000,pre_motion,0.000000,-0.670348
0.970000,pre_motion,0.000000,-1.043793
0.971000,pre_motion,0.000000,-1.417238
0.972000,pre_motion,0.000000,-1.790682
0.973000,pre_motion,0.000000,-2.164127
0.974000,pre_motion,0.000000,-2.537572
0.975000,pre_motion,0.000000,-2.911016
0.976000,pre_motion,0.000000,-2.785081
0.977000,pre_motion,0.000000,-2.629148
0.978000,pre_motion,0.000000,-2.473214
0.979000,pre_motion,0.000000,-2.317281
0.980000,pre_motion,0.000000,-2.161347
0.981000,pre_motion,0.000000,-2.005414
0.982000,pre_motion,0.000000,-1.849481
0.983000,pre_motion,0.000000,-1.677989
0.984000,pre_motion,0.000000,-1.481618
0.985000,pre_motion,0.000000,-1.285247
0.986000,pre_motion,0.000000,-1.088876
0.987000,pre_motion,0.000000,-0.892506
0.988000,pre_motion,0.000000,-0.696135
0.989000,pre_motion,0.000000,-0.499764
0.990000,pre_motion,0.000000,-0.303393
0.991000,pre_motion,0.000000,-0.161617
0.992000,pre_motion,0.000000,-0.031327
0.993000,pre_motion,0.000000,0.098962
0.994000,pre_motion,0.000000,0.229252
0.995000,pre_motion,0.000000,0.359542
0.996000,pre_motion,0.000000,0.489832
0.997000,pre_motion,0.000000,0.620121
0.998000,pre_motion,0.000000,0.730691
0.999000,pre_motion,0.000000,0.787285
1.000000,pre_motion,0.000000,0.843879
1.001000,pre_motion,0.000000,0.900474
1.002000,pre_motion,0.000000,0.957068
1.003000,pre_motion,0.000000,1.013662
1.004000,pre_motion,0.000000,1.070256
1.005000,pre_motion,0.000000,1.126851
1.006000,pre_motion,0.000000,1.089968
1.007000,pre_motion,0.000000,1.014721
1.008000,pre_motion,0.000000,0.939474
1.009000,pre_motion,0.000000,0.864228
1.010000,pre_motion,0.000000,0.788981
1.011000,pre_motion,0.000000,0.713735
1.012000,pre_motion,0.000000,0.638488
1.013000,pre_motion,0.000000,0.558552
1.014000,pre_motion,0.000000,0.452130
1.015000,pre_motion,0.000000,0.345707
1.016000,pre_motion,0.000000,0.239285
1.017000,pre_motion,0.000000,0.132863
1.018000,pre_motion,0.000000,0.026441
1.019000,pre_motion,0.000000,-0.079981
1.020000,pre_motion,0.000000,-0.186403
1.021000,pre_motion,0.000000,-0.291979
1.022000,pre_motion,0.000000,-0.396972
1.023000,pre_motion,0.000000,-0.501964
1.024000,pre_motion,0.000000,-0.606957
1.025000,pre_motion,0.000000,-0.711949
1.026000,pre_motion,0.000000,-0.816942
1.027000,pre_motion,0.000000,-0.921934
1.028000,pre_motion,0.000000,-1.026429
1.029000,pre_motion,0.000000,-1.116476
1.030000,pre_motion,0.000000,-1.206522
1.031000,pre_motion,0.000000,-1.296569
1.032000,pre_motion,0.000000,-1.386615
1.033000,pre_motion,0.000000,-1.476662
1.034000,pre_motion,0.000000,-1.566708
1.035000,pre_motion,0.000000,-1.656755
1.036000,pre_motion,0.000000,-1.740903
1.037000,pre_motion,0.000000,-1.818522
1.038000,pre_motion,0.000000,-1.896142
1.039000,pre_motion,0.000000,-1.973762
1.040000,pre_motion,0.000000,-2.051382
1.041000,pre_motion,0.000000,-2.129002
1.042000,pre_motion,0.000000,-2.206622
1.043000,pre_motion,0.000000,-2.284242
1.044000,pre_motion,0.000000,-2.240027
1.045000,pre_motion,0.000000,-2.184657
1.046000,pre_motion,0.000000,-2.129288
1.047000,pre_motion,0.000000,-2.073918
1.048000,pre_motion,0.000000,-2.018548
1.049000,pre_motion,0.000000,-1.963179
1.050000,pre_motion,0.000000,-1.907809
1.051000,pre_motion,0.000000,-1.854936
1.052000,pre_motion,0.000000,-1.806548
1.053000,pre_motion,0.000000,-1.758161
1.054000,pre_motion,0.000000,-1.709773
1.055000,pre_motion,0.000000,-1.661385
1.056000,pre_motion,0.000000,-1.612998
1.057000,pre_motion,0.000000,-1.564610
1.058000,pre_motion,0.000000,-1.516223
1.059000,pre_motion,0.000000,-1.452241
1.060000,pre_motion,0.000000,-1.384336
1.061000,pre_motion,0.000000,-1.316431
1.062000,pre_motion,0.000000,-1.248526
1.063000,pre_motion,0.000000,-1.180621
1.064000,pre_motion,0.000000,-1.112716
1.065000,pre_motion,0.000000,-1.044811
1.066000,pre_motion,0.000000,-0.976906
1.067000,pre_motion,0.000000,-0.909001
1.068000,pre_motion,0.000000,-0.841096
1.069000,pre_motion,0.000000,-0.773191
1.070000,pre_motion,0.000000,-0.705286
1.071000,pre_motion,0.000000,-0.637381
1.072000,pre_motion,0.000000,-0.569476
1.073000,pre_motion,0.000000,-0.501571
1.074000,pre_motion,0.000000,-0.408900
1.075000,pre_motion,0.000000,-0.304672
1.076000,pre_motion,0.000000,-0.200443
1.077000,pre_motion,0.000000,-0.096215
1.078000,pre_motion,0.000000,0.008013
1.079000,pre_motion,0.000000,0.112242
1.080000,pre_motion,0.000000,0.216470
1.081000,pre_motion,0.000000,0.295843
1.082000,pre_motion,0.000000,0.198366
1.083000,pre_motion,0.000000,0.100890
1.084000,pre_motion,0.000000,0.003414
1.085000,pre_motion,0.000000,-0.094062
1.086000,pre_motion,0.000000,-0.191538
1.087000,pre_motion,0.000000,-0.289014
1.088000,pre_motion,0.000000,-0.386490
1.089000,pre_motion,0.000000,-0.545631
1.090000,pre_motion,0.000000,-0.752315
1.091000,pre_motion,0.000000,-0.958999
1.092000,pre_motion,0.000000,-1.165683
1.093000,pre_motion,0.000000,-1.372367
1.094000,pre_motion,0.000000,-1.579051
1.095000,pre_motion,0.000000,-1.785735
1.096000,pre_motion,0.000000,-1.991829
1.097000,pre_motion,0.000000,-2.101407
1.098000,pre_motion,0.000000,-2.210984
1.099000,pre_motion,0.000000,-2.320562
1.100000,pre_motion,0.000000,-2.430140
1.101000,pre_motion,0.000000,-2.539717
1.102000,pre_motion,0.000000,-2.649295
1.103000,pre_motion,0.000000,-2.758873
1.104000,pre_motion,0.000000,-2.823598
1.105000,pre_motion,0.000000,-2.832947
1.106000,pre_motion,0.000000,-2.842295
1.107000,pre_motion,0.000000,-2.851643
1.108000,pre_motion,0.000000,-2.860991
1.109000,pre_motion,0.000000,-2.870340
1.110000,pre_motion,0.000000,-2.879688
1.111000,pre_motion,0.000000,-2.889036
1.112000,pre_motion,0.000000,-2.763180
1.113000,pre_motion,0.000000,-2.620427
1.114000,pre_motion,0.000000,-2.477674
1.115000,pre_motion,0.000000,-2.334922
1.116000,pre_motion,0.000000,-2.192169
1.117000,pre_motion,0.000000,-2.049416
1.118000,pre_motion,0.000000,-1.906663
1.119000,pre_motion,0.000000,-1.731229
1.120000,pre_motion,0.000000,-1.489540
1.121000,pre_motion,0.000000,-1.247851
1.122000,pre_motion,0.000000,-1.006162
1.123000,pre_motion,0.000000,-0.764474
1.124000,pre_motion,0.000000,-0.522785
1.125000,pre_motion,0.000000,-0.281096
1.126000,pre_motion,0.000000,-0.039408
1.127000,pre_motion,0.000000,-0.237172
1.128000,pre_motion,0.000000,-0.564901
1.129000,pre_motion,0.000000,-0.892631
1.130000,pre_motion,0.000000,-1.220361
1.131000,pre_motion,0.000000,-1.548091
1.132000,pre_motion,0.000000,-1.875820
1.133000,pre_motion,0.000000,-2.203550
1.134000,pre_motion,0.000000,-2.413386
1.135000,pre_motion,0.000000,-2.188086
1.136000,pre_motion,0.000000,-1.962785
1.137000,pre_motion,0.000000,-1.737484
1.138000,pre_motion,0.000000,-1.512184
1.139000,pre_motion,0.000000,-1.286883
1.140000,pre_motion,0.000000,-1.061583
1.141000,pre_motion,0.000000,-0.836282
1.142000,pre_motion,0.000000,-0.823741
1.143000,pre_motion,0.000000,-0.923464
1.144000,pre_motion,0.000000,-1.023186
1.145000,pre_motion,0.000000,-1.122909
1.146000,pre_motion,0.000000,-1.222631
1.147000,pre_motion,0.000000,-1.322353
1.148000,pre_motion,0.000000,-1.422076
1.149000,pre_motion,0.000000,-1.537977
1.150000,pre_motion,0.000000,-1.806190
1.151000,pre_motion,0.000000,-2.074403
1.152000,pre_motion,0.000000,-2.342616
1.153000,pre_motion,0.000000,-2.610830
1.154000,pre_motion,0.000000,-2.879043
1.155000,pre_motion,0.000000,-3.147256
1.156000,pre_motion,0.000000,-3.415469
1.157000,pre_motion,0.000000,-3.483167
1.158000,pre_motion,0.000000,-3.378287
1.159000,pre_motion,0.000000,-3.273407
1.160000,pre_motion,0.000000,-3.168527
1.161000,pre_motion,0.000000,-3.063647
1.162000,pre_motion,0.000000,-2.958767
1.163000,pre_motion,0.000000,-2.853887
1.164000,pre_motion,0.000000,-2.749007
1.165000,pre_motion,0.000000,-2.681986
1.166000,pre_motion,0.000000,-2.615783
1.167000,pre_motion,0.000000,-2.549580
1.168000,pre_motion,0.000000,-2.483376
1.169000,pre_motion,0.000000,-2.417173
1.170000,pre_motion,0.000000,-2.350969
1.171000,pre_motion,0.000000,-2.284766
1.172000,pre_motion,0.000000,-2.218562
1.173000,pre_motion,0.000000,-2.152359
1.174000,pre_motion,0.000000,-2.086156
1.175000,pre_motion,0.000000,-2.019952
1.176000,pre_motion,0.000000,-1.953749
1.177000,pre_motion,0.000000,-1.887545
1.178000,pre_motion,0.000000,-1.821342
1.179000,pre_motion,0.000000,-1.755139
1.180000,pre_motion,0.000000,-1.688935
1.181000,pre_motion,0.000000,-1.622732
1.182000,pre_motion,0.000000,-1.556528
1.183000,pre_motion,0.000000,-1.490325
1.184000,pre_motion,0.000000,-1.424122
1.185000,pre_motion,0.000000,-1.357918
1.186000,pre_motion,0.000000,-1.291715
1.187000,pre_motion,0.000000,-1.173139
1.188000,pre_motion,0.000000,-0.934162
1.189000,pre_motion,0.000000,-0.695185
1.190000,pre_motion,0.000000,-0.456208
1.191000,pre_motion,0.000000,-0.217231
1.192000,pre_motion,0.000000,0.021746
1.193000,pre_motion,0.000000,0.260723
1.194000,pre_motion,0.000000,0.499700
1.195000,pre_motion,0.000000,0.556351
1.196000,pre_motion,0.000000,0.550446
1.197000,pre_motion,0.000000,0.544541
1.198000,pre_motion,0.000000,0.538637
1.199000,pre_motion,0.000000,0.532732
1.200000,pre_motion,0.000000,0.526828
1.201000,pre_motion,0.000000,0.520923
1.202000,pre_motion,0.000000,0.514777
1.203000,pre_motion,0.000000,0.507576
1.204000,pre_motion,0.000000,0.500374
1.205000,pre_motion,0.000000,0.493173
1.206000,pre_motion,0.000000,0.485971
1.207000,pre_motion,0.000000,0.478769
1.208000,pre_motion,0.000000,0.471568
1.209000,pre_motion,0.000000,0.464366
1.210000,pre_motion,0.000000,0.431358
1.211000,pre_motion,0.000000,0.383023
1.212000,pre_motion,0.000000,0.334688
1.213000,pre_motion,0.000000,0.286352
1.214000,pre_motion,0.000000,0.238017
1.215000,pre_motion,0.000000,0.189682
1.216000,pre_motion,0.000000,0.141347
1.217000,pre_motion,0.000000,0.095266
1.218000,pre_motion,0.000000,0.079692
1.219000,pre_motion,0.000000,0.064118
1.220000,pre_motion,0.000000,0.048544
1.221000,pre_motion,0.000000,0.032971
1.222000,pre_motion,0.000000,0.017397
1.223000,pre_motion,0.000000,0.001823
1.224000,pre_motion,0.000000,-0.013751
1.225000,pre_motion,0.000000,-0.026704
1.226000,pre_motion,0.000000,-0.037142
1.227000,pre_motion,0.000000,-0.047580
1.228000,pre_motion,0.000000,-0.058018
1.229000,pre_motion,0.000000,-0.068456
1.230000,pre_motion,0.000000,-0.078894
1.231000,pre_motion,0.000000,-0.089331
1.232000,pre_motion,0.000000,-0.099769
1.233000,pre_motion,0.000000,-0.062625
1.234000,pre_motion,0.000000,-0.023063
1.235000,pre_motion,0.000000,0.016499
1.236000,pre_motion,0.000000,0.056061
1.237000,pre_motion,0.000000,0.095623
1.238000,pre_motion,0.000000,0.135185
1.239000,pre_motion,0.000000,0.174747
1.240000,pre_motion,0.000000,0.282968
1.241000,pre_motion,0.000000,0.497204
1.242000,pre_motion,0.000000,0.711440
1.243000,pre_motion,0.000000,0.925675
1.244000,pre_motion,0.000000,1.139911
1.245000,pre_motion,0.000000,1.354146
1.246000,pre_motion,0.000000,1.568382
1.247000,pre_motion,0.000000,1.782618
1.248000,pre_motion,0.000000,1.908747
1.249000,pre_motion,0.000000,2.017402
1.250000,pre_motion,0.000000,2.126058
1.251000,pre_motion,0.000000,2.234713
1.252000,pre_motion,0.000000,2.343368
1.253000,pre_motion,0.000000,2.452024
1.254000,pre_motion,0.000000,2.560679
1.255000,pre_motion,0.000000,2.642174
1.256000,pre_motion,0.000000,2.652393
1.257000,pre_motion,0.000000,2.662612
1.258000,pre_motion,0.000000,2.672832
1.259000,pre_motion,0.000000,2.683051
1.260000,pre_motion,0.000000,2.693270
1.261000,pre_motion,0.000000,2.703489
1.262000,pre_motion,0.000000,2.713708
1.263000,pre_motion,0.000000,2.699124
1.264000,pre_motion,0.000000,2.674766
1.265000,pre_motion,0.000000,2.650407
1.266000,pre_motion,0.000000,2.626049
1.267000,pre_motion,0.000000,2.601691
1.268000,pre_motion,0.000000,2.577333
1.269000,pre_motion,0.000000,2.552975
1.270000,pre_motion,0.000000,2.528205
1.271000,pre_motion,0.000000,2.501247
1.272000,pre_motion,0.000000,2.474290
1.273000,pre_motion,0.000000,2.447332
1.274000,pre_motion,0.000000,2.420375
1.275000,pre_motion,0.000000,2.393418
1.276000,pre_motion,0.000000,2.366460
1.277000,pre_motion,0.000000,2.339503
1.278000,pre_motion,0.000000,2.394909
1.279000,pre_motion,0.000000,2.505184
1.280000,pre_motion,0.000000,2.615459
1.281000,pre_motion,0.000000,2.725734
1.282000,pre_motion,0.000000,2.836008
1.283000,pre_motion,0.000000,2.946283
1.284000,pre_motion,0.000000,3.056558
1.285000,X_outbound,0.000224,3.162373
1.286000,X_outbound,0.005598,3.165442
1.287000,X_outbound,0.010973,3.168512
1.288000,X_outbound,0.016348,3.171581
1.289000,X_outbound,0.021722,3.174651
1.290000,X_outbound,0.027097,3.177720
1.291000,X_outbound,0.032472,3.180789
1.292000,X_outbound,0.037846,3.183859
1.293000,X_outbound,0.043221,3.289969
1.294000,X_outbound,0.048596,3.506363
1.295000,X_outbound,0.053970,3.722758
1.296000,X_outbound,0.059345,3.939152
1.297000,X_outbound,0.064720,4.155546
1.298000,X_outbound,0.070095,4.371940
1.299000,X_outbound,0.075469,4.588334
1.300000,X_outbound,0.080844,4.804729
1.301000,X_outbound,0.086219,5.148528
1.302000,X_outbound,0.091593,5.502740
1.303000,X_outbound,0.096968,5.856952
1.304000,X_outbound,0.102343,6.211164
1.305000,X_outbound,0.107717,6.565375
1.306000,X_outbound,0.113092,6.919587
1.307000,X_outbound,0.118467,7.273799
1.308000,X_outbound,0.123841,7.786623
1.309000,X_outbound,0.129216,8.574360
1.310000,X_outbound,0.134591,9.362097
1.311000,X_outbound,0.139965,10.149835
1.312000,X_outbound,0.145340,10.937572
1.313000,X_outbound,0.150715,11.725309
1.314000,X_outbound,0.156090,12.513046
1.315000,X_outbound,0.161464,13.300783
1.316000,X_outbound,0.166839,13.555010
1.317000,X_outbound,0.172214,13.681878
1.318000,X_outbound,0.177588,13.808746
1.319000,X_outbound,0.182963,13.935615
1.320000,X_outbound,0.188338,14.062483
1.321000,X_outbound,0.193712,14.189351
1.322000,X_outbound,0.199087,14.316219
1.323000,X_outbound,0.204462,14.353988
1.324000,X_outbound,0.209836,14.122605
1.325000,X_outbound,0.215211,13.891221
1.326000,X_outbound,0.220586,13.659838
1.327000,X_outbound,0.225960,13.428455
1.328000,X_outbound,0.231335,13.197072
1.329000,X_outbound,0.236710,12.965689
1.330000,X_outbound,0.242085,12.734306
1.331000,X_outbound,0.247459,12.898964
1.332000,X_outbound,0.252834,13.241446
1.333000,X_outbound,0.258209,13.583929
1.334000,X_outbound,0.263583,13.926411
1.335000,X_outbound,0.268958,14.268894
1.336000,X_outbound,0.274333,14.611376
1.337000,X_outbound,0.279707,14.953858
1.338000,X_outbound,0.285082,15.298202
1.339000,X_outbound,0.290457,15.654834
1.340000,X_outbound,0.295831,16.011465
1.341000,X_outbound,0.301206,16.368097
1.342000,X_outbound,0.306581,16.724728
1.343000,X_outbound,0.311955,17.081360
1.344000,X_outbound,0.317330,17.437992
1.345000,X_outbound,0.322705,17.794623
1.346000,X_outbound,0.328080,18.229212
1.347000,X_outbound,0.333454,18.721900
1.348000,X_outbound,0.338829,19.214589
1.349000,X_outbound,0.344204,19.707278
1.350000,X_outbound,0.349578,20.199967
1.351000,X_outbound,0.354953,20.692656
1.352000,X_outbound,0.360328,21.185345
1.353000,X_outbound,0.365702,21.675519
1.354000,X_outbound,0.371077,21.993472
1.355000,X_outbound,0.376452,22.311425
1.356000,X_outbound,0.381826,22.629378
1.357000,X_outbound,0.387201,22.947331
1.358000,X_outbound,0.392576,23.265284
1.359000,X_outbound,0.397950,23.583238
1.360000,X_outbound,0.403325,23.901191
1.361000,X_outbound,0.408700,24.510991
1.362000,X_outbound,0.414075,25.469220
1.363000,X_outbound,0.419449,26.427450
1.364000,X_outbound,0.424824,27.385680
1.365000,X_outbound,0.430199,28.343910
1.366000,X_outbound,0.435573,29.302139
1.367000,X_outbound,0.440948,30.260369
1.368000,X_outbound,0.446323,31.218599
1.369000,X_outbound,0.451697,31.874133
1.370000,X_outbound,0.457072,32.494998
1.371000,X_outbound,0.462447,33.115862
1.372000,X_outbound,0.467821,33.736727
1.373000,X_outbound,0.473196,34.357592
1.374000,X_outbound,0.478571,34.978457
1.375000,X_outbound,0.483945,35.599321
1.376000,X_outbound,0.488410,36.106884
1.377000,X_outbound,0.491097,36.393183
1.378000,X_outbound,0.493785,36.679483
1.379000,X_outbound,0.496472,36.965783
1.380000,X_outbound,0.499159,37.252083
1.381000,X_outbound,0.501847,37.538383
1.382000,X_outbound,0.504534,37.824683
1.383000,X_outbound,0.507221,38.110983
1.384000,X_outbound,0.509909,38.397283
1.385000,X_outbound,0.512596,38.683583
1.386000,X_outbound,0.515284,38.969883
1.387000,X_outbound,0.517971,39.256183
1.388000,X_outbound,0.520658,39.542483
1.389000,X_outbound,0.523346,39.828783
1.390000,X_outbound,0.526033,40.115083
1.391000,X_outbound,0.529315,40.451278
1.392000,X_outbound,0.534690,40.962843
1.393000,X_outbound,0.540065,41.474408
1.394000,X_outbound,0.545440,41.985972
1.395000,X_outbound,0.550814,42.497537
1.396000,X_outbound,0.556189,43.009101
1.397000,X_outbound,0.561564,43.520666
1.398000,X_outbound,0.566938,44.032230
1.399000,X_outbound,0.572313,44.653631
1.400000,X_outbound,0.577688,45.330882
1.401000,X_outbound,0.583062,46.008132
1.402000,X_outbound,0.588437,46.685382
1.403000,X_outbound,0.593812,47.362633
1.404000,X_outbound,0.599186,48.039883
1.405000,X_outbound,0.604561,48.717133
1.406000,X_outbound,0.609936,49.399304
1.407000,X_outbound,0.615310,50.123707
1.408000,X_outbound,0.620685,50.848110
1.409000,X_outbound,0.626060,51.572513
1.410000,X_outbound,0.631435,52.296916
1.411000,X_outbound,0.636809,53.021319
1.412000,X_outbound,0.642184,53.745722
1.413000,X_outbound,0.647559,54.470125
1.414000,X_outbound,0.652933,54.921965
1.415000,X_outbound,0.658308,55.146950
1.416000,X_outbound,0.663683,55.371935
1.417000,X_outbound,0.669057,55.596920
1.418000,X_outbound,0.674432,55.821905
1.419000,X_outbound,0.679807,56.046890
1.420000,X_outbound,0.685181,56.271875
1.421000,X_outbound,0.690556,56.496859
1.422000,X_outbound,0.695931,56.981864
1.423000,X_outbound,0.701305,57.470245
1.424000,X_outbound,0.706680,57.958626
1.425000,X_outbound,0.712055,58.447007
1.426000,X_outbound,0.717430,58.935387
1.427000,X_outbound,0.722804,59.423768
1.428000,X_outbound,0.728179,59.912149
1.429000,X_outbound,0.733554,60.331245
1.430000,X_outbound,0.738928,60.657974
1.431000,X_outbound,0.744303,60.984703
1.432000,X_outbound,0.749678,61.311432
1.433000,X_outbound,0.755052,61.638162
1.434000,X_outbound,0.760427,61.964891
1.435000,X_outbound,0.765802,62.291620
1.436000,X_outbound,0.771176,62.618349
1.437000,X_outbound,0.776551,63.049515
1.438000,X_outbound,0.781926,63.496283
1.439000,X_outbound,0.787300,63.943051
1.440000,X_outbound,0.792675,64.389819
1.441000,X_outbound,0.798050,64.836587
1.442000,X_outbound,0.803425,65.283356
1.443000,X_outbound,0.808799,65.730124
1.444000,X_outbound,0.814174,66.005798
1.445000,X_outbound,0.819549,65.903215
1.446000,X_outbound,0.824923,65.800633
1.447000,X_outbound,0.830298,65.698050
1.448000,X_outbound,0.835673,65.595467
1.449000,X_outbound,0.841047,65.492885
1.450000,X_outbound,0.846422,65.390302
1.451000,X_outbound,0.851797,65.287719
1.452000,X_outbound,0.857171,65.497120
1.453000,X_outbound,0.862546,65.808932
1.454000,X_outbound,0.867921,66.120743
1.455000,X_outbound,0.873295,66.432554
1.456000,X_outbound,0.878670,66.744365
1.457000,X_outbound,0.884045,67.056176
1.458000,X_outbound,0.889420,67.367987
1.459000,X_outbound,0.894794,67.789854
1.460000,X_outbound,0.900169,68.668120
1.461000,X_outbound,0.905544,69.546386
1.462000,X_outbound,0.910918,70.424652
1.463000,X_outbound,0.916293,71.302918
1.464000,X_outbound,0.921668,72.181184
1.465000,X_outbound,0.927042,73.059449
1.466000,X_outbound,0.932417,73.937715
1.467000,X_outbound,0.937792,74.572485
1.468000,X_outbound,0.943166,75.067721
1.469000,X_outbound,0.948541,75.562956
1.470000,X_outbound,0.953916,76.058192
1.471000,X_outbound,0.959290,76.553428
1.472000,X_outbound,0.964665,77.048663
1.473000,X_outbound,0.970040,77.543899
1.474000,X_outbound,0.975415,78.051310
1.475000,X_outbound,0.980789,78.704391
1.476000,X_outbound,0.986164,79.357473
1.477000,X_outbound,0.991539,80.010554
1.478000,X_outbound,0.996913,80.663636
1.479000,X_outbound,1.002288,81.316717
1.480000,X_outbound,1.007663,81.969799
1.481000,X_outbound,1.013037,82.622881
1.482000,X_outbound,1.016554,82.971607
1.483000,X_outbound,1.018346,83.037757
1.484000,X_outbound,1.020137,83.103907
1.485000,X_outbound,1.021929,83.170057
1.486000,X_outbound,1.023720,83.236206
1.487000,X_outbound,1.025512,83.302356
1.488000,X_outbound,1.027303,83.368506
1.489000,X_outbound,1.029095,83.434656
1.490000,X_outbound,1.030887,83.500806
1.491000,X_outbound,1.032678,83.566956
1.492000,X_outbound,1.034470,83.633105
1.493000,X_outbound,1.036261,83.699255
1.494000,X_outbound,1.038053,83.765405
1.495000,X_outbound,1.039844,83.831555
1.496000,X_outbound,1.041636,83.897705
1.497000,X_outbound,1.043427,83.963855
1.498000,X_outbound,1.045219,84.030004
1.499000,X_outbound,1.047011,84.096154
1.500000,X_outbound,1.048802,84.162304
1.501000,X_outbound,1.050594,84.228454
1.502000,X_outbound,1.052385,84.294604
1.503000,X_outbound,1.054177,84.360754
1.504000,X_outbound,1.055968,84.426903
1.505000,X_outbound,1.060780,84.476025
1.506000,X_outbound,1.066155,84.521970
1.507000,X_outbound,1.071529,84.567916
1.508000,X_outbound,1.076904,84.613862
1.509000,X_outbound,1.082279,84.659807
1.510000,X_outbound,1.087653,84.705753
1.511000,X_outbound,1.093028,84.751698
1.512000,X_outbound,1.098403,84.768719
1.513000,X_outbound,1.103777,84.712900
1.514000,X_outbound,1.109152,84.657082
1.515000,X_outbound,1.114527,84.601264
1.516000,X_outbound,1.119901,84.545446
1.517000,X_outbound,1.125276,84.489627
1.518000,X_outbound,1.130651,84.433809
1.519000,X_outbound,1.136026,84.377991
1.520000,X_outbound,1.141400,83.545066
1.521000,X_outbound,1.146775,82.418349
1.522000,X_outbound,1.152150,81.291632
1.523000,X_outbound,1.157524,80.164914
1.524000,X_outbound,1.162899,79.038197
1.525000,X_outbound,1.168274,77.911480
1.526000,X_outbound,1.173648,76.784763
1.527000,X_outbound,1.179023,75.653515
1.528000,X_outbound,1.184398,74.499676
1.529000,X_outbound,1.189772,73.345837
1.530000,X_outbound,1.195147,72.191998
1.531000,X_outbound,1.200522,71.038159
1.532000,X_outbound,1.205896,69.884320
1.533000,X_outbound,1.211271,68.730481
1.534000,X_outbound,1.216646,67.576642
1.535000,X_outbound,1.222021,66.751788
1.536000,X_outbound,1.227395,66.138596
1.537000,X_outbound,1.232770,65.525405
1.538000,X_outbound,1.238145,64.912213
1.539000,X_outbound,1.243519,64.299022
1.540000,X_outbound,1.248894,63.685830
1.541000,X_outbound,1.254269,63.072638
1.542000,X_outbound,1.259643,62.508735
1.543000,X_outbound,1.265018,62.882852
1.544000,X_outbound,1.270393,63.256968
1.545000,X_outbound,1.275767,63.631084
1.546000,X_outbound,1.281142,64.005200
1.547000,X_outbound,1.286517,64.379316
1.548000,X_outbound,1.291891,64.753432
1.549000,X_outbound,1.297266,65.127548
1.550000,X_outbound,1.302641,65.349303
1.551000,X_outbound,1.308016,65.413330
1.552000,X_outbound,1.313390,65.477356
1.553000,X_outbound,1.318765,65.541383
1.554000,X_outbound,1.324140,65.605409
1.555000,X_outbound,1.329514,65.669436
1.556000,X_outbound,1.334889,65.733462
1.557000,X_outbound,1.340264,65.797489
1.558000,X_outbound,1.345638,66.154098
1.559000,X_outbound,1.351013,66.531798
1.560000,X_outbound,1.356388,66.909497
1.561000,X_outbound,1.361762,67.287197
1.562000,X_outbound,1.367137,67.664896
1.563000,X_outbound,1.372512,68.042596
1.564000,X_outbound,1.377886,68.420295
1.565000,X_outbound,1.383261,68.868597
1.566000,X_outbound,1.388636,69.434978
1.567000,X_outbound,1.394011,70.001359
1.568000,X_outbound,1.399385,70.567740
1.569000,X_outbound,1.404760,71.134121
1.570000,X_outbound,1.410135,71.700502
1.571000,X_outbound,1.415509,72.266883
1.572000,X_outbound,1.420884,72.833264
1.573000,X_outbound,1.426259,73.444800
1.574000,X_outbound,1.431633,74.066546
1.575000,X_outbound,1.437008,74.688291
1.576000,X_outbound,1.442383,75.310036
1.577000,X_outbound,1.447757,75.931781
1.578000,X_outbound,1.453132,76.553527
1.579000,X_outbound,1.458507,77.175272
1.580000,X_outbound,1.463881,77.388416
1.581000,X_outbound,1.469256,76.420448
1.582000,X_outbound,1.474631,75.452481
1.583000,X_outbound,1.480006,74.484513
1.584000,X_outbound,1.485380,73.516545
1.585000,X_outbound,1.490755,72.548578
1.586000,X_outbound,1.496130,71.580610
1.587000,X_outbound,1.501504,70.612642
1.588000,X_outbound,1.506879,69.404684
1.589000,X_outbound,1.512254,68.093111
1.590000,X_outbound,1.517628,66.781539
1.591000,X_outbound,1.523003,65.469966
1.592000,X_outbound,1.528378,64.158394
1.593000,X_outbound,1.533752,62.846821
1.594000,X_outbound,1.539127,61.535249
1.595000,X_outbound,1.544126,60.473773
1.596000,X_outbound,1.546813,60.950258
1.597000,X_outbound,1.549501,61.426743
1.598000,X_outbound,1.552188,61.903228
1.599000,X_outbound,1.554875,62.379713
1.600000,X_outbound,1.557563,62.856198
1.601000,X_outbound,1.560250,63.332682
1.602000,X_outbound,1.562937,63.809167
1.603000,X_outbound,1.565625,64.285652
1.604000,X_outbound,1.568312,64.762137
1.605000,X_outbound,1.570999,65.238622
1.606000,X_outbound,1.573687,65.715107
1.607000,X_outbound,1.576374,66.191592
1.608000,X_outbound,1.579061,66.668077
1.609000,X_outbound,1.581749,67.144562
1.610000,X_outbound,1.584497,67.607757
1.611000,X_outbound,1.589872,67.499102
1.612000,X_outbound,1.595246,67.390447
1.613000,X_outbound,1.600621,67.281792
1.614000,X_outbound,1.605996,67.173137
1.615000,X_outbound,1.611371,67.064481
1.616000,X_outbound,1.616745,66.955826
1.617000,X_outbound,1.622120,66.847171
1.618000,X_outbound,1.627495,66.869391
1.619000,X_outbound,1.632869,67.042713
1.620000,X_outbound,1.638244,67.216035
1.621000,X_outbound,1.643619,67.389357
1.622000,X_outbound,1.648993,67.562679
1.623000,X_outbound,1.654368,67.736001
1.624000,X_outbound,1.659743,67.909323
1.625000,X_outbound,1.665117,68.082645
1.626000,X_outbound,1.670492,69.248033
1.627000,X_outbound,1.675867,70.516889
1.628000,X_outbound,1.681241,71.785745
1.629000,X_outbound,1.686616,73.054601
1.630000,X_outbound,1.691991,74.323457
1.631000,X_outbound,1.697366,75.592313
1.632000,X_outbound,1.702740,76.861169
1.633000,X_outbound,1.708115,77.877314
1.634000,X_outbound,1.713490,78.417845
1.635000,X_outbound,1.718864,78.958375
1.636000,X_outbound,1.724239,79.498906
1.637000,X_outbound,1.729614,80.039437
1.638000,X_outbound,1.734988,80.579968
1.639000,X_outbound,1.740363,81.120499
1.640000,X_outbound,1.745738,81.661030
1.641000,X_outbound,1.751112,81.232343
1.642000,X_outbound,1.756487,80.543521
1.643000,X_outbound,1.761862,79.854700
1.644000,X_outbound,1.767236,79.165878
1.645000,X_outbound,1.772611,78.477057
1.646000,X_outbound,1.777986,77.788235
1.647000,X_outbound,1.783361,77.099414
1.648000,X_outbound,1.788735,76.481262
1.649000,X_outbound,1.794110,76.099945
1.650000,X_outbound,1.799485,75.718628
1.651000,X_outbound,1.804859,75.337311
1.652000,X_outbound,1.810234,74.955994
1.653000,X_outbound,1.815609,74.574677
1.654000,X_outbound,1.820983,74.193360
1.655000,X_outbound,1.826358,73.812043
1.656000,X_outbound,1.831733,75.049826
1.657000,X_outbound,1.837107,77.080611
1.658000,X_outbound,1.842482,79.111397
1.659000,X_outbound,1.847857,81.142182
1.660000,X_outbound,1.853231,83.172967
1.661000,X_outbound,1.858606,85.203753
1.662000,X_outbound,1.863981,87.234538
1.663000,X_outbound,1.869356,89.094233
1.664000,X_outbound,1.874730,89.606388
1.665000,X_outbound,1.880105,90.118543
1.666000,X_outbound,1.885480,90.630698
1.667000,X_outbound,1.890854,91.142853
1.668000,X_outbound,1.896229,91.655008
1.669000,X_outbound,1.901604,92.167163
1.670000,X_outbound,1.906978,92.679318
1.671000,X_outbound,1.912353,92.837073
1.672000,X_outbound,1.917728,92.709611
1.673000,X_outbound,1.923102,92.582149
1.674000,X_outbound,1.928477,92.454687
1.675000,X_outbound,1.933852,92.327225
1.676000,X_outbound,1.939226,92.199763
1.677000,X_outbound,1.944601,92.072301
1.678000,X_outbound,1.949976,91.944839
1.679000,X_outbound,1.955351,92.044059
1.680000,X_outbound,1.960725,92.144304
1.681000,X_outbound,1.966100,92.244548
1.682000,X_outbound,1.971475,92.344792
1.683000,X_outbound,1.976849,92.445037
1.684000,X_outbound,1.982224,92.545281
1.685000,X_outbound,1.987599,92.645526
1.686000,X_outbound,1.992973,93.372568
1.687000,X_outbound,1.998348,94.907380
1.688000,X_outbound,2.003723,96.442192
1.689000,X_outbound,2.009097,97.977004
1.690000,X_outbound,2.014472,99.511815
1.691000,X_outbound,2.019847,101.046627
1.692000,X_outbound,2.025221,102.581439
1.693000,X_outbound,2.030596,104.116251
1.694000,X_outbound,2.033610,104.195759
1.695000,X_outbound,2.036298,104.073703
1.696000,X_outbound,2.038985,103.951647
1.697000,X_outbound,2.041672,103.829591
1.698000,X_outbound,2.044360,103.707535
1.699000,X_outbound,2.047047,103.585478
1.700000,X_outbound,2.049734,103.463422
1.701000,X_outbound,2.052422,103.341366
1.702000,X_outbound,2.055109,103.219310
1.703000,X_outbound,2.057797,103.097254
1.704000,X_outbound,2.060484,102.975198
1.705000,X_outbound,2.063171,102.853141
1.706000,X_outbound,2.065859,102.731085
1.707000,X_outbound,2.068546,102.609029
1.708000,X_outbound,2.071233,102.486973
1.709000,X_outbound,2.075966,102.902605
1.710000,X_outbound,2.081341,103.486929
1.711000,X_outbound,2.086716,104.071253
1.712000,X_outbound,2.092090,104.655576
1.713000,X_outbound,2.097465,105.239900
1.714000,X_outbound,2.102840,105.824224
1.715000,X_outbound,2.108214,106.408548
1.716000,X_outbound,2.113589,107.259505
1.717000,X_outbound,2.118964,109.159827
1.718000,X_outbound,2.124338,111.060148
1.719000,X_outbound,2.129713,112.960469
1.720000,X_outbound,2.135088,114.860791
1.721000,X_outbound,2.140462,116.761112
1.722000,X_outbound,2.145837,118.661433
1.723000,X_outbound,2.151212,120.561755
1.724000,X_outbound,2.156586,120.820744
1.725000,X_outbound,2.161961,120.172536
1.726000,X_outbound,2.167336,119.524327
1.727000,X_outbound,2.172711,118.876118
1.728000,X_outbound,2.178085,118.227910
1.729000,X_outbound,2.183460,117.579701
1.730000,X_outbound,2.188835,116.931492
1.731000,X_outbound,2.194209,116.290808
1.732000,X_outbound,2.199584,115.730655
1.733000,X_outbound,2.204959,115.170502
1.734000,X_outbound,2.210333,114.610349
1.735000,X_outbound,2.215708,114.050196
1.736000,X_outbound,2.221083,113.490042
1.737000,X_outbound,2.226457,112.929889
1.738000,X_outbound,2.231832,112.369736
1.739000,X_outbound,2.237207,112.557825
1.740000,X_outbound,2.242581,113.417828
1.741000,X_outbound,2.247956,114.277831
1.742000,X_outbound,2.253331,115.137834
1.743000,X_outbound,2.258706,115.997837
1.744000,X_outbound,2.264080,116.857840
1.745000,X_outbound,2.269455,117.717843
1.746000,X_outbound,2.274830,118.577846
1.747000,X_outbound,2.280204,119.467507
1.748000,X_outbound,2.285579,120.358139
1.749000,X_outbound,2.290954,121.248771
1.750000,X_outbound,2.296328,122.139403
1.751000,X_outbound,2.301703,123.030035
1.752000,X_outbound,2.307078,123.920667
1.753000,X_outbound,2.312452,124.811299
1.754000,X_outbound,2.317827,124.784067
1.755000,X_outbound,2.323202,123.434453
1.756000,X_outbound,2.328576,122.084838
1.757000,X_outbound,2.333951,120.735224
1.758000,X_outbound,2.339326,119.385609
1.759000,X_outbound,2.344701,118.035995
1.760000,X_outbound,2.350075,116.686381
1.761000,X_outbound,2.355450,115.336766
1.762000,X_outbound,2.360825,114.805052
1.763000,X_outbound,2.366199,114.416388
1.764000,X_outbound,2.371574,114.027724
1.765000,X_outbound,2.376949,113.639060
1.766000,X_outbound,2.382323,113.250396
1.767000,X_outbound,2.387698,112.861733
1.768000,X_outbound,2.393073,112.473069
1.769000,X_outbound,2.398447,112.403831
1.770000,X_outbound,2.403822,113.107005
1.771000,X_outbound,2.409197,113.810180
1.772000,X_outbound,2.414571,114.513355
1.773000,X_outbound,2.419946,115.216529
1.774000,X_outbound,2.425321,115.919704
1.775000,X_outbound,2.430696,116.622879
1.776000,X_outbound,2.436070,117.326053
1.777000,X_outbound,2.441445,117.240174
1.778000,X_outbound,2.446820,116.868312
1.779000,X_outbound,2.452194,116.496450
1.780000,X_outbound,2.457569,116.124588
1.781000,X_outbound,2.462944,115.752726
1.782000,X_outbound,2.468318,115.380864
1.783000,X_outbound,2.473693,115.009002
1.784000,X_outbound,2.479068,114.261193
1.785000,X_outbound,2.484442,111.745963
1.786000,X_outbound,2.489817,109.230734
1.787000,X_outbound,2.495192,106.715505
1.788000,X_outbound,2.500566,104.200276
1.789000,X_outbound,2.505941,101.685047
1.790000,X_outbound,2.511316,99.169818
1.791000,X_outbound,2.516691,96.654589
1.792000,X_outbound,2.522065,95.530839
1.793000,X_outbound,2.527440,95.271498
1.794000,X_outbound,2.532815,95.012156
1.795000,X_outbound,2.538189,94.752815
1.796000,X_outbound,2.543564,94.493474
1.797000,X_outbound,2.548939,94.234132
1.798000,X_outbound,2.554313,93.974791
1.799000,X_outbound,2.559688,93.734526
1.800000,X_outbound,2.565063,93.802719
1.801000,X_outbound,2.570437,93.870913
1.802000,X_outbound,2.575812,93.939107
1.803000,X_outbound,2.581187,94.007300
1.804000,X_outbound,2.586561,94.075494
1.805000,X_outbound,2.591936,94.143687
1.806000,X_outbound,2.597311,94.211881
1.807000,X_outbound,2.602686,93.404726
1.808000,X_outbound,2.608060,91.721046
1.809000,X_outbound,2.613435,90.037366
1.810000,X_outbound,2.618810,88.353686
1.811000,X_outbound,2.624184,86.670005
1.812000,X_outbound,2.629559,84.986325
1.813000,X_outbound,2.634934,83.302645
1.814000,X_outbound,2.640308,81.618965
1.815000,X_outbound,2.645683,79.995309
1.816000,X_outbound,2.651058,78.375410
1.817000,X_outbound,2.656432,76.755512
1.818000,X_outbound,2.661807,75.135614
1.819000,X_outbound,2.667182,73.515715
1.820000,X_outbound,2.672556,71.895817
1.821000,X_outbound,2.677931,70.275918
1.822000,X_outbound,2.683306,69.342372
1.823000,X_outbound,2.688681,69.516830
1.824000,X_outbound,2.694055,69.691287
1.825000,X_outbound,2.699430,69.865745
1.826000,X_outbound,2.704805,70.040202
1.827000,X_outbound,2.710179,70.214660
1.828000,X_outbound,2.715554,70.389118
1.829000,X_outbound,2.720929,70.563575
1.830000,X_outbound,2.726303,68.099451
1.831000,X_outbound,2.731678,65.071464
1.832000,X_outbound,2.737053,62.043476
1.833000,X_outbound,2.742427,59.015489
1.834000,X_outbound,2.747802,55.987501
1.835000,X_outbound,2.753177,52.959514
1.836000,X_outbound,2.758551,49.931526
1.837000,X_outbound,2.763926,46.638250
1.838000,X_outbound,2.769301,42.610488
1.839000,X_outbound,2.774676,38.582726
1.840000,X_outbound,2.780050,34.554963
1.841000,X_outbound,2.785425,30.527201
1.842000,X_outbound,2.790800,26.499439
1.843000,X_outbound,2.796174,22.471677
1.844000,X_outbound,2.801549,18.443914
1.845000,X_outbound,2.806924,16.093472
1.846000,X_outbound,2.812298,14.438929
1.847000,X_outbound,2.817673,12.784386
1.848000,X_outbound,2.823048,11.129844
1.849000,X_outbound,2.828422,9.475301
1.850000,X_outbound,2.833797,7.820759
1.851000,X_outbound,2.839172,6.166216
1.852000,X_outbound,2.844546,4.670874
1.853000,X_outbound,2.849921,4.090627
1.854000,X_outbound,2.855296,3.510380
1.855000,X_outbound,2.860671,2.930132
1.856000,X_outbound,2.866045,2.349885
1.857000,X_outbound,2.871420,1.769638
1.858000,X_outbound,2.876795,1.189390
1.859000,X_outbound,2.882169,0.609143
1.860000,X_outbound,2.887544,0.859969
1.861000,X_outbound,2.892919,1.689248
1.862000,X_outbound,2.898293,2.518526
1.863000,X_outbound,2.903668,3.347805
1.864000,X_outbound,2.909043,4.177084
1.865000,X_outbound,2.914417,5.006362
1.866000,X_outbound,2.919792,5.835641
1.867000,X_outbound,2.925167,6.672283
1.868000,X_outbound,2.930541,7.738855
1.869000,X_outbound,2.935916,8.805427
1.870000,X_outbound,2.941291,9.871999
1.871000,X_outbound,2.946666,10.938571
1.872000,X_outbound,2.952040,12.005142
1.873000,X_outbound,2.957415,13.071714
1.874000,X_outbound,2.962790,14.138286
1.875000,X_outbound,2.968164,15.247904
1.876000,X_outbound,2.973539,16.405588
1.877000,X_outbound,2.978914,17.563272
1.878000,X_outbound,2.984288,18.720956
1.879000,X_outbound,2.989663,19.878640
1.880000,X_outbound,2.995038,21.036324
1.881000,X_outbound,3.000412,22.194008
1.882000,X_outbound,3.005787,23.351692
1.883000,X_outbound,3.011162,24.011205
1.884000,X_outbound,3.016536,24.623770
1.885000,X_outbound,3.021911,25.236335
1.886000,X_outbound,3.027286,25.848900
1.887000,X_outbound,3.032661,26.461465
1.888000,X_outbound,3.038035,27.074031
1.889000,X_outbound,3.043410,27.686596
1.890000,X_outbound,3.048785,27.426444
1.891000,X_outbound,3.054159,25.582707
1.892000,X_outbound,3.059534,23.738969
1.893000,X_outbound,3.064909,21.895231
1.894000,X_outbound,3.070283,20.051493
1.895000,X_outbound,3.075658,18.207755
1.896000,X_outbound,3.081033,16.364017
1.897000,X_outbound,3.086407,14.520279
1.898000,X_outbound,3.091782,12.400144
1.899000,X_outbound,3.097157,10.209486
1.900000,X_outbound,3.102531,8.018829
1.901000,X_outbound,3.107906,5.828171
1.902000,X_outbound,3.113281,3.637513
1.903000,X_outbound,3.118656,1.446856
1.904000,X_outbound,3.124030,-0.743802
1.905000,X_outbound,3.128765,-2.178156
1.906000,X_outbound,3.131452,-1.192921
1.907000,X_outbound,3.134140,-0.207687
1.908000,X_outbound,3.136827,0.777548
1.909000,X_outbound,3.139514,1.762782
1.910000,X_outbound,3.142202,2.748017
1.911000,X_outbound,3.144889,3.733251
1.912000,X_outbound,3.147576,4.718486
1.913000,X_outbound,3.150264,5.703720
1.914000,X_outbound,3.152951,6.688955
1.915000,X_outbound,3.155638,7.674189
1.916000,X_outbound,3.158326,8.659424
1.917000,X_outbound,3.161013,9.644658
1.918000,X_outbound,3.163700,10.629893
1.919000,X_outbound,3.166388,11.615127
1.920000,X_outbound,3.169400,12.648808
1.921000,X_outbound,3.174775,14.034490
1.922000,X_outbound,3.180150,15.420171
1.923000,X_outbound,3.185524,16.805853
1.924000,X_outbound,3.190899,18.191534
1.925000,X_outbound,3.196274,19.577215
1.926000,X_outbound,3.201648,20.962897
1.927000,X_outbound,3.207023,22.348578
1.928000,X_outbound,3.212398,23.132659
1.929000,X_outbound,3.217772,23.448644
1.930000,X_outbound,3.223147,23.764628
1.931000,X_outbound,3.228522,24.080612
1.932000,X_outbound,3.233896,24.396597
1.933000,X_outbound,3.239271,24.712581
1.934000,X_outbound,3.244646,25.028566
1.935000,X_outbound,3.250021,25.347278
1.936000,X_outbound,3.255395,26.376637
1.937000,X_outbound,3.260770,27.405996
1.938000,X_outbound,3.266145,28.435354
1.939000,X_outbound,3.271519,29.464713
1.940000,X_outbound,3.276894,30.494072
1.941000,X_outbound,3.282269,31.523431
1.942000,X_outbound,3.287643,32.552789
1.943000,X_outbound,3.293018,33.200867
1.944000,X_outbound,3.298393,33.373888
1.945000,X_outbound,3.303767,33.546908
1.946000,X_outbound,3.309142,33.719928
1.947000,X_outbound,3.314517,33.892949
1.948000,X_outbound,3.319891,34.065969
1.949000,X_outbound,3.325266,34.238989
1.950000,X_outbound,3.330641,34.412010
1.951000,X_outbound,3.336016,33.934973
1.952000,X_outbound,3.341390,33.374846
1.953000,X_outbound,3.346765,32.814719
1.954000,X_outbound,3.352140,32.254592
1.955000,X_outbound,3.357514,31.694465
1.956000,X_outbound,3.362889,31.134338
1.957000,X_outbound,3.368264,30.574211
1.958000,X_outbound,3.373638,29.921857
1.959000,X_outbound,3.379013,29.080627
1.960000,X_outbound,3.384388,28.239396
1.961000,X_outbound,3.389762,27.398165
1.962000,X_outbound,3.395137,26.556935
1.963000,X_outbound,3.400512,25.715704
1.964000,X_outbound,3.405886,24.874473
1.965000,X_outbound,3.411261,24.033243
1.966000,X_outbound,3.416636,25.055470
1.967000,X_outbound,3.422011,26.635860
1.968000,X_outbound,3.427385,28.216250
1.969000,X_outbound,3.432760,29.796640
1.970000,X_outbound,3.438135,31.377029
1.971000,X_outbound,3.443509,32.957419
1.972000,X_outbound,3.448884,34.537809
1.973000,X_outbound,3.454259,36.184972
1.974000,X_outbound,3.459633,38.081927
1.975000,X_outbound,3.465008,39.978881
1.976000,X_outbound,3.470383,41.875836
1.977000,X_outbound,3.475757,43.772791
1.978000,X_outbound,3.481132,45.669746
1.979000,X_outbound,3.486507,47.566701
1.980000,X_outbound,3.491881,49.463656
1.981000,X_outbound,3.497256,50.113152
1.982000,X_outbound,3.502631,50.097856
1.983000,X_outbound,3.508006,50.082561
1.984000,X_outbound,3.513380,50.067265
1.985000,X_outbound,3.518755,50.051970
1.986000,X_outbound,3.524130,50.036674
1.987000,X_outbound,3.529504,50.021379
1.988000,X_outbound,3.534879,49.935581
1.989000,X_outbound,3.540254,49.168440
1.990000,X_outbound,3.545628,48.401298
1.991000,X_outbound,3.551003,47.634157
1.992000,X_outbound,3.556378,46.867016
1.993000,X_outbound,3.561752,46.099875
1.994000,X_outbound,3.567127,45.332733
1.995000,X_outbound,3.572502,44.565592
1.996000,X_outbound,3.577876,44.092445
1.997000,X_outbound,3.583251,43.874627
1.998000,X_outbound,3.588626,43.656809
1.999000,X_outbound,3.594001,43.438991
2.000000,X_outbound,3.599375,43.221173
2.001000,X_outbound,3.604750,43.003355
2.002000,X_outbound,3.610125,42.785537
2.003000,X_outbound,3.615499,42.567719
2.004000,X_outbound,3.620874,42.307265
2.005000,X_outbound,3.626249,42.045790
2.006000,X_outbound,3.631623,41.784315
2.007000,X_outbound,3.636998,41.522840
2.008000,X_outbound,3.642373,41.261364
2.009000,X_outbound,3.647747,40.999889
2.010000,X_outbound,3.653122,40.738414
2.011000,X_outbound,3.658497,40.195078
2.012000,X_outbound,3.663871,39.259352
2.013000,X_outbound,3.669246,38.323627
2.014000,X_outbound,3.674621,37.387901
2.015000,X_outbound,3.679996,36.452175
2.016000,X_outbound,3.685370,35.516449
2.017000,X_outbound,3.690745,34.580724
2.018000,X_outbound,3.696120,33.644998
2.019000,X_outbound,3.701494,34.015409
2.020000,X_outbound,3.706869,34.599407
2.021000,X_outbound,3.712244,35.183405
2.022000,X_outbound,3.717618,35.767403
2.023000,X_outbound,3.722993,36.351401
2.024000,X_outbound,3.728368,36.935399
2.025000,X_outbound,3.733742,37.519397
2.026000,X_outbound,3.739117,38.295771
2.027000,X_outbound,3.744492,39.519150
2.028000,X_outbound,3.749867,40.742530
2.029000,X_outbound,3.755241,41.965909
2.030000,X_outbound,3.760616,43.189289
2.031000,X_outbound,3.765991,44.412668
2.032000,X_outbound,3.771365,45.636047
2.033000,X_outbound,3.776740,46.859427
2.034000,X_outbound,3.782115,46.817038
2.035000,X_outbound,3.787489,46.335217
2.036000,X_outbound,3.792864,45.853397
2.037000,X_outbound,3.798239,45.371577
2.038000,X_outbound,3.803613,44.889757
2.039000,X_outbound,3.808988,44.407936
2.040000,X_outbound,3.814363,43.926116
2.041000,X_outbound,3.819737,43.252015
2.042000,X_outbound,3.825112,41.723603
2.043000,X_outbound,3.830487,40.195191
2.044000,X_outbound,3.835862,38.666779
2.045000,X_outbound,3.841236,37.138367
2.046000,X_outbound,3.846611,35.609955
2.047000,X_outbound,3.851986,34.081543
2.048000,X_outbound,3.857360,32.553131
2.049000,X_outbound,3.862735,31.658237
2.050000,X_outbound,3.868110,31.143224
2.051000,X_outbound,3.873484,30.628211
2.052000,X_outbound,3.878859,30.113198
2.053000,X_outbound,3.884234,29.598185
2.054000,X_outbound,3.889608,29.083172
2.055000,X_outbound,3.894983,28.568159
2.056000,X_outbound,3.900358,28.082183
2.057000,X_outbound,3.905732,28.003406
2.058000,X_outbound,3.911107,27.924628
2.059000,X_outbound,3.916482,27.845850
2.060000,X_outbound,3.921857,27.767072
2.061000,X_outbound,3.927231,27.688295
2.062000,X_outbound,3.932606,27.609517
2.063000,X_outbound,3.937981,27.530739
2.064000,X_outbound,3.943355,26.928683
2.065000,X_outbound,3.948730,25.819797
2.066000,X_outbound,3.954105,24.710912
2.067000,X_outbound,3.959479,23.602026
2.068000,X_outbound,3.964854,22.493141
2.069000,X_outbound,3.970229,21.384255
2.070000,X_outbound,3.975603,20.275369
2.071000,X_outbound,3.980978,19.166484
2.072000,X_outbound,3.986353,19.146513
2.073000,X_outbound,3.991727,19.184572
2.074000,X_outbound,3.997102,19.222631
2.075000,X_outbound,4.002477,19.260690
2.076000,X_outbound,4.007852,19.298749
2.077000,X_outbound,4.013226,19.336808
2.078000,X_outbound,4.018601,19.374867
2.079000,X_outbound,4.023976,20.265729
2.080000,X_outbound,4.029350,22.485837
2.081000,X_outbound,4.034725,24.705946
2.082000,X_outbound,4.040100,26.926054
2.083000,X_outbound,4.045474,29.146163
2.084000,X_outbound,4.050849,31.366271
2.085000,X_outbound,4.056224,33.586380
2.086000,X_outbound,4.061598,35.806488
2.087000,X_outbound,4.066973,36.309643
2.088000,X_outbound,4.072348,36.466720
2.089000,X_outbound,4.077722,36.623796
2.090000,X_outbound,4.083097,36.780873
2.091000,X_outbound,4.088472,36.937949
2.092000,X_outbound,4.093847,37.095026
2.093000,X_outbound,4.099221,37.252102
2.094000,X_outbound,4.104596,37.167773
2.095000,X_outbound,4.109971,36.442742
2.096000,X_outbound,4.115345,35.717710
2.097000,X_outbound,4.120720,34.992678
2.098000,X_outbound,4.126095,34.267646
2.099000,X_outbound,4.131469,33.542615
2.100000,X_outbound,4.136844,32.817583
2.101000,X_outbound,4.142219,32.092551
2.102000,X_outbound,4.147593,31.499853
2.103000,X_outbound,4.152968,30.959880
2.104000,X_outbound,4.158343,30.419906
2.105000,X_outbound,4.163717,29.879933
2.106000,X_outbound,4.169092,29.339959
2.107000,X_outbound,4.174467,28.799986
2.108000,X_outbound,4.179842,28.260013
2.109000,X_outbound,4.185216,27.946786
2.110000,X_outbound,4.190591,28.855569
2.111000,X_outbound,4.195966,29.764352
2.112000,X_outbound,4.201340,30.673134
2.113000,X_outbound,4.206715,31.581917
2.114000,X_outbound,4.212090,32.490700
2.115000,X_outbound,4.217464,33.399483
2.116000,X_outbound,4.222839,34.308265
2.117000,X_outbound,4.226607,34.429182
2.118000,X_outbound,4.229294,34.020313
2.119000,X_outbound,4.231982,33.611444
2.120000,X_outbound,4.234669,33.202575
2.121000,X_outbound,4.237356,32.793707
2.122000,X_outbound,4.240044,32.384838
2.123000,X_outbound,4.242731,31.975969
2.124000,X_outbound,4.245418,31.567100
2.125000,X_outbound,4.248106,31.158232
2.126000,X_outbound,4.250793,30.749363
2.127000,X_outbound,4.253480,30.340494
2.128000,X_outbound,4.256168,29.931625
2.129000,X_outbound,4.258855,29.522757
2.130000,X_outbound,4.261542,29.113888
2.131000,X_outbound,4.264230,28.705019
2.132000,X_outbound,4.268209,28.543564
2.133000,X_outbound,4.273584,28.649311
2.134000,X_outbound,4.278958,28.755057
2.135000,X_outbound,4.284333,28.860803
2.136000,X_outbound,4.289708,28.966549
2.137000,X_outbound,4.295082,29.072296
2.138000,X_outbound,4.300457,29.178042
2.139000,X_outbound,4.305832,29.283788
2.140000,X_outbound,4.311207,30.078278
2.141000,X_outbound,4.316581,30.930875
2.142000,X_outbound,4.321956,31.783473
2.143000,X_outbound,4.327331,32.636070
2.144000,X_outbound,4.332705,33.488668
2.145000,X_outbound,4.338080,34.341266
2.146000,X_outbound,4.343455,35.193863
2.147000,X_outbound,4.348829,35.469507
2.148000,X_outbound,4.354204,34.735396
2.149000,X_outbound,4.359579,34.001286
2.150000,X_outbound,4.364953,33.267176
2.151000,X_outbound,4.370328,32.533065
2.152000,X_outbound,4.375703,31.798955
2.153000,X_outbound,4.381077,31.064845
2.154000,X_outbound,4.386452,30.330734
2.155000,X_outbound,4.391827,29.088851
2.156000,X_outbound,4.397202,27.723997
2.157000,X_outbound,4.402576,26.359143
2.158000,X_outbound,4.407951,24.994289
2.159000,X_outbound,4.413326,23.629434
2.160000,X_outbound,4.418700,22.264580
2.161000,X_outbound,4.424075,20.899726
2.162000,X_outbound,4.429450,20.079867
2.163000,X_outbound,4.434824,20.926312
2.164000,X_outbound,4.440199,21.772757
2.165000,X_outbound,4.445574,22.619201
2.166000,X_outbound,4.450948,23.465646
2.167000,X_outbound,4.456323,24.312090
2.168000,X_outbound,4.461698,25.158535
2.169000,X_outbound,4.467072,26.004980
2.170000,X_outbound,4.472447,26.843493
2.171000,X_outbound,4.477822,27.678409
2.172000,X_outbound,4.483197,28.513324
2.173000,X_outbound,4.488571,29.348239
2.174000,X_outbound,4.493946,30.183154
2.175000,X_outbound,4.499321,31.018070
2.176000,X_outbound,4.504695,31.852985
2.177000,X_outbound,4.510070,32.529861
2.178000,X_outbound,4.515445,32.142530
2.179000,X_outbound,4.520819,31.755198
2.180000,X_outbound,4.526194,31.367866
2.181000,X_outbound,4.531569,30.980535
2.182000,X_outbound,4.536943,30.593203
2.183000,X_outbound,4.542318,30.205871
2.184000,X_outbound,4.547693,29.818539
2.185000,X_outbound,4.553067,29.676522
2.186000,X_outbound,4.558442,29.719022
2.187000,X_outbound,4.563817,29.761522
2.188000,X_outbound,4.569192,29.804022
2.189000,X_outbound,4.574566,29.846522
2.190000,X_outbound,4.579941,29.889021
2.191000,X_outbound,4.585316,29.931521
2.192000,X_outbound,4.590690,29.988674
2.193000,X_outbound,4.596065,31.237797
2.194000,X_outbound,4.601440,32.486920
2.195000,X_outbound,4.606814,33.736043
2.196000,X_outbound,4.612189,34.985166
2.197000,X_outbound,4.617564,36.234289
2.198000,X_outbound,4.622938,37.483411
2.199000,X_outbound,4.628313,38.732534
2.200000,X_outbound,4.633688,39.501724
2.201000,X_outbound,4.639062,39.692714
2.202000,X_outbound,4.644437,39.883703
2.203000,X_outbound,4.649812,40.074693
2.204000,X_outbound,4.655187,40.265682
2.205000,X_outbound,4.660561,40.456672
2.206000,X_outbound,4.665936,40.647661
2.207000,X_outbound,4.671311,40.838651
2.208000,X_outbound,4.676685,39.521833
2.209000,X_outbound,4.682060,38.028096
2.210000,X_outbound,4.687435,36.534359
2.211000,X_outbound,4.692809,35.040622
2.212000,X_outbound,4.698184,33.546885
2.213000,X_outbound,4.703559,32.053148
2.214000,X_outbound,4.708933,30.559412
2.215000,X_outbound,4.714308,29.566292
2.216000,X_outbound,4.719683,29.560680
2.217000,X_outbound,4.725057,29.555068
2.218000,X_outbound,4.730432,29.549456
2.219000,X_outbound,4.735807,29.543844
2.220000,X_outbound,4.741182,29.538232
2.221000,X_outbound,4.746556,29.532620
2.222000,X_outbound,4.751931,29.527008
2.223000,X_outbound,4.755215,29.961848
2.224000,X_outbound,4.757903,30.522495
2.225000,X_outbound,4.760590,31.083142
2.226000,X_outbound,4.763277,31.643788
2.227000,X_outbound,4.765965,32.204435
2.228000,X_outbound,4.768652,32.765081
2.229000,X_outbound,4.771339,33.325728
2.230000,X_outbound,4.774027,33.886375
2.231000,X_outbound,4.776714,34.447021
2.232000,X_outbound,4.779401,35.007668
2.233000,X_outbound,4.782089,35.568315
2.234000,X_outbound,4.784776,36.128961
2.235000,X_outbound,4.787463,36.689608
2.236000,X_outbound,4.790151,37.250254
2.237000,X_outbound,4.792838,37.810901
2.238000,X_outbound,4.797301,37.789480
2.239000,X_outbound,4.802676,37.469102
2.240000,X_outbound,4.808050,37.148725
2.241000,X_outbound,4.813425,36.828347
2.242000,X_outbound,4.818800,36.507969
2.243000,X_outbound,4.824174,36.187592
2.244000,X_outbound,4.829549,35.867214
2.245000,X_outbound,4.834924,35.727946
2.246000,X_outbound,4.840298,37.181542
2.247000,X_outbound,4.845673,38.635138
2.248000,X_outbound,4.851048,40.088734
2.249000,X_outbound,4.856422,41.542331
2.250000,X_outbound,4.861797,42.995927
2.251000,X_outbound,4.867172,44.449523
2.252000,X_outbound,4.872547,45.903119
2.253000,X_outbound,4.877921,47.251348
2.254000,X_outbound,4.883296,48.511080
2.255000,X_outbound,4.888671,49.770812
2.256000,X_outbound,4.894045,51.030544
2.257000,X_outbound,4.899420,52.290276
2.258000,X_outbound,4.904795,53.550008
2.259000,X_outbound,4.910169,54.809740
2.260000,X_outbound,4.915544,56.069472
2.261000,X_outbound,4.920919,56.111208
2.262000,X_outbound,4.926293,56.134313
2.263000,X_outbound,4.931668,56.157419
2.264000,X_outbound,4.937043,56.180525
2.265000,X_outbound,4.942417,56.203631
2.266000,X_outbound,4.947792,56.226737
2.267000,X_outbound,4.953167,56.249843
2.268000,X_outbound,4.958542,56.015206
2.269000,X_outbound,4.963916,55.433787
2.270000,X_outbound,4.969291,54.852369
2.271000,X_outbound,4.974666,54.270951
2.272000,X_outbound,4.980040,53.689532
2.273000,X_outbound,4.985415,53.108114
2.274000,X_outbound,4.990790,52.526696
2.275000,X_outbound,4.996164,51.945277
2.276000,X_outbound,5.001539,52.052109
2.277000,X_outbound,5.006914,52.263809
2.278000,X_outbound,5.012288,52.475508
2.279000,X_outbound,5.017663,52.687208
2.280000,X_outbound,5.023038,52.898908
2.281000,X_outbound,5.028412,53.110607
2.282000,X_outbound,5.033787,53.322307
2.283000,X_outbound,5.039162,53.604851
2.284000,X_outbound,5.044537,54.045673
2.285000,X_outbound,5.049911,54.486496
2.286000,X_outbound,5.055286,54.927318
2.287000,X_outbound,5.060661,55.368140
2.288000,X_outbound,5.066035,55.808963
2.289000,X_outbound,5.071410,56.249785
2.290000,X_outbound,5.076785,56.690607
2.291000,X_outbound,5.082159,56.217121
2.292000,X_outbound,5.087534,55.439871
2.293000,X_outbound,5.092909,54.662622
2.294000,X_outbound,5.098283,53.885372
2.295000,X_outbound,5.103658,53.108122
2.296000,X_outbound,5.109033,52.330873
2.297000,X_outbound,5.114407,51.553623
2.298000,X_outbound,5.119782,50.742887
2.299000,X_outbound,5.125157,49.791264
2.300000,X_outbound,5.130532,48.839641
2.301000,X_outbound,5.135906,47.888018
2.302000,X_outbound,5.141281,46.936395
2.303000,X_outbound,5.146656,45.984772
2.304000,X_outbound,5.152030,45.033149
2.305000,X_outbound,5.157405,44.081526
2.306000,X_outbound,5.162780,43.382745
2.307000,X_outbound,5.168154,42.830265
2.308000,X_outbound,5.173529,42.277784
2.309000,X_outbound,5.178904,41.725304
2.310000,X_outbound,5.184278,41.172824
2.311000,X_outbound,5.189653,40.620344
2.312000,X_outbound,5.195028,40.067864
2.313000,X_outbound,5.200402,39.514583
2.314000,X_outbound,5.205777,38.951420
2.315000,X_outbound,5.211152,38.388256
2.316000,X_outbound,5.216527,37.825092
2.317000,X_outbound,5.221901,37.261928
2.318000,X_outbound,5.227276,36.698765
2.319000,X_outbound,5.232651,36.135601
2.320000,X_outbound,5.238025,35.572437
2.321000,X_outbound,5.243400,34.637561
2.322000,X_outbound,5.248775,33.354449
2.323000,X_outbound,5.254149,32.071337
2.324000,X_outbound,5.259524,30.788225
2.325000,X_outbound,5.264899,29.505113
2.326000,X_outbound,5.270273,28.222000
2.327000,X_outbound,5.275648,26.938888
2.328000,X_outbound,5.281023,25.655776
2.329000,X_outbound,5.286397,24.660274
2.330000,X_outbound,5.291772,23.677467
2.331000,X_outbound,5.297147,22.694659
2.332000,X_outbound,5.302522,21.711852
2.333000,X_outbound,5.307896,20.729045
2.334000,X_outbound,5.313271,19.746238
2.335000,X_outbound,5.318646,18.763430
2.336000,X_outbound,5.324020,18.178499
2.337000,X_outbound,5.329395,18.192506
2.338000,X_outbound,5.334770,18.206514
2.339000,X_outbound,5.340144,18.220521
2.340000,X_outbound,5.345519,18.234529
2.341000,X_outbound,5.350894,18.248537
2.342000,X_outbound,5.356268,18.262544
2.343000,X_outbound,5.361643,18.276552
2.344000,X_outbound,5.367018,18.727615
2.345000,X_outbound,5.372392,19.261574
2.346000,X_outbound,5.377767,19.795534
2.347000,X_outbound,5.383142,20.329494
2.348000,X_outbound,5.388517,20.863454
2.349000,X_outbound,5.393891,21.397414
2.350000,X_outbound,5.399266,21.931374
2.351000,X_outbound,5.404641,22.289240
2.352000,X_outbound,5.410015,22.198732
2.353000,X_outbound,5.415390,22.108224
2.354000,X_outbound,5.420765,22.017716
2.355000,X_outbound,5.426139,21.927207
2.356000,X_outbound,5.431514,21.836699
2.357000,X_outbound,5.436889,21.746191
2.358000,X_outbound,5.442263,21.655683
2.359000,X_outbound,5.447638,21.023982
2.360000,X_outbound,5.453013,20.185362
2.361000,X_outbound,5.458387,19.346742
2.362000,X_outbound,5.463762,18.508121
2.363000,X_outbound,5.469137,17.669501
2.364000,X_outbound,5.474512,16.830880
2.365000,X_outbound,5.479886,15.992260
2.366000,X_outbound,5.485261,15.533826
2.367000,X_outbound,5.490636,17.001722
2.368000,X_outbound,5.496010,18.469619
2.369000,X_outbound,5.501385,19.937515
2.370000,X_outbound,5.506760,21.405411
2.371000,X_outbound,5.512134,22.873307
2.372000,X_outbound,5.517509,24.341203
2.373000,X_outbound,5.522884,25.809099
2.374000,X_outbound,5.528258,26.909183
2.375000,X_outbound,5.533633,27.770381
2.376000,X_outbound,5.539008,28.631579
2.377000,X_outbound,5.544382,29.492776
2.378000,X_outbound,5.549757,30.353974
2.379000,X_outbound,5.555132,31.215172
2.380000,X_outbound,5.560507,32.076370
2.381000,X_outbound,5.565881,32.892173
2.382000,X_outbound,5.571256,32.801170
2.383000,X_outbound,5.576631,32.710166
2.384000,X_outbound,5.582005,32.619163
2.385000,X_outbound,5.587380,32.528160
2.386000,X_outbound,5.592755,32.437157
2.387000,X_outbound,5.598129,32.346154
2.388000,X_outbound,5.603504,32.255151
2.389000,X_outbound,5.608879,32.214483
2.390000,X_outbound,5.614253,32.226397
2.391000,X_outbound,5.619628,32.238310
2.392000,X_outbound,5.625003,32.250223
2.393000,X_outbound,5.630377,32.262137
2.394000,X_outbound,5.635752,32.274050
2.395000,X_outbound,5.641127,32.285963
2.396000,X_outbound,5.646502,32.297877
2.397000,X_outbound,5.651876,32.830155
2.398000,X_outbound,5.657251,33.401291
2.399000,X_outbound,5.662626,33.972426
2.400000,X_outbound,5.668000,34.543561
2.401000,X_outbound,5.673375,35.114697
2.402000,X_outbound,5.678750,35.685832
2.403000,X_outbound,5.684124,36.256967
2.404000,X_outbound,5.689499,36.501658
2.405000,X_outbound,5.694874,36.195105
2.406000,X_outbound,5.700248,35.888553
2.407000,X_outbound,5.705623,35.582001
2.408000,X_outbound,5.710998,35.275448
2.409000,X_outbound,5.716372,34.968896
2.410000,X_outbound,5.721747,34.662344
2.411000,X_outbound,5.727122,34.355791
2.412000,X_outbound,5.732497,33.537725
2.413000,X_outbound,5.737871,32.602282
2.414000,X_outbound,5.743246,31.666839
2.415000,X_outbound,5.748621,30.731395
2.416000,X_outbound,5.753995,29.795952
2.417000,X_outbound,5.759370,28.860509
2.418000,X_outbound,5.764745,27.925066
2.419000,X_outbound,5.770119,27.378793
2.420000,X_outbound,5.775494,27.970828
2.421000,X_outbound,5.780869,28.562862
2.422000,X_outbound,5.786243,29.154897
2.423000,X_outbound,5.791618,29.746932
2.424000,X_outbound,5.796993,30.338966
2.425000,X_outbound,5.802367,30.931001
2.426000,X_outbound,5.807742,31.523035
2.427000,X_outbound,5.813117,31.830562
2.428000,X_outbound,5.818492,32.013938
2.429000,X_outbound,5.823866,32.197314
2.430000,X_outbound,5.829241,32.380690
2.431000,X_outbound,5.834616,32.564067
2.432000,X_outbound,5.839990,32.747443
2.433000,X_outbound,5.845365,32.930819
2.434000,X_outbound,5.850370,32.994014
2.435000,X_outbound,5.853057,32.304125
2.436000,X_outbound,5.855745,31.614235
2.437000,X_outbound,5.858432,30.924345
2.438000,X_outbound,5.861119,30.234456
2.439000,X_outbound,5.863807,29.544566
2.440000,X_outbound,5.866494,28.854676
2.441000,X_outbound,5.869181,28.164787
2.442000,X_outbound,5.871869,27.474897
2.443000,X_outbound,5.874556,26.785007
2.444000,X_outbound,5.877243,26.095118
2.445000,X_outbound,5.879931,25.405228
2.446000,X_outbound,5.882618,24.715338
2.447000,X_outbound,5.885305,24.025448
2.448000,X_outbound,5.887993,23.335559
2.449000,X_outbound,5.890735,22.654504
2.450000,X_outbound,5.896110,22.396356
2.451000,X_outbound,5.901484,22.138207
2.452000,X_outbound,5.906859,21.880058
2.453000,X_outbound,5.912234,21.621909
2.454000,X_outbound,5.917608,21.363760
2.455000,X_outbound,5.922983,21.105611
2.456000,X_outbound,5.928358,20.847462
2.457000,X_outbound,5.933732,20.217139
2.458000,X_outbound,5.939107,19.153220
2.459000,X_outbound,5.944482,18.089300
2.460000,X_outbound,5.949857,17.025381
2.461000,X_outbound,5.955231,15.961461
2.462000,X_outbound,5.960606,14.897542
2.463000,X_outbound,5.965981,13.833622
2.464000,X_outbound,5.971355,12.769703
2.465000,X_outbound,5.976730,11.782791
2.466000,X_outbound,5.982105,10.804123
2.467000,X_outbound,5.987479,9.825455
2.468000,X_outbound,5.992854,8.846786
2.469000,X_outbound,5.998229,7.868118
2.470000,X_outbound,6.003603,6.889449
2.471000,X_outbound,6.008978,5.910781
2.472000,X_outbound,6.014353,5.433913
2.473000,X_outbound,6.019727,5.910884
2.474000,X_outbound,6.025102,6.387855
2.475000,X_outbound,6.030477,6.864826
2.476000,X_outbound,6.035852,7.341797
2.477000,X_outbound,6.041226,7.818769
2.478000,X_outbound,6.046601,8.295740
2.479000,X_outbound,6.051976,8.772711
2.480000,X_outbound,6.057350,8.512647
2.481000,X_outbound,6.062725,8.052092
2.482000,X_outbound,6.068100,7.591537
2.483000,X_outbound,6.073474,7.130982
2.484000,X_outbound,6.078849,6.670427
2.485000,X_outbound,6.084224,6.209872
2.486000,X_outbound,6.089598,5.749318
2.487000,X_outbound,6.094973,5.154202
2.488000,X_outbound,6.100348,4.102354
2.489000,X_outbound,6.105722,3.050506
2.490000,X_outbound,6.111097,1.998658
2.491000,X_outbound,6.116472,0.946810
2.492000,X_outbound,6.121847,-0.105037
2.493000,X_outbound,6.127221,-1.156885
2.494000,X_outbound,6.132596,-2.208733
2.495000,X_outbound,6.137971,-2.309897
2.496000,X_outbound,6.143345,-1.940676
2.497000,X_outbound,6.148720,-1.571454
2.498000,X_outbound,6.154095,-1.202233
2.499000,X_outbound,6.159469,-0.833012
2.500000,X_outbound,6.164844,-0.463790
2.501000,X_outbound,6.170219,-0.094569
2.502000,X_outbound,6.175593,0.417984
2.503000,X_outbound,6.180968,2.085343
2.504000,X_outbound,6.186343,3.752702
2.505000,X_outbound,6.191717,5.420062
2.506000,X_outbound,6.197092,7.087421
2.507000,X_outbound,6.202467,8.754780
2.508000,X_outbound,6.207842,10.422139
2.509000,X_outbound,6.213216,12.089498
2.510000,X_outbound,6.218591,13.135872
2.511000,X_outbound,6.223966,13.677921
2.512000,X_outbound,6.229340,14.219969
2.513000,X_outbound,6.234715,14.762017
2.514000,X_outbound,6.240090,15.304065
2.515000,X_outbound,6.245464,15.846113
2.516000,X_outbound,6.250839,16.388161
2.517000,X_outbound,6.256214,16.930209
2.518000,X_outbound,6.261588,16.946913
2.519000,X_outbound,6.266963,16.960050
2.520000,X_outbound,6.272338,16.973187
2.521000,X_outbound,6.277713,16.986323
2.522000,X_outbound,6.283087,16.999460
2.523000,X_outbound,6.288462,17.012597
2.524000,X_outbound,6.293837,17.025733
2.525000,X_outbound,6.299211,17.686827
2.526000,X_outbound,6.304586,19.190626
2.527000,X_outbound,6.309961,20.694426
2.528000,X_outbound,6.315335,22.198226
2.529000,X_outbound,6.320710,23.702026
2.530000,X_outbound,6.326085,25.205826
2.531000,X_outbound,6.331459,26.709626
2.532000,X_outbound,6.336834,28.213426
2.533000,X_outbound,6.342209,29.328677
2.534000,X_outbound,6.347583,30.388977
2.535000,X_outbound,6.352958,31.449277
2.536000,X_outbound,6.358333,32.509577
2.537000,X_outbound,6.363708,33.569877
2.538000,X_outbound,6.369082,34.630177
2.539000,X_outbound,6.374457,35.690477
2.540000,X_outbound,6.379832,36.008814
2.541000,X_outbound,6.385206,34.732360
2.542000,X_outbound,6.390581,33.455906
2.543000,X_outbound,6.395956,32.179452
2.544000,X_outbound,6.401330,30.902998
2.545000,X_outbound,6.406705,29.626543
2.546000,X_outbound,6.412080,28.350089
2.547000,X_outbound,6.417454,27.073635
2.548000,X_outbound,6.422829,25.716364
2.549000,X_outbound,6.428204,24.333423
2.550000,X_outbound,6.433578,22.950482
2.551000,X_outbound,6.438953,21.567541
2.552000,X_outbound,6.444328,20.184599
2.553000,X_outbound,6.449703,18.801658
2.554000,X_outbound,6.455077,17.418717
2.555000,X_outbound,6.460452,16.373630
2.556000,X_outbound,6.465827,16.676916
2.557000,X_outbound,6.471201,16.980202
2.558000,X_outbound,6.476576,17.283488
2.559000,X_outbound,6.481951,17.586774
2.560000,X_outbound,6.487325,17.890060
2.561000,X_outbound,6.492700,18.193346
2.562000,X_outbound,6.498075,18.496632
2.563000,X_outbound,6.503449,18.173343
2.564000,X_outbound,6.508824,17.500325
2.565000,X_outbound,6.514199,16.827307
2.566000,X_outbound,6.519573,16.154289
2.567000,X_outbound,6.524948,15.481271
2.568000,X_outbound,6.530323,14.808253
2.569000,X_outbound,6.535698,14.135235
2.570000,X_outbound,6.541072,13.413950
2.571000,X_outbound,6.546447,12.160823
2.572000,X_outbound,6.551822,10.907695
2.573000,X_outbound,6.557196,9.654568
2.574000,X_outbound,6.562571,8.401440
2.575000,X_outbound,6.567946,7.148313
2.576000,X_outbound,6.573320,5.895185
2.577000,X_outbound,6.578695,4.642058
2.578000,X_outbound,6.584070,3.949571
2.579000,X_outbound,6.589444,3.765094
2.580000,X_outbound,6.594819,3.580617
2.581000,X_outbound,6.600194,3.396140
2.582000,X_outbound,6.605568,3.211663
2.583000,X_outbound,6.610943,3.027186
2.584000,X_outbound,6.616318,2.842709
2.585000,X_outbound,6.621693,2.658232
2.586000,X_outbound,6.627067,2.932218
2.587000,X_outbound,6.632442,3.222316
2.588000,X_outbound,6.637817,3.512415
2.589000,X_outbound,6.643191,3.802514
2.590000,X_outbound,6.648566,4.092613
2.591000,X_outbound,6.653941,4.382712
2.592000,X_outbound,6.659315,4.672811
2.593000,X_outbound,6.664690,5.039316
2.594000,X_outbound,6.670065,5.516930
2.595000,X_outbound,6.675439,5.994544
2.596000,X_outbound,6.680814,6.472158
2.597000,X_outbound,6.686189,6.949772
2.598000,X_outbound,6.691563,7.427386
2.599000,X_outbound,6.696938,7.904999
2.600000,X_outbound,6.702313,8.382613
2.601000,X_outbound,6.707688,8.076713
2.602000,X_outbound,6.713062,7.631338
2.603000,X_outbound,6.718437,7.185963
2.604000,X_outbound,6.723812,6.740588
2.605000,X_outbound,6.729186,6.295213
2.606000,X_outbound,6.734561,5.849838
2.607000,X_outbound,6.739936,5.404463
2.608000,X_outbound,6.745310,4.963122
2.609000,X_outbound,6.750685,4.531641
2.610000,X_outbound,6.756060,4.100161
2.611000,X_outbound,6.761434,3.668681
2.612000,X_outbound,6.766809,3.237200
2.613000,X_outbound,6.772184,2.805720
2.614000,X_outbound,6.777558,2.374240
2.615000,X_outbound,6.782933,1.942759
2.616000,X_outbound,6.788308,2.272509
2.617000,X_outbound,6.793683,2.881342
2.618000,X_outbound,6.799057,3.490176
2.619000,X_outbound,6.804432,4.099009
2.620000,X_outbound,6.809807,4.707842
2.621000,X_outbound,6.815181,5.316676
2.622000,X_outbound,6.820556,5.925509
2.623000,X_outbound,6.825931,6.492933
2.624000,X_outbound,6.831305,6.862617
2.625000,X_outbound,6.836680,7.232301
2.626000,X_outbound,6.842055,7.601984
2.627000,X_outbound,6.847429,7.971668
2.628000,X_outbound,6.852804,8.341352
2.629000,X_outbound,6.858179,8.711035
2.630000,X_outbound,6.863553,9.080719
2.631000,X_outbound,6.868928,8.799284
2.632000,X_outbound,6.874303,8.109502
2.633000,X_outbound,6.879678,7.419720
2.634000,X_outbound,6.885052,6.729938
2.635000,X_outbound,6.890427,6.040156
2.636000,X_outbound,6.895802,5.350374
2.637000,X_outbound,6.901176,4.660593
2.638000,X_outbound,6.906551,4.022380
2.639000,X_outbound,6.911926,4.253565
2.640000,X_outbound,6.917300,4.484751
2.641000,X_outbound,6.922675,4.715937
2.642000,X_outbound,6.928050,4.947123
2.643000,X_outbound,6.933424,5.178309
2.644000,X_outbound,6.938799,5.409495
2.645000,X_outbound,6.944174,5.640681
2.646000,X_outbound,6.948212,5.933783
2.647000,X_outbound,6.950899,6.289444
2.648000,X_outbound,6.953586,6.645105
2.649000,X_outbound,6.956274,7.000767
2.650000,X_outbound,6.958961,7.356428
2.651000,X_outbound,6.961648,7.712090
2.652000,X_outbound,6.964336,8.067751
2.653000,X_outbound,6.967023,8.423413
2.654000,X_outbound,6.969710,8.779074
2.655000,X_outbound,6.972398,9.134736
2.656000,X_outbound,6.975085,9.490397
2.657000,X_outbound,6.977773,9.846059
2.658000,X_outbound,6.980460,10.201720
2.659000,X_outbound,6.983147,10.557382
2.660000,X_outbound,6.985835,10.913043
2.661000,X_outbound,6.989544,11.008229
2.662000,X_outbound,6.994918,10.678894
2.663000,X_outbound,7.000293,10.349558
2.664000,X_outbound,7.005668,10.020222
2.665000,X_outbound,7.011043,9.690887
2.666000,X_outbound,7.016417,9.361551
2.667000,X_outbound,7.021792,9.032216
2.668000,X_outbound,7.027167,8.702880
2.669000,X_outbound,7.032541,9.446319
2.670000,X_outbound,7.037916,10.422571
2.671000,X_outbound,7.043291,11.398824
2.672000,X_outbound,7.048665,12.375076
2.673000,X_outbound,7.054040,13.351328
2.674000,X_outbound,7.059415,14.327580
2.675000,X_outbound,7.064789,15.303832
2.676000,X_outbound,7.070164,16.395343
2.677000,X_outbound,7.075539,17.809673
2.678000,X_outbound,7.080913,19.224002
2.679000,X_outbound,7.086288,20.638332
2.680000,X_outbound,7.091663,22.052662
2.681000,X_outbound,7.097038,23.466991
2.682000,X_outbound,7.102412,24.881321
2.683000,X_outbound,7.107787,26.295651
2.684000,X_outbound,7.113162,26.310413
2.685000,X_outbound,7.118536,25.738193
2.686000,X_outbound,7.123911,25.165973
2.687000,X_outbound,7.129286,24.593753
2.688000,X_outbound,7.134660,24.021533
2.689000,X_outbound,7.140035,23.449313
2.690000,X_outbound,7.145410,22.877092
2.691000,X_outbound,7.150784,22.435575
2.692000,X_outbound,7.156159,22.758930
2.693000,X_outbound,7.161534,23.082284
2.694000,X_outbound,7.166908,23.405639
2.695000,X_outbound,7.172283,23.728994
2.696000,X_outbound,7.177658,24.052349
2.697000,X_outbound,7.183033,24.375704
2.698000,X_outbound,7.188407,24.699058
2.699000,X_outbound,7.193782,24.814992
2.700000,X_outbound,7.199157,24.785208
2.701000,X_outbound,7.204531,24.755423
2.702000,X_outbound,7.209906,24.725639
2.703000,X_outbound,7.215281,24.695854
2.704000,X_outbound,7.220655,24.666070
2.705000,X_outbound,7.226030,24.636285
2.706000,X_outbound,7.231405,24.585159
2.707000,X_outbound,7.236779,23.813956
2.708000,X_outbound,7.242154,23.042754
2.709000,X_outbound,7.247529,22.271551
2.710000,X_outbound,7.252903,21.500348
2.711000,X_outbound,7.258278,20.729146
2.712000,X_outbound,7.263653,19.957943
2.713000,X_outbound,7.269028,19.186740
2.714000,X_outbound,7.274402,18.237741
2.715000,X_outbound,7.279777,17.088413
2.716000,X_outbound,7.285152,15.939084
2.717000,X_outbound,7.290526,14.789756
2.718000,X_outbound,7.295901,13.640428
2.719000,X_outbound,7.301276,12.491100
2.720000,X_outbound,7.306650,11.341772
2.721000,X_outbound,7.312025,10.192444
2.722000,X_outbound,7.317400,9.761732
2.723000,X_outbound,7.322774,9.400682
2.724000,X_outbound,7.328149,9.039632
2.725000,X_outbound,7.333524,8.678582
2.726000,X_outbound,7.338898,8.317532
2.727000,X_outbound,7.344273,7.956482
2.728000,X_outbound,7.349648,7.595432
2.729000,X_outbound,7.355023,7.133637
2.730000,X_outbound,7.360397,6.487228
2.731000,X_outbound,7.365772,5.840820
2.732000,X_outbound,7.371147,5.194412
2.733000,X_outbound,7.376521,4.548004
2.734000,X_outbound,7.381896,3.901595
2.735000,X_outbound,7.387271,3.255187
2.736000,X_outbound,7.392645,2.608779
2.737000,X_outbound,7.398020,2.031371
2.738000,X_outbound,7.403395,1.471814
2.739000,X_outbound,7.408769,0.912257
2.740000,X_outbound,7.414144,0.352701
2.741000,X_outbound,7.419519,-0.206856
2.742000,X_outbound,7.424893,-0.766413
2.743000,X_outbound,7.430268,-1.325970
2.744000,X_outbound,7.435643,-1.615582
2.745000,X_outbound,7.441018,-1.030772
2.746000,X_outbound,7.446392,-0.445963
2.747000,X_outbound,7.451767,0.138847
2.748000,X_outbound,7.457142,0.723656
2.749000,X_outbound,7.462516,1.308465
2.750000,X_outbound,7.467891,1.893275
2.751000,X_outbound,7.473266,2.478084
2.752000,X_outbound,7.478640,3.369021
2.753000,X_outbound,7.484015,4.405805
2.754000,X_outbound,7.489390,5.442589
2.755000,X_outbound,7.494764,6.479373
2.756000,X_outbound,7.500139,7.516157
2.757000,X_outbound,7.505514,8.552941
2.758000,X_outbound,7.510888,9.589724
2.759000,X_outbound,7.516263,10.552433
2.760000,X_outbound,7.521638,10.965339
2.761000,X_outbound,7.527013,11.378245
2.762000,X_outbound,7.532387,11.791150
2.763000,X_outbound,7.537762,12.204056
2.764000,X_outbound,7.543137,12.616962
2.765000,X_outbound,7.548511,13.029868
2.766000,X_outbound,7.553886,13.442773
2.767000,X_outbound,7.559261,14.119397
2.768000,X_outbound,7.564635,15.003097
2.769000,X_outbound,7.570010,15.886798
2.770000,X_outbound,7.575385,16.770498
2.771000,X_outbound,7.580759,17.654199
2.772000,X_outbound,7.586134,18.537899
2.773000,X_outbound,7.591509,19.421600
2.774000,X_outbound,7.596883,20.305731
2.775000,X_outbound,7.602258,21.462597
2.776000,X_outbound,7.607633,22.619464
2.777000,X_outbound,7.613008,23.776331
2.778000,X_outbound,7.618382,24.933198
2.779000,X_outbound,7.623757,26.090064
2.780000,X_outbound,7.629132,27.246931
2.781000,X_outbound,7.634506,28.403798
2.782000,X_outbound,7.639881,28.872421
2.783000,X_outbound,7.645256,28.475680
2.784000,X_outbound,7.650630,28.078939
2.785000,X_outbound,7.656005,27.682198
2.786000,X_outbound,7.661380,27.285457
2.787000,X_outbound,7.666754,26.888716
2.788000,X_outbound,7.672129,26.491975
2.789000,X_outbound,7.677504,26.095234
2.790000,X_outbound,7.682878,25.226464
2.791000,X_outbound,7.688253,24.296006
2.792000,X_outbound,7.693628,23.365548
2.793000,X_outbound,7.699003,22.435091
2.794000,X_outbound,7.704377,21.504633
2.795000,X_outbound,7.709752,20.574175
2.796000,X_outbound,7.715127,19.643717
2.797000,X_outbound,7.720501,19.014268
2.798000,X_outbound,7.725876,19.007605
2.799000,X_outbound,7.731251,19.000941
2.800000,X_outbound,7.736625,18.994278
2.801000,X_outbound,7.742000,18.987614
2.802000,X_outbound,7.747375,18.980951
2.803000,X_outbound,7.752749,18.974288
2.804000,X_outbound,7.758124,18.967624
2.805000,X_outbound,7.763499,19.229277
2.806000,X_outbound,7.768873,19.572321
2.807000,X_outbound,7.774248,19.915364
2.808000,X_outbound,7.779623,20.258408
2.809000,X_outbound,7.784998,20.601452
2.810000,X_outbound,7.790372,20.944495
2.811000,X_outbound,7.795747,21.287539
2.812000,X_outbound,7.801122,21.544761
2.813000,X_outbound,7.806496,21.476550
2.814000,X_outbound,7.811871,21.408338
2.815000,X_outbound,7.817246,21.340126
2.816000,X_outbound,7.822620,21.271915
2.817000,X_outbound,7.827995,21.203703
2.818000,X_outbound,7.833370,21.135492
2.819000,X_outbound,7.838744,21.067280
2.820000,X_outbound,7.844119,21.076269
2.821000,X_outbound,7.849494,21.126809
2.822000,X_outbound,7.854868,21.177349
2.823000,X_outbound,7.860243,21.227889
2.824000,X_outbound,7.865618,21.278429
2.825000,X_outbound,7.870993,21.328969
2.826000,X_outbound,7.876367,21.379509
2.827000,X_outbound,7.881742,21.590614
2.828000,X_outbound,7.887117,23.395504
2.829000,X_outbound,7.892491,25.200393
2.830000,X_outbound,7.897866,27.005283
2.831000,X_outbound,7.903241,28.810172
2.832000,X_outbound,7.908615,30.615061
2.833000,X_outbound,7.913990,32.419951
2.834000,X_outbound,7.919365,34.224840
2.835000,X_outbound,7.924739,35.586336
2.836000,X_outbound,7.930114,36.559257
2.837000,X_outbound,7.935489,37.532178
2.838000,X_outbound,7.940863,38.505099
2.839000,X_outbound,7.946238,39.478020
2.840000,X_outbound,7.951613,40.450941
2.841000,X_outbound,7.956988,41.423861
2.842000,X_outbound,7.962362,42.396782
2.843000,X_outbound,7.967737,42.347273
2.844000,X_outbound,7.973112,42.270866
2.845000,X_outbound,7.978486,42.194459
2.846000,X_outbound,7.983861,42.118052
2.847000,X_outbound,7.989236,42.041645
2.848000,X_outbound,7.994610,41.965237
2.849000,X_outbound,7.999985,41.888830
2.850000,X_outbound,8.005360,41.818256
2.851000,X_outbound,8.010734,41.755877
2.852000,X_outbound,8.016109,41.693498
2.853000,X_outbound,8.021484,41.631119
2.854000,X_outbound,8.026858,41.568740
2.855000,X_outbound,8.032233,41.506361
2.856000,X_outbound,8.037608,41.443982
2.857000,X_outbound,8.042983,41.381603
2.858000,X_outbound,8.046054,40.864431
2.859000,X_outbound,8.048741,40.271500
2.860000,X_outbound,8.051428,39.678570
2.861000,X_outbound,8.054116,39.085639
2.862000,X_outbound,8.056803,38.492708
2.863000,X_outbound,8.059490,37.899778
2.864000,X_outbound,8.062178,37.306847
2.865000,X_outbound,8.064865,36.713917
2.866000,X_outbound,8.067552,36.120986
2.867000,X_outbound,8.070240,35.528056
2.868000,X_outbound,8.072927,34.935125
2.869000,X_outbound,8.075614,34.342195
2.870000,X_outbound,8.078302,33.749264
2.871000,X_outbound,8.080989,33.156334
2.872000,X_outbound,8.083676,32.563403
2.873000,X_outbound,8.088353,31.379348
2.874000,X_outbound,8.093727,29.987655
2.875000,X_outbound,8.099102,28.595962
2.876000,X_outbound,8.104477,27.204269
2.877000,X_outbound,8.109851,25.812576
2.878000,X_outbound,8.115226,24.420883
2.879000,X_outbound,8.120601,23.029190
2.880000,X_outbound,8.125975,21.699936
2.881000,X_outbound,8.131350,20.652310
2.882000,X_outbound,8.136725,19.604683
2.883000,X_outbound,8.142099,18.557057
2.884000,X_outbound,8.147474,17.509431
2.885000,X_outbound,8.152849,16.461805
2.886000,X_outbound,8.158223,15.414179
2.887000,X_outbound,8.163598,14.366553
2.888000,X_outbound,8.168973,13.406840
2.889000,X_outbound,8.174348,12.500350
2.890000,X_outbound,8.179722,11.593861
2.891000,X_outbound,8.185097,10.687372
2.892000,X_outbound,8.190472,9.780882
2.893000,X_outbound,8.195846,8.874393
2.894000,X_outbound,8.201221,7.967904
2.895000,X_outbound,8.206596,7.091653
2.896000,X_outbound,8.211970,6.655339
2.897000,X_outbound,8.217345,6.219025
2.898000,X_outbound,8.222720,5.782710
2.899000,X_outbound,8.228094,5.346396
2.900000,X_outbound,8.233469,4.910081
2.901000,X_outbound,8.238844,4.473767
2.902000,X_outbound,8.244218,4.037452
2.903000,X_outbound,8.249593,3.913053
2.904000,X_outbound,8.254968,4.093494
2.905000,X_outbound,8.260343,4.273935
2.906000,X_outbound,8.265717,4.454375
2.907000,X_outbound,8.271092,4.634816
2.908000,X_outbound,8.276467,4.815257
2.909000,X_outbound,8.281841,4.995698
2.910000,X_outbound,8.287216,5.176138
2.911000,X_outbound,8.292591,5.603866
2.912000,X_outbound,8.297965,6.045390
2.913000,X_outbound,8.303340,6.486913
2.914000,X_outbound,8.308715,6.928437
2.915000,X_outbound,8.314089,7.369961
2.916000,X_outbound,8.319464,7.811485
2.917000,X_outbound,8.324839,8.253009
2.918000,X_outbound,8.330213,8.416157
2.919000,X_outbound,8.335588,8.141287
2.920000,X_outbound,8.340963,7.866417
2.921000,X_outbound,8.346338,7.591547
2.922000,X_outbound,8.351712,7.316677
2.923000,X_outbound,8.357087,7.041807
2.924000,X_outbound,8.362462,6.766937
2.925000,X_outbound,8.367836,6.492067
2.926000,X_outbound,8.373211,7.054706
2.927000,X_outbound,8.378586,7.788883
2.928000,X_outbound,8.383960,8.523060
2.929000,X_outbound,8.389335,9.257237
2.930000,X_outbound,8.394710,9.991414
2.931000,X_outbound,8.400084,10.725591
2.932000,X_outbound,8.405459,11.459768
2.933000,X_outbound,8.410834,12.031960
2.934000,X_outbound,8.416208,12.169334
2.935000,X_outbound,8.421583,12.306708
2.936000,X_outbound,8.426958,12.444083
2.937000,X_outbound,8.432333,12.581457
2.938000,X_outbound,8.437707,12.718831
2.939000,X_outbound,8.443082,12.856205
2.940000,X_outbound,8.448457,12.993579
2.941000,X_outbound,8.453831,11.901684
2.942000,X_outbound,8.459206,10.314596
2.943000,X_outbound,8.464581,8.727508
2.944000,X_outbound,8.469955,7.140420
2.945000,X_outbound,8.475330,5.553332
2.946000,X_outbound,8.480705,3.966244
2.947000,X_outbound,8.486079,2.379156
2.948000,X_outbound,8.491454,0.857447
2.949000,X_outbound,8.496829,-0.305825
2.950000,X_outbound,8.502203,-1.469097
2.951000,X_outbound,8.507578,-2.632369
2.952000,X_outbound,8.512953,-3.795641
2.953000,X_outbound,8.518328,-4.958913
2.954000,X_outbound,8.523702,-6.122185
2.955000,X_outbound,8.529077,-7.285457
2.956000,X_outbound,8.534452,-7.682184
2.957000,X_outbound,8.539826,-7.558623
2.958000,X_outbound,8.545201,-7.435063
2.959000,X_outbound,8.550576,-7.311503
2.960000,X_outbound,8.555950,-7.187943
2.961000,X_outbound,8.561325,-7.064383
2.962000,X_outbound,8.566700,-6.940822
2.963000,X_outbound,8.571941,-6.824274
2.964000,X_outbound,8.573733,-6.889686
2.965000,X_outbound,8.575525,-6.955099
2.966000,X_outbound,8.577316,-7.020511
2.967000,X_outbound,8.579108,-7.085924
2.968000,X_outbound,8.580899,-7.151336
2.969000,X_outbound,8.582691,-7.216749
2.970000,X_outbound,8.584482,-7.282161
2.971000,X_outbound,8.586274,-7.347573
2.972000,X_outbound,8.588066,-7.412986
2.973000,X_outbound,8.589857,-7.478398
2.974000,X_outbound,8.591649,-7.543811
2.975000,X_outbound,8.593440,-7.609223
2.976000,X_outbound,8.595232,-7.674636
2.977000,X_outbound,8.597023,-7.740048
2.978000,X_outbound,8.598815,-7.805460
2.979000,X_outbound,8.600606,-7.870873
2.980000,X_outbound,8.602398,-7.936285
2.981000,X_outbound,8.604190,-8.001698
2.982000,X_outbound,8.605981,-8.067110
2.983000,X_outbound,8.607773,-8.132523
2.984000,X_outbound,8.609564,-8.197935
2.985000,X_outbound,8.611356,-8.263348
2.986000,X_outbound,8.614442,-7.855093
2.987000,X_outbound,8.619817,-6.609750
2.988000,X_outbound,8.625192,-5.364406
2.989000,X_outbound,8.630566,-4.119063
2.990000,X_outbound,8.635941,-2.873720
2.991000,X_outbound,8.641316,-1.628376
2.992000,X_outbound,8.646690,-0.383033
2.993000,X_outbound,8.652065,0.862311
2.994000,X_outbound,8.657440,1.177878
2.995000,X_outbound,8.662814,1.265040
2.996000,X_outbound,8.668189,1.352202
2.997000,X_outbound,8.673564,1.439364
2.998000,X_outbound,8.678938,1.526526
2.999000,X_outbound,8.684313,1.613689
3.000000,X_outbound,8.689688,1.700851
3.001000,X_outbound,8.695063,1.719407
3.002000,X_outbound,8.700437,1.525640
3.003000,X_outbound,8.705812,1.331874
3.004000,X_outbound,8.711187,1.138107
3.005000,X_outbound,8.716561,0.944341
3.006000,X_outbound,8.721936,0.750574
3.007000,X_outbound,8.727311,0.556807
3.008000,X_outbound,8.732685,0.363041
3.009000,X_outbound,8.738060,0.797208
3.010000,X_outbound,8.743435,1.519288
3.011000,X_outbound,8.748809,2.241367
3.012000,X_outbound,8.754184,2.963447
3.013000,X_outbound,8.759559,3.685527
3.014000,X_outbound,8.764933,4.407606
3.015000,X_outbound,8.770308,5.129686
3.016000,X_outbound,8.775683,5.912416
3.017000,X_outbound,8.781058,7.111859
3.018000,X_outbound,8.786432,8.311301
3.019000,X_outbound,8.791807,9.510744
3.020000,X_outbound,8.797182,10.710187
3.021000,X_outbound,8.802556,11.909630
3.022000,X_outbound,8.807931,13.109072
3.023000,X_outbound,8.813306,14.308515
3.024000,X_outbound,8.818680,14.962223
3.025000,X_outbound,8.824055,15.201667
3.026000,X_outbound,8.829430,15.441112
3.027000,X_outbound,8.834804,15.680557
3.028000,X_outbound,8.840179,15.920001
3.029000,X_outbound,8.845554,16.159446
3.030000,X_outbound,8.850929,16.398890
3.031000,X_outbound,8.856303,16.631990
3.032000,X_outbound,8.861678,16.230267
3.033000,X_outbound,8.867053,15.828545
3.034000,X_outbound,8.872427,15.426822
3.035000,X_outbound,8.877802,15.025099
3.036000,X_outbound,8.883177,14.623377
3.037000,X_outbound,8.888551,14.221654
3.038000,X_outbound,8.893926,13.819931
3.039000,X_outbound,8.899301,14.029402
3.040000,X_outbound,8.904675,14.981923
3.041000,X_outbound,8.910050,15.934443
3.042000,X_outbound,8.915425,16.886964
3.043000,X_outbound,8.920799,17.839484
3.044000,X_outbound,8.926174,18.792005
3.045000,X_outbound,8.931549,19.744525
3.046000,X_outbound,8.936924,20.697046
3.047000,X_outbound,8.942298,21.574295
3.048000,X_outbound,8.947673,22.442500
3.049000,X_outbound,8.953048,23.310706
3.050000,X_outbound,8.958422,24.178911
3.051000,X_outbound,8.963797,25.047116
3.052000,X_outbound,8.969172,25.915322
3.053000,X_outbound,8.974546,26.783527
3.054000,X_outbound,8.979921,27.186388
3.055000,X_outbound,8.985296,26.662014
3.056000,X_outbound,8.990670,26.137640
3.057000,X_outbound,8.996045,25.613265
3.058000,X_outbound,9.001420,25.088891
3.059000,X_outbound,9.006794,24.564517
3.060000,X_outbound,9.012169,24.040142
3.061000,X_outbound,9.017544,23.515768
3.062000,X_outbound,9.022919,23.485648
3.063000,X_outbound,9.028293,23.598543
3.064000,X_outbound,9.033668,23.711438
3.065000,X_outbound,9.039043,23.824334
3.066000,X_outbound,9.044417,23.937229
3.067000,X_outbound,9.049792,24.050124
3.068000,X_outbound,9.055167,24.163019
3.069000,X_outbound,9.059958,24.509475
3.070000,X_outbound,9.062646,25.698677
3.071000,X_outbound,9.065333,26.887878
3.072000,X_outbound,9.068020,28.077079
3.073000,X_outbound,9.070708,29.266280
3.074000,X_outbound,9.073395,30.455481
3.075000,X_outbound,9.076082,31.644683
3.076000,X_outbound,9.078770,32.833884
3.077000,X_outbound,9.081457,34.023085
3.078000,X_outbound,9.084144,35.212286
3.079000,X_outbound,9.086832,36.401487
3.080000,X_outbound,9.089519,37.590689
3.081000,X_outbound,9.092206,38.779890
3.082000,X_outbound,9.094894,39.969091
3.083000,X_outbound,9.097581,41.158292
3.084000,X_outbound,9.100537,42.253276
3.085000,X_outbound,9.105911,42.498832
3.086000,X_outbound,9.111286,42.744388
3.087000,X_outbound,9.116661,42.989944
3.088000,X_outbound,9.122035,43.235501
3.089000,X_outbound,9.127410,43.481057
3.090000,X_outbound,9.132785,43.726613
3.091000,X_outbound,9.138159,43.972169
3.092000,X_outbound,9.143534,44.149416
3.093000,X_outbound,9.148909,44.268770
3.094000,X_outbound,9.154284,44.388123
3.095000,X_outbound,9.159658,44.507477
3.096000,X_outbound,9.165033,44.626830
3.097000,X_outbound,9.170408,44.746184
3.098000,X_outbound,9.175782,44.865537
3.099000,X_outbound,9.181157,44.984891
3.100000,X_outbound,9.186532,45.911405
3.101000,X_outbound,9.191906,46.852140
3.102000,X_outbound,9.197281,47.792875
3.103000,X_outbound,9.202656,48.733609
3.104000,X_outbound,9.208030,49.674344
3.105000,X_outbound,9.213405,50.615079
3.106000,X_outbound,9.218780,51.555814
3.107000,X_outbound,9.224154,51.989576
3.108000,X_outbound,9.229529,51.734925
3.109000,X_outbound,9.234904,51.480275
3.110000,X_outbound,9.240279,51.225624
3.111000,X_outbound,9.245653,50.970973
3.112000,X_outbound,9.251028,50.716322
3.113000,X_outbound,9.256403,50.461671
3.114000,X_outbound,9.261777,50.207020
3.115000,X_outbound,9.267152,48.751161
3.116000,X_outbound,9.272527,47.108680
3.117000,X_outbound,9.277901,45.466198
3.118000,X_outbound,9.283276,43.823717
3.119000,X_outbound,9.288651,42.181235
3.120000,X_outbound,9.294025,40.538754
3.121000,X_outbound,9.299400,38.896272
3.122000,X_outbound,9.304775,37.526149
3.123000,X_outbound,9.310149,36.770972
3.124000,X_outbound,9.315524,36.015795
3.125000,X_outbound,9.320899,35.260617
3.126000,X_outbound,9.326274,34.505440
3.127000,X_outbound,9.331648,33.750262
3.128000,X_outbound,9.337023,32.995085
3.129000,X_outbound,9.342398,32.239908
3.130000,X_outbound,9.347772,31.948423
3.131000,X_outbound,9.353147,31.812848
3.132000,X_outbound,9.358522,31.677273
3.133000,X_outbound,9.363896,31.541698
3.134000,X_outbound,9.369271,31.406123
3.135000,X_outbound,9.374646,31.270548
3.136000,X_outbound,9.380020,31.134973
3.137000,X_outbound,9.385395,30.874072
3.138000,X_outbound,9.390770,30.078164
3.139000,X_outbound,9.396144,29.282256
3.140000,X_outbound,9.401519,28.486348
3.141000,X_outbound,9.406894,27.690440
3.142000,X_outbound,9.412269,26.894531
3.143000,X_outbound,9.417643,26.098623
3.144000,X_outbound,9.423018,25.302715
3.145000,X_outbound,9.428393,24.143472
3.146000,X_outbound,9.433767,22.771950
3.147000,X_outbound,9.439142,21.400428
3.148000,X_outbound,9.444517,20.028906
3.149000,X_outbound,9.449891,18.657384
3.150000,X_outbound,9.455266,17.285862
3.151000,X_outbound,9.460641,15.914340
3.152000,X_outbound,9.466015,14.652935
3.153000,X_outbound,9.471390,14.797445
3.154000,X_outbound,9.476765,14.941955
3.155000,X_outbound,9.482139,15.086465
3.156000,X_outbound,9.487514,15.230974
3.157000,X_outbound,9.492889,15.375484
3.158000,X_outbound,9.498264,15.519994
3.159000,X_outbound,9.503638,15.664504
3.160000,X_outbound,9.509013,16.002127
3.161000,X_outbound,9.514388,16.522304
3.162000,X_outbound,9.519762,17.042480
3.163000,X_outbound,9.525137,17.562657
3.164000,X_outbound,9.530512,18.082833
3.165000,X_outbound,9.535886,18.603010
3.166000,X_outbound,9.541261,19.123186
3.167000,X_outbound,9.546636,19.643363
3.168000,X_outbound,9.552010,18.884820
3.169000,X_outbound,9.557385,18.066693
3.170000,X_outbound,9.562760,17.248565
3.171000,X_outbound,9.568134,16.430437
3.172000,X_outbound,9.573509,15.612310
3.173000,X_outbound,9.578884,14.794182
3.174000,X_outbound,9.584259,13.976055
3.175000,X_outbound,9.588211,13.301802
3.176000,X_outbound,9.590003,12.846170
3.177000,X_outbound,9.591794,12.390539
3.178000,X_outbound,9.593586,11.934908
3.179000,X_outbound,9.595377,11.479276
3.180000,X_outbound,9.597169,11.023645
3.181000,X_outbound,9.598960,10.568014
3.182000,X_outbound,9.600752,10.112383
3.183000,X_outbound,9.602544,9.656751
3.184000,X_outbound,9.604335,9.201120
3.185000,X_outbound,9.606127,8.745489
3.186000,X_outbound,9.607918,8.289857
3.187000,X_outbound,9.609710,7.834226
3.188000,X_outbound,9.611501,7.378595
3.189000,X_outbound,9.613293,6.922964
3.190000,X_outbound,9.615085,6.467332
3.191000,X_outbound,9.616876,6.011701
3.192000,X_outbound,9.618668,5.556070
3.193000,X_outbound,9.620459,5.100438
3.194000,X_outbound,9.622251,4.644807
3.195000,X_outbound,9.624042,4.189176
3.196000,X_outbound,9.625834,3.733545
3.197000,X_outbound,9.627625,3.277913
3.198000,X_outbound,9.632001,2.705654
3.199000,X_outbound,9.637376,2.088301
3.200000,X_outbound,9.642750,1.470948
3.201000,X_outbound,9.648125,0.853595
3.202000,X_outbound,9.653500,0.236242
3.203000,X_outbound,9.658874,-0.381111
3.204000,X_outbound,9.664249,-0.998465
3.205000,X_outbound,9.669624,-1.635119
3.206000,X_outbound,9.674999,-2.371190
3.207000,X_outbound,9.680373,-3.107260
3.208000,X_outbound,9.685748,-3.843330
3.209000,X_outbound,9.691123,-4.579401
3.210000,X_outbound,9.696497,-5.315471
3.211000,X_outbound,9.701872,-6.051542
3.212000,X_outbound,9.707247,-6.787612
3.213000,X_outbound,9.712621,-6.721064
3.214000,X_outbound,9.717996,-6.128306
3.215000,X_outbound,9.723371,-5.535548
3.216000,X_outbound,9.728745,-4.942790
3.217000,X_outbound,9.734120,-4.350031
3.218000,X_outbound,9.739495,-3.757273
3.219000,X_outbound,9.744869,-3.164515
3.220000,X_outbound,9.750244,-2.579382
3.221000,X_outbound,9.755619,-2.154478
3.222000,X_outbound,9.760994,-1.729574
3.223000,X_outbound,9.766368,-1.304670
3.224000,X_outbound,9.771743,-0.879766
3.225000,X_outbound,9.777118,-0.454862
3.226000,X_outbound,9.782492,-0.029958
3.227000,X_outbound,9.787867,0.394946
3.228000,X_outbound,9.793242,0.220674
3.229000,X_outbound,9.798616,-0.585148
3.230000,X_outbound,9.803991,-1.390970
3.231000,X_outbound,9.809366,-2.196792
3.232000,X_outbound,9.814740,-3.002615
3.233000,X_outbound,9.820115,-3.808437
3.234000,X_outbound,9.825490,-4.614259
3.235000,X_outbound,9.830864,-5.420082
3.236000,X_outbound,9.836239,-5.939147
3.237000,X_outbound,9.841614,-6.436052
3.238000,X_outbound,9.846989,-6.932958
3.239000,X_outbound,9.852363,-7.429864
3.240000,X_outbound,9.857738,-7.926770
3.241000,X_outbound,9.863113,-8.423676
3.242000,X_outbound,9.868487,-8.920582
3.243000,X_outbound,9.873862,-9.006515
3.244000,X_outbound,9.879237,-8.391751
3.245000,X_outbound,9.884611,-7.776987
3.246000,X_outbound,9.889986,-7.162223
3.247000,X_outbound,9.895361,-6.547460
3.248000,X_outbound,9.900735,-5.932696
3.249000,X_outbound,9.906110,-5.317932
3.250000,X_outbound,9.911485,-4.703168
3.251000,X_outbound,9.916859,-3.391152
3.252000,X_outbound,9.922234,-1.916761
3.253000,X_outbound,9.927609,-0.442370
3.254000,X_outbound,9.932984,1.032021
3.255000,X_outbound,9.938358,2.506412
3.256000,X_outbound,9.943733,3.980803
3.257000,X_outbound,9.949108,5.455194
3.258000,X_outbound,9.954482,6.618266
3.259000,X_outbound,9.959857,6.859865
3.260000,X_outbound,9.965232,7.101464
3.261000,X_outbound,9.970606,7.343064
3.262000,X_outbound,9.975981,7.584663
3.263000,X_outbound,9.981356,7.826262
3.264000,X_outbound,9.986730,8.067861
3.265000,X_outbound,9.992105,8.309460
3.266000,X_outbound,9.997480,8.148028
3.267000,X_outbound,10.002854,7.808851
3.268000,X_outbound,10.008229,7.469674
3.269000,X_outbound,10.013604,7.130497
3.270000,X_outbound,10.018979,6.791320
3.271000,X_outbound,10.024353,6.452143
3.272000,X_outbound,10.029728,6.112966
3.273000,X_outbound,10.035103,5.923377
3.274000,X_outbound,10.040477,6.689201
3.275000,X_outbound,10.045852,7.455026
3.276000,X_outbound,10.051227,8.220850
3.277000,X_outbound,10.056601,8.986674
3.278000,X_outbound,10.061976,9.752498
3.279000,X_outbound,10.067351,10.518322
3.280000,X_outbound,10.072725,11.284146
3.281000,X_outbound,10.078100,11.955355
3.282000,X_outbound,10.083475,12.557144
3.283000,X_outbound,10.088849,13.158932
3.284000,X_outbound,10.094224,13.760721
3.285000,X_outbound,10.099599,14.362509
3.286000,X_outbound,10.104974,14.964298
3.287000,X_outbound,10.110348,15.566086
3.288000,X_outbound,10.115723,16.145601
3.289000,X_outbound,10.121098,15.524665
3.290000,X_outbound,10.126472,14.903729
3.291000,X_outbound,10.131847,14.282793
3.292000,X_outbound,10.137222,13.661857
3.293000,X_outbound,10.142596,13.040921
3.294000,X_outbound,10.147971,12.419985
3.295000,X_outbound,10.153346,11.799049
3.296000,X_outbound,10.158720,11.356163
3.297000,X_outbound,10.164095,11.122596
3.298000,X_outbound,10.169470,10.889029
3.299000,X_outbound,10.174844,10.655462
3.300000,X_outbound,10.180219,10.421895
3.301000,X_outbound,10.185594,10.188328
3.302000,X_outbound,10.190969,9.954762
3.303000,X_outbound,10.196343,9.721195
3.304000,X_outbound,10.201718,10.798653
3.305000,X_outbound,10.207093,12.020070
3.306000,X_outbound,10.212467,13.241486
3.307000,X_outbound,10.217842,14.462902
3.308000,X_outbound,10.223217,15.684319
3.309000,X_outbound,10.228591,16.905735
3.310000,X_outbound,10.233966,18.127152
3.311000,X_outbound,10.239341,19.211732
3.312000,X_outbound,10.244715,20.033603
3.313000,X_outbound,10.250090,20.855474
3.314000,X_outbound,10.255465,21.677345
3.315000,X_outbound,10.260839,22.499216
3.316000,X_outbound,10.266214,23.321087
3.317000,X_outbound,10.271589,24.142958
3.318000,X_outbound,10.276964,24.964829
3.319000,X_outbound,10.282338,25.066698
3.320000,X_outbound,10.287713,24.970083
3.321000,X_outbound,10.293088,24.873468
3.322000,X_outbound,10.298462,24.776853
3.323000,X_outbound,10.303837,24.680239
3.324000,X_outbound,10.309212,24.583624
3.325000,X_outbound,10.314586,24.487009
3.326000,X_outbound,10.319961,24.567769
3.327000,X_outbound,10.325336,25.258360
3.328000,X_outbound,10.330710,25.948952
3.329000,X_outbound,10.336085,26.639543
3.330000,X_outbound,10.341460,27.330134
3.331000,X_outbound,10.346834,28.020725
3.332000,X_outbound,10.352209,28.711317
3.333000,X_outbound,10.357584,29.401908
3.334000,X_outbound,10.362959,30.728295
3.335000,X_outbound,10.368333,32.372470
3.336000,X_outbound,10.373708,34.016644
3.337000,X_outbound,10.379083,35.660819
3.338000,X_outbound,10.384457,37.304994
3.339000,X_outbound,10.389832,38.949168
3.340000,X_outbound,10.395207,40.593343
3.341000,X_outbound,10.400581,42.135030
3.342000,X_outbound,10.405956,42.831693
3.343000,X_outbound,10.411331,43.528356
3.344000,X_outbound,10.416705,44.225020
3.345000,X_outbound,10.422080,44.921683
3.346000,X_outbound,10.427455,45.618346
3.347000,X_outbound,10.432829,46.315009
3.348000,X_outbound,10.438204,47.011672
3.349000,X_outbound,10.443579,46.925499
3.350000,X_outbound,10.448954,46.197751
3.351000,X_outbound,10.454328,45.470002
3.352000,X_outbound,10.459703,44.742254
3.353000,X_outbound,10.465078,44.014506
3.354000,X_outbound,10.470452,43.286758
3.355000,X_outbound,10.475827,42.559010
3.356000,X_outbound,10.481202,41.831262
3.357000,X_outbound,10.486576,42.337040
3.358000,X_outbound,10.491951,42.854011
3.359000,X_outbound,10.497326,43.370983
3.360000,X_outbound,10.502700,43.887954
3.361000,X_outbound,10.508075,44.404926
3.362000,X_outbound,10.513450,44.921897
3.363000,X_outbound,10.518824,45.438869
3.364000,X_outbound,10.524199,45.761036
3.365000,X_outbound,10.529574,45.827519
3.366000,X_outbound,10.534949,45.894001
3.367000,X_outbound,10.540323,45.960483
3.368000,X_outbound,10.545698,46.026966
3.369000,X_outbound,10.551073,46.093448
3.370000,X_outbound,10.556447,46.159930
3.371000,X_outbound,10.561822,46.226413
3.372000,X_outbound,10.567197,45.515191
3.373000,X_outbound,10.572571,44.691699
3.374000,X_outbound,10.577946,43.868207
3.375000,X_outbound,10.583321,43.044715
3.376000,X_outbound,10.588695,42.221222
3.377000,X_outbound,10.594070,41.397730
3.378000,X_outbound,10.599445,40.574238
3.379000,X_outbound,10.604819,40.024583
3.380000,X_outbound,10.610194,40.069668
3.381000,X_outbound,10.615569,40.114753
3.382000,X_outbound,10.620944,40.159838
3.383000,X_outbound,10.626318,40.204923
3.384000,X_outbound,10.631693,40.250008
3.385000,X_outbound,10.637068,40.295093
3.386000,X_outbound,10.642442,40.340178
3.387000,X_outbound,10.645783,40.781448
3.388000,X_outbound,10.648471,41.350107
3.389000,X_outbound,10.651158,41.918767
3.390000,X_outbound,10.653846,42.487426
3.391000,X_outbound,10.656533,43.056086
3.392000,X_outbound,10.659220,43.624745
3.393000,X_outbound,10.661908,44.193405
3.394000,X_outbound,10.664595,44.762064
3.395000,X_outbound,10.667282,45.330724
3.396000,X_outbound,10.669970,45.899383
3.397000,X_outbound,10.672657,46.468042
3.398000,X_outbound,10.675344,47.036702
3.399000,X_outbound,10.678032,47.605361
3.400000,X_outbound,10.680719,48.174021
3.401000,X_outbound,10.683406,48.742680
3.402000,X_outbound,10.687812,48.761542
3.403000,X_outbound,10.693187,48.470516
3.404000,X_outbound,10.698562,48.179490
3.405000,X_outbound,10.703936,47.888464
3.406000,X_outbound,10.709311,47.597438
3.407000,X_outbound,10.714686,47.306412
3.408000,X_outbound,10.720060,47.015386
3.409000,X_outbound,10.725435,46.784720
3.410000,X_outbound,10.730810,47.239288
3.411000,X_outbound,10.736184,47.693856
3.412000,X_outbound,10.741559,48.148424
3.413000,X_outbound,10.746934,48.602992
3.414000,X_outbound,10.752309,49.057560
3.415000,X_outbound,10.757683,49.512128
3.416000,X_outbound,10.763058,49.966696
3.417000,X_outbound,10.768433,50.272228
3.418000,X_outbound,10.773807,50.441493
3.419000,X_outbound,10.779182,50.610757
3.420000,X_outbound,10.784557,50.780021
3.421000,X_outbound,10.789931,50.949285
3.422000,X_outbound,10.795306,51.118550
3.423000,X_outbound,10.800681,51.287814
3.424000,X_outbound,10.806055,51.457078
3.425000,X_outbound,10.811430,50.169550
3.426000,X_outbound,10.816805,48.827301
3.427000,X_outbound,10.822179,47.485052
3.428000,X_outbound,10.827554,46.142804
3.429000,X_outbound,10.832929,44.800555
3.430000,X_outbound,10.838304,43.458306
3.431000,X_outbound,10.843678,42.116058
3.432000,X_outbound,10.849053,40.875555
3.433000,X_outbound,10.854428,39.784395
3.434000,X_outbound,10.859802,38.693234
3.435000,X_outbound,10.865177,37.602074
3.436000,X_outbound,10.870552,36.510914
3.437000,X_outbound,10.875926,35.419754
3.438000,X_outbound,10.881301,34.328594
3.439000,X_outbound,10.886676,33.237433
3.440000,X_outbound,10.892050,32.220024
3.441000,X_outbound,10.897425,31.215973
3.442000,X_outbound,10.902800,30.211922
3.443000,X_outbound,10.908174,29.207872
3.444000,X_outbound,10.913549,28.203821
3.445000,X_outbound,10.918924,27.199771
3.446000,X_outbound,10.924299,26.195720
3.447000,X_outbound,10.929673,25.218731
3.448000,X_outbound,10.935048,24.308622
3.449000,X_outbound,10.940423,23.398513
3.450000,X_outbound,10.945797,22.488404
3.451000,X_outbound,10.951172,21.578295
3.452000,X_outbound,10.956547,20.668187
3.453000,X_outbound,10.961921,19.758078
3.454000,X_outbound,10.967296,18.847969
3.455000,X_outbound,10.972671,17.699714
3.456000,X_outbound,10.978045,16.463146
3.457000,X_outbound,10.983420,15.226578
3.458000,X_outbound,10.988795,13.990010
3.459000,X_outbound,10.994169,12.753442
3.460000,X_outbound,10.999544,11.516874
3.461000,X_outbound,11.004919,10.280306
3.462000,X_outbound,11.010294,9.192338
3.463000,X_outbound,11.015668,8.825262
3.464000,X_outbound,11.021043,8.458186
3.465000,X_outbound,11.026418,8.091110
3.466000,X_outbound,11.031792,7.724034
3.467000,X_outbound,11.037167,7.356959
3.468000,X_outbound,11.042542,6.989883
3.469000,X_outbound,11.047916,6.622807
3.470000,X_outbound,11.053291,6.656455
3.471000,X_outbound,11.058666,6.943811
3.472000,X_outbound,11.064040,7.231166
3.473000,X_outbound,11.069415,7.518521
3.474000,X_outbound,11.074790,7.805876
3.475000,X_outbound,11.080164,8.093231
3.476000,X_outbound,11.085539,8.380586
3.477000,X_outbound,11.090914,8.642269
3.478000,X_outbound,11.096289,8.451960
3.479000,X_outbound,11.101663,8.261652
3.480000,X_outbound,11.107038,8.071343
3.481000,X_outbound,11.112413,7.881035
3.482000,X_outbound,11.117787,7.690726
3.483000,X_outbound,11.123162,7.500418
3.484000,X_outbound,11.128537,7.310109
3.485000,X_outbound,11.133911,7.256415
3.486000,X_outbound,11.139286,7.342001
3.487000,X_outbound,11.144661,7.427587
3.488000,X_outbound,11.150035,7.513173
3.489000,X_outbound,11.155410,7.598759
3.490000,X_outbound,11.160785,7.684345
3.491000,X_outbound,11.166159,7.769931
3.492000,X_outbound,11.171534,7.855517
3.493000,X_outbound,11.173553,7.801741
3.494000,X_outbound,11.175345,7.738529
3.495000,X_outbound,11.177136,7.675317
3.496000,X_outbound,11.178928,7.612106
3.497000,X_outbound,11.180719,7.548894
3.498000,X_outbound,11.182511,7.485682
3.499000,X_outbound,11.184302,7.422470
3.500000,X_outbound,11.186094,7.359258
3.501000,X_outbound,11.187885,7.296047
3.502000,X_outbound,11.189677,7.232835
3.503000,X_outbound,11.191469,7.169623
3.504000,X_outbound,11.193260,7.106411
3.505000,X_outbound,11.195052,7.043200
3.506000,X_outbound,11.196843,6.979988
3.507000,X_outbound,11.198635,6.916776
3.508000,X_outbound,11.200426,6.853564
3.509000,X_outbound,11.202218,6.790353
3.510000,X_outbound,11.204010,6.727141
3.511000,X_outbound,11.205801,6.663929
3.512000,X_outbound,11.207593,6.600717
3.513000,X_outbound,11.209384,6.537506
3.514000,X_outbound,11.211176,6.474294
3.515000,X_outbound,11.213902,6.432233
3.516000,X_outbound,11.219277,6.450105
3.517000,X_outbound,11.224651,6.467977
3.518000,X_outbound,11.230026,6.485850
3.519000,X_outbound,11.235401,6.503722
3.520000,X_outbound,11.240775,6.521594
3.521000,X_outbound,11.246150,6.539466
3.522000,X_outbound,11.251525,6.557338
3.523000,X_outbound,11.256899,6.199587
3.524000,X_outbound,11.262274,5.682591
3.525000,X_outbound,11.267649,5.165595
3.526000,X_outbound,11.273024,4.648598
3.527000,X_outbound,11.278398,4.131602
3.528000,X_outbound,11.283773,3.614606
3.529000,X_outbound,11.289148,3.097610
3.530000,X_outbound,11.294522,2.543390
3.531000,X_outbound,11.299897,1.767342
3.532000,X_outbound,11.305272,0.991293
3.533000,X_outbound,11.310646,0.215245
3.534000,X_outbound,11.316021,-0.560803
3.535000,X_outbound,11.321396,-1.336851
3.536000,X_outbound,11.326770,-2.112899
3.537000,X_outbound,11.332145,-2.888947
3.538000,X_outbound,11.337520,-2.854378
3.539000,X_outbound,11.342895,-2.245030
3.540000,X_outbound,11.348269,-1.635682
3.541000,X_outbound,11.353644,-1.026334
3.542000,X_outbound,11.359019,-0.416986
3.543000,X_outbound,11.364393,0.192362
3.544000,X_outbound,11.369768,0.801710
3.545000,X_outbound,11.375143,1.419562
3.546000,X_outbound,11.380517,2.349382
3.547000,X_outbound,11.385892,3.279202
3.548000,X_outbound,11.391267,4.209022
3.549000,X_outbound,11.396641,5.138842
3.550000,X_outbound,11.402016,6.068662
3.551000,X_outbound,11.407391,6.998482
3.552000,X_outbound,11.412765,7.928302
3.553000,X_outbound,11.418140,8.305856
3.554000,X_outbound,11.423515,8.055515
3.555000,X_outbound,11.428890,7.805173
3.556000,X_outbound,11.434264,7.554831
3.557000,X_outbound,11.439639,7.304489
3.558000,X_outbound,11.445014,7.054148
3.559000,X_outbound,11.450388,6.803806
3.560000,X_outbound,11.455763,6.553464
3.561000,X_outbound,11.461138,6.533688
3.562000,X_outbound,11.466512,6.536887
3.563000,X_outbound,11.471887,6.540087
3.564000,X_outbound,11.477262,6.543287
3.565000,X_outbound,11.482636,6.546486
3.566000,X_outbound,11.488011,6.549686
3.567000,X_outbound,11.493386,6.552885
3.568000,X_outbound,11.498760,6.897074
3.569000,X_outbound,11.504135,7.872303
3.570000,X_outbound,11.509510,8.847533
3.571000,X_outbound,11.514885,9.822762
3.572000,X_outbound,11.520259,10.797992
3.573000,X_outbound,11.525634,11.773221
3.574000,X_outbound,11.531009,12.748451
3.575000,X_outbound,11.536383,13.723680
3.576000,X_outbound,11.541758,14.175398
3.577000,X_outbound,11.547133,14.489813
3.578000,X_outbound,11.552507,14.804228
3.579000,X_outbound,11.557882,15.118642
3.580000,X_outbound,11.563257,15.433057
3.581000,X_outbound,11.568631,15.747472
3.582000,X_outbound,11.574006,16.061887
3.583000,X_outbound,11.579381,16.285221
3.584000,X_outbound,11.584755,16.209810
3.585000,X_outbound,11.590130,16.134399
3.586000,X_outbound,11.595505,16.058988
3.587000,X_outbound,11.600880,15.983577
3.588000,X_outbound,11.606254,15.908165
3.589000,X_outbound,11.611629,15.832754
3.590000,X_outbound,11.617004,15.757343
3.591000,X_outbound,11.622378,16.168142
3.592000,X_outbound,11.627753,16.812974
3.593000,X_outbound,11.633128,17.457805
3.594000,X_outbound,11.638502,18.102637
3.595000,X_outbound,11.643877,18.747469
3.596000,X_outbound,11.649252,19.392300
3.597000,X_outbound,11.654626,20.037132
3.598000,X_outbound,11.660001,20.760871
3.599000,X_outbound,11.665376,22.083106
3.600000,X_outbound,11.670750,23.405340
3.601000,X_outbound,11.676125,24.727575
3.602000,X_outbound,11.681500,26.049810
3.603000,X_outbound,11.686875,27.372045
3.604000,X_outbound,11.692249,28.694279
3.605000,X_outbound,11.697624,30.016514
3.606000,X_outbound,11.702999,30.568770
3.607000,X_outbound,11.708373,30.510884
3.608000,X_outbound,11.713748,30.452998
3.609000,X_outbound,11.719123,30.395112
3.610000,X_outbound,11.724497,30.337225
3.611000,X_outbound,11.729872,30.279339
3.612000,X_outbound,11.735247,30.221453
3.613000,X_outbound,11.740621,30.163566
3.614000,X_outbound,11.745996,30.305780
3.615000,X_outbound,11.751371,30.448128
3.616000,X_outbound,11.756745,30.590476
3.617000,X_outbound,11.762120,30.732824
3.618000,X_outbound,11.767495,30.875172
3.619000,X_outbound,11.772870,31.017520
3.620000,X_outbound,11.778244,31.159868
3.621000,X_outbound,11.783619,31.836552
3.622000,X_outbound,11.788994,33.191235
3.623000,X_outbound,11.794368,34.545918
3.624000,X_outbound,11.799743,35.900601
3.625000,X_outbound,11.805118,37.255284
3.626000,X_outbound,11.810492,38.609967
3.627000,X_outbound,11.815867,39.964650
3.628000,X_outbound,11.821242,41.319333
3.629000,X_outbound,11.826616,41.734198
3.630000,X_outbound,11.831991,42.023533
3.631000,X_outbound,11.837366,42.312868
3.632000,X_outbound,11.842740,42.602203
3.633000,X_outbound,11.848115,42.891538
3.634000,X_outbound,11.853490,43.180873
3.635000,X_outbound,11.858865,43.470208
3.636000,X_outbound,11.864239,43.531359
3.637000,X_outbound,11.869614,43.115533
3.638000,X_outbound,11.874989,42.699707
3.639000,X_outbound,11.880363,42.283881
3.640000,X_outbound,11.885738,41.868054
3.641000,X_outbound,11.891113,41.452228
3.642000,X_outbound,11.896487,41.036402
3.643000,X_outbound,11.901862,40.620576
3.644000,X_outbound,11.907237,41.166332
3.645000,X_outbound,11.912611,42.007457
3.646000,X_outbound,11.917986,42.848582
3.647000,X_outbound,11.923361,43.689706
3.648000,X_outbound,11.928735,44.530831
3.649000,X_outbound,11.934110,45.371956
3.650000,X_outbound,11.939485,46.213080
3.651000,X_outbound,11.944860,46.980274
3.652000,X_outbound,11.950234,47.463265
3.653000,X_outbound,11.955609,47.946256
3.654000,X_outbound,11.960984,48.429247
3.655000,X_outbound,11.966358,48.912238
3.656000,X_outbound,11.971733,49.395228
3.657000,X_outbound,11.977108,49.878219
3.658000,X_outbound,11.982482,50.361210
3.659000,X_outbound,11.987857,50.075042
3.660000,X_outbound,11.993232,49.370793
3.661000,X_outbound,11.998606,48.666544
3.662000,X_outbound,12.003981,47.962295
3.663000,X_outbound,12.009356,47.258046
3.664000,X_outbound,12.014730,46.553797
3.665000,X_outbound,12.020105,45.849548
3.666000,X_outbound,12.025480,45.168710
3.667000,X_outbound,12.030855,44.726697
3.668000,X_outbound,12.036229,44.284683
3.669000,X_outbound,12.041604,43.842670
3.670000,X_outbound,12.046979,43.400657
3.671000,X_outbound,12.052353,42.958643
3.672000,X_outbound,12.057728,42.516630
3.673000,X_outbound,12.063103,42.074617
3.674000,X_outbound,12.068477,41.841601
3.675000,X_outbound,12.073852,41.793404
3.676000,X_outbound,12.079227,41.745207
3.677000,X_outbound,12.084601,41.697010
3.678000,X_outbound,12.089976,41.648813
3.679000,X_outbound,12.095351,41.600617
3.680000,X_outbound,12.100725,41.552420
3.681000,X_outbound,12.106100,41.504223
3.682000,X_outbound,12.111475,39.748850
3.683000,X_outbound,12.116850,37.944513
3.684000,X_outbound,12.122224,36.140176
3.685000,X_outbound,12.127599,34.335839
3.686000,X_outbound,12.132974,32.531502
3.687000,X_outbound,12.138348,30.727165
3.688000,X_outbound,12.143723,28.922827
3.689000,X_outbound,12.149098,27.116395
3.690000,X_outbound,12.154472,25.306992
3.691000,X_outbound,12.159847,23.497589
3.692000,X_outbound,12.165222,21.688186
3.693000,X_outbound,12.170596,19.878784
3.694000,X_outbound,12.175971,18.069381
3.695000,X_outbound,12.181346,16.259978
3.696000,X_outbound,12.186720,14.450575
3.697000,X_outbound,12.192095,14.056055
3.698000,X_outbound,12.197470,13.901563
3.699000,X_outbound,12.202845,13.747071
3.700000,X_outbound,12.208219,13.592580
3.701000,X_outbound,12.213594,13.438088
3.702000,X_outbound,12.218969,13.283596
3.703000,X_outbound,12.224343,13.129104
3.704000,X_outbound,12.228921,13.104485
3.705000,X_outbound,12.231609,13.388189
3.706000,X_outbound,12.234296,13.671893
3.707000,X_outbound,12.236984,13.955598
3.708000,X_outbound,12.239671,14.239302
3.709000,X_outbound,12.242358,14.523006
3.710000,X_outbound,12.245046,14.806710
3.711000,X_outbound,12.247733,15.090414
3.712000,X_outbound,12.250420,15.374118
3.713000,X_outbound,12.253108,15.657822
3.714000,X_outbound,12.255795,15.941526
3.715000,X_outbound,12.258482,16.225230
3.716000,X_outbound,12.261170,16.508934
3.717000,X_outbound,12.263857,16.792638
3.718000,X_outbound,12.266544,17.076343
3.719000,X_outbound,12.269713,17.364225
3.720000,X_outbound,12.275088,17.671243
3.721000,X_outbound,12.280463,17.978260
3.722000,X_outbound,12.285837,18.285278
3.723000,X_outbound,12.291212,18.592295
3.724000,X_outbound,12.296587,18.899313
3.725000,X_outbound,12.301961,19.206330
3.726000,X_outbound,12.307336,19.513348
3.727000,X_outbound,12.312711,20.178655
3.728000,X_outbound,12.318085,21.062957
3.729000,X_outbound,12.323460,21.947260
3.730000,X_outbound,12.328835,22.831563
3.731000,X_outbound,12.334210,23.715866
3.732000,X_outbound,12.339584,24.600169
3.733000,X_outbound,12.344959,25.484471
3.734000,X_outbound,12.350334,26.353334
3.735000,X_outbound,12.355708,26.988871
3.736000,X_outbound,12.361083,27.624407
3.737000,X_outbound,12.366458,28.259943
3.738000,X_outbound,12.371832,28.895480
3.739000,X_outbound,12.377207,29.531016
3.740000,X_outbound,12.382582,30.166553
3.741000,X_outbound,12.387956,30.802089
3.742000,X_outbound,12.393331,30.755751
3.743000,X_outbound,12.398706,30.036984
3.744000,X_outbound,12.404080,29.318217
3.745000,X_outbound,12.409455,28.599451
3.746000,X_outbound,12.414830,27.880684
3.747000,X_outbound,12.420205,27.161918
3.748000,X_outbound,12.425579,26.443151
3.749000,X_outbound,12.430954,25.724385
3.750000,X_outbound,12.436329,25.675691
3.751000,X_outbound,12.441703,25.666064
3.752000,X_outbound,12.447078,25.656438
3.753000,X_outbound,12.452453,25.646811
3.754000,X_outbound,12.457827,25.637184
3.755000,X_outbound,12.463202,25.627558
3.756000,X_outbound,12.468577,25.617931
3.757000,X_outbound,12.473951,25.735152
3.758000,X_outbound,12.479326,26.053866
3.759000,X_outbound,12.484701,26.372580
3.760000,X_outbound,12.490075,26.691294
3.761000,X_outbound,12.495450,27.010008
3.762000,X_outbound,12.500825,27.328722
3.763000,X_outbound,12.506200,27.647436
3.764000,X_outbound,12.511574,27.966150
3.765000,X_outbound,12.516949,28.739691
3.766000,X_outbound,12.522324,29.607879
3.767000,X_outbound,12.527698,30.476068
3.768000,X_outbound,12.533073,31.344256
3.769000,X_outbound,12.538448,32.212444
3.770000,X_outbound,12.543822,33.080632
3.771000,X_outbound,12.549197,33.948820
3.772000,X_outbound,12.554572,34.748495
3.773000,X_outbound,12.559946,35.362149
3.774000,X_outbound,12.565321,35.975803
3.775000,X_outbound,12.570696,36.589458
3.776000,X_outbound,12.576070,37.203112
3.777000,X_outbound,12.581445,37.816767
3.778000,X_outbound,12.586820,38.430421
3.779000,X_outbound,12.592195,39.044075
3.780000,X_outbound,12.597569,39.222387
3.781000,X_outbound,12.602944,39.223395
3.782000,X_outbound,12.608319,39.224403
3.783000,X_outbound,12.613693,39.225410
3.784000,X_outbound,12.619068,39.226418
3.785000,X_outbound,12.624443,39.227426
3.786000,X_outbound,12.629817,39.228434
3.787000,X_outbound,12.635192,39.349480
3.788000,X_outbound,12.640567,40.140135
3.789000,X_outbound,12.645941,40.930789
3.790000,X_outbound,12.651316,41.721444
3.791000,X_outbound,12.656691,42.512099
3.792000,X_outbound,12.662065,43.302754
3.793000,X_outbound,12.667440,44.093409
3.794000,X_outbound,12.672815,44.884064
3.795000,X_outbound,12.678190,45.640663
3.796000,X_outbound,12.683564,46.373930
3.797000,X_outbound,12.688939,47.107196
3.798000,X_outbound,12.694314,47.840463
3.799000,X_outbound,12.699688,48.573730
3.800000,X_outbound,12.705063,49.306997
3.801000,X_outbound,12.710438,50.040264
3.802000,X_outbound,12.715812,50.717552
3.803000,X_outbound,12.721187,49.844856
3.804000,X_outbound,12.726562,48.972159
3.805000,X_outbound,12.731936,48.099463
3.806000,X_outbound,12.737311,47.226767
3.807000,X_outbound,12.742686,46.354070
3.808000,X_outbound,12.748060,45.481374
3.809000,X_outbound,12.753435,44.608678
3.810000,X_outbound,12.758810,43.620025
3.811000,X_outbound,12.764185,42.503867
3.812000,X_outbound,12.769559,41.387709
3.813000,X_outbound,12.774934,40.271550
3.814000,X_outbound,12.780309,39.155392
3.815000,X_outbound,12.785683,38.039233
3.816000,X_outbound,12.791058,36.923075
3.817000,X_outbound,12.796433,35.806916
3.818000,X_outbound,12.801807,35.097433
3.819000,X_outbound,12.807182,34.424420
3.820000,X_outbound,12.812557,33.751408
3.821000,X_outbound,12.817931,33.078395
3.822000,X_outbound,12.823306,32.405382
3.823000,X_outbound,12.828681,31.732370
3.824000,X_outbound,12.834055,31.059357
3.825000,X_outbound,12.839430,30.599139
3.826000,X_outbound,12.844805,30.518670
3.827000,X_outbound,12.850180,30.438201
3.828000,X_outbound,12.855554,30.357732
3.829000,X_outbound,12.860929,30.277262
3.830000,X_outbound,12.866304,30.196793
3.831000,X_outbound,12.871678,30.116324
3.832000,X_outbound,12.877053,30.035855
3.833000,X_outbound,12.882428,29.426576
3.834000,X_outbound,12.887802,28.685542
3.835000,X_outbound,12.893177,27.944508
3.836000,X_outbound,12.898552,27.203474
3.837000,X_outbound,12.903926,26.462440
3.838000,X_outbound,12.909301,25.721407
3.839000,X_outbound,12.914676,24.980373
3.840000,X_outbound,12.920050,24.265190
3.841000,X_outbound,12.925425,23.630996
3.842000,X_outbound,12.930800,22.996802
3.843000,X_outbound,12.936175,22.362608
3.844000,X_outbound,12.941549,21.728414
3.845000,X_outbound,12.946924,21.094221
3.846000,X_outbound,12.952299,20.460027
3.847000,X_outbound,12.957673,19.825833
3.848000,X_outbound,12.963048,20.199621
3.849000,X_outbound,12.968423,21.040412
3.850000,X_outbound,12.973797,21.881203
3.851000,X_outbound,12.979172,22.721995
3.852000,X_outbound,12.984547,23.562786
3.853000,X_outbound,12.989921,24.403577
3.854000,X_outbound,12.995296,25.244369
3.855000,X_outbound,13.000000,26.145274
3.856000,X_outbound,13.000000,27.467725
3.857000,X_outbound,13.000000,28.790175
3.858000,X_outbound,13.000000,30.112626
3.859000,X_outbound,13.000000,31.435077
3.860000,X_outbound,13.000000,32.757528
3.861000,X_outbound,13.000000,34.079979
3.862000,X_outbound,13.000000,35.402430
3.863000,far_end_turn,13.000000,35.806261
3.864000,far_end_turn,13.000000,35.506359
3.865000,far_end_turn,13.000000,35.206457
3.866000,far_end_turn,13.000000,34.906555
3.867000,far_end_turn,13.000000,34.606653
3.868000,far_end_turn,13.000000,34.306751
3.869000,far_end_turn,13.000000,34.006849
3.870000,far_end_turn,13.000000,33.702710
3.871000,far_end_turn,13.000000,32.848851
3.872000,far_end_turn,13.000000,31.994993
3.873000,far_end_turn,13.000000,31.141134
3.874000,far_end_turn,13.000000,30.287276
3.875000,far_end_turn,13.000000,29.433417
3.876000,far_end_turn,13.000000,28.579559
3.877000,far_end_turn,13.000000,27.725700
3.878000,far_end_turn,13.000000,27.372810
3.879000,far_end_turn,13.000000,27.634522
3.880000,far_end_turn,13.000000,27.896234
3.881000,far_end_turn,13.000000,28.157946
3.882000,far_end_turn,13.000000,28.419657
3.883000,far_end_turn,13.000000,28.681369
3.884000,far_end_turn,13.000000,28.943081
3.885000,far_end_turn,13.000000,29.204793
3.886000,far_end_turn,13.000000,29.868520
3.887000,far_end_turn,13.000000,30.581687
3.888000,far_end_turn,13.000000,31.294853
3.889000,far_end_turn,13.000000,32.008019
3.890000,far_end_turn,13.000000,32.721185
3.891000,far_end_turn,13.000000,33.434352
3.892000,far_end_turn,13.000000,34.147518
3.893000,far_end_turn,13.000000,34.389433
3.894000,far_end_turn,13.000000,33.682792
3.895000,far_end_turn,13.000000,32.976150
3.896000,far_end_turn,13.000000,32.269508
3.897000,far_end_turn,13.000000,31.562866
3.898000,far_end_turn,13.000000,30.856224
3.899000,far_end_turn,13.000000,30.149582
3.900000,far_end_turn,13.000000,29.442940
3.901000,far_end_turn,13.000000,29.870088
3.902000,far_end_turn,13.000000,30.629556
3.903000,far_end_turn,13.000000,31.389024
3.904000,far_end_turn,13.000000,32.148491
3.905000,far_end_turn,13.000000,32.907959
3.906000,far_end_turn,13.000000,33.667427
3.907000,far_end_turn,13.000000,34.426894
3.908000,far_end_turn,13.000000,35.353183
3.909000,far_end_turn,13.000000,36.889451
3.910000,far_end_turn,13.000000,38.425720
3.911000,far_end_turn,13.000000,39.961988
3.912000,far_end_turn,13.000000,41.498257
3.913000,far_end_turn,13.000000,43.034525
3.914000,far_end_turn,13.000000,44.570793
3.915000,far_end_turn,13.000000,46.107062
3.916000,far_end_turn,13.000000,46.950920
3.917000,far_end_turn,13.000000,47.431967
3.918000,far_end_turn,13.000000,47.913013
3.919000,far_end_turn,13.000000,48.394059
3.920000,far_end_turn,13.000000,48.875106
3.921000,far_end_turn,13.000000,49.356152
3.922000,far_end_turn,13.000000,49.837199
3.923000,far_end_turn,13.000000,50.175523
3.924000,far_end_turn,13.000000,49.194188
3.925000,far_end_turn,13.000000,48.212853
3.926000,far_end_turn,13.000000,47.231518
3.927000,far_end_turn,13.000000,46.250184
3.928000,far_end_turn,13.000000,45.268849
3.929000,far_end_turn,13.000000,44.287514
3.930000,far_end_turn,13.000000,43.306179
3.931000,far_end_turn,13.000000,42.926787
3.932000,far_end_turn,13.000000,43.062192
3.933000,far_end_turn,13.000000,43.197597
3.934000,far_end_turn,13.000000,43.333002
3.935000,far_end_turn,13.000000,43.468407
3.936000,far_end_turn,13.000000,43.603812
3.937000,far_end_turn,13.000000,43.739217
3.938000,far_end_turn,13.000000,43.874622
3.939000,far_end_turn,13.000000,44.398339
3.940000,far_end_turn,13.000000,44.929803
3.941000,far_end_turn,13.000000,45.461268
3.942000,far_end_turn,13.000000,45.992732
3.943000,far_end_turn,13.000000,46.524197
3.944000,far_end_turn,13.000000,47.055661
3.945000,far_end_turn,13.000000,47.587125
3.946000,far_end_turn,13.000000,47.509898
3.947000,far_end_turn,13.000000,46.598484
3.948000,far_end_turn,13.000000,45.687071
3.949000,far_end_turn,13.000000,44.775657
3.950000,far_end_turn,13.000000,43.864244
3.951000,far_end_turn,13.000000,42.952830
3.952000,far_end_turn,13.000000,42.041417
3.953000,far_end_turn,13.000000,41.130003
3.954000,far_end_turn,13.000000,39.926376
3.955000,far_end_turn,13.000000,38.676469
3.956000,far_end_turn,13.000000,37.426563
3.957000,far_end_turn,13.000000,36.176657
3.958000,far_end_turn,13.000000,34.926751
3.959000,far_end_turn,13.000000,33.676844
3.960000,far_end_turn,13.000000,32.426938
3.961000,far_end_turn,13.000000,31.756257
3.962000,far_end_turn,13.000000,32.407305
3.963000,far_end_turn,13.000000,33.058353
3.964000,far_end_turn,13.000000,33.709401
3.965000,far_end_turn,13.000000,34.360449
3.966000,far_end_turn,13.000000,35.011497
3.967000,far_end_turn,13.000000,35.662545
3.968000,far_end_turn,13.000000,36.313593
3.969000,far_end_turn,13.000000,36.670765
3.970000,far_end_turn,13.000000,36.927943
3.971000,far_end_turn,13.000000,37.185121
3.972000,far_end_turn,13.000000,37.442298
3.973000,far_end_turn,13.000000,37.699476
3.974000,far_end_turn,13.000000,37.956654
3.975000,far_end_turn,13.000000,38.213832
3.976000,far_end_turn,13.000000,38.268360
3.977000,far_end_turn,13.000000,37.444999
3.978000,far_end_turn,13.000000,36.621637
3.979000,far_end_turn,13.000000,35.798275
3.980000,far_end_turn,13.000000,34.974914
3.981000,far_end_turn,13.000000,34.151552
3.982000,far_end_turn,13.000000,33.328190
3.983000,far_end_turn,13.000000,32.504829
3.984000,far_end_turn,13.000000,31.874095
3.985000,far_end_turn,13.000000,31.356995
3.986000,far_end_turn,13.000000,30.839896
3.987000,far_end_turn,13.000000,30.322796
3.988000,far_end_turn,13.000000,29.805696
3.989000,far_end_turn,13.000000,29.288596
3.990000,far_end_turn,13.000000,28.771497
3.991000,far_end_turn,13.000000,28.311221
3.992000,far_end_turn,13.000000,28.601435
3.993000,far_end_turn,13.000000,28.891650
3.994000,far_end_turn,13.000000,29.181864
3.995000,far_end_turn,13.000000,29.472078
3.996000,far_end_turn,13.000000,29.762292
3.997000,far_end_turn,13.000000,30.052507
3.998000,far_end_turn,13.000000,30.342721
3.999000,far_end_turn,13.000000,30.334757
4.000000,far_end_turn,13.000000,30.042374
4.001000,far_end_turn,13.000000,29.749990
4.002000,far_end_turn,13.000000,29.457607
4.003000,far_end_turn,13.000000,29.165223
4.004000,far_end_turn,13.000000,28.872840
4.005000,far_end_turn,13.000000,28.580457
4.006000,far_end_turn,13.000000,28.288073
4.007000,far_end_turn,13.000000,26.812980
4.008000,far_end_turn,13.000000,25.279856
4.009000,far_end_turn,13.000000,23.746733
4.010000,far_end_turn,13.000000,22.213609
4.011000,far_end_turn,13.000000,20.680486
4.012000,far_end_turn,13.000000,19.147362
4.013000,far_end_turn,13.000000,17.614238
4.014000,far_end_turn,13.000000,16.386942
4.015000,far_end_turn,13.000000,15.628749
4.016000,far_end_turn,13.000000,14.870556
4.017000,far_end_turn,13.000000,14.112363
4.018000,far_end_turn,13.000000,13.354170
4.019000,far_end_turn,13.000000,12.595977
4.020000,far_end_turn,13.000000,11.837784
4.021000,far_end_turn,13.000000,11.079591
4.022000,far_end_turn,13.000000,9.726609
4.023000,far_end_turn,13.000000,8.257006
4.024000,far_end_turn,13.000000,6.787403
4.025000,far_end_turn,13.000000,5.317801
4.026000,far_end_turn,13.000000,3.848198
4.027000,far_end_turn,13.000000,2.378595
4.028000,far_end_turn,13.000000,0.908992
4.029000,far_end_turn,13.000000,-0.560610
4.030000,far_end_turn,13.000000,-2.030213
4.031000,far_end_turn,13.000000,-3.499816
4.032000,far_end_turn,13.000000,-4.969418
4.033000,far_end_turn,13.000000,-6.439021
4.034000,far_end_turn,13.000000,-7.908624
4.035000,far_end_turn,13.000000,-9.378227
4.036000,far_end_turn,13.000000,-10.847829
4.037000,far_end_turn,13.000000,-12.314283
4.038000,far_end_turn,13.000000,-13.779506
4.039000,far_end_turn,13.000000,-15.244729
4.040000,far_end_turn,13.000000,-16.709952
4.041000,far_end_turn,13.000000,-18.175174
4.042000,far_end_turn,13.000000,-19.640397
4.043000,far_end_turn,13.000000,-21.105620
4.044000,far_end_turn,13.000000,-22.397658
4.045000,far_end_turn,13.000000,-22.782738
4.046000,far_end_turn,13.000000,-23.167819
4.047000,far_end_turn,13.000000,-23.552899
4.048000,far_end_turn,13.000000,-23.937980
4.049000,far_end_turn,13.000000,-24.323060
4.050000,far_end_turn,13.000000,-24.708141
4.051000,far_end_turn,13.000000,-25.093221
4.052000,far_end_turn,13.000000,-25.740161
4.053000,far_end_turn,13.000000,-26.560401
4.054000,far_end_turn,13.000000,-27.380640
4.055000,far_end_turn,13.000000,-28.200880
4.056000,far_end_turn,13.000000,-29.021119
4.057000,far_end_turn,13.000000,-29.841359
4.058000,far_end_turn,13.000000,-30.661599
4.059000,X_return,12.999764,-31.481957
4.060000,X_return,12.994304,-32.304945
4.061000,X_return,12.988844,-33.127934
4.062000,X_return,12.983384,-33.950922
4.063000,X_return,12.977924,-34.773911
4.064000,X_return,12.972464,-35.596899
4.065000,X_return,12.967004,-36.419888
4.066000,X_return,12.961544,-37.242877
4.067000,X_return,12.956084,-37.846951
4.068000,X_return,12.950624,-38.218197
4.069000,X_return,12.945164,-38.589442
4.070000,X_return,12.939704,-38.960688
4.071000,X_return,12.934244,-39.331934
4.072000,X_return,12.928784,-39.703180
4.073000,X_return,12.923324,-40.074425
4.074000,X_return,12.917864,-40.445671
4.075000,X_return,12.912404,-40.730619
4.076000,X_return,12.906944,-41.008673
4.077000,X_return,12.901484,-41.286726
4.078000,X_return,12.896024,-41.564780
4.079000,X_return,12.890564,-41.842834
4.080000,X_return,12.885104,-42.120887
4.081000,X_return,12.879644,-42.398941
4.082000,X_return,12.874184,-43.051060
4.083000,X_return,12.868724,-44.347141
4.084000,X_return,12.863264,-45.643223
4.085000,X_return,12.857804,-46.939304
4.086000,X_return,12.852344,-48.235386
4.087000,X_return,12.846884,-49.531468
4.088000,X_return,12.841424,-50.827549
4.089000,X_return,12.835964,-52.123631
4.090000,X_return,12.830504,-53.047439
4.091000,X_return,12.825044,-53.883279
4.092000,X_return,12.819584,-54.719118
4.093000,X_return,12.814124,-55.554957
4.094000,X_return,12.808664,-56.390796
4.095000,X_return,12.803204,-57.226636
4.096000,X_return,12.797744,-58.062475
4.097000,X_return,12.792284,-58.768504
4.098000,X_return,12.786824,-59.085691
4.099000,X_return,12.781364,-59.402878
4.100000,X_return,12.775904,-59.720065
4.101000,X_return,12.770444,-60.037253
4.102000,X_return,12.764984,-60.354440
4.103000,X_return,12.759524,-60.671627
4.104000,X_return,12.754064,-60.988814
4.105000,X_return,12.748604,-61.392641
4.106000,X_return,12.743144,-61.835083
4.107000,X_return,12.737684,-62.277525
4.108000,X_return,12.732224,-62.719967
4.109000,X_return,12.726764,-63.162409
4.110000,X_return,12.721304,-63.604851
4.111000,X_return,12.715844,-64.047293
4.112000,X_return,12.710384,-64.624752
4.113000,X_return,12.704924,-66.081401
4.114000,X_return,12.699464,-67.538050
4.115000,X_return,12.694004,-68.994698
4.116000,X_return,12.688544,-70.451347
4.117000,X_return,12.683084,-71.907996
4.118000,X_return,12.677624,-73.364644
4.119000,X_return,12.672164,-74.821293
4.120000,X_return,12.666704,-75.986328
4.121000,X_return,12.661244,-76.935422
4.122000,X_return,12.655784,-77.884517
4.123000,X_return,12.650324,-78.833611
4.124000,X_return,12.644864,-79.782706
4.125000,X_return,12.639404,-80.731800
4.126000,X_return,12.633944,-81.680895
4.127000,X_return,12.628542,-82.620766
4.128000,X_return,12.626722,-82.992280
4.129000,X_return,12.624902,-83.363793
4.130000,X_return,12.623082,-83.735307
4.131000,X_return,12.621262,-84.106821
4.132000,X_return,12.619442,-84.478335
4.133000,X_return,12.617622,-84.849848
4.134000,X_return,12.615802,-85.221362
4.135000,X_return,12.613982,-85.592876
4.136000,X_return,12.612162,-85.964389
4.137000,X_return,12.610342,-86.335903
4.138000,X_return,12.608522,-86.707417
4.139000,X_return,12.606702,-87.078931
4.140000,X_return,12.604882,-87.450444
4.141000,X_return,12.603062,-87.821958
4.142000,X_return,12.601242,-88.193472
4.143000,X_return,12.599422,-88.564985
4.144000,X_return,12.597602,-88.936499
4.145000,X_return,12.595782,-89.308013
4.146000,X_return,12.593962,-89.679527
4.147000,X_return,12.592142,-90.051040
4.148000,X_return,12.590322,-90.422554
4.149000,X_return,12.588502,-90.794068
4.150000,X_return,12.585444,-90.941806
4.151000,X_return,12.579984,-90.655605
4.152000,X_return,12.574524,-90.369403
4.153000,X_return,12.569064,-90.083202
4.154000,X_return,12.563604,-89.797000
4.155000,X_return,12.558144,-89.510799
4.156000,X_return,12.552684,-89.224597
4.157000,X_return,12.547224,-88.938396
4.158000,X_return,12.541764,-88.446372
4.159000,X_return,12.536304,-87.896853
4.160000,X_return,12.530844,-87.347334
4.161000,X_return,12.525384,-86.797815
4.162000,X_return,12.519924,-86.248296
4.163000,X_return,12.514464,-85.698777
4.164000,X_return,12.509004,-85.149258
4.165000,X_return,12.503544,-84.614764
4.166000,X_return,12.498084,-84.132596
4.167000,X_return,12.492624,-83.650427
4.168000,X_return,12.487164,-83.168259
4.169000,X_return,12.481704,-82.686091
4.170000,X_return,12.476244,-82.203923
4.171000,X_return,12.470784,-81.721755
4.172000,X_return,12.465324,-81.239587
4.173000,X_return,12.459864,-81.596888
4.174000,X_return,12.454404,-82.378039
4.175000,X_return,12.448944,-83.159190
4.176000,X_return,12.443484,-83.940341
4.177000,X_return,12.438024,-84.721491
4.178000,X_return,12.432564,-85.502642
4.179000,X_return,12.427104,-86.283793
4.180000,X_return,12.421644,-87.064536
4.181000,X_return,12.416184,-87.841839
4.182000,X_return,12.410724,-88.619143
4.183000,X_return,12.405264,-89.396446
4.184000,X_return,12.399804,-90.173750
4.185000,X_return,12.394344,-90.951053
4.186000,X_return,12.388884,-91.728356
4.187000,X_return,12.383424,-92.505660
4.188000,X_return,12.377964,-93.157960
4.189000,X_return,12.372504,-93.706880
4.190000,X_return,12.367044,-94.255799
4.191000,X_return,12.361584,-94.804718
4.192000,X_return,12.356124,-95.353638
4.193000,X_return,12.350664,-95.902557
4.194000,X_return,12.345204,-96.451477
4.195000,X_return,12.339744,-97.000396
4.196000,X_return,12.334284,-96.928667
4.197000,X_return,12.328824,-96.849883
4.198000,X_return,12.323364,-96.771098
4.199000,X_return,12.317904,-96.692313
4.200000,X_return,12.312444,-96.613529
4.201000,X_return,12.306984,-96.534744
4.202000,X_return,12.301524,-96.455959
4.203000,X_return,12.296064,-96.834533
4.204000,X_return,12.290604,-97.818927
4.205000,X_return,12.285144,-98.803321
4.206000,X_return,12.279684,-99.787715
4.207000,X_return,12.274224,-100.772109
4.208000,X_return,12.268764,-101.756503
4.209000,X_return,12.263304,-102.740897
4.210000,X_return,12.257844,-103.725291
4.211000,X_return,12.252384,-104.083963
4.212000,X_return,12.246924,-104.350457
4.213000,X_return,12.241464,-104.616951
4.214000,X_return,12.236004,-104.883445
4.215000,X_return,12.230544,-105.149939
4.216000,X_return,12.225084,-105.416434
4.217000,X_return,12.219624,-105.682928
4.218000,X_return,12.214164,-105.825208
4.219000,X_return,12.208704,-105.694881
4.220000,X_return,12.203244,-105.564555
4.221000,X_return,12.197784,-105.434228
4.222000,X_return,12.192324,-105.303901
4.223000,X_return,12.186864,-105.173575
4.224000,X_return,12.181404,-105.043248
4.225000,X_return,12.175944,-104.912921
4.226000,X_return,12.170484,-104.461541
4.227000,X_return,12.165024,-103.905664
4.228000,X_return,12.159564,-103.349787
4.229000,X_return,12.154104,-102.793910
4.230000,X_return,12.148644,-102.238033
4.231000,X_return,12.143184,-101.682156
4.232000,X_return,12.137724,-101.126279
4.233000,X_return,12.132264,-100.901459
4.234000,X_return,12.126804,-102.035814
4.235000,X_return,12.121344,-103.170169
4.236000,X_return,12.115884,-104.304524
4.237000,X_return,12.110424,-105.438879
4.238000,X_return,12.104964,-106.573234
4.239000,X_return,12.099504,-107.707589
4.240000,X_return,12.094044,-108.841944
4.241000,X_return,12.088584,-109.714605
4.242000,X_return,12.083124,-110.438324
4.243000,X_return,12.077664,-111.162042
4.244000,X_return,12.072204,-111.885760
4.245000,X_return,12.066744,-112.609478
4.246000,X_return,12.061284,-113.333196
4.247000,X_return,12.055824,-114.056914
4.248000,X_return,12.050364,-114.701477
4.249000,X_return,12.044904,-114.419493
4.250000,X_return,12.039444,-114.137509
4.251000,X_return,12.033984,-113.855525
4.252000,X_return,12.028524,-113.573541
4.253000,X_return,12.023064,-113.291558
4.254000,X_return,12.017604,-113.009574
4.255000,X_return,12.012144,-112.727590
4.256000,X_return,12.006684,-112.974269
4.257000,X_return,12.001224,-113.708694
4.258000,X_return,11.995764,-114.443118
4.259000,X_return,11.990304,-115.177543
4.260000,X_return,11.984844,-115.911967
4.261000,X_return,11.979384,-116.646391
4.262000,X_return,11.973924,-117.380816
4.263000,X_return,11.968464,-118.115240
4.264000,X_return,11.963004,-119.098902
4.265000,X_return,11.957544,-120.092530
4.266000,X_return,11.952084,-121.086158
4.267000,X_return,11.946624,-122.079786
4.268000,X_return,11.941164,-123.073414
4.269000,X_return,11.935704,-124.067042
4.270000,X_return,11.930244,-125.060670
4.271000,X_return,11.924784,-125.376183
4.272000,X_return,11.919324,-124.687022
4.273000,X_return,11.913864,-123.997860
4.274000,X_return,11.908404,-123.308699
4.275000,X_return,11.902944,-122.619537
4.276000,X_return,11.897484,-121.930376
4.277000,X_return,11.892024,-121.241214
4.278000,X_return,11.886564,-120.552053
4.279000,X_return,11.881104,-119.336898
4.280000,X_return,11.875644,-118.024812
4.281000,X_return,11.870184,-116.712725
4.282000,X_return,11.864724,-115.400639
4.283000,X_return,11.859264,-114.088552
4.284000,X_return,11.853804,-112.776466
4.285000,X_return,11.848344,-111.464379
4.286000,X_return,11.842884,-110.374639
4.287000,X_return,11.837424,-109.840494
4.288000,X_return,11.831964,-109.306350
4.289000,X_return,11.826504,-108.772205
4.290000,X_return,11.821044,-108.238060
4.291000,X_return,11.815584,-107.703915
4.292000,X_return,11.810124,-107.169771
4.293000,X_return,11.804664,-106.635626
4.294000,X_return,11.799204,-106.372740
4.295000,X_return,11.793744,-106.211595
4.296000,X_return,11.788284,-106.050450
4.297000,X_return,11.782824,-105.889305
4.298000,X_return,11.777364,-105.728160
4.299000,X_return,11.771904,-105.567015
4.300000,X_return,11.766444,-105.405870
4.301000,X_return,11.760984,-105.149109
4.302000,X_return,11.755524,-104.421037
4.303000,X_return,11.750064,-103.692965
4.304000,X_return,11.744604,-102.964892
4.305000,X_return,11.739144,-102.236820
4.306000,X_return,11.733684,-101.508748
4.307000,X_return,11.728224,-100.780675
4.308000,X_return,11.722764,-100.052603
4.309000,X_return,11.717304,-99.313093
4.310000,X_return,11.711844,-98.566273
4.311000,X_return,11.706384,-97.819452
4.312000,X_return,11.700924,-97.072632
4.313000,X_return,11.695464,-96.325812
4.314000,X_return,11.690004,-95.578991
4.315000,X_return,11.684544,-94.832171
4.316000,X_return,11.679084,-94.153895
4.317000,X_return,11.673624,-94.738092
4.318000,X_return,11.668164,-95.322289
4.319000,X_return,11.662704,-95.906486
4.320000,X_return,11.657244,-96.490683
4.321000,X_return,11.651784,-97.074880
4.322000,X_return,11.646324,-97.659077
4.323000,X_return,11.640864,-98.243273
4.324000,X_return,11.635404,-98.723956
4.325000,X_return,11.629944,-99.098151
4.326000,X_return,11.624484,-99.472346
4.327000,X_return,11.619024,-99.846541
4.328000,X_return,11.613564,-100.220736
4.329000,X_return,11.608104,-100.594931
4.330000,X_return,11.602644,-100.969126
4.331000,X_return,11.597184,-101.343321
4.332000,X_return,11.591724,-100.503526
4.333000,X_return,11.586264,-99.578419
4.334000,X_return,11.580804,-98.653313
4.335000,X_return,11.575344,-97.728206
4.336000,X_return,11.569884,-96.803099
4.337000,X_return,11.564424,-95.877992
4.338000,X_return,11.558964,-94.952886
4.339000,X_return,11.554530,-94.194873
4.340000,X_return,11.551800,-93.714448
4.341000,X_return,11.549070,-93.234023
4.342000,X_return,11.546340,-92.753598
4.343000,X_return,11.543610,-92.273173
4.344000,X_return,11.540880,-91.792748
4.345000,X_return,11.538150,-91.312323
4.346000,X_return,11.535420,-90.831898
4.347000,X_return,11.532690,-90.351473
4.348000,X_return,11.529960,-89.871048
4.349000,X_return,11.527230,-89.390623
4.350000,X_return,11.524500,-88.910198
4.351000,X_return,11.521770,-88.429773
4.352000,X_return,11.519040,-87.949348
4.353000,X_return,11.516310,-87.468923
4.354000,X_return,11.512874,-86.864203
4.355000,X_return,11.507414,-85.903137
4.356000,X_return,11.501954,-84.942071
4.357000,X_return,11.496494,-83.981005
4.358000,X_return,11.491034,-83.019939
4.359000,X_return,11.485574,-82.058873
4.360000,X_return,11.480114,-81.097807
4.361000,X_return,11.474654,-80.136741
4.362000,X_return,11.469194,-78.557857
4.363000,X_return,11.463734,-76.714225
4.364000,X_return,11.458274,-74.870593
4.365000,X_return,11.452814,-73.026961
4.366000,X_return,11.447354,-71.183329
4.367000,X_return,11.441894,-69.339697
4.368000,X_return,11.436434,-67.496065
4.369000,X_return,11.430974,-65.883105
4.370000,X_return,11.425514,-65.670288
4.371000,X_return,11.420054,-65.457472
4.372000,X_return,11.414594,-65.244655
4.373000,X_return,11.409134,-65.031838
4.374000,X_return,11.403674,-64.819021
4.375000,X_return,11.398214,-64.606204
4.376000,X_return,11.392754,-64.393387
4.377000,X_return,11.387294,-64.943836
4.378000,X_return,11.381834,-66.040520
4.379000,X_return,11.376374,-67.137205
4.380000,X_return,11.370914,-68.233890
4.381000,X_return,11.365454,-69.330574
4.382000,X_return,11.359994,-70.427259
4.383000,X_return,11.354534,-71.523944
4.384000,X_return,11.349074,-72.607371
4.385000,X_return,11.343614,-73.158223
4.386000,X_return,11.338154,-73.709075
4.387000,X_return,11.332694,-74.259927
4.388000,X_return,11.327234,-74.810779
4.389000,X_return,11.321774,-75.361631
4.390000,X_return,11.316314,-75.912482
4.391000,X_return,11.310854,-76.463334
4.392000,X_return,11.305394,-76.649443
4.393000,X_return,11.299934,-76.417096
4.394000,X_return,11.294474,-76.184750
4.395000,X_return,11.289014,-75.952403
4.396000,X_return,11.283554,-75.720057
4.397000,X_return,11.278094,-75.487710
4.398000,X_return,11.272634,-75.255363
4.399000,X_return,11.267174,-75.023017
4.400000,X_return,11.261714,-75.774759
4.401000,X_return,11.256254,-76.627249
4.402000,X_return,11.250794,-77.479739
4.403000,X_return,11.245334,-78.332229
4.404000,X_return,11.239874,-79.184719
4.405000,X_return,11.234414,-80.037210
4.406000,X_return,11.228954,-80.889700
4.407000,X_return,11.223494,-81.529137
4.408000,X_return,11.218034,-81.770378
4.409000,X_return,11.212574,-82.011619
4.410000,X_return,11.207114,-82.252860
4.411000,X_return,11.201654,-82.494100
4.412000,X_return,11.196194,-82.735341
4.413000,X_return,11.190734,-82.976582
4.414000,X_return,11.185274,-83.217823
4.415000,X_return,11.179814,-81.559543
4.416000,X_return,11.174354,-79.396246
4.417000,X_return,11.168894,-77.232950
4.418000,X_return,11.163434,-75.069653
4.419000,X_return,11.157974,-72.906356
4.420000,X_return,11.152514,-70.743060
4.421000,X_return,11.147054,-68.579763
4.422000,X_return,11.141594,-66.629586
4.423000,X_return,11.136134,-65.387311
4.424000,X_return,11.130674,-64.145035
4.425000,X_return,11.125214,-62.902760
4.426000,X_return,11.119754,-61.660485
4.427000,X_return,11.114294,-60.418209
4.428000,X_return,11.108834,-59.175934
4.429000,X_return,11.103374,-57.933659
4.430000,X_return,11.097914,-57.887919
4.431000,X_return,11.092454,-58.424043
4.432000,X_return,11.086994,-58.960167
4.433000,X_return,11.081534,-59.496291
4.434000,X_return,11.076074,-60.032416
4.435000,X_return,11.070614,-60.568540
4.436000,X_return,11.065154,-61.104664
4.437000,X_return,11.059694,-61.593652
4.438000,X_return,11.054234,-61.717157
4.439000,X_return,11.048774,-61.840663
4.440000,X_return,11.043314,-61.964168
4.441000,X_return,11.037854,-62.087673
4.442000,X_return,11.032394,-62.211178
4.443000,X_return,11.026934,-62.334684
4.444000,X_return,11.021474,-62.458189
4.445000,X_return,11.018036,-62.720668
4.446000,X_return,11.016216,-63.094280
4.447000,X_return,11.014396,-63.467892
4.448000,X_return,11.012576,-63.841504
4.449000,X_return,11.010756,-64.215116
4.450000,X_return,11.008936,-64.588728
4.451000,X_return,11.007116,-64.962340
4.452000,X_return,11.005296,-65.335952
4.453000,X_return,11.003476,-65.709564
4.454000,X_return,11.001656,-66.083176
4.455000,X_return,10.999836,-66.456787
4.456000,X_return,10.998016,-66.830399
4.457000,X_return,10.996196,-67.204011
4.458000,X_return,10.994376,-67.577623
4.459000,X_return,10.992556,-67.951235
4.460000,X_return,10.990736,-68.324847
4.461000,X_return,10.988916,-68.698459
4.462000,X_return,10.987096,-69.072071
4.463000,X_return,10.985276,-69.445683
4.464000,X_return,10.983456,-69.819295
4.465000,X_return,10.981636,-70.192907
4.466000,X_return,10.979816,-70.566519
4.467000,X_return,10.977996,-70.940131
4.468000,X_return,10.972973,-70.196833
4.469000,X_return,10.967513,-69.301116
4.470000,X_return,10.962053,-68.405398
4.471000,X_return,10.956593,-67.509681
4.472000,X_return,10.951133,-66.613964
4.473000,X_return,10.945673,-65.718247
4.474000,X_return,10.940213,-64.822530
4.475000,X_return,10.934753,-64.134546
4.476000,X_return,10.929293,-63.885281
4.477000,X_return,10.923833,-63.636017
4.478000,X_return,10.918373,-63.386752
4.479000,X_return,10.912913,-63.137487
4.480000,X_return,10.907453,-62.888222
4.481000,X_return,10.901993,-62.638957
4.482000,X_return,10.896533,-62.389693
4.483000,X_return,10.891073,-62.841846
4.484000,X_return,10.885613,-63.512155
4.485000,X_return,10.880153,-64.182464
4.486000,X_return,10.874693,-64.852774
4.487000,X_return,10.869233,-65.523083
4.488000,X_return,10.863773,-66.193392
4.489000,X_return,10.858313,-66.863702
4.490000,X_return,10.852853,-67.384774
4.491000,X_return,10.847393,-67.324195
4.492000,X_return,10.841933,-67.263615
4.493000,X_return,10.836473,-67.203036
4.494000,X_return,10.831013,-67.142456
4.495000,X_return,10.825553,-67.081876
4.496000,X_return,10.820093,-67.021297
4.497000,X_return,10.814633,-66.960717
4.498000,X_return,10.809173,-66.120366
4.499000,X_return,10.803713,-64.851973
4.500000,X_return,10.798253,-63.583580
4.501000,X_return,10.792793,-62.315187
4.502000,X_return,10.787333,-61.046794
4.503000,X_return,10.781873,-59.778401
4.504000,X_return,10.776413,-58.510008
4.505000,X_return,10.770953,-57.338627
4.506000,X_return,10.765493,-57.184956
4.507000,X_return,10.760033,-57.031285
4.508000,X_return,10.754573,-56.877613
4.509000,X_return,10.749113,-56.723942
4.510000,X_return,10.743653,-56.570271
4.511000,X_return,10.738193,-56.416599
4.512000,X_return,10.732733,-56.262928
4.513000,X_return,10.727273,-55.917940
4.514000,X_return,10.721813,-55.402234
4.515000,X_return,10.716353,-54.886529
4.516000,X_return,10.710893,-54.370823
4.517000,X_return,10.705433,-53.855117
4.518000,X_return,10.699973,-53.339412
4.519000,X_return,10.694513,-52.823706
4.520000,X_return,10.689053,-52.308000
4.521000,X_return,10.683593,-50.013765
4.522000,X_return,10.678133,-47.664277
4.523000,X_return,10.672673,-45.314789
4.524000,X_return,10.667213,-42.965302
4.525000,X_return,10.661753,-40.615814
4.526000,X_return,10.656293,-38.266326
4.527000,X_return,10.650833,-35.916839
4.528000,X_return,10.645373,-33.829384
4.529000,X_return,10.639913,-32.116996
4.530000,X_return,10.634453,-30.404607
4.531000,X_return,10.628993,-28.692218
4.532000,X_return,10.623533,-26.979830
4.533000,X_return,10.618073,-25.267441
4.534000,X_return,10.612613,-23.555053
4.535000,X_return,10.607153,-21.842664
4.536000,X_return,10.601693,-21.549414
4.537000,X_return,10.596233,-21.501290
4.538000,X_return,10.590773,-21.453165
4.539000,X_return,10.585313,-21.405040
4.540000,X_return,10.579853,-21.356916
4.541000,X_return,10.574393,-21.308791
4.542000,X_return,10.568933,-21.260667
4.543000,X_return,10.563473,-21.022193
4.544000,X_return,10.558013,-20.326915
4.545000,X_return,10.552553,-19.631637
4.546000,X_return,10.547093,-18.936360
4.547000,X_return,10.541633,-18.241082
4.548000,X_return,10.536173,-17.545804
4.549000,X_return,10.530713,-16.850527
4.550000,X_return,10.525253,-16.155249
4.551000,X_return,10.521801,-15.699972
4.552000,X_return,10.519071,-15.330980
4.553000,X_return,10.516341,-14.961988
4.554000,X_return,10.513611,-14.592996
4.555000,X_return,10.510881,-14.224004
4.556000,X_return,10.508151,-13.855012
4.557000,X_return,10.505421,-13.486020
4.558000,X_return,10.502691,-13.117028
4.559000,X_return,10.499961,-12.748036
4.560000,X_return,10.497231,-12.379044
4.561000,X_return,10.494501,-12.010052
4.562000,X_return,10.491771,-11.641060
4.563000,X_return,10.489041,-11.272068
4.564000,X_return,10.486311,-10.903076
4.565000,X_return,10.483581,-10.534084
4.566000,X_return,10.479163,-11.423230
4.567000,X_return,10.473703,-13.088753
4.568000,X_return,10.468243,-14.754276
4.569000,X_return,10.462783,-16.419800
4.570000,X_return,10.457323,-18.085323
4.571000,X_return,10.451863,-19.750846
4.572000,X_return,10.446403,-21.416369
4.573000,X_return,10.440943,-22.964088
4.574000,X_return,10.435483,-22.660243
4.575000,X_return,10.430023,-22.356399
4.576000,X_return,10.424563,-22.052554
4.577000,X_return,10.419103,-21.748710
4.578000,X_return,10.413643,-21.444865
4.579000,X_return,10.408183,-21.141021
4.580000,X_return,10.402723,-20.837176
4.581000,X_return,10.397263,-20.739329
4.582000,X_return,10.391803,-20.846461
4.583000,X_return,10.386343,-20.953592
4.584000,X_return,10.380883,-21.060724
4.585000,X_return,10.375423,-21.167856
4.586000,X_return,10.369963,-21.274987
4.587000,X_return,10.364503,-21.382119
4.588000,X_return,10.359043,-21.489251
4.589000,X_return,10.353583,-22.602245
4.590000,X_return,10.348123,-23.776423
4.591000,X_return,10.342663,-24.950601
4.592000,X_return,10.337203,-26.124779
4.593000,X_return,10.331743,-27.298957
4.594000,X_return,10.326283,-28.473135
4.595000,X_return,10.320823,-29.647313
4.596000,X_return,10.315363,-30.483446
4.597000,X_return,10.309903,-30.777487
4.598000,X_return,10.304443,-31.071527
4.599000,X_return,10.298983,-31.365568
4.600000,X_return,10.293523,-31.659608
4.601000,X_return,10.288063,-31.953649
4.602000,X_return,10.282603,-32.247689
4.603000,X_return,10.277143,-32.541730
4.604000,X_return,10.271683,-31.553059
4.605000,X_return,10.266223,-30.293245
4.606000,X_return,10.260763,-29.033432
4.607000,X_return,10.255303,-27.773618
4.608000,X_return,10.249843,-26.513805
4.609000,X_return,10.244383,-25.253991
4.610000,X_return,10.238923,-23.994178
4.611000,X_return,10.233463,-23.316484
4.612000,X_return,10.228003,-24.237512
4.613000,X_return,10.222543,-25.158541
4.614000,X_return,10.217083,-26.079570
4.615000,X_return,10.211623,-27.000599
4.616000,X_return,10.206163,-27.921627
4.617000,X_return,10.200703,-28.842656
4.618000,X_return,10.195243,-29.763685
4.619000,X_return,10.189783,-30.773119
4.620000,X_return,10.184323,-31.818954
4.621000,X_return,10.178863,-32.864788
4.622000,X_return,10.173403,-33.910623
4.623000,X_return,10.167943,-34.956457
4.624000,X_return,10.162483,-36.002292
4.625000,X_return,10.157023,-37.048126
4.626000,X_return,10.151563,-37.902422
4.627000,X_return,10.146103,-37.669341
4.628000,X_return,10.140643,-37.436259
4.629000,X_return,10.135183,-37.203178
4.630000,X_return,10.129723,-36.970097
4.631000,X_return,10.124263,-36.737015
4.632000,X_return,10.118803,-36.503934
4.633000,X_return,10.113343,-36.270853
4.634000,X_return,10.107883,-36.460617
4.635000,X_return,10.102423,-36.942783
4.636000,X_return,10.096963,-37.424950
4.637000,X_return,10.091503,-37.907116
4.638000,X_return,10.086043,-38.389283
4.639000,X_return,10.080583,-38.871449
4.640000,X_return,10.075123,-39.353615
4.641000,X_return,10.069663,-39.861165
4.642000,X_return,10.064203,-41.121752
4.643000,X_return,10.058743,-42.382339
4.644000,X_return,10.053283,-43.642926
4.645000,X_return,10.047823,-44.903513
4.646000,X_return,10.042363,-46.164099
4.647000,X_return,10.036903,-47.424686
4.648000,X_return,10.031443,-48.685273
4.649000,X_return,10.025983,-49.566857
4.650000,X_return,10.020523,-50.027911
4.651000,X_return,10.015063,-50.488965
4.652000,X_return,10.009603,-50.950019
4.653000,X_return,10.004143,-51.411073
4.654000,X_return,9.998683,-51.872127
4.655000,X_return,9.993223,-52.333181
4.656000,X_return,9.987763,-52.794235
4.657000,X_return,9.985635,-52.775776
4.658000,X_return,9.983815,-52.713030
4.659000,X_return,9.981995,-52.650284
4.660000,X_return,9.980175,-52.587538
4.661000,X_return,9.978355,-52.524792
4.662000,X_return,9.976535,-52.462047
4.663000,X_return,9.974715,-52.399301
4.664000,X_return,9.972895,-52.336555
4.665000,X_return,9.971075,-52.273809
4.666000,X_return,9.969255,-52.211063
4.667000,X_return,9.967435,-52.148317
4.668000,X_return,9.965615,-52.085571
4.669000,X_return,9.963795,-52.022826
4.670000,X_return,9.961975,-51.960080
4.671000,X_return,9.960155,-51.897334
4.672000,X_return,9.958335,-51.834588
4.673000,X_return,9.956515,-51.771842
4.674000,X_return,9.954695,-51.709096
4.675000,X_return,9.952875,-51.646350
4.676000,X_return,9.951055,-51.583605
4.677000,X_return,9.949235,-51.520859
4.678000,X_return,9.947415,-51.458113
4.679000,X_return,9.944723,-51.232572
4.680000,X_return,9.939263,-50.490705
4.681000,X_return,9.933803,-49.748838
4.682000,X_return,9.928343,-49.006971
4.683000,X_return,9.922883,-48.265104
4.684000,X_return,9.917423,-47.523237
4.685000,X_return,9.911963,-46.781370
4.686000,X_return,9.906503,-46.039503
4.687000,X_return,9.901043,-46.079867
4.688000,X_return,9.895583,-46.486420
4.689000,X_return,9.890123,-46.892974
4.690000,X_return,9.884663,-47.299528
4.691000,X_return,9.879203,-47.706081
4.692000,X_return,9.873743,-48.112635
4.693000,X_return,9.868283,-48.519188
4.694000,X_return,9.862823,-48.958058
4.695000,X_return,9.857363,-49.628296
4.696000,X_return,9.851903,-50.298533
4.697000,X_return,9.846443,-50.968771
4.698000,X_return,9.840983,-51.639009
4.699000,X_return,9.835523,-52.309246
4.700000,X_return,9.830063,-52.979484
4.701000,X_return,9.824603,-53.649722
4.702000,X_return,9.819143,-53.910837
4.703000,X_return,9.813683,-53.855653
4.704000,X_return,9.808223,-53.800469
4.705000,X_return,9.802763,-53.745285
4.706000,X_return,9.797303,-53.690100
4.707000,X_return,9.791843,-53.634916
4.708000,X_return,9.786383,-53.579732
4.709000,X_return,9.780923,-53.523908
4.710000,X_return,9.775463,-53.350217
4.711000,X_return,9.770003,-53.176527
4.712000,X_return,9.764543,-53.002837
4.713000,X_return,9.759083,-52.829146
4.714000,X_return,9.753623,-52.655456
4.715000,X_return,9.748163,-52.481765
4.716000,X_return,9.742703,-52.308075
4.717000,X_return,9.737243,-52.250009
4.718000,X_return,9.731783,-52.335092
4.719000,X_return,9.726323,-52.420175
4.720000,X_return,9.720863,-52.505258
4.721000,X_return,9.715403,-52.590340
4.722000,X_return,9.709943,-52.675423
4.723000,X_return,9.704483,-52.760506
4.724000,X_return,9.699023,-52.845589
4.725000,X_return,9.693563,-52.317745
4.726000,X_return,9.688103,-51.712783
4.727000,X_return,9.682643,-51.107821
4.728000,X_return,9.677183,-50.502859
4.729000,X_return,9.671723,-49.897897
4.730000,X_return,9.666263,-49.292935
4.731000,X_return,9.660803,-48.687973
4.732000,X_return,9.655343,-48.346783
4.733000,X_return,9.649883,-48.541947
4.734000,X_return,9.644423,-48.737111
4.735000,X_return,9.638963,-48.932275
4.736000,X_return,9.633503,-49.127439
4.737000,X_return,9.628043,-49.322602
4.738000,X_return,9.622583,-49.517766
4.739000,X_return,9.617123,-49.712930
4.740000,X_return,9.611663,-49.611290
4.741000,X_return,9.606203,-49.421537
4.742000,X_return,9.600743,-49.231783
4.743000,X_return,9.595283,-49.042029
4.744000,X_return,9.589823,-48.852276
4.745000,X_return,9.584363,-48.662522
4.746000,X_return,9.578903,-48.472769
4.747000,X_return,9.573443,-48.095895
4.748000,X_return,9.567983,-47.025600
4.749000,X_return,9.562523,-45.955305
4.750000,X_return,9.557063,-44.885010
4.751000,X_return,9.551603,-43.814715
4.752000,X_return,9.546143,-42.744420
4.753000,X_return,9.540683,-41.674125
4.754000,X_return,9.535223,-40.603830
4.755000,X_return,9.529763,-39.948161
4.756000,X_return,9.524303,-39.511921
4.757000,X_return,9.518843,-39.075680
4.758000,X_return,9.513383,-38.639440
4.759000,X_return,9.507923,-38.203200
4.760000,X_return,9.502463,-37.766960
4.761000,X_return,9.497003,-37.330720
4.762000,X_return,9.491543,-36.916601
4.763000,X_return,9.486083,-36.712363
4.764000,X_return,9.480623,-36.508125
4.765000,X_return,9.475163,-36.303887
4.766000,X_return,9.469703,-36.099649
4.767000,X_return,9.464243,-35.895411
4.768000,X_return,9.458783,-35.691173
4.769000,X_return,9.453323,-35.486934
4.770000,X_return,9.447863,-35.365421
4.771000,X_return,9.442403,-35.315298
4.772000,X_return,9.436943,-35.265175
4.773000,X_return,9.431483,-35.215053
4.774000,X_return,9.426023,-35.164930
4.775000,X_return,9.420563,-35.114807
4.776000,X_return,9.415103,-35.064685
4.777000,X_return,9.409643,-35.014562
4.778000,X_return,9.404183,-34.594481
4.779000,X_return,9.398723,-34.166151
4.780000,X_return,9.393263,-33.737822
4.781000,X_return,9.387803,-33.309492
4.782000,X_return,9.382343,-32.881163
4.783000,X_return,9.376883,-32.452833
4.784000,X_return,9.371423,-32.024504
4.785000,X_return,9.365963,-31.935468
4.786000,X_return,9.360503,-32.315728
4.787000,X_return,9.355043,-32.695988
4.788000,X_return,9.349583,-33.076249
4.789000,X_return,9.344123,-33.456509
4.790000,X_return,9.338663,-33.836769
4.791000,X_return,9.333203,-34.217030
4.792000,X_return,9.327743,-34.597290
4.793000,X_return,9.322283,-34.748076
4.794000,X_return,9.316823,-34.861826
4.795000,X_return,9.311363,-34.975576
4.796000,X_return,9.305903,-35.089326
4.797000,X_return,9.300443,-35.203076
4.798000,X_return,9.294983,-35.316825
4.799000,X_return,9.289523,-35.430575
4.800000,X_return,9.284063,-35.412656
4.801000,X_return,9.278603,-35.091067
4.802000,X_return,9.273143,-34.769479
4.803000,X_return,9.267683,-34.447891
4.804000,X_return,9.262223,-34.126303
4.805000,X_return,9.256763,-33.804714
4.806000,X_return,9.251303,-33.483126
4.807000,X_return,9.245843,-33.161538
4.808000,X_return,9.240383,-32.489155
4.809000,X_return,9.234923,-31.695990
4.810000,X_return,9.229463,-30.902824
4.811000,X_return,9.224003,-30.109659
4.812000,X_return,9.218543,-29.316493
4.813000,X_return,9.213083,-28.523328
4.814000,X_return,9.207623,-27.730162
4.815000,X_return,9.202163,-26.935706
4.816000,X_return,9.196703,-26.135572
4.817000,X_return,9.191243,-25.335438
4.818000,X_return,9.185783,-24.535304
4.819000,X_return,9.180323,-23.735171
4.820000,X_return,9.174863,-22.935037
4.821000,X_return,9.169403,-22.134903
4.822000,X_return,9.163943,-21.334770
4.823000,X_return,9.158483,-20.041765
4.824000,X_return,9.153023,-18.455198
4.825000,X_return,9.147563,-16.868631
4.826000,X_return,9.142103,-15.282064
4.827000,X_return,9.136643,-13.695497
4.828000,X_return,9.131183,-12.108931
4.829000,X_return,9.125723,-10.522364
4.830000,X_return,9.120263,-9.025320
4.831000,X_return,9.114803,-8.752590
4.832000,X_return,9.109343,-8.479860
4.833000,X_return,9.103883,-8.207129
4.834000,X_return,9.098423,-7.934399
4.835000,X_return,9.092963,-7.661669
4.836000,X_return,9.087503,-7.388939
4.837000,X_return,9.082043,-7.116208
4.838000,X_return,9.076583,-6.804743
4.839000,X_return,9.071123,-6.455997
4.840000,X_return,9.065663,-6.107251
4.841000,X_return,9.060203,-5.758505
4.842000,X_return,9.054743,-5.409758
4.843000,X_return,9.049283,-5.061012
4.844000,X_return,9.043823,-4.712266
4.845000,X_return,9.038363,-4.363520
4.846000,X_return,9.032903,-4.412171
4.847000,X_return,9.027443,-4.481307
4.848000,X_return,9.021983,-4.550442
4.849000,X_return,9.016523,-4.619578
4.850000,X_return,9.011063,-4.688714
4.851000,X_return,9.005603,-4.757849
4.852000,X_return,9.000143,-4.826985
4.853000,X_return,8.994683,-5.215033
4.854000,X_return,8.989223,-6.096889
4.855000,X_return,8.983763,-6.978744
4.856000,X_return,8.978303,-7.860600
4.857000,X_return,8.972843,-8.742455
4.858000,X_return,8.967383,-9.624311
4.859000,X_return,8.961923,-10.506167
4.860000,X_return,8.956463,-11.388022
4.861000,X_return,8.951003,-12.566226
4.862000,X_return,8.945543,-13.803491
4.863000,X_return,8.940083,-15.040756
4.864000,X_return,8.934623,-16.278021
4.865000,X_return,8.929163,-17.515286
4.866000,X_return,8.923703,-18.752551
4.867000,X_return,8.918243,-19.989816
4.868000,X_return,8.913534,-20.922045
4.869000,X_return,8.910804,-21.051071
4.870000,X_return,8.908074,-21.180097
4.871000,X_return,8.905344,-21.309123
4.872000,X_return,8.902614,-21.438148
4.873000,X_return,8.899884,-21.567174
4.874000,X_return,8.897154,-21.696200
4.875000,X_return,8.894424,-21.825226
4.876000,X_return,8.891694,-21.954252
4.877000,X_return,8.888964,-22.083278
4.878000,X_return,8.886234,-22.212304
4.879000,X_return,8.883504,-22.341330
4.880000,X_return,8.880774,-22.470356
4.881000,X_return,8.878044,-22.599382
4.882000,X_return,8.875314,-22.728408
4.883000,X_return,8.872153,-22.907571
4.884000,X_return,8.866693,-23.353749
4.885000,X_return,8.861233,-23.799926
4.886000,X_return,8.855773,-24.246104
4.887000,X_return,8.850313,-24.692281
4.888000,X_return,8.844853,-25.138458
4.889000,X_return,8.839393,-25.584636
4.890000,X_return,8.833933,-26.030813
4.891000,X_return,8.828473,-26.141740
4.892000,X_return,8.823013,-26.028709
4.893000,X_return,8.817553,-25.915678
4.894000,X_return,8.812093,-25.802646
4.895000,X_return,8.806633,-25.689615
4.896000,X_return,8.801173,-25.576584
4.897000,X_return,8.795713,-25.463552
4.898000,X_return,8.790253,-25.362312
4.899000,X_return,8.784793,-25.537365
4.900000,X_return,8.779333,-25.712418
4.901000,X_return,8.773873,-25.887471
4.902000,X_return,8.768413,-26.062524
4.903000,X_return,8.762953,-26.237577
4.904000,X_return,8.757493,-26.412630
4.905000,X_return,8.752033,-26.587684
4.906000,X_return,8.746573,-26.950201
4.907000,X_return,8.741113,-27.513903
4.908000,X_return,8.735653,-28.077605
4.909000,X_return,8.730193,-28.641307
4.910000,X_return,8.724733,-29.205009
4.911000,X_return,8.719273,-29.768710
4.912000,X_return,8.713813,-30.332412
4.913000,X_return,8.708353,-30.896114
4.914000,X_return,8.702893,-31.102701
4.915000,X_return,8.697433,-31.279819
4.916000,X_return,8.691973,-31.456937
4.917000,X_return,8.686513,-31.634055
4.918000,X_return,8.681053,-31.811173
4.919000,X_return,8.675593,-31.988291
4.920000,X_return,8.670133,-32.165409
4.921000,X_return,8.664673,-32.349956
4.922000,X_return,8.659213,-32.547419
4.923000,X_return,8.653753,-32.744881
4.924000,X_return,8.648293,-32.942343
4.925000,X_return,8.642833,-33.139806
4.926000,X_return,8.637373,-33.337268
4.927000,X_return,8.631913,-33.534731
4.928000,X_return,8.626453,-33.732193
4.929000,X_return,8.620993,-34.182020
4.930000,X_return,8.615533,-34.692352
4.931000,X_return,8.610073,-35.202684
4.932000,X_return,8.604613,-35.713016
4.933000,X_return,8.599153,-36.223348
4.934000,X_return,8.593693,-36.733680
4.935000,X_return,8.588233,-37.244012
4.936000,X_return,8.582773,-37.671067
4.937000,X_return,8.577313,-37.845653
4.938000,X_return,8.571853,-38.020239
4.939000,X_return,8.566393,-38.194826
4.940000,X_return,8.560933,-38.369412
4.941000,X_return,8.555473,-38.543998
4.942000,X_return,8.550013,-38.718585
4.943000,X_return,8.544553,-38.893171
4.944000,X_return,8.539093,-38.500770
4.945000,X_return,8.533633,-37.852987
4.946000,X_return,8.528173,-37.205205
4.947000,X_return,8.522713,-36.557422
4.948000,X_return,8.517253,-35.909639
4.949000,X_return,8.511793,-35.261857
4.950000,X_return,8.506333,-34.614074
4.951000,X_return,8.500873,-34.111136
4.952000,X_return,8.495413,-34.570070
4.953000,X_return,8.489953,-35.029003
4.954000,X_return,8.484493,-35.487937
4.955000,X_return,8.479033,-35.946871
4.956000,X_return,8.473573,-36.405804
4.957000,X_return,8.468113,-36.864738
4.958000,X_return,8.462653,-37.323672
4.959000,X_return,8.457193,-38.036194
4.960000,X_return,8.451733,-38.938234
4.961000,X_return,8.446273,-39.840274
4.962000,X_return,8.440813,-40.742313
4.963000,X_return,8.435353,-41.644353
4.964000,X_return,8.429893,-42.546393
4.965000,X_return,8.424433,-43.448433
4.966000,X_return,8.418973,-44.330710
4.967000,X_return,8.413513,-43.792328
4.968000,X_return,8.408053,-43.253947
4.969000,X_return,8.402593,-42.715565
4.970000,X_return,8.397133,-42.177183
4.971000,X_return,8.391673,-41.638802
4.972000,X_return,8.386213,-41.100420
4.973000,X_return,8.380753,-40.562039
4.974000,X_return,8.376949,-40.240938
4.975000,X_return,8.375129,-40.179950
4.976000,X_return,8.373309,-40.118961
4.977000,X_return,8.371489,-40.057972
4.978000,X_return,8.369669,-39.996983
4.979000,X_return,8.367849,-39.935994
4.980000,X_return,8.366029,-39.875006
4.981000,X_return,8.364209,-39.814017
4.982000,X_return,8.362389,-39.753028
4.983000,X_return,8.360569,-39.692039
4.984000,X_return,8.358749,-39.631051
4.985000,X_return,8.356929,-39.570062
4.986000,X_return,8.355109,-39.509073
4.987000,X_return,8.353289,-39.448084
4.988000,X_return,8.351469,-39.387096
4.989000,X_return,8.349649,-39.326107
4.990000,X_return,8.347829,-39.265118
4.991000,X_return,8.346009,-39.204129
4.992000,X_return,8.344189,-39.143141
4.993000,X_return,8.342369,-39.082152
4.994000,X_return,8.340549,-39.021163
4.995000,X_return,8.338729,-38.960174
4.996000,X_return,8.336909,-38.899185
4.997000,X_return,8.332252,-38.367137
4.998000,X_return,8.326792,-37.701765
4.999000,X_return,8.321332,-37.036392
5.000000,X_return,8.315872,-36.371020
5.001000,X_return,8.310412,-35.705647
5.002000,X_return,8.304952,-35.040274
5.003000,X_return,8.299492,-34.374902
5.004000,X_return,8.294032,-33.919160
5.005000,X_return,8.288572,-34.203091
5.006000,X_return,8.283112,-34.487021
5.007000,X_return,8.277652,-34.770952
5.008000,X_return,8.272192,-35.054883
5.009000,X_return,8.266732,-35.338813
5.010000,X_return,8.261272,-35.622744
5.011000,X_return,8.255812,-35.906675
5.012000,X_return,8.250352,-35.908140
5.013000,X_return,8.244892,-35.765546
5.014000,X_return,8.239432,-35.622952
5.015000,X_return,8.233972,-35.480358
5.016000,X_return,8.228512,-35.337764
5.017000,X_return,8.223052,-35.195170
5.018000,X_return,8.217592,-35.052576
5.019000,X_return,8.212132,-34.813254
5.020000,X_return,8.206672,-33.737608
5.021000,X_return,8.201212,-32.661962
5.022000,X_return,8.195752,-31.586316
5.023000,X_return,8.190292,-30.510670
5.024000,X_return,8.184832,-29.435024
5.025000,X_return,8.179372,-28.359378
5.026000,X_return,8.173912,-27.283732
5.027000,X_return,8.168452,-26.269402
5.028000,X_return,8.162992,-25.306244
5.029000,X_return,8.157532,-24.343087
5.030000,X_return,8.152072,-23.379929
5.031000,X_return,8.146612,-22.416771
5.032000,X_return,8.141152,-21.453614
5.033000,X_return,8.135692,-20.490456
5.034000,X_return,8.130232,-19.527299
5.035000,X_return,8.124772,-19.985370
5.036000,X_return,8.119312,-20.462875
5.037000,X_return,8.113852,-20.940380
5.038000,X_return,8.108392,-21.417885
5.039000,X_return,8.102932,-21.895389
5.040000,X_return,8.097472,-22.372894
5.041000,X_return,8.092012,-22.850399
5.042000,X_return,8.086552,-22.788622
5.043000,X_return,8.081092,-22.005920
5.044000,X_return,8.075632,-21.223219
5.045000,X_return,8.070172,-20.440517
5.046000,X_return,8.064712,-19.657816
5.047000,X_return,8.059252,-18.875115
5.048000,X_return,8.053792,-18.092413
5.049000,X_return,8.048332,-17.309712
5.050000,X_return,8.042872,-16.473550
5.051000,X_return,8.037412,-15.629354
5.052000,X_return,8.031952,-14.785158
5.053000,X_return,8.026492,-13.940962
5.054000,X_return,8.021032,-13.096765
5.055000,X_return,8.015572,-12.252569
5.056000,X_return,8.010112,-11.408373
5.057000,X_return,8.004652,-10.533990
5.058000,X_return,7.999192,-9.592660
5.059000,X_return,7.993732,-8.651330
5.060000,X_return,7.988272,-7.709999
5.061000,X_return,7.982812,-6.768669
5.062000,X_return,7.977352,-5.827339
5.063000,X_return,7.971892,-4.886008
5.064000,X_return,7.966432,-3.944678
5.065000,X_return,7.960972,-3.003828
5.066000,X_return,7.955512,-2.063136
5.067000,X_return,7.950052,-1.122445
5.068000,X_return,7.944592,-0.181753
5.069000,X_return,7.939132,0.758939
5.070000,X_return,7.933672,1.699631
5.071000,X_return,7.928212,2.640322
5.072000,X_return,7.922752,3.653338
5.073000,X_return,7.917292,4.967574
5.074000,X_return,7.911832,6.281810
5.075000,X_return,7.906372,7.596045
5.076000,X_return,7.900912,8.910281
5.077000,X_return,7.895452,10.224516
5.078000,X_return,7.889992,11.538752
5.079000,X_return,7.884532,12.852988
5.080000,X_return,7.879072,13.376542
5.081000,X_return,7.873612,13.445685
5.082000,X_return,7.868152,13.514828
5.083000,X_return,7.862692,13.583971
5.084000,X_return,7.857232,13.653114
5.085000,X_return,7.851772,13.722257
5.086000,X_return,7.846312,13.791400
5.087000,X_return,7.840852,13.803634
5.088000,X_return,7.835392,13.128467
5.089000,X_return,7.829932,12.453300
5.090000,X_return,7.824472,11.778132
5.091000,X_return,7.819012,11.102965
5.092000,X_return,7.813552,10.427798
5.093000,X_return,7.808092,9.752630
5.094000,X_return,7.802632,9.077463
5.095000,X_return,7.797172,8.431224
5.096000,X_return,7.791712,7.811916
5.097000,X_return,7.786252,7.192608
5.098000,X_return,7.780792,6.573300
5.099000,X_return,7.775332,5.953992
5.100000,X_return,7.769872,5.334683
5.101000,X_return,7.764412,4.715375
5.102000,X_return,7.758952,4.096067
5.103000,X_return,7.753492,3.648957
5.104000,X_return,7.748032,3.209153
5.105000,X_return,7.742572,2.769349
5.106000,X_return,7.737112,2.329545
5.107000,X_return,7.731652,1.889740
5.108000,X_return,7.726192,1.449936
5.109000,X_return,7.720732,1.010132
5.110000,X_return,7.715272,0.764930
5.111000,X_return,7.709812,0.810757
5.112000,X_return,7.704352,0.856583
5.113000,X_return,7.698892,0.902409
5.114000,X_return,7.693432,0.948235
5.115000,X_return,7.687972,0.994061
5.116000,X_return,7.682512,1.039887
5.117000,X_return,7.677052,1.085714
5.118000,X_return,7.671592,0.953075
5.119000,X_return,7.666132,0.786984
5.120000,X_return,7.660672,0.620893
5.121000,X_return,7.655212,0.454802
5.122000,X_return,7.649752,0.288710
5.123000,X_return,7.644292,0.122619
5.124000,X_return,7.638832,-0.043472
5.125000,X_return,7.633372,-0.038048
5.126000,X_return,7.627912,0.400713
5.127000,X_return,7.622452,0.839474
5.128000,X_return,7.616992,1.278236
5.129000,X_return,7.611532,1.716997
5.130000,X_return,7.606072,2.155758
5.131000,X_return,7.600612,2.594520
5.132000,X_return,7.595152,3.033281
5.133000,X_return,7.589692,3.298401
5.134000,X_return,7.584232,3.497653
5.135000,X_return,7.578772,3.696905
5.136000,X_return,7.573312,3.896157
5.137000,X_return,7.567852,4.095409
5.138000,X_return,7.562392,4.294661
5.139000,X_return,7.556932,4.493913
5.140000,X_return,7.551472,4.563474
5.141000,X_return,7.546012,3.983370
5.142000,X_return,7.540552,3.403267
5.143000,X_return,7.535092,2.823163
5.144000,X_return,7.529632,2.243059
5.145000,X_return,7.524172,1.662955
5.146000,X_return,7.518712,1.082851
5.147000,X_return,7.513252,0.502747
5.148000,X_return,7.507792,0.125451
5.149000,X_return,7.502332,-0.120993
5.150000,X_return,7.496872,-0.367438
5.151000,X_return,7.491412,-0.613883
5.152000,X_return,7.485952,-0.860327
5.153000,X_return,7.480492,-1.106772
5.154000,X_return,7.475032,-1.353216
5.155000,X_return,7.469572,-1.643873
5.156000,X_return,7.464112,-2.788039
5.157000,X_return,7.458652,-3.932205
5.158000,X_return,7.453192,-5.076371
5.159000,X_return,7.447732,-6.220536
5.160000,X_return,7.442272,-7.364702
5.161000,X_return,7.436812,-8.508868
5.162000,X_return,7.431352,-9.653034
5.163000,X_return,7.425892,-11.029006
5.164000,X_return,7.420432,-12.645599
5.165000,X_return,7.414972,-14.262192
5.166000,X_return,7.409512,-15.878786
5.167000,X_return,7.404052,-17.495379
5.168000,X_return,7.398592,-19.111972
5.169000,X_return,7.393132,-20.728565
5.170000,X_return,7.387672,-22.345159
5.171000,X_return,7.382212,-22.693011
5.172000,X_return,7.376752,-22.948430
5.173000,X_return,7.371292,-23.203848
5.174000,X_return,7.365832,-23.459266
5.175000,X_return,7.360372,-23.714684
5.176000,X_return,7.354912,-23.970102
5.177000,X_return,7.349452,-24.225520
5.178000,X_return,7.343992,-24.336637
5.179000,X_return,7.338532,-24.205720
5.180000,X_return,7.333072,-24.074802
5.181000,X_return,7.327612,-23.943885
5.182000,X_return,7.322152,-23.812967
5.183000,X_return,7.316692,-23.682050
5.184000,X_return,7.311232,-23.551133
5.185000,X_return,7.305772,-23.420215
5.186000,X_return,7.300312,-23.901586
5.187000,X_return,7.294852,-24.522003
5.188000,X_return,7.289392,-25.142420
5.189000,X_return,7.283932,-25.762837
5.190000,X_return,7.278472,-26.383254
5.191000,X_return,7.273012,-27.003672
5.192000,X_return,7.267552,-27.624089
5.193000,X_return,7.262092,-28.105563
5.194000,X_return,7.256632,-28.183987
5.195000,X_return,7.251172,-28.262411
5.196000,X_return,7.245712,-28.340834
5.197000,X_return,7.240252,-28.419258
5.198000,X_return,7.234792,-28.497682
5.199000,X_return,7.229332,-28.576106
5.200000,X_return,7.223872,-28.654530
5.201000,X_return,7.218412,-28.295755
5.202000,X_return,7.212952,-27.747619
5.203000,X_return,7.207492,-27.199483
5.204000,X_return,7.202032,-26.651347
5.205000,X_return,7.196572,-26.103210
5.206000,X_return,7.191112,-25.555074
5.207000,X_return,7.185652,-25.006938
5.208000,X_return,7.180192,-24.400006
5.209000,X_return,7.174732,-23.429477
5.210000,X_return,7.169272,-22.458948
5.211000,X_return,7.163812,-21.488420
5.212000,X_return,7.158352,-20.517891
5.213000,X_return,7.152892,-19.547362
5.214000,X_return,7.147432,-18.576834
5.215000,X_return,7.141972,-17.606305
5.216000,X_return,7.136512,-17.504131
5.217000,X_return,7.131052,-18.029168
5.218000,X_return,7.125592,-18.554205
5.219000,X_return,7.120132,-19.079243
5.220000,X_return,7.114672,-19.604280
5.221000,X_return,7.109212,-20.129317
5.222000,X_return,7.103752,-20.654355
5.223000,X_return,7.098292,-21.164823
5.224000,X_return,7.092832,-21.028864
5.225000,X_return,7.087372,-20.892904
5.226000,X_return,7.081912,-20.756944
5.227000,X_return,7.076452,-20.620984
5.228000,X_return,7.070992,-20.485024
5.229000,X_return,7.065532,-20.349064
5.230000,X_return,7.060072,-20.213105
5.231000,X_return,7.054612,-19.563278
5.232000,X_return,7.049152,-18.318561
5.233000,X_return,7.043692,-17.073844
5.234000,X_return,7.038232,-15.829127
5.235000,X_return,7.032772,-14.584409
5.236000,X_return,7.027312,-13.339692
5.237000,X_return,7.021852,-12.094975
5.238000,X_return,7.016392,-10.850258
5.239000,X_return,7.010932,-10.259057
5.240000,X_return,7.005472,-9.736552
5.241000,X_return,7.000012,-9.214047
5.242000,X_return,6.994552,-8.691541
5.243000,X_return,6.989092,-8.169036
5.244000,X_return,6.983632,-7.646530
5.245000,X_return,6.978172,-7.124025
5.246000,X_return,6.972712,-7.141860
5.247000,X_return,6.967252,-8.179660
5.248000,X_return,6.961792,-9.217461
5.249000,X_return,6.956332,-10.255262
5.250000,X_return,6.950872,-11.293063
5.251000,X_return,6.945412,-12.330863
5.252000,X_return,6.939952,-13.368664
5.253000,X_return,6.934492,-14.406465
5.254000,X_return,6.929032,-15.148184
5.255000,X_return,6.923572,-15.810115
5.256000,X_return,6.918112,-16.472047
5.257000,X_return,6.912652,-17.133978
5.258000,X_return,6.907192,-17.795910
5.259000,X_return,6.901732,-18.457841
5.260000,X_return,6.896272,-19.119772
5.261000,X_return,6.890812,-19.539746
5.262000,X_return,6.885352,-19.145767
5.263000,X_return,6.879892,-18.751789
5.264000,X_return,6.874432,-18.357810
5.265000,X_return,6.868972,-17.963832
5.266000,X_return,6.863512,-17.569853
5.267000,X_return,6.858052,-17.175874
5.268000,X_return,6.852592,-16.781896
5.269000,X_return,6.847132,-16.573747
5.270000,X_return,6.841672,-16.456892
5.271000,X_return,6.836212,-16.340037
5.272000,X_return,6.830752,-16.223182
5.273000,X_return,6.825292,-16.106327
5.274000,X_return,6.819832,-15.989472
5.275000,X_return,6.814372,-15.872617
5.276000,X_return,6.808912,-15.842918
5.277000,X_return,6.803452,-16.504327
5.278000,X_return,6.797992,-17.165735
5.279000,X_return,6.792532,-17.827144
5.280000,X_return,6.787072,-18.488553
5.281000,X_return,6.781612,-19.149961
5.282000,X_return,6.776152,-19.811370
5.283000,X_return,6.770692,-20.472778
5.284000,X_return,6.765232,-20.988823
5.285000,X_return,6.759772,-21.387562
5.286000,X_return,6.754312,-21.786300
5.287000,X_return,6.748852,-22.185039
5.288000,X_return,6.743392,-22.583778
5.289000,X_return,6.737932,-22.982517
5.290000,X_return,6.732472,-23.381256
5.291000,X_return,6.727012,-23.779995
5.292000,X_return,6.724268,-23.516987
5.293000,X_return,6.721538,-23.250541
5.294000,X_return,6.718808,-22.984095
5.295000,X_return,6.716078,-22.717649
5.296000,X_return,6.713348,-22.451203
5.297000,X_return,6.710618,-22.184757
5.298000,X_return,6.707888,-21.918311
5.299000,X_return,6.705158,-21.651865
5.300000,X_return,6.702428,-21.385419
5.301000,X_return,6.699698,-21.118973
5.302000,X_return,6.696968,-20.852527
5.303000,X_return,6.694238,-20.586081
5.304000,X_return,6.691508,-20.319635
5.305000,X_return,6.688778,-20.053189
5.306000,X_return,6.686048,-19.786743
5.307000,X_return,6.680922,-20.048486
5.308000,X_return,6.675462,-20.383846
5.309000,X_return,6.670002,-20.719207
5.310000,X_return,6.664542,-21.054567
5.311000,X_return,6.659082,-21.389927
5.312000,X_return,6.653622,-21.725287
5.313000,X_return,6.648162,-22.060648
5.314000,X_return,6.642702,-22.646720
5.315000,X_return,6.637242,-23.767777
5.316000,X_return,6.631782,-24.888834
5.317000,X_return,6.626322,-26.009891
5.318000,X_return,6.620862,-27.130948
5.319000,X_return,6.615402,-28.252005
5.320000,X_return,6.609942,-29.373062
5.321000,X_return,6.604482,-30.494119
5.322000,X_return,6.599022,-30.857264
5.323000,X_return,6.593562,-30.981743
5.324000,X_return,6.588102,-31.106223
5.325000,X_return,6.582642,-31.230703
5.326000,X_return,6.577182,-31.355183
5.327000,X_return,6.571722,-31.479663
5.328000,X_return,6.566262,-31.604143
5.329000,X_return,6.560802,-31.685832
5.330000,X_return,6.555342,-31.598411
5.331000,X_return,6.549882,-31.510990
5.332000,X_return,6.544422,-31.423569
5.333000,X_return,6.538962,-31.336148
5.334000,X_return,6.533502,-31.248727
5.335000,X_return,6.528042,-31.161306
5.336000,X_return,6.522582,-31.073885
5.337000,X_return,6.517122,-31.375004
5.338000,X_return,6.511662,-31.891508
5.339000,X_return,6.506202,-32.408013
5.340000,X_return,6.500742,-32.924517
5.341000,X_return,6.495282,-33.441021
5.342000,X_return,6.489822,-33.957526
5.343000,X_return,6.484362,-34.474030
5.344000,X_return,6.478902,-34.971446
5.345000,X_return,6.473442,-35.262793
5.346000,X_return,6.467982,-35.554141
5.347000,X_return,6.462522,-35.845488
5.348000,X_return,6.457062,-36.136836
5.349000,X_return,6.451602,-36.428183
5.350000,X_return,6.446142,-36.719531
5.351000,X_return,6.440682,-37.010878
5.352000,X_return,6.435222,-36.872746
5.353000,X_return,6.429762,-36.347903
5.354000,X_return,6.424302,-35.823061
5.355000,X_return,6.418842,-35.298218
5.356000,X_return,6.413382,-34.773376
5.357000,X_return,6.407922,-34.248533
5.358000,X_return,6.402462,-33.723691
5.359000,X_return,6.397002,-33.198848
5.360000,X_return,6.391542,-31.771846
5.361000,X_return,6.386082,-30.314656
5.362000,X_return,6.380622,-28.857467
5.363000,X_return,6.375162,-27.400277
5.364000,X_return,6.369702,-25.943087
5.365000,X_return,6.364242,-24.485897
5.366000,X_return,6.358782,-23.028707
5.367000,X_return,6.353322,-21.733504
5.368000,X_return,6.347862,-20.672326
5.369000,X_return,6.342402,-19.611148
5.370000,X_return,6.336942,-18.549971
5.371000,X_return,6.331482,-17.488793
5.372000,X_return,6.326022,-16.427616
5.373000,X_return,6.320562,-15.366438
5.374000,X_return,6.315102,-14.305260
5.375000,X_return,6.309642,-14.077567
5.376000,X_return,6.304182,-13.996423
5.377000,X_return,6.298722,-13.915280
5.378000,X_return,6.293262,-13.834136
5.379000,X_return,6.287802,-13.752993
5.380000,X_return,6.282342,-13.671849
5.381000,X_return,6.276882,-13.590705
5.382000,X_return,6.271422,-13.299040
5.383000,X_return,6.265962,-12.496649
5.384000,X_return,6.260502,-11.694258
5.385000,X_return,6.255042,-10.891867
5.386000,X_return,6.249582,-10.089476
5.387000,X_return,6.244122,-9.287085
5.388000,X_return,6.238662,-8.484694
5.389000,X_return,6.233202,-7.682303
5.390000,X_return,6.227742,-6.538298
5.391000,X_return,6.222282,-5.270052
5.392000,X_return,6.216822,-4.001805
5.393000,X_return,6.211362,-2.733559
5.394000,X_return,6.205902,-1.465313
5.395000,X_return,6.200442,-0.197067
5.396000,X_return,6.194982,1.071179
5.397000,X_return,6.190158,2.107936
5.398000,X_return,6.188338,2.051327
5.399000,X_return,6.186518,1.994719
5.400000,X_return,6.184698,1.938110
5.401000,X_return,6.182878,1.881501
5.402000,X_return,6.181058,1.824893
5.403000,X_return,6.179238,1.768284
5.404000,X_return,6.177418,1.711675
5.405000,X_return,6.175598,1.655066
5.406000,X_return,6.173778,1.598458
5.407000,X_return,6.171958,1.541849
5.408000,X_return,6.170138,1.485240
5.409000,X_return,6.168318,1.428632
5.410000,X_return,6.166498,1.372023
5.411000,X_return,6.164678,1.315414
5.412000,X_return,6.162858,1.258806
5.413000,X_return,6.161038,1.202197
5.414000,X_return,6.159218,1.145588
5.415000,X_return,6.157398,1.088980
5.416000,X_return,6.155578,1.032371
5.417000,X_return,6.153758,0.975762
5.418000,X_return,6.151938,0.919153
5.419000,X_return,6.150118,0.862545
5.420000,X_return,6.146482,0.938225
5.421000,X_return,6.141022,1.146728
5.422000,X_return,6.135562,1.355231
5.423000,X_return,6.130102,1.563734
5.424000,X_return,6.124642,1.772237
5.425000,X_return,6.119182,1.980740
5.426000,X_return,6.113722,2.189243
5.427000,X_return,6.108262,2.397746
5.428000,X_return,6.102802,1.443265
5.429000,X_return,6.097342,0.415093
5.430000,X_return,6.091882,-0.613078
5.431000,X_return,6.086422,-1.641250
5.432000,X_return,6.080962,-2.669422
5.433000,X_return,6.075502,-3.697593
5.434000,X_return,6.070042,-4.725765
5.435000,X_return,6.064582,-5.880239
5.436000,X_return,6.059122,-7.239190
5.437000,X_return,6.053662,-8.598140
5.438000,X_return,6.048202,-9.957090
5.439000,X_return,6.042742,-11.316040
5.440000,X_return,6.037282,-12.674990
5.441000,X_return,6.031822,-14.033941
5.442000,X_return,6.026362,-15.392891
5.443000,X_return,6.020902,-15.332721
5.444000,X_return,6.015442,-14.967879
5.445000,X_return,6.009982,-14.603037
5.446000,X_return,6.004522,-14.238195
5.447000,X_return,5.999062,-13.873353
5.448000,X_return,5.993602,-13.508511
5.449000,X_return,5.988142,-13.143669
5.450000,X_return,5.982682,-12.857778
5.451000,X_return,5.977222,-12.791232
5.452000,X_return,5.971762,-12.724686
5.453000,X_return,5.966302,-12.658140
5.454000,X_return,5.960842,-12.591594
5.455000,X_return,5.955382,-12.525048
5.456000,X_return,5.949922,-12.458502
5.457000,X_return,5.944462,-12.391955
5.458000,X_return,5.939002,-12.532841
5.459000,X_return,5.933542,-12.760067
5.460000,X_return,5.928082,-12.987293
5.461000,X_return,5.922622,-13.214518
5.462000,X_return,5.917162,-13.441744
5.463000,X_return,5.911702,-13.668970
5.464000,X_return,5.906242,-13.896196
5.465000,X_return,5.900782,-14.035163
5.466000,X_return,5.895322,-13.664098
5.467000,X_return,5.889862,-13.293034
5.468000,X_return,5.884402,-12.921969
5.469000,X_return,5.878942,-12.550905
5.470000,X_return,5.873482,-12.179840
5.471000,X_return,5.868022,-11.808776
5.472000,X_return,5.862562,-11.437711
5.473000,X_return,5.857102,-10.898836
5.474000,X_return,5.851642,-10.242834
5.475000,X_return,5.846182,-9.586832
5.476000,X_return,5.840722,-8.930830
5.477000,X_return,5.835262,-8.274828
5.478000,X_return,5.829802,-7.618826
5.479000,X_return,5.824342,-6.962824
5.480000,X_return,5.818882,-6.344043
5.481000,X_return,5.813422,-6.913985
5.482000,X_return,5.807962,-7.483926
5.483000,X_return,5.802502,-8.053868
5.484000,X_return,5.797042,-8.623810
5.485000,X_return,5.791582,-9.193751
5.486000,X_return,5.786122,-9.763693
5.487000,X_return,5.780662,-10.333634
5.488000,X_return,5.775202,-10.685565
5.489000,X_return,5.769742,-10.793405
5.490000,X_return,5.764282,-10.901246
5.491000,X_return,5.758822,-11.009086
5.492000,X_return,5.753362,-11.116927
5.493000,X_return,5.747902,-11.224767
5.494000,X_return,5.742442,-11.332607
5.495000,X_return,5.736982,-11.440448
5.496000,X_return,5.731522,-10.809169
5.497000,X_return,5.726062,-10.107639
5.498000,X_return,5.720602,-9.406108
5.499000,X_return,5.715142,-8.704578
5.500000,X_return,5.709682,-8.003048
5.501000,X_return,5.704222,-7.301518
5.502000,X_return,5.698762,-6.599988
5.503000,X_return,5.693302,-6.069741
5.504000,X_return,5.687842,-5.851210
5.505000,X_return,5.682382,-5.632680
5.506000,X_return,5.676922,-5.414149
5.507000,X_return,5.671462,-5.195618
5.508000,X_return,5.666002,-4.977087
5.509000,X_return,5.660542,-4.758556
5.510000,X_return,5.655082,-4.540025
5.511000,X_return,5.649622,-4.763289
5.512000,X_return,5.644162,-5.099745
5.513000,X_return,5.638702,-5.436201
5.514000,X_return,5.633242,-5.772657
5.515000,X_return,5.627782,-6.109112
5.516000,X_return,5.622322,-6.445568
5.517000,X_return,5.616862,-6.782024
5.518000,X_return,5.611402,-6.839942
5.519000,X_return,5.605942,-6.003442
5.520000,X_return,5.600482,-5.166942
5.521000,X_return,5.595022,-4.330441
5.522000,X_return,5.589562,-3.493941
5.523000,X_return,5.584102,-2.657441
5.524000,X_return,5.578642,-1.820941
5.525000,X_return,5.573182,-0.984440
5.526000,X_return,5.567722,-0.237263
5.527000,X_return,5.562262,0.467665
5.528000,X_return,5.556802,1.172593
5.529000,X_return,5.551342,1.877522
5.530000,X_return,5.545882,2.582450
5.531000,X_return,5.540422,3.287378
5.532000,X_return,5.534962,3.992306
5.533000,X_return,5.529502,4.559829
5.534000,X_return,5.524042,4.122652
5.535000,X_return,5.518582,3.685476
5.536000,X_return,5.513122,3.248300
5.537000,X_return,5.507662,2.811124
5.538000,X_return,5.502202,2.373947
5.539000,X_return,5.496742,1.936771
5.540000,X_return,5.491282,1.499595
5.541000,X_return,5.485822,1.248950
5.542000,X_return,5.480362,1.143838
5.543000,X_return,5.474902,1.038727
5.544000,X_return,5.469442,0.933616
5.545000,X_return,5.463982,0.828504
5.546000,X_return,5.458522,0.723393
5.547000,X_return,5.453062,0.618282
5.548000,X_return,5.447602,0.514668
5.549000,X_return,5.442142,0.884862
5.550000,X_return,5.436682,1.255056
5.551000,X_return,5.431222,1.625250
5.552000,X_return,5.425762,1.995443
5.553000,X_return,5.420302,2.365637
5.554000,X_return,5.414842,2.735831
5.555000,X_return,5.409382,3.106025
5.556000,X_return,5.403922,3.347799
5.557000,X_return,5.398462,3.429133
5.558000,X_return,5.393002,3.510466
5.559000,X_return,5.387542,3.591799
5.560000,X_return,5.382082,3.673133
5.561000,X_return,5.376622,3.754466
5.562000,X_return,5.371162,3.835800
5.563000,X_return,5.365702,3.917133
5.564000,X_return,5.360242,3.498568
5.565000,X_return,5.354782,3.015677
5.566000,X_return,5.349322,2.532787
5.567000,X_return,5.343862,2.049897
5.568000,X_return,5.338402,1.567007
5.569000,X_return,5.332942,1.084117
5.570000,X_return,5.327482,0.601226
5.571000,X_return,5.322022,0.084745
5.572000,X_return,5.316562,-0.500740
5.573000,X_return,5.311102,-1.086226
5.574000,X_return,5.305642,-1.671711
5.575000,X_return,5.300182,-2.257197
5.576000,X_return,5.294722,-2.842682
5.577000,X_return,5.289262,-3.428167
5.578000,X_return,5.283802,-4.013653
5.579000,X_return,5.278342,-4.579286
5.580000,X_return,5.272882,-5.138952
5.581000,X_return,5.267422,-5.698617
5.582000,X_return,5.261962,-6.258282
5.583000,X_return,5.256502,-6.817947
5.584000,X_return,5.251042,-7.377612
5.585000,X_return,5.245582,-7.937278
5.586000,X_return,5.240122,-8.486737
5.587000,X_return,5.234662,-8.997862
5.588000,X_return,5.229202,-9.508987
5.589000,X_return,5.223742,-10.020111
5.590000,X_return,5.218282,-10.531236
5.591000,X_return,5.212822,-11.042361
5.592000,X_return,5.207362,-11.553486
5.593000,X_return,5.201902,-12.064611
5.594000,X_return,5.196442,-12.868296
5.595000,X_return,5.190982,-13.828355
5.596000,X_return,5.185522,-14.788413
5.597000,X_return,5.180062,-15.748472
5.598000,X_return,5.174602,-16.708530
5.599000,X_return,5.169142,-17.668589
5.600000,X_return,5.163682,-18.628647
5.601000,X_return,5.158222,-19.502215
5.602000,X_return,5.152762,-19.533262
5.603000,X_return,5.147302,-19.564310
5.604000,X_return,5.141842,-19.595357
5.605000,X_return,5.136382,-19.626405
5.606000,X_return,5.130922,-19.657452
5.607000,X_return,5.125462,-19.688499
5.608000,X_return,5.120002,-19.719547
5.609000,X_return,5.116001,-19.687856
5.610000,X_return,5.113271,-19.601531
5.611000,X_return,5.110541,-19.515206
5.612000,X_return,5.107811,-19.428881
5.613000,X_return,5.105081,-19.342557
5.614000,X_return,5.102351,-19.256232
5.615000,X_return,5.099621,-19.169907
5.616000,X_return,5.096891,-19.083582
5.617000,X_return,5.094161,-18.997257
5.618000,X_return,5.091431,-18.910932
5.619000,X_return,5.088701,-18.824607
5.620000,X_return,5.085971,-18.738283
5.621000,X_return,5.083241,-18.651958
5.622000,X_return,5.080511,-18.565633
5.623000,X_return,5.077781,-18.479308
5.624000,X_return,5.073912,-18.162371
5.625000,X_return,5.068452,-17.523502
5.626000,X_return,5.062992,-16.884633
5.627000,X_return,5.057532,-16.245763
5.628000,X_return,5.052072,-15.606894
5.629000,X_return,5.046612,-14.968024
5.630000,X_return,5.041152,-14.329155
5.631000,X_return,5.035692,-13.690286
5.632000,X_return,5.030232,-13.357525
5.633000,X_return,5.024772,-13.075099
5.634000,X_return,5.019312,-12.792673
5.635000,X_return,5.013852,-12.510247
5.636000,X_return,5.008392,-12.227822
5.637000,X_return,5.002932,-11.945396
5.638000,X_return,4.997472,-11.662970
5.639000,X_return,4.992012,-11.262809
5.640000,X_return,4.986552,-10.588202
5.641000,X_return,4.981092,-9.913594
5.642000,X_return,4.975632,-9.238987
5.643000,X_return,4.970172,-8.564380
5.644000,X_return,4.964712,-7.889772
5.645000,X_return,4.959252,-7.215165
5.646000,X_return,4.953792,-6.540557
5.647000,X_return,4.948332,-5.205671
5.648000,X_return,4.942872,-3.640752
5.649000,X_return,4.937412,-2.075833
5.650000,X_return,4.931952,-0.510914
5.651000,X_return,4.926492,1.054005
5.652000,X_return,4.921032,2.618923
5.653000,X_return,4.915572,4.183842
5.654000,X_return,4.910112,5.652821
5.655000,X_return,4.904652,6.693612
5.656000,X_return,4.899192,7.734403
5.657000,X_return,4.893732,8.775194
5.658000,X_return,4.888272,9.815985
5.659000,X_return,4.882812,10.856776
5.660000,X_return,4.877352,11.897567
5.661000,X_return,4.871892,12.938358
5.662000,X_return,4.866432,13.294780
5.663000,X_return,4.860972,13.239651
5.664000,X_return,4.855512,13.184521
5.665000,X_return,4.850052,13.129392
5.666000,X_return,4.844592,13.074262
5.667000,X_return,4.839132,13.019133
5.668000,X_return,4.833672,12.964003
5.669000,X_return,4.828212,12.919721
5.670000,X_return,4.822752,13.029209
5.671000,X_return,4.817292,13.138697
5.672000,X_return,4.811832,13.248186
5.673000,X_return,4.806372,13.357674
5.674000,X_return,4.800912,13.467162
5.675000,X_return,4.795452,13.576651
5.676000,X_return,4.789992,13.686139
5.677000,X_return,4.784532,13.938597
5.678000,X_return,4.779072,14.329902
5.679000,X_return,4.773612,14.721207
5.680000,X_return,4.768152,15.112513
5.681000,X_return,4.762692,15.503818
5.682000,X_return,4.757232,15.895124
5.683000,X_return,4.751772,16.286429
5.684000,X_return,4.746312,16.677734
5.685000,X_return,4.740852,16.501815
5.686000,X_return,4.735392,16.295244
5.687000,X_return,4.729932,16.088673
5.688000,X_return,4.724472,15.882102
5.689000,X_return,4.719012,15.675531
5.690000,X_return,4.713552,15.468960
5.691000,X_return,4.708092,15.262389
5.692000,X_return,4.702632,14.441901
5.693000,X_return,4.697172,12.661807
5.694000,X_return,4.691712,10.881713
5.695000,X_return,4.686252,9.101619
5.696000,X_return,4.680792,7.321524
5.697000,X_return,4.675332,5.541430
5.698000,X_return,4.669872,3.761336
5.699000,X_return,4.664412,1.981242
5.700000,X_return,4.658952,1.365900
5.701000,X_return,4.653492,0.986464
5.702000,X_return,4.648032,0.607028
5.703000,X_return,4.642572,0.227592
5.704000,X_return,4.637112,-0.151844
5.705000,X_return,4.631652,-0.531280
5.706000,X_return,4.626192,-0.910716
5.707000,X_return,4.620732,-1.036554
5.708000,X_return,4.615272,-0.487047
5.709000,X_return,4.609812,0.062459
5.710000,X_return,4.604352,0.611966
5.711000,X_return,4.598892,1.161473
5.712000,X_return,4.593432,1.710979
5.713000,X_return,4.587972,2.260486
5.714000,X_return,4.582512,2.809992
5.715000,X_return,4.577052,3.181417
5.716000,X_return,4.571592,3.481655
5.717000,X_return,4.566132,3.781893
5.718000,X_return,4.560672,4.082131
5.719000,X_return,4.555212,4.382368
5.720000,X_return,4.549752,4.682606
5.721000,X_return,4.544292,4.982844
5.722000,X_return,4.538832,5.042685
5.723000,X_return,4.533372,3.800324
5.724000,X_return,4.527912,2.557963
5.725000,X_return,4.522452,1.315601
5.726000,X_return,4.516992,0.073240
5.727000,X_return,4.511532,-1.169121
5.728000,X_return,4.506072,-2.411483
5.729000,X_return,4.500612,-3.653844
5.730000,X_return,4.495152,-4.409860
5.731000,X_return,4.489692,-4.837925
5.732000,X_return,4.484232,-5.265991
5.733000,X_return,4.478772,-5.694057
5.734000,X_return,4.473312,-6.122123
5.735000,X_return,4.467852,-6.550189
5.736000,X_return,4.462392,-6.978255
5.737000,X_return,4.456932,-7.398648
5.738000,X_return,4.451472,-7.628376
5.739000,X_return,4.446012,-7.858104
5.740000,X_return,4.440552,-8.087832
5.741000,X_return,4.435092,-8.317560
5.742000,X_return,4.429632,-8.547288
5.743000,X_return,4.424172,-8.777016
5.744000,X_return,4.418712,-9.006744
5.745000,X_return,4.413252,-9.288803
5.746000,X_return,4.407792,-9.627530
5.747000,X_return,4.402332,-9.966258
5.748000,X_return,4.396872,-10.304986
5.749000,X_return,4.391412,-10.643714
5.750000,X_return,4.385952,-10.982442
5.751000,X_return,4.380492,-11.321170
5.752000,X_return,4.375032,-11.659898
5.753000,X_return,4.369572,-12.627421
5.754000,X_return,4.364112,-13.648492
5.755000,X_return,4.358652,-14.669564
5.756000,X_return,4.353192,-15.690635
5.757000,X_return,4.347732,-16.711706
5.758000,X_return,4.342272,-17.732777
5.759000,X_return,4.336812,-18.753849
5.760000,X_return,4.331352,-19.559024
5.761000,X_return,4.325892,-19.985250
5.762000,X_return,4.320432,-20.411476
5.763000,X_return,4.314972,-20.837702
5.764000,X_return,4.309512,-21.263928
5.765000,X_return,4.304052,-21.690153
5.766000,X_return,4.298592,-22.116379
5.767000,X_return,4.293132,-22.542605
5.768000,X_return,4.287672,-22.379660
5.769000,X_return,4.282212,-22.073419
5.770000,X_return,4.276752,-21.767178
5.771000,X_return,4.271292,-21.460937
5.772000,X_return,4.265832,-21.154696
5.773000,X_return,4.260372,-20.848455
5.774000,X_return,4.254912,-20.542214
5.775000,X_return,4.249452,-20.120071
5.776000,X_return,4.243992,-19.342275
5.777000,X_return,4.238532,-18.564479
5.778000,X_return,4.233072,-17.786683
5.779000,X_return,4.227612,-17.008887
5.780000,X_return,4.222152,-16.231091
5.781000,X_return,4.216692,-15.453295
5.782000,X_return,4.211232,-14.675500
5.783000,X_return,4.205772,-14.651498
5.784000,X_return,4.200312,-14.970595
5.785000,X_return,4.194852,-15.289692
5.786000,X_return,4.189392,-15.608790
5.787000,X_return,4.183932,-15.927887
5.788000,X_return,4.178472,-16.246984
5.789000,X_return,4.173012,-16.566082
5.790000,X_return,4.167552,-16.843127
5.791000,X_return,4.162092,-16.835298
5.792000,X_return,4.156632,-16.827470
5.793000,X_return,4.151172,-16.819641
5.794000,X_return,4.145712,-16.811813
5.795000,X_return,4.140252,-16.803984
5.796000,X_return,4.134792,-16.796156
5.797000,X_return,4.129332,-16.788327
5.798000,X_return,4.123872,-16.393250
5.799000,X_return,4.118412,-15.706098
5.800000,X_return,4.112952,-15.018946
5.801000,X_return,4.107492,-14.331794
5.802000,X_return,4.102032,-13.644642
5.803000,X_return,4.096572,-12.957490
5.804000,X_return,4.091112,-12.270338
5.805000,X_return,4.085652,-11.586206
5.806000,X_return,4.080192,-11.162334
5.807000,X_return,4.074732,-10.738462
5.808000,X_return,4.069272,-10.314591
5.809000,X_return,4.063812,-9.890719
5.810000,X_return,4.058352,-9.466847
5.811000,X_return,4.052892,-9.042976
5.812000,X_return,4.047432,-8.619104
5.813000,X_return,4.041972,-8.768990
5.814000,X_return,4.036512,-9.611992
5.815000,X_return,4.031052,-10.454994
5.816000,X_return,4.025592,-11.297996
5.817000,X_return,4.020132,-12.140998
5.818000,X_return,4.014672,-12.984000
5.819000,X_return,4.009212,-13.827001
5.820000,X_return,4.003752,-14.670003
5.821000,X_return,3.998292,-15.089087
5.822000,X_return,3.992832,-15.458073
5.823000,X_return,3.987372,-15.827060
5.824000,X_return,3.981912,-16.196047
5.825000,X_return,3.976452,-16.565034
5.826000,X_return,3.970992,-16.934020
5.827000,X_return,3.965532,-17.303007
5.828000,X_return,3.960072,-17.137706
5.829000,X_return,3.954612,-15.915297
5.830000,X_return,3.949152,-14.692888
5.831000,X_return,3.943692,-13.470479
5.832000,X_return,3.938232,-12.248070
5.833000,X_return,3.932772,-11.025661
5.834000,X_return,3.927312,-9.803252
5.835000,X_return,3.921852,-8.580843
5.836000,X_return,3.916392,-8.614696
5.837000,X_return,3.910932,-9.008772
5.838000,X_return,3.905472,-9.402849
5.839000,X_return,3.900012,-9.796925
5.840000,X_return,3.894552,-10.191002
5.841000,X_return,3.889092,-10.585078
5.842000,X_return,3.883632,-10.979154
5.843000,X_return,3.878172,-11.435768
5.844000,X_return,3.872712,-12.115956
5.845000,X_return,3.867252,-12.796144
5.846000,X_return,3.861792,-13.476332
5.847000,X_return,3.856332,-14.156519
5.848000,X_return,3.850872,-14.836707
5.849000,X_return,3.845412,-15.516895
5.850000,X_return,3.839952,-16.197083
5.851000,X_return,3.834492,-16.050276
5.852000,X_return,3.829032,-15.477440
5.853000,X_return,3.823572,-14.904603
5.854000,X_return,3.818112,-14.331767
5.855000,X_return,3.812652,-13.758931
5.856000,X_return,3.807192,-13.186094
5.857000,X_return,3.801732,-12.613258
5.858000,X_return,3.796272,-12.045694
5.859000,X_return,3.790812,-11.524845
5.860000,X_return,3.785352,-11.003996
5.861000,X_return,3.779892,-10.483147
5.862000,X_return,3.774432,-9.962298
5.863000,X_return,3.768972,-9.441448
5.864000,X_return,3.763512,-8.920599
5.865000,X_return,3.758052,-8.399750
5.866000,X_return,3.752592,-9.000998
5.867000,X_return,3.747132,-10.547229
5.868000,X_return,3.741672,-12.093460
5.869000,X_return,3.736212,-13.639692
5.870000,X_return,3.730752,-15.185923
5.871000,X_return,3.725292,-16.732154
5.872000,X_return,3.719832,-18.278386
5.873000,X_return,3.714372,-19.824617
5.874000,X_return,3.708912,-20.789746
5.875000,X_return,3.703452,-21.745583
5.876000,X_return,3.697992,-22.701420
5.877000,X_return,3.692532,-23.657258
5.878000,X_return,3.687072,-24.613095
5.879000,X_return,3.681612,-25.568932
5.880000,X_return,3.676152,-26.524770
5.881000,X_return,3.670692,-26.886186
5.882000,X_return,3.665232,-26.445632
5.883000,X_return,3.659772,-26.005078
5.884000,X_return,3.654312,-25.564523
5.885000,X_return,3.648852,-25.123969
5.886000,X_return,3.643392,-24.683415
5.887000,X_return,3.637932,-24.242861
5.888000,X_return,3.632472,-23.802307
5.889000,X_return,3.627012,-24.690350
5.890000,X_return,3.621552,-25.782018
5.891000,X_return,3.616092,-26.873686
5.892000,X_return,3.610632,-27.965355
5.893000,X_return,3.605172,-29.057023
5.894000,X_return,3.599712,-30.148691
5.895000,X_return,3.594252,-31.240359
5.896000,X_return,3.588792,-32.220519
5.897000,X_return,3.583332,-32.950766
5.898000,X_return,3.577872,-33.681012
5.899000,X_return,3.572412,-34.411259
5.900000,X_return,3.566952,-35.141506
5.901000,X_return,3.561492,-35.871752
5.902000,X_return,3.556032,-36.601999
5.903000,X_return,3.550572,-37.332245
5.904000,X_return,3.545112,-36.844417
5.905000,X_return,3.539652,-35.950449
5.906000,X_return,3.534192,-35.056482
5.907000,X_return,3.528732,-34.162514
5.908000,X_return,3.523272,-33.268547
5.909000,X_return,3.517812,-32.374579
5.910000,X_return,3.512352,-31.480611
5.911000,X_return,3.506892,-30.367767
5.912000,X_return,3.501432,-28.330056
5.913000,X_return,3.495972,-26.292344
5.914000,X_return,3.490512,-24.254632
5.915000,X_return,3.485052,-22.216921
5.916000,X_return,3.479592,-20.179209
5.917000,X_return,3.474132,-18.141498
5.918000,X_return,3.468672,-16.103786
5.919000,X_return,3.463212,-15.040205
5.920000,X_return,3.457752,-14.541915
5.921000,X_return,3.452292,-14.043626
5.922000,X_return,3.446832,-13.545337
5.923000,X_return,3.441372,-13.047047
5.924000,X_return,3.435912,-12.548758
5.925000,X_return,3.430452,-12.050468
5.926000,X_return,3.425194,-11.507594
5.927000,X_return,3.422464,-10.408516
5.928000,X_return,3.419734,-9.309439
5.929000,X_return,3.417004,-8.210361
5.930000,X_return,3.414274,-7.111284
5.931000,X_return,3.411544,-6.012206
5.932000,X_return,3.408814,-4.913128
5.933000,X_return,3.406084,-3.814051
5.934000,X_return,3.403354,-2.714973
5.935000,X_return,3.400624,-1.615896
5.936000,X_return,3.397894,-0.516818
5.937000,X_return,3.395164,0.582260
5.938000,X_return,3.392434,1.681337
5.939000,X_return,3.389704,2.780415
5.940000,X_return,3.386974,3.879492
5.941000,X_return,3.384244,4.978570
5.942000,X_return,3.378901,5.408323
5.943000,X_return,3.373441,5.808042
5.944000,X_return,3.367981,6.207760
5.945000,X_return,3.362521,6.607478
5.946000,X_return,3.357061,7.007196
5.947000,X_return,3.351601,7.406914
5.948000,X_return,3.346141,7.806633
5.949000,X_return,3.340681,7.517285
5.950000,X_return,3.335221,6.187744
5.951000,X_return,3.329761,4.858203
5.952000,X_return,3.324301,3.528662
5.953000,X_return,3.318841,2.199121
5.954000,X_return,3.313381,0.869580
5.955000,X_return,3.307921,-0.459961
5.956000,X_return,3.302461,-1.789502
5.957000,X_return,3.297001,-2.159133
5.958000,X_return,3.291541,-2.345781
5.959000,X_return,3.286081,-2.532429
5.960000,X_return,3.280621,-2.719077
5.961000,X_return,3.275161,-2.905725
5.962000,X_return,3.269701,-3.092373
5.963000,X_return,3.264241,-3.279021
5.964000,X_return,3.258781,-3.330620
5.965000,X_return,3.253321,-3.037204
5.966000,X_return,3.247861,-2.743788
5.967000,X_return,3.242401,-2.450372
5.968000,X_return,3.236941,-2.156956
5.969000,X_return,3.231481,-1.863541
5.970000,X_return,3.226021,-1.570125
5.971000,X_return,3.220561,-1.276709
5.972000,X_return,3.215101,-1.494595
5.973000,X_return,3.209641,-1.908629
5.974000,X_return,3.204181,-2.322664
5.975000,X_return,3.198721,-2.736698
5.976000,X_return,3.193261,-3.150733
5.977000,X_return,3.187801,-3.564767
5.978000,X_return,3.182341,-3.978802
5.979000,X_return,3.176881,-4.383487
5.980000,X_return,3.171421,-4.740568
5.981000,X_return,3.165961,-5.097649
5.982000,X_return,3.160501,-5.454730
5.983000,X_return,3.155041,-5.811811
5.984000,X_return,3.149581,-6.168892
5.985000,X_return,3.144121,-6.525973
5.986000,X_return,3.138661,-6.883054
5.987000,X_return,3.133201,-7.439675
5.988000,X_return,3.127741,-8.126259
5.989000,X_return,3.122281,-8.812842
5.990000,X_return,3.116821,-9.499426
5.991000,X_return,3.111361,-10.186009
5.992000,X_return,3.105901,-10.872593
5.993000,X_return,3.100441,-11.559176
5.994000,X_return,3.094981,-12.212299
5.995000,X_return,3.089521,-12.186979
5.996000,X_return,3.084061,-12.161658
5.997000,X_return,3.078601,-12.136338
5.998000,X_return,3.073141,-12.111017
5.999000,X_return,3.067681,-12.085696
6.000000,X_return,3.062221,-12.060376
6.001000,X_return,3.056761,-12.035055
6.002000,X_return,3.051301,-12.069644
6.003000,X_return,3.045841,-12.166984
6.004000,X_return,3.040381,-12.264323
6.005000,X_return,3.034921,-12.361662
6.006000,X_return,3.029461,-12.459002
6.007000,X_return,3.024001,-12.556341
6.008000,X_return,3.018541,-12.653680
6.009000,X_return,3.013081,-12.751019
6.010000,X_return,3.007621,-12.760720
6.011000,X_return,3.002161,-12.763808
6.012000,X_return,2.996701,-12.766896
6.013000,X_return,2.991241,-12.769984
6.014000,X_return,2.985781,-12.773072
6.015000,X_return,2.980321,-12.776161
6.016000,X_return,2.974861,-12.779249
6.017000,X_return,2.969401,-13.035392
6.018000,X_return,2.963941,-13.720082
6.019000,X_return,2.958481,-14.404772
6.020000,X_return,2.953021,-15.089462
6.021000,X_return,2.947561,-15.774152
6.022000,X_return,2.942101,-16.458842
6.023000,X_return,2.936641,-17.143532
6.024000,X_return,2.931181,-17.828222
6.025000,X_return,2.925721,-18.302728
6.026000,X_return,2.920261,-18.728788
6.027000,X_return,2.914801,-19.154849
6.028000,X_return,2.909341,-19.580910
6.029000,X_return,2.903881,-20.006970
6.030000,X_return,2.898421,-20.433031
6.031000,X_return,2.892961,-20.859092
6.032000,X_return,2.888426,-21.302459
6.033000,X_return,2.886606,-21.796626
6.034000,X_return,2.884786,-22.290794
6.035000,X_return,2.882966,-22.784961
6.036000,X_return,2.881146,-23.279129
6.037000,X_return,2.879326,-23.773296
6.038000,X_return,2.877506,-24.267464
6.039000,X_return,2.875686,-24.761631
6.040000,X_return,2.873866,-25.255799
6.041000,X_return,2.872046,-25.749966
6.042000,X_return,2.870226,-26.244134
6.043000,X_return,2.868406,-26.738302
6.044000,X_return,2.866586,-27.232469
6.045000,X_return,2.864766,-27.726637
6.046000,X_return,2.862946,-28.220804
6.047000,X_return,2.861126,-28.714972
6.048000,X_return,2.859306,-29.209139
6.049000,X_return,2.857486,-29.703307
6.050000,X_return,2.855666,-30.197474
6.051000,X_return,2.853846,-30.691642
6.052000,X_return,2.852026,-31.185809
6.053000,X_return,2.850206,-31.679977
6.054000,X_return,2.848386,-32.174144
6.055000,X_return,2.844461,-32.319611
6.056000,X_return,2.839001,-32.210877
6.057000,X_return,2.833541,-32.102142
6.058000,X_return,2.828081,-31.993408
6.059000,X_return,2.822621,-31.884673
6.060000,X_return,2.817161,-31.775939
6.061000,X_return,2.811701,-31.667204
6.062000,X_return,2.806241,-31.537722
6.063000,X_return,2.800781,-30.380681
6.064000,X_return,2.795321,-29.223640
6.065000,X_return,2.789861,-28.066599
6.066000,X_return,2.784401,-26.909558
6.067000,X_return,2.778941,-25.752517
6.068000,X_return,2.773481,-24.595476
6.069000,X_return,2.768021,-23.438435
6.070000,X_return,2.762561,-22.527759
6.071000,X_return,2.757101,-21.904885
6.072000,X_return,2.751641,-21.282010
6.073000,X_return,2.746181,-20.659136
6.074000,X_return,2.740721,-20.036261
6.075000,X_return,2.735261,-19.413387
6.076000,X_return,2.729801,-18.790512
6.077000,X_return,2.724341,-18.167638
6.078000,X_return,2.718881,-18.990734
6.079000,X_return,2.713421,-19.969804
6.080000,X_return,2.707961,-20.948875
6.081000,X_return,2.702501,-21.927945
6.082000,X_return,2.697041,-22.907015
6.083000,X_return,2.691581,-23.886086
6.084000,X_return,2.686121,-24.865156
6.085000,X_return,2.680661,-25.515917
6.086000,X_return,2.675201,-25.540755
6.087000,X_return,2.669741,-25.565593
6.088000,X_return,2.664281,-25.590431
6.089000,X_return,2.658821,-25.615269
6.090000,X_return,2.653361,-25.640107
6.091000,X_return,2.647901,-25.664945
6.092000,X_return,2.642441,-25.689783
6.093000,X_return,2.636981,-24.807839
6.094000,X_return,2.631521,-23.678243
6.095000,X_return,2.626061,-22.548646
6.096000,X_return,2.620601,-21.419050
6.097000,X_return,2.615141,-20.289453
6.098000,X_return,2.609681,-19.159857
6.099000,X_return,2.604221,-18.030260
6.100000,X_return,2.598761,-17.333057
6.101000,X_return,2.593301,-18.109130
6.102000,X_return,2.587841,-18.885203
6.103000,X_return,2.582381,-19.661276
6.104000,X_return,2.576921,-20.437349
6.105000,X_return,2.571461,-21.213422
6.106000,X_return,2.566001,-21.989494
6.107000,X_return,2.560541,-22.765567
6.108000,X_return,2.555081,-23.767738
6.109000,X_return,2.549621,-24.882119
6.110000,X_return,2.544161,-25.996499
6.111000,X_return,2.538701,-27.110880
6.112000,X_return,2.533241,-28.225261
6.113000,X_return,2.527781,-29.339642
6.114000,X_return,2.522321,-30.454022
6.115000,X_return,2.516861,-31.364154
6.116000,X_return,2.511401,-30.617331
6.117000,X_return,2.505941,-29.870509
6.118000,X_return,2.500481,-29.123686
6.119000,X_return,2.495021,-28.376864
6.120000,X_return,2.489561,-27.630041
6.121000,X_return,2.484101,-26.883219
6.122000,X_return,2.478641,-26.136396
6.123000,X_return,2.473181,-25.075230
6.124000,X_return,2.467721,-23.758077
6.125000,X_return,2.462261,-22.440924
6.126000,X_return,2.456801,-21.123772
6.127000,X_return,2.451341,-19.806619
6.128000,X_return,2.445881,-18.489466
6.129000,X_return,2.440421,-17.172313
6.130000,X_return,2.434961,-15.855161
6.131000,X_return,2.429501,-17.222673
6.132000,X_return,2.424041,-18.610247
6.133000,X_return,2.418581,-19.997821
6.134000,X_return,2.413121,-21.385395
6.135000,X_return,2.407661,-22.772970
6.136000,X_return,2.402201,-24.160544
6.137000,X_return,2.396741,-25.548118
6.138000,X_return,2.391281,-26.764176
6.139000,X_return,2.385821,-27.756556
6.140000,X_return,2.380361,-28.748936
6.141000,X_return,2.374901,-29.741316
6.142000,X_return,2.369441,-30.733696
6.143000,X_return,2.363981,-31.726076
6.144000,X_return,2.358521,-32.718456
6.145000,X_return,2.353061,-33.710836
6.146000,X_return,2.347601,-33.220516
6.147000,X_return,2.342141,-32.519206
6.148000,X_return,2.336681,-31.817895
6.149000,X_return,2.331221,-31.116585
6.150000,X_return,2.325761,-30.415274
6.151000,X_return,2.320301,-29.713964
6.152000,X_return,2.314841,-29.012653
6.153000,X_return,2.309381,-28.324792
6.154000,X_return,2.303921,-27.665927
6.155000,X_return,2.298461,-27.007062
6.156000,X_return,2.293001,-26.348197
6.157000,X_return,2.287541,-25.689332
6.158000,X_return,2.282081,-25.030467
6.159000,X_return,2.276621,-24.371603
6.160000,X_return,2.271161,-23.712738
6.161000,X_return,2.265701,-24.390528
6.162000,X_return,2.260241,-25.494438
6.163000,X_return,2.254781,-26.598348
6.164000,X_return,2.249321,-27.702258
6.165000,X_return,2.243861,-28.806167
6.166000,X_return,2.238401,-29.910077
6.167000,X_return,2.232941,-31.013987
6.168000,X_return,2.227481,-31.928128
6.169000,X_return,2.222021,-32.081714
6.170000,X_return,2.216561,-32.235300
6.171000,X_return,2.211101,-32.388886
6.172000,X_return,2.205641,-32.542472
6.173000,X_return,2.200181,-32.696058
6.174000,X_return,2.194721,-32.849644
6.175000,X_return,2.189261,-33.003230
6.176000,X_return,2.183801,-32.188191
6.177000,X_return,2.178341,-30.830919
6.178000,X_return,2.172881,-29.473647
6.179000,X_return,2.167421,-28.116375
6.180000,X_return,2.161961,-26.759104
6.181000,X_return,2.156501,-25.401832
6.182000,X_return,2.151041,-24.044560
6.183000,X_return,2.145581,-22.713056
6.184000,X_return,2.140121,-21.668000
6.185000,X_return,2.134661,-20.622945
6.186000,X_return,2.129201,-19.577890
6.187000,X_return,2.123741,-18.532834
6.188000,X_return,2.118281,-17.487779
6.189000,X_return,2.112821,-16.442723
6.190000,X_return,2.107361,-15.397668
6.191000,X_return,2.101901,-14.914352
6.192000,X_return,2.096441,-14.941417
6.193000,X_return,2.090981,-14.968482
6.194000,X_return,2.085521,-14.995546
6.195000,X_return,2.080061,-15.022611
6.196000,X_return,2.074601,-15.049676
6.197000,X_return,2.069141,-15.076740
6.198000,X_return,2.063681,-15.103805
6.199000,X_return,2.058221,-14.618007
6.200000,X_return,2.052761,-14.113813
6.201000,X_return,2.047301,-13.609620
6.202000,X_return,2.041841,-13.105426
6.203000,X_return,2.036381,-12.601232
6.204000,X_return,2.030921,-12.097039
6.205000,X_return,2.025461,-11.592845
6.206000,X_return,2.020001,-10.993987
6.207000,X_return,2.014541,-10.257085
6.208000,X_return,2.009081,-9.520184
6.209000,X_return,2.003621,-8.783282
6.210000,X_return,1.998161,-8.046380
6.211000,X_return,1.992701,-7.309478
6.212000,X_return,1.987241,-6.572577
6.213000,X_return,1.981781,-5.835675
6.214000,X_return,1.976321,-5.684835
6.215000,X_return,1.970861,-5.638867
6.216000,X_return,1.965401,-5.592900
6.217000,X_return,1.959941,-5.546932
6.218000,X_return,1.954481,-5.500965
6.219000,X_return,1.949021,-5.454997
6.220000,X_return,1.943561,-5.409030
6.221000,X_return,1.938101,-5.590720
6.222000,X_return,1.932641,-6.330760
6.223000,X_return,1.927181,-7.070801
6.224000,X_return,1.921721,-7.810841
6.225000,X_return,1.916261,-8.550882
6.226000,X_return,1.910801,-9.290922
6.227000,X_return,1.905341,-10.030963
6.228000,X_return,1.899881,-10.771003
6.229000,X_return,1.894421,-11.635681
6.230000,X_return,1.888961,-12.546211
6.231000,X_return,1.883501,-13.456741
6.232000,X_return,1.878041,-14.367270
6.233000,X_return,1.872581,-15.277800
6.234000,X_return,1.867121,-16.188330
6.235000,X_return,1.861661,-17.098860
6.236000,X_return,1.856201,-17.926622
6.237000,X_return,1.850741,-18.357287
6.238000,X_return,1.845281,-18.787952
6.239000,X_return,1.839821,-19.218617
6.240000,X_return,1.834361,-19.649282
6.241000,X_return,1.828901,-20.079947
6.242000,X_return,1.823441,-20.510612
6.243000,X_return,1.817981,-20.941277
6.244000,X_return,1.814197,-21.356637
6.245000,X_return,1.811467,-21.762370
6.246000,X_return,1.808737,-22.168104
6.247000,X_return,1.806007,-22.573838
6.248000,X_return,1.803277,-22.979571
6.249000,X_return,1.800547,-23.385305
6.250000,X_return,1.797817,-23.791038
6.251000,X_return,1.795087,-24.196772
6.252000,X_return,1.792357,-24.602506
6.253000,X_return,1.789627,-25.008239
6.254000,X_return,1.786897,-25.413973
6.255000,X_return,1.784167,-25.819706
6.256000,X_return,1.781437,-26.225440
6.257000,X_return,1.778707,-26.631174
6.258000,X_return,1.775977,-27.036907
6.259000,X_return,1.771891,-27.635889
6.260000,X_return,1.766431,-28.430653
6.261000,X_return,1.760971,-29.225418
6.262000,X_return,1.755511,-30.020182
6.263000,X_return,1.750051,-30.814946
6.264000,X_return,1.744591,-31.609710
6.265000,X_return,1.739131,-32.404475
6.266000,X_return,1.733671,-33.199239
6.267000,X_return,1.728211,-33.393574
6.268000,X_return,1.722751,-33.548334
6.269000,X_return,1.717291,-33.703094
6.270000,X_return,1.711831,-33.857853
6.271000,X_return,1.706371,-34.012613
6.272000,X_return,1.700911,-34.167373
6.273000,X_return,1.695451,-34.322133
6.274000,X_return,1.689991,-34.355391
6.275000,X_return,1.684531,-34.190061
6.276000,X_return,1.679071,-34.024731
6.277000,X_return,1.673611,-33.859401
6.278000,X_return,1.668151,-33.694070
6.279000,X_return,1.662691,-33.528740
6.280000,X_return,1.657231,-33.363410
6.281000,X_return,1.651771,-33.198080
6.282000,X_return,1.646311,-33.776331
6.283000,X_return,1.640851,-34.516695
6.284000,X_return,1.635391,-35.257060
6.285000,X_return,1.629931,-35.997424
6.286000,X_return,1.624471,-36.737789
6.287000,X_return,1.619011,-37.478153
6.288000,X_return,1.613551,-38.218518
6.289000,X_return,1.608091,-38.890717
6.290000,X_return,1.602631,-39.371335
6.291000,X_return,1.597171,-39.851953
6.292000,X_return,1.591711,-40.332571
6.293000,X_return,1.586251,-40.813189
6.294000,X_return,1.580791,-41.293807
6.295000,X_return,1.575331,-41.774425
6.296000,X_return,1.569871,-42.255043
6.297000,X_return,1.564411,-42.323518
6.298000,X_return,1.558951,-42.218580
6.299000,X_return,1.553491,-42.113642
6.300000,X_return,1.548031,-42.008704
6.301000,X_return,1.542571,-41.903766
6.302000,X_return,1.537111,-41.798828
6.303000,X_return,1.531651,-41.693891
6.304000,X_return,1.526191,-41.673329
6.305000,X_return,1.520731,-42.149213
6.306000,X_return,1.515271,-42.625097
6.307000,X_return,1.509811,-43.100982
6.308000,X_return,1.504351,-43.576866
6.309000,X_return,1.498891,-44.052750
6.310000,X_return,1.493431,-44.528635
6.311000,X_return,1.487971,-45.004519
6.312000,X_return,1.482511,-45.793992
6.313000,X_return,1.477051,-46.804381
6.314000,X_return,1.471591,-47.814770
6.315000,X_return,1.466131,-48.825159
6.316000,X_return,1.460671,-49.835548
6.317000,X_return,1.455211,-50.845937
6.318000,X_return,1.449751,-51.856326
6.319000,X_return,1.444291,-52.854307
6.320000,X_return,1.438831,-53.423332
6.321000,X_return,1.433371,-53.992356
6.322000,X_return,1.427911,-54.561381
6.323000,X_return,1.422451,-55.130406
6.324000,X_return,1.416991,-55.699430
6.325000,X_return,1.411531,-56.268455
6.326000,X_return,1.406071,-56.837480
6.327000,X_return,1.400611,-56.996236
6.328000,X_return,1.395151,-56.691483
6.329000,X_return,1.389691,-56.386730
6.330000,X_return,1.384231,-56.081977
6.331000,X_return,1.378771,-55.777224
6.332000,X_return,1.373311,-55.472471
6.333000,X_return,1.367851,-55.167718
6.334000,X_return,1.362391,-54.862965
6.335000,X_return,1.356931,-54.949325
6.336000,X_return,1.351471,-55.073915
6.337000,X_return,1.346011,-55.198506
6.338000,X_return,1.340551,-55.323097
6.339000,X_return,1.335091,-55.447687
6.340000,X_return,1.329631,-55.572278
6.341000,X_return,1.324171,-55.696868
6.342000,X_return,1.318711,-56.078153
6.343000,X_return,1.313251,-56.931208
6.344000,X_return,1.307791,-57.784264
6.345000,X_return,1.302331,-58.637320
6.346000,X_return,1.296871,-59.490375
6.347000,X_return,1.291411,-60.343431
6.348000,X_return,1.285951,-61.196487
6.349000,X_return,1.280491,-62.049542
6.350000,X_return,1.277920,-61.991318
6.351000,X_return,1.276100,-61.696373
6.352000,X_return,1.274280,-61.401428
6.353000,X_return,1.272460,-61.106483
6.354000,X_return,1.270640,-60.811538
6.355000,X_return,1.268820,-60.516593
6.356000,X_return,1.267000,-60.221647
6.357000,X_return,1.265180,-59.926702
6.358000,X_return,1.263360,-59.631757
6.359000,X_return,1.261540,-59.336812
6.360000,X_return,1.259720,-59.041867
6.361000,X_return,1.257900,-58.746922
6.362000,X_return,1.256080,-58.451977
6.363000,X_return,1.254260,-58.157032
6.364000,X_return,1.252440,-57.862086
6.365000,X_return,1.250620,-57.567141
6.366000,X_return,1.248800,-57.272196
6.367000,X_return,1.246980,-56.977251
6.368000,X_return,1.245160,-56.682306
6.369000,X_return,1.243340,-56.387361
6.370000,X_return,1.241520,-56.092416
6.371000,X_return,1.239700,-55.797471
6.372000,X_return,1.237451,-55.564067
6.373000,X_return,1.231991,-55.790394
6.374000,X_return,1.226531,-56.016720
6.375000,X_return,1.221071,-56.243046
6.376000,X_return,1.215611,-56.469373
6.377000,X_return,1.210151,-56.695699
6.378000,X_return,1.204691,-56.922025
6.379000,X_return,1.199231,-57.148351
6.380000,X_return,1.193771,-56.239167
6.381000,X_return,1.188311,-54.435918
6.382000,X_return,1.182851,-52.632670
6.383000,X_return,1.177391,-50.829421
6.384000,X_return,1.171931,-49.026172
6.385000,X_return,1.166471,-47.222924
6.386000,X_return,1.161011,-45.419675
6.387000,X_return,1.155551,-43.615232
6.388000,X_return,1.150091,-40.489404
6.389000,X_return,1.144631,-37.363575
6.390000,X_return,1.139171,-34.237747
6.391000,X_return,1.133711,-31.111919
6.392000,X_return,1.128251,-27.986091
6.393000,X_return,1.122791,-24.860262
6.394000,X_return,1.117331,-21.734434
6.395000,X_return,1.111871,-18.758360
6.396000,X_return,1.106411,-15.971092
6.397000,X_return,1.100951,-13.183824
6.398000,X_return,1.095491,-10.396557
6.399000,X_return,1.090031,-7.609289
6.400000,X_return,1.084571,-4.822021
6.401000,X_return,1.079111,-2.034754
6.402000,X_return,1.073651,0.752514
6.403000,X_return,1.068191,0.720720
6.404000,X_return,1.062731,0.318086
6.405000,X_return,1.057271,-0.084548
6.406000,X_return,1.051811,-0.487182
6.407000,X_return,1.046351,-0.889816
6.408000,X_return,1.040891,-1.292451
6.409000,X_return,1.035431,-1.695085
6.410000,X_return,1.029971,-2.142402
6.411000,X_return,1.024511,-2.682453
6.412000,X_return,1.019051,-3.222504
6.413000,X_return,1.013591,-3.762555
6.414000,X_return,1.008131,-4.302606
6.415000,X_return,1.002671,-4.842657
6.416000,X_return,0.997211,-5.382708
6.417000,X_return,0.991751,-5.922759
6.418000,X_return,0.986291,-7.452689
6.419000,X_return,0.980831,-9.284019
6.420000,X_return,0.975371,-11.115349
6.421000,X_return,0.969911,-12.946679
6.422000,X_return,0.964451,-14.778008
6.423000,X_return,0.958991,-16.609338
6.424000,X_return,0.953531,-18.440668
6.425000,X_return,0.948071,-20.312507
6.426000,X_return,0.942611,-22.338582
6.427000,X_return,0.937151,-24.364657
6.428000,X_return,0.931691,-26.390732
6.429000,X_return,0.926231,-28.416807
6.430000,X_return,0.920771,-30.442883
6.431000,X_return,0.915311,-32.468958
6.432000,X_return,0.909851,-34.495033
6.433000,X_return,0.904391,-35.639288
6.434000,X_return,0.898931,-36.307528
6.435000,X_return,0.893471,-36.975768
6.436000,X_return,0.888011,-37.644007
6.437000,X_return,0.882551,-38.312247
6.438000,X_return,0.877091,-38.980487
6.439000,X_return,0.871631,-39.648726
6.440000,X_return,0.866171,-40.033629
6.441000,X_return,0.860711,-37.583190
6.442000,X_return,0.855251,-35.132751
6.443000,X_return,0.849791,-32.682311
6.444000,X_return,0.844331,-30.231872
6.445000,X_return,0.838871,-27.781433
6.446000,X_return,0.833411,-25.330994
6.447000,X_return,0.827951,-22.880554
6.448000,X_return,0.822491,-20.248355
6.449000,X_return,0.817031,-17.456436
6.450000,X_return,0.811571,-14.664517
6.451000,X_return,0.806111,-11.872598
6.452000,X_return,0.800651,-9.080679
6.453000,X_return,0.795191,-6.288760
6.454000,X_return,0.789731,-3.496841
6.455000,X_return,0.784271,-0.704922
6.456000,X_return,0.778811,-0.619992
6.457000,X_return,0.773351,-0.608197
6.458000,X_return,0.767891,-0.596401
6.459000,X_return,0.762431,-0.584605
6.460000,X_return,0.756971,-0.572810
6.461000,X_return,0.751511,-0.561014
6.462000,X_return,0.746051,-0.549218
6.463000,X_return,0.740591,-0.754240
6.464000,X_return,0.735131,-1.264753
6.465000,X_return,0.729671,-1.775265
6.466000,X_return,0.724211,-2.285777
6.467000,X_return,0.718751,-2.796289
6.468000,X_return,0.713291,-3.306801
6.469000,X_return,0.707831,-3.817314
6.470000,X_return,0.702371,-4.327826
6.471000,X_return,0.696911,-5.359087
6.472000,X_return,0.691451,-6.477570
6.473000,X_return,0.685991,-7.596053
6.474000,X_return,0.680531,-8.714536
6.475000,X_return,0.675071,-9.833019
6.476000,X_return,0.669611,-10.951502
6.477000,X_return,0.664151,-12.069985
6.478000,X_return,0.658691,-13.239730
6.479000,X_return,0.653231,-14.530255
6.480000,X_return,0.647771,-15.820781
6.481000,X_return,0.642311,-17.111307
6.482000,X_return,0.636851,-18.401833
6.483000,X_return,0.631391,-19.692358
6.484000,X_return,0.625931,-20.982884
6.485000,X_return,0.620471,-22.273410
6.486000,X_return,0.615011,-22.782356
6.487000,X_return,0.609551,-23.015806
6.488000,X_return,0.604091,-23.249256
6.489000,X_return,0.598631,-23.482706
6.490000,X_return,0.593171,-23.716156
6.491000,X_return,0.587711,-23.949606
6.492000,X_return,0.582251,-24.183056
6.493000,X_return,0.576791,-23.910906
6.494000,X_return,0.571331,-21.347894
6.495000,X_return,0.565871,-18.784882
6.496000,X_return,0.560411,-16.221870
6.497000,X_return,0.554951,-13.658858
6.498000,X_return,0.549491,-11.095846
6.499000,X_return,0.544031,-8.532835
6.500000,X_return,0.538571,-5.969823
6.501000,X_return,0.533111,-3.917867
6.502000,X_return,0.527651,-2.176196
6.503000,X_return,0.522191,-0.434526
6.504000,X_return,0.516731,1.307145
6.505000,X_return,0.511271,3.048815
6.506000,X_return,0.505811,4.790486
6.507000,X_return,0.500351,6.532157
6.508000,X_return,0.494891,8.137883
6.509000,X_return,0.489431,7.743487
6.510000,X_return,0.483971,7.349092
6.511000,X_return,0.478511,6.954696
6.512000,X_return,0.473051,6.560301
6.513000,X_return,0.467591,6.165905
6.514000,X_return,0.462131,5.771509
6.515000,X_return,0.456671,5.377114
6.516000,X_return,0.451211,4.980472
6.517000,X_return,0.445751,4.581628
6.518000,X_return,0.440291,4.182785
6.519000,X_return,0.434831,3.783941
6.520000,X_return,0.429371,3.385097
6.521000,X_return,0.423911,2.986254
6.522000,X_return,0.418451,2.587410
6.523000,X_return,0.412991,2.188567
6.524000,X_return,0.407531,1.926784
6.525000,X_return,0.402071,1.672750
6.526000,X_return,0.396611,1.418717
6.527000,X_return,0.391151,1.164683
6.528000,X_return,0.385691,0.910650
6.529000,X_return,0.380231,0.656616
6.530000,X_return,0.374771,0.402583
6.531000,X_return,0.369311,-0.309686
6.532000,X_return,0.363851,-1.745026
6.533000,X_return,0.358391,-3.180367
6.534000,X_return,0.352931,-4.615707
6.535000,X_return,0.347471,-6.051047
6.536000,X_return,0.342011,-7.486387
6.537000,X_return,0.336551,-8.921727
6.538000,X_return,0.331091,-10.357067
6.539000,X_return,0.325631,-11.504984
6.540000,X_return,0.320171,-12.593750
6.541000,X_return,0.314711,-13.682516
6.542000,X_return,0.309251,-14.771282
6.543000,X_return,0.303791,-15.860048
6.544000,X_return,0.298331,-16.948814
6.545000,X_return,0.292871,-18.037580
6.546000,X_return,0.287411,-18.457949
6.547000,X_return,0.281951,-17.078011
6.548000,X_return,0.276491,-15.698073
6.549000,X_return,0.271031,-14.318135
6.550000,X_return,0.265571,-12.938197
6.551000,X_return,0.260111,-11.558260
6.552000,X_return,0.254651,-10.178322
6.553000,X_return,0.249191,-8.798384
6.554000,X_return,0.243731,-7.314977
6.555000,X_return,0.238271,-5.789752
6.556000,X_return,0.232811,-4.264526
6.557000,X_return,0.227351,-2.739301
6.558000,X_return,0.221891,-1.214075
6.559000,X_return,0.216431,0.311150
6.560000,X_return,0.210971,1.836375
6.561000,X_return,0.205930,2.899782
6.562000,X_return,0.203200,1.418193
6.563000,X_return,0.200470,-0.063397
6.564000,X_return,0.197740,-1.544987
6.565000,X_return,0.195010,-3.026576
6.566000,X_return,0.192280,-4.508166
6.567000,X_return,0.189550,-5.989756
6.568000,X_return,0.186820,-7.471346
6.569000,X_return,0.184090,-8.952935
6.570000,X_return,0.181360,-10.434525
6.571000,X_return,0.178630,-11.916115
6.572000,X_return,0.175900,-13.397704
6.573000,X_return,0.173170,-14.879294
6.574000,X_return,0.170440,-16.360884
6.575000,X_return,0.167710,-17.842474
6.576000,X_return,0.164880,-19.298078
6.577000,X_return,0.159420,-20.066440
6.578000,X_return,0.153960,-20.834803
6.579000,X_return,0.148500,-21.603165
6.580000,X_return,0.143040,-22.371527
6.581000,X_return,0.137580,-23.139889
6.582000,X_return,0.132120,-23.908251
6.583000,X_return,0.126660,-24.676613
6.584000,X_return,0.121200,-25.439981
6.585000,X_return,0.115740,-26.197891
6.586000,X_return,0.110280,-26.955802
6.587000,X_return,0.104820,-27.713712
6.588000,X_return,0.099360,-28.471623
6.589000,X_return,0.093900,-29.229534
6.590000,X_return,0.088440,-29.987444
6.591000,X_return,0.082980,-30.745355
6.592000,X_return,0.077520,-31.182215
6.593000,X_return,0.072060,-31.590883
6.594000,X_return,0.066600,-31.999551
6.595000,X_return,0.061140,-32.408218
6.596000,X_return,0.055680,-32.816886
6.597000,X_return,0.050220,-33.225554
6.598000,X_return,0.044760,-33.634221
6.599000,X_return,0.039300,-33.497033
6.600000,X_return,0.033840,-32.392360
6.601000,X_return,0.028380,-31.287687
6.602000,X_return,0.022920,-30.183014
6.603000,X_return,0.017460,-29.078341
6.604000,X_return,0.012000,-27.973669
6.605000,X_return,0.006540,-26.868996
6.606000,X_return,0.001080,-25.764323
6.607000,X_return,0.000000,-23.819019
6.608000,X_return,0.000000,-21.666331
6.609000,X_return,0.000000,-19.513643
6.610000,X_return,0.000000,-17.360955
6.611000,X_return,0.000000,-15.208267
6.612000,X_return,0.000000,-13.055578
6.613000,X_return,0.000000,-10.902890
6.614000,post_stop,0.000000,-9.076864
6.615000,post_stop,0.000000,-8.265488
6.616000,post_stop,0.000000,-7.454113
6.617000,post_stop,0.000000,-6.642737
6.618000,post_stop,0.000000,-5.831362
6.619000,post_stop,0.000000,-5.019986
6.620000,post_stop,0.000000,-4.208611
6.621000,post_stop,0.000000,-3.397235
6.622000,post_stop,0.000000,-3.173737
6.623000,post_stop,0.000000,-3.220627
6.624000,post_stop,0.000000,-3.267517
6.625000,post_stop,0.000000,-3.314406
6.626000,post_stop,0.000000,-3.361296
6.627000,post_stop,0.000000,-3.408186
6.628000,post_stop,0.000000,-3.455076
6.629000,post_stop,0.000000,-3.639077
6.630000,post_stop,0.000000,-4.770868
6.631000,post_stop,0.000000,-5.902660
6.632000,post_stop,0.000000,-7.034452
6.633000,post_stop,0.000000,-8.166243
6.634000,post_stop,0.000000,-9.298035
6.635000,post_stop,0.000000,-10.429826
6.636000,post_stop,0.000000,-11.561618
6.637000,post_stop,0.000000,-12.054227
6.638000,post_stop,0.000000,-12.060305
6.639000,post_stop,0.000000,-12.066383
6.640000,post_stop,0.000000,-12.072461
6.641000,post_stop,0.000000,-12.078539
6.642000,post_stop,0.000000,-12.084618
6.643000,post_stop,0.000000,-12.090696
6.644000,post_stop,0.000000,-12.091158
6.645000,post_stop,0.000000,-11.488404
6.646000,post_stop,0.000000,-10.885650
6.647000,post_stop,0.000000,-10.282896
6.648000,post_stop,0.000000,-9.680141
6.649000,post_stop,0.000000,-9.077387
6.650000,post_stop,0.000000,-8.474633
6.651000,post_stop,0.000000,-7.871879
6.652000,post_stop,0.000000,-7.164437
6.653000,post_stop,0.000000,-6.329376
6.654000,post_stop,0.000000,-5.494315
6.655000,post_stop,0.000000,-4.659255
6.656000,post_stop,0.000000,-3.824194
6.657000,post_stop,0.000000,-2.989133
6.658000,post_stop,0.000000,-2.154072
6.659000,post_stop,0.000000,-1.319011
6.660000,post_stop,0.000000,-1.244734
6.661000,post_stop,0.000000,-1.262507
6.662000,post_stop,0.000000,-1.280280
6.663000,post_stop,0.000000,-1.298052
6.664000,post_stop,0.000000,-1.315825
6.665000,post_stop,0.000000,-1.333598
6.666000,post_stop,0.000000,-1.351370
6.667000,post_stop,0.000000,-1.421933
6.668000,post_stop,0.000000,-1.598003
6.669000,post_stop,0.000000,-1.774074
6.670000,post_stop,0.000000,-1.950144
6.671000,post_stop,0.000000,-2.126214
6.672000,post_stop,0.000000,-2.302284
6.673000,post_stop,0.000000,-2.478354
6.674000,post_stop,0.000000,-2.654424
6.675000,post_stop,0.000000,-3.164847
6.676000,post_stop,0.000000,-3.772390
6.677000,post_stop,0.000000,-4.379933
6.678000,post_stop,0.000000,-4.987476
6.679000,post_stop,0.000000,-5.595019
6.680000,post_stop,0.000000,-6.202562
6.681000,post_stop,0.000000,-6.810105
6.682000,post_stop,0.000000,-7.473471
6.683000,post_stop,0.000000,-8.339060
6.684000,post_stop,0.000000,-9.204649
6.685000,post_stop,0.000000,-10.070238
6.686000,post_stop,0.000000,-10.935827
6.687000,post_stop,0.000000,-11.801416
6.688000,post_stop,0.000000,-12.667004
6.689000,post_stop,0.000000,-13.532593
6.690000,post_stop,0.000000,-13.942669
6.691000,post_stop,0.000000,-14.115727
6.692000,post_stop,0.000000,-14.288784
6.693000,post_stop,0.000000,-14.461841
6.694000,post_stop,0.000000,-14.634899
6.695000,post_stop,0.000000,-14.807956
6.696000,post_stop,0.000000,-14.981014
6.697000,post_stop,0.000000,-15.040318
6.698000,post_stop,0.000000,-14.066348
6.699000,post_stop,0.000000,-13.092378
6.700000,post_stop,0.000000,-12.118408
6.701000,post_stop,0.000000,-11.144438
6.702000,post_stop,0.000000,-10.170468
6.703000,post_stop,0.000000,-9.196498
6.704000,post_stop,0.000000,-8.222528
6.705000,post_stop,0.000000,-7.093674
6.706000,post_stop,0.000000,-5.833195
6.707000,post_stop,0.000000,-4.572717
6.708000,post_stop,0.000000,-3.312239
6.709000,post_stop,0.000000,-2.051761
6.710000,post_stop,0.000000,-0.791283
6.711000,post_stop,0.000000,0.469195
6.712000,post_stop,0.000000,1.729673
6.713000,post_stop,0.000000,1.971623
6.714000,post_stop,0.000000,2.194919
6.715000,post_stop,0.000000,2.418215
6.716000,post_stop,0.000000,2.641511
6.717000,post_stop,0.000000,2.864807
6.718000,post_stop,0.000000,3.088103
6.719000,post_stop,0.000000,3.311399
6.720000,post_stop,0.000000,3.149167
6.721000,post_stop,0.000000,2.461987
6.722000,post_stop,0.000000,1.774806
6.723000,post_stop,0.000000,1.087625
6.724000,post_stop,0.000000,0.400445
6.725000,post_stop,0.000000,-0.286736
6.726000,post_stop,0.000000,-0.973917
6.727000,post_stop,0.000000,-1.661097
6.728000,post_stop,0.000000,-2.712101
6.729000,post_stop,0.000000,-3.819956
6.730000,post_stop,0.000000,-4.927810
6.731000,post_stop,0.000000,-6.035665
6.732000,post_stop,0.000000,-7.143520
6.733000,post_stop,0.000000,-8.251375
6.734000,post_stop,0.000000,-9.359230
6.735000,post_stop,0.000000,-10.210707
6.736000,post_stop,0.000000,-10.481487
6.737000,post_stop,0.000000,-10.752268
6.738000,post_stop,0.000000,-11.023048
6.739000,post_stop,0.000000,-11.293828
6.740000,post_stop,0.000000,-11.564608
6.741000,post_stop,0.000000,-11.835389
6.742000,post_stop,0.000000,-12.106169
6.743000,post_stop,0.000000,-12.117644
6.744000,post_stop,0.000000,-12.041620
6.745000,post_stop,0.000000,-11.965596
6.746000,post_stop,0.000000,-11.889572
6.747000,post_stop,0.000000,-11.813548
6.748000,post_stop,0.000000,-11.737524
6.749000,post_stop,0.000000,-11.661500
6.750000,post_stop,0.000000,-11.429140
6.751000,post_stop,0.000000,-10.526466
6.752000,post_stop,0.000000,-9.623792
6.753000,post_stop,0.000000,-8.721119
6.754000,post_stop,0.000000,-7.818445
6.755000,post_stop,0.000000,-6.915771
6.756000,post_stop,0.000000,-6.013098
6.757000,post_stop,0.000000,-5.110424
6.758000,post_stop,0.000000,-4.529251
6.759000,post_stop,0.000000,-4.136458
6.760000,post_stop,0.000000,-3.743665
6.761000,post_stop,0.000000,-3.350873
6.762000,post_stop,0.000000,-2.958080
6.763000,post_stop,0.000000,-2.565287
6.764000,post_stop,0.000000,-2.172494
6.765000,post_stop,0.000000,-1.788742
6.766000,post_stop,0.000000,-1.521591
6.767000,post_stop,0.000000,-1.254439
6.768000,post_stop,0.000000,-0.987287
6.769000,post_stop,0.000000,-0.720135
6.770000,post_stop,0.000000,-0.452983
6.771000,post_stop,0.000000,-0.185831
6.772000,post_stop,0.000000,0.081321
6.773000,post_stop,0.000000,-0.083745
6.774000,post_stop,0.000000,-0.658494
6.775000,post_stop,0.000000,-1.233243
6.776000,post_stop,0.000000,-1.807991
6.777000,post_stop,0.000000,-2.382740
6.778000,post_stop,0.000000,-2.957488
6.779000,post_stop,0.000000,-3.532237
6.780000,post_stop,0.000000,-4.106986
6.781000,post_stop,0.000000,-4.681734
6.782000,post_stop,0.000000,-5.256483
6.783000,post_stop,0.000000,-5.831232
6.784000,post_stop,0.000000,-6.405980
6.785000,post_stop,0.000000,-6.980729
6.786000,post_stop,0.000000,-7.555477
6.787000,post_stop,0.000000,-8.130226
6.788000,post_stop,0.000000,-8.712755
6.789000,post_stop,0.000000,-9.307140
6.790000,post_stop,0.000000,-9.901525
6.791000,post_stop,0.000000,-10.495910
6.792000,post_stop,0.000000,-11.090295
6.793000,post_stop,0.000000,-11.684680
6.794000,post_stop,0.000000,-12.279065
6.795000,post_stop,0.000000,-12.873450
6.796000,post_stop,0.000000,-12.532505
6.797000,post_stop,0.000000,-12.010273
6.798000,post_stop,0.000000,-11.488042
6.799000,post_stop,0.000000,-10.965811
6.800000,post_stop,0.000000,-10.443579
6.801000,post_stop,0.000000,-9.921348
6.802000,post_stop,0.000000,-9.399117
6.803000,post_stop,0.000000,-8.733127
6.804000,post_stop,0.000000,-7.695757
6.805000,post_stop,0.000000,-6.658388
6.806000,post_stop,0.000000,-5.621018
6.807000,post_stop,0.000000,-4.583649
6.808000,post_stop,0.000000,-3.546280
6.809000,post_stop,0.000000,-2.508910
6.810000,post_stop,0.000000,-1.471541
6.811000,post_stop,0.000000,-0.758375
6.812000,post_stop,0.000000,-0.170981
6.813000,post_stop,0.000000,0.416412
6.814000,post_stop,0.000000,1.003805
6.815000,post_stop,0.000000,1.591198
6.816000,post_stop,0.000000,2.178591
6.817000,post_stop,0.000000,2.765984
6.818000,post_stop,0.000000,3.176763
6.819000,post_stop,0.000000,2.673343
6.820000,post_stop,0.000000,2.169924
6.821000,post_stop,0.000000,1.666504
6.822000,post_stop,0.000000,1.163085
6.823000,post_stop,0.000000,0.659665
6.824000,post_stop,0.000000,0.156246
6.825000,post_stop,0.000000,-0.347174
6.826000,post_stop,0.000000,-0.933449
6.827000,post_stop,0.000000,-1.574199
6.828000,post_stop,0.000000,-2.214948
6.829000,post_stop,0.000000,-2.855698
6.830000,post_stop,0.000000,-3.496447
6.831000,post_stop,0.000000,-4.137197
6.832000,post_stop,0.000000,-4.777946
6.833000,post_stop,0.000000,-5.408824
6.834000,post_stop,0.000000,-5.828984
6.835000,post_stop,0.000000,-6.249144
6.836000,post_stop,0.000000,-6.669304
6.837000,post_stop,0.000000,-7.089464
6.838000,post_stop,0.000000,-7.509624
6.839000,post_stop,0.000000,-7.929784
6.840000,post_stop,0.000000,-8.349944
6.841000,post_stop,0.000000,-8.671623
6.842000,post_stop,0.000000,-8.889221
6.843000,post_stop,0.000000,-9.106818
6.844000,post_stop,0.000000,-9.324415
6.845000,post_stop,0.000000,-9.542012
6.846000,post_stop,0.000000,-9.759610
6.847000,post_stop,0.000000,-9.977207
6.848000,post_stop,0.000000,-10.194804
6.849000,post_stop,0.000000,-10.135813
6.850000,post_stop,0.000000,-10.055232
6.851000,post_stop,0.000000,-9.974651
6.852000,post_stop,0.000000,-9.894070
6.853000,post_stop,0.000000,-9.813490
6.854000,post_stop,0.000000,-9.732909
6.855000,post_stop,0.000000,-9.652328
6.856000,post_stop,0.000000,-9.443773
6.857000,post_stop,0.000000,-9.016393
6.858000,post_stop,0.000000,-8.589014
6.859000,post_stop,0.000000,-8.161634
6.860000,post_stop,0.000000,-7.734254
6.861000,post_stop,0.000000,-7.306875
6.862000,post_stop,0.000000,-6.879495
6.863000,post_stop,0.000000,-6.452116
6.864000,post_stop,0.000000,-6.091303
6.865000,post_stop,0.000000,-5.746060
6.866000,post_stop,0.000000,-5.400817
6.867000,post_stop,0.000000,-5.055574
6.868000,post_stop,0.000000,-4.710331
6.869000,post_stop,0.000000,-4.365088
6.870000,post_stop,0.000000,-4.019845
6.871000,post_stop,0.000000,-3.786319
6.872000,post_stop,0.000000,-3.884646
6.873000,post_stop,0.000000,-3.982973
6.874000,post_stop,0.000000,-4.081300
6.875000,post_stop,0.000000,-4.179627
6.876000,post_stop,0.000000,-4.277954
6.877000,post_stop,0.000000,-4.376280
6.878000,post_stop,0.000000,-4.474607
6.879000,post_stop,0.000000,-4.782423
6.880000,post_stop,0.000000,-5.182921
6.881000,post_stop,0.000000,-5.583419
6.882000,post_stop,0.000000,-5.983917
6.883000,post_stop,0.000000,-6.384415
6.884000,post_stop,0.000000,-6.784912
6.885000,post_stop,0.000000,-7.185410
6.886000,post_stop,0.000000,-7.601441
6.887000,post_stop,0.000000,-8.117251
6.888000,post_stop,0.000000,-8.633061
6.889000,post_stop,0.000000,-9.148872
6.890000,post_stop,0.000000,-9.664682
6.891000,post_stop,0.000000,-10.180493
6.892000,post_stop,0.000000,-10.696303
6.893000,post_stop,0.000000,-11.212114
6.894000,post_stop,0.000000,-11.145446
6.895000,post_stop,0.000000,-10.650225
6.896000,post_stop,0.000000,-10.155004
6.897000,post_stop,0.000000,-9.659783
6.898000,post_stop,0.000000,-9.164563
6.899000,post_stop,0.000000,-8.669342
6.900000,post_stop,0.000000,-8.174121
6.901000,post_stop,0.000000,-7.680363
6.902000,post_stop,0.000000,-7.268492
6.903000,post_stop,0.000000,-6.856621
6.904000,post_stop,0.000000,-6.444750
6.905000,post_stop,0.000000,-6.032880
6.906000,post_stop,0.000000,-5.621009
6.907000,post_stop,0.000000,-5.209138
6.908000,post_stop,0.000000,-4.797268
6.909000,post_stop,0.000000,-4.530449
6.910000,post_stop,0.000000,-4.434619
6.911000,post_stop,0.000000,-4.338788
6.912000,post_stop,0.000000,-4.242958
6.913000,post_stop,0.000000,-4.147128
6.914000,post_stop,0.000000,-4.051298
6.915000,post_stop,0.000000,-3.955468
6.916000,post_stop,0.000000,-3.859638
6.917000,post_stop,0.000000,-4.355587
6.918000,post_stop,0.000000,-4.917007
6.919000,post_stop,0.000000,-5.478426
6.920000,post_stop,0.000000,-6.039846
6.921000,post_stop,0.000000,-6.601266
6.922000,post_stop,0.000000,-7.162686
6.923000,post_stop,0.000000,-7.724105
6.924000,post_stop,0.000000,-8.147632
6.925000,post_stop,0.000000,-8.305630
6.926000,post_stop,0.000000,-8.463627
6.927000,post_stop,0.000000,-8.621625
6.928000,post_stop,0.000000,-8.779622
6.929000,post_stop,0.000000,-8.937619
6.930000,post_stop,0.000000,-9.095617
6.931000,post_stop,0.000000,-9.253614
6.932000,post_stop,0.000000,-9.468805
6.933000,post_stop,0.000000,-9.699826
6.934000,post_stop,0.000000,-9.930846
6.935000,post_stop,0.000000,-10.161867
6.936000,post_stop,0.000000,-10.392887
6.937000,post_stop,0.000000,-10.623908
6.938000,post_stop,0.000000,-10.854928
6.939000,post_stop,0.000000,-10.937594
6.940000,post_stop,0.000000,-10.508230
6.941000,post_stop,0.000000,-10.078866
6.942000,post_stop,0.000000,-9.649502
6.943000,post_stop,0.000000,-9.220138
6.944000,post_stop,0.000000,-8.790774
6.945000,post_stop,0.000000,-8.361410
6.946000,post_stop,0.000000,-7.932046
6.947000,post_stop,0.000000,-7.469879
6.948000,post_stop,0.000000,-6.991265
6.949000,post_stop,0.000000,-6.512652
6.950000,post_stop,0.000000,-6.034038
6.951000,post_stop,0.000000,-5.555425
6.952000,post_stop,0.000000,-5.076812
6.953000,post_stop,0.000000,-4.598198
6.954000,post_stop,0.000000,-4.111727
6.955000,post_stop,0.000000,-3.560009
6.956000,post_stop,0.000000,-3.008292
6.957000,post_stop,0.000000,-2.456574
6.958000,post_stop,0.000000,-1.904856
6.959000,post_stop,0.000000,-1.353139
6.960000,post_stop,0.000000,-0.801421
6.961000,post_stop,0.000000,-0.249703
6.962000,post_stop,0.000000,0.215975
6.963000,post_stop,0.000000,0.610947
6.964000,post_stop,0.000000,1.005920
6.965000,post_stop,0.000000,1.400892
6.966000,post_stop,0.000000,1.795865
6.967000,post_stop,0.000000,2.190837
6.968000,post_stop,0.000000,2.585810
6.969000,post_stop,0.000000,2.980783
6.970000,post_stop,0.000000,2.427751
6.971000,post_stop,0.000000,1.865466
6.972000,post_stop,0.000000,1.303182
6.973000,post_stop,0.000000,0.740898
6.974000,post_stop,0.000000,0.178614
6.975000,post_stop,0.000000,-0.383671
6.976000,post_stop,0.000000,-0.945955
6.977000,post_stop,0.000000,-1.612172
6.978000,post_stop,0.000000,-2.415178
6.979000,post_stop,0.000000,-3.218185
6.980000,post_stop,0.000000,-4.021191
6.981000,post_stop,0.000000,-4.824197
6.982000,post_stop,0.000000,-5.627203
6.983000,post_stop,0.000000,-6.430209
6.984000,post_stop,0.000000,-7.233215
6.985000,post_stop,0.000000,-7.521033
6.986000,post_stop,0.000000,-7.734023
6.987000,post_stop,0.000000,-7.947013
6.988000,post_stop,0.000000,-8.160003
6.989000,post_stop,0.000000,-8.372994
6.990000,post_stop,0.000000,-8.585984
6.991000,post_stop,0.000000,-8.798974
6.992000,post_stop,0.000000,-9.011964
6.993000,post_stop,0.000000,-9.224954
6.994000,post_stop,0.000000,-9.437944
6.995000,post_stop,0.000000,-9.650934
6.996000,post_stop,0.000000,-9.863924
6.997000,post_stop,0.000000,-10.076914
6.998000,post_stop,0.000000,-10.289904
6.999000,post_stop,0.000000,-10.502895
7.000000,post_stop,0.000000,-10.086741
7.001000,post_stop,0.000000,-9.467551
7.002000,post_stop,0.000000,-8.848361
7.003000,post_stop,0.000000,-8.229172
7.004000,post_stop,0.000000,-7.609982
7.005000,post_stop,0.000000,-6.990792
7.006000,post_stop,0.000000,-6.371602
7.007000,post_stop,0.000000,-5.737887
7.008000,post_stop,0.000000,-5.045129
7.009000,post_stop,0.000000,-4.352371
7.010000,post_stop,0.000000,-3.659613
7.011000,post_stop,0.000000,-2.966854
7.012000,post_stop,0.000000,-2.274096
7.013000,post_stop,0.000000,-1.581338
7.014000,post_stop,0.000000,-0.888580
7.015000,post_stop,0.000000,-0.458669
7.016000,post_stop,0.000000,-0.177342
7.017000,post_stop,0.000000,0.103985
7.018000,post_stop,0.000000,0.385312
7.019000,post_stop,0.000000,0.666639
7.020000,post_stop,0.000000,0.947966
7.021000,post_stop,0.000000,1.229293
7.022000,post_stop,0.000000,1.483438
7.023000,post_stop,0.000000,1.426182
7.024000,post_stop,0.000000,1.368926
7.025000,post_stop,0.000000,1.311670
7.026000,post_stop,0.000000,1.254414
7.027000,post_stop,0.000000,1.197159
7.028000,post_stop,0.000000,1.139903
7.029000,post_stop,0.000000,1.082647
7.030000,post_stop,0.000000,0.829842
7.031000,post_stop,0.000000,0.397758
7.032000,post_stop,0.000000,-0.034325
7.033000,post_stop,0.000000,-0.466409
7.034000,post_stop,0.000000,-0.898492
7.035000,post_stop,0.000000,-1.330576
7.036000,post_stop,0.000000,-1.762659
7.037000,post_stop,0.000000,-2.194743
7.038000,post_stop,0.000000,-2.316930
7.039000,post_stop,0.000000,-2.427253
7.040000,post_stop,0.000000,-2.537575
7.041000,post_stop,0.000000,-2.647898
7.042000,post_stop,0.000000,-2.758220
7.043000,post_stop,0.000000,-2.868543
7.044000,post_stop,0.000000,-2.978866
7.045000,post_stop,0.000000,-3.185881
7.046000,post_stop,0.000000,-3.535218
7.047000,post_stop,0.000000,-3.884556
7.048000,post_stop,0.000000,-4.233893
7.049000,post_stop,0.000000,-4.583231
7.050000,post_stop,0.000000,-4.932569
7.051000,post_stop,0.000000,-5.281906
7.052000,post_stop,0.000000,-5.631244
7.053000,post_stop,0.000000,-5.669219
7.054000,post_stop,0.000000,-5.650502
7.055000,post_stop,0.000000,-5.631785
7.056000,post_stop,0.000000,-5.613069
7.057000,post_stop,0.000000,-5.594352
7.058000,post_stop,0.000000,-5.575635
7.059000,post_stop,0.000000,-5.556918
7.060000,post_stop,0.000000,-5.421865
7.061000,post_stop,0.000000,-4.998345
7.062000,post_stop,0.000000,-4.574825
7.063000,post_stop,0.000000,-4.151305
7.064000,post_stop,0.000000,-3.727785
7.065000,post_stop,0.000000,-3.304265
7.066000,post_stop,0.000000,-2.880745
7.067000,post_stop,0.000000,-2.457224
7.068000,post_stop,0.000000,-2.455381
7.069000,post_stop,0.000000,-2.610444
7.070000,post_stop,0.000000,-2.765506
7.071000,post_stop,0.000000,-2.920569
7.072000,post_stop,0.000000,-3.075631
7.073000,post_stop,0.000000,-3.230694
7.074000,post_stop,0.000000,-3.385756
7.075000,post_stop,0.000000,-3.511244
7.076000,post_stop,0.000000,-3.492570
7.077000,post_stop,0.000000,-3.473896
7.078000,post_stop,0.000000,-3.455223
7.079000,post_stop,0.000000,-3.436549
7.080000,post_stop,0.000000,-3.417876
7.081000,post_stop,0.000000,-3.399202
7.082000,post_stop,0.000000,-3.380528
7.083000,post_stop,0.000000,-3.270346
7.084000,post_stop,0.000000,-3.102064
7.085000,post_stop,0.000000,-2.933782
7.086000,post_stop,0.000000,-2.765500
7.087000,post_stop,0.000000,-2.597218
7.088000,post_stop,0.000000,-2.428936
7.089000,post_stop,0.000000,-2.260654
7.090000,post_stop,0.000000,-2.073336
7.091000,post_stop,0.000000,-1.546388
7.092000,post_stop,0.000000,-1.019439
7.093000,post_stop,0.000000,-0.492490
7.094000,post_stop,0.000000,0.034459
7.095000,post_stop,0.000000,0.561408
7.096000,post_stop,0.000000,1.088356
7.097000,post_stop,0.000000,1.615305
7.098000,post_stop,0.000000,1.912419
7.099000,post_stop,0.000000,1.974580
7.100000,post_stop,0.000000,2.036741
7.101000,post_stop,0.000000,2.098902
7.102000,post_stop,0.000000,2.161062
7.103000,post_stop,0.000000,2.223223
7.104000,post_stop,0.000000,2.285384
7.105000,post_stop,0.000000,2.347545
7.106000,post_stop,0.000000,2.543770
7.107000,post_stop,0.000000,2.749174
7.108000,post_stop,0.000000,2.954578
7.109000,post_stop,0.000000,3.159982
7.110000,post_stop,0.000000,3.365386
7.111000,post_stop,0.000000,3.570790
7.112000,post_stop,0.000000,3.776194
7.113000,post_stop,0.000000,3.719511
7.114000,post_stop,0.000000,3.230345
7.115000,post_stop,0.000000,2.741178
7.116000,post_stop,0.000000,2.252012
7.117000,post_stop,0.000000,1.762845
7.118000,post_stop,0.000000,1.273679
7.119000,post_stop,0.000000,0.784512
7.120000,post_stop,0.000000,0.295346
7.121000,post_stop,0.000000,-0.078120
7.122000,post_stop,0.000000,-0.425973
7.123000,post_stop,0.000000,-0.773827
7.124000,post_stop,0.000000,-1.121681
7.125000,post_stop,0.000000,-1.469534
7.126000,post_stop,0.000000,-1.817388
7.127000,post_stop,0.000000,-2.165242
7.128000,post_stop,0.000000,-2.513153
7.129000,post_stop,0.000000,-2.861227
7.130000,post_stop,0.000000,-3.209301
7.131000,post_stop,0.000000,-3.557376
7.132000,post_stop,0.000000,-3.905450
7.133000,post_stop,0.000000,-4.253524
7.134000,post_stop,0.000000,-4.601599
7.135000,post_stop,0.000000,-4.949673
7.136000,post_stop,0.000000,-4.873169
7.137000,post_stop,0.000000,-4.616087
7.138000,post_stop,0.000000,-4.359006
7.139000,post_stop,0.000000,-4.101924
7.140000,post_stop,0.000000,-3.844842
7.141000,post_stop,0.000000,-3.587760
7.142000,post_stop,0.000000,-3.330679
7.143000,post_stop,0.000000,-3.052259
7.144000,post_stop,0.000000,-2.645987
7.145000,post_stop,0.000000,-2.239715
7.146000,post_stop,0.000000,-1.833443
7.147000,post_stop,0.000000,-1.427171
7.148000,post_stop,0.000000,-1.020898
7.149000,post_stop,0.000000,-0.614626
7.150000,post_stop,0.000000,-0.208354
7.151000,post_stop,0.000000,0.393391
7.152000,post_stop,0.000000,1.134122
7.153000,post_stop,0.000000,1.874854
7.154000,post_stop,0.000000,2.615585
7.155000,post_stop,0.000000,3.356317
7.156000,post_stop,0.000000,4.097048
7.157000,post_stop,0.000000,4.837780
7.158000,post_stop,0.000000,5.573684
7.159000,post_stop,0.000000,6.127794
7.160000,post_stop,0.000000,6.681903
7.161000,post_stop,0.000000,7.236012
7.162000,post_stop,0.000000,7.790121
7.163000,post_stop,0.000000,8.344231
7.164000,post_stop,0.000000,8.898340
7.165000,post_stop,0.000000,9.452449
7.166000,post_stop,0.000000,9.775977
7.167000,post_stop,0.000000,9.836637
7.168000,post_stop,0.000000,9.897297
7.169000,post_stop,0.000000,9.957957
7.170000,post_stop,0.000000,10.018617
7.171000,post_stop,0.000000,10.079277
7.172000,post_stop,0.000000,10.139937
7.173000,post_stop,0.000000,10.200597
7.174000,post_stop,0.000000,9.968756
7.175000,post_stop,0.000000,9.707529
7.176000,post_stop,0.000000,9.446302
7.177000,post_stop,0.000000,9.185074
7.178000,post_stop,0.000000,8.923847
7.179000,post_stop,0.000000,8.662620
7.180000,post_stop,0.000000,8.401392
7.181000,post_stop,0.000000,8.080841
7.182000,post_stop,0.000000,7.650180
7.183000,post_stop,0.000000,7.219519
7.184000,post_stop,0.000000,6.788858
7.185000,post_stop,0.000000,6.358197
7.186000,post_stop,0.000000,5.927536
7.187000,post_stop,0.000000,5.496875
7.188000,post_stop,0.000000,5.066214
7.189000,post_stop,0.000000,4.742520
7.190000,post_stop,0.000000,4.446995
7.191000,post_stop,0.000000,4.151470
7.192000,post_stop,0.000000,3.855946
7.193000,post_stop,0.000000,3.560421
7.194000,post_stop,0.000000,3.264896
7.195000,post_stop,0.000000,2.969371
7.196000,post_stop,0.000000,2.745455
7.197000,post_stop,0.000000,2.757304
7.198000,post_stop,0.000000,2.769152
7.199000,post_stop,0.000000,2.781000
7.200000,post_stop,0.000000,2.792848
7.201000,post_stop,0.000000,2.804697
7.202000,post_stop,0.000000,2.816545
7.203000,post_stop,0.000000,2.828393
7.204000,post_stop,0.000000,2.840242
7.205000,post_stop,0.000000,2.852090
7.206000,post_stop,0.000000,2.863938
7.207000,post_stop,0.000000,2.875787
7.208000,post_stop,0.000000,2.887635
7.209000,post_stop,0.000000,2.899483
7.210000,post_stop,0.000000,2.911331
7.211000,post_stop,0.000000,2.940900
7.212000,post_stop,0.000000,3.105752
7.213000,post_stop,0.000000,3.270605
7.214000,post_stop,0.000000,3.435457
7.215000,post_stop,0.000000,3.600310
7.216000,post_stop,0.000000,3.765162
7.217000,post_stop,0.000000,3.930015
7.218000,post_stop,0.000000,4.094867
7.219000,post_stop,0.000000,4.405591
7.220000,post_stop,0.000000,4.832221
7.221000,post_stop,0.000000,5.258851
7.222000,post_stop,0.000000,5.685482
7.223000,post_stop,0.000000,6.112112
7.224000,post_stop,0.000000,6.538742
7.225000,post_stop,0.000000,6.965373
7.226000,post_stop,0.000000,7.392003
7.227000,post_stop,0.000000,7.536652
7.228000,post_stop,0.000000,7.680921
7.229000,post_stop,0.000000,7.825190
7.230000,post_stop,0.000000,7.969459
7.231000,post_stop,0.000000,8.113728
7.232000,post_stop,0.000000,8.257997
7.233000,post_stop,0.000000,8.402266
7.234000,post_stop,0.000000,8.461001
7.235000,post_stop,0.000000,8.410906
7.236000,post_stop,0.000000,8.360812
7.237000,post_stop,0.000000,8.310718
7.238000,post_stop,0.000000,8.260623
7.239000,post_stop,0.000000,8.210529
7.240000,post_stop,0.000000,8.160434
7.241000,post_stop,0.000000,8.110340
7.242000,post_stop,0.000000,8.258712
7.243000,post_stop,0.000000,8.433764
7.244000,post_stop,0.000000,8.608817
7.245000,post_stop,0.000000,8.783869
7.246000,post_stop,0.000000,8.958922
7.247000,post_stop,0.000000,9.133974
7.248000,post_stop,0.000000,9.309027
7.249000,post_stop,0.000000,9.372305
7.250000,post_stop,0.000000,9.201218
7.251000,post_stop,0.000000,9.030131
7.252000,post_stop,0.000000,8.859045
7.253000,post_stop,0.000000,8.687958
7.254000,post_stop,0.000000,8.516872
7.255000,post_stop,0.000000,8.345785
7.256000,post_stop,0.000000,8.174698
7.257000,post_stop,0.000000,8.099032
7.258000,post_stop,0.000000,8.052786
7.259000,post_stop,0.000000,8.006539
7.260000,post_stop,0.000000,7.960292
7.261000,post_stop,0.000000,7.914046
7.262000,post_stop,0.000000,7.867799
7.263000,post_stop,0.000000,7.821553
7.264000,post_stop,0.000000,7.698312
7.265000,post_stop,0.000000,7.277871
7.266000,post_stop,0.000000,6.857430
7.267000,post_stop,0.000000,6.436988
7.268000,post_stop,0.000000,6.016547
7.269000,post_stop,0.000000,5.596106
7.270000,post_stop,0.000000,5.175665
7.271000,post_stop,0.000000,4.755224
7.272000,post_stop,0.000000,4.548070
7.273000,post_stop,0.000000,4.457192
7.274000,post_stop,0.000000,4.366314
7.275000,post_stop,0.000000,4.275436
7.276000,post_stop,0.000000,4.184558
7.277000,post_stop,0.000000,4.093680
7.278000,post_stop,0.000000,4.002802
7.279000,post_stop,0.000000,3.946816
7.280000,post_stop,0.000000,4.249743
7.281000,post_stop,0.000000,4.552669
7.282000,post_stop,0.000000,4.855596
7.283000,post_stop,0.000000,5.158522
7.284000,post_stop,0.000000,5.461449
7.285000,post_stop,0.000000,5.764375
7.286000,post_stop,0.000000,6.067302
7.287000,post_stop,0.000000,6.487383
7.288000,post_stop,0.000000,7.011345
7.289000,post_stop,0.000000,7.535308
7.290000,post_stop,0.000000,8.059270
7.291000,post_stop,0.000000,8.583233
7.292000,post_stop,0.000000,9.107195
7.293000,post_stop,0.000000,9.631158
7.294000,post_stop,0.000000,10.155120
7.295000,post_stop,0.000000,10.526179
7.296000,post_stop,0.000000,10.892744
7.297000,post_stop,0.000000,11.259309
7.298000,post_stop,0.000000,11.625874
7.299000,post_stop,0.000000,11.992438
7.300000,post_stop,0.000000,12.359003
7.301000,post_stop,0.000000,12.725568
7.302000,post_stop,0.000000,12.999701
7.303000,post_stop,0.000000,13.142387
7.304000,post_stop,0.000000,13.285074
7.305000,post_stop,0.000000,13.427761
7.306000,post_stop,0.000000,13.570447
7.307000,post_stop,0.000000,13.713134
7.308000,post_stop,0.000000,13.855821
7.309000,post_stop,0.000000,13.998507
7.310000,post_stop,0.000000,14.141194
7.311000,post_stop,0.000000,14.283881
7.312000,post_stop,0.000000,14.426567
7.313000,post_stop,0.000000,14.569254
7.314000,post_stop,0.000000,14.711941
7.315000,post_stop,0.000000,14.854627
7.316000,post_stop,0.000000,14.997314
7.317000,post_stop,0.000000,15.080338
7.318000,post_stop,0.000000,15.021266
7.319000,post_stop,0.000000,14.962193
7.320000,post_stop,0.000000,14.903121
7.321000,post_stop,0.000000,14.844048
7.322000,post_stop,0.000000,14.784976
7.323000,post_stop,0.000000,14.725903
7.324000,post_stop,0.000000,14.666831
7.325000,post_stop,0.000000,14.342955
7.326000,post_stop,0.000000,13.924647
7.327000,post_stop,0.000000,13.506338
7.328000,post_stop,0.000000,13.088030
7.329000,post_stop,0.000000,12.669722
7.330000,post_stop,0.000000,12.251414
7.331000,post_stop,0.000000,11.833105
7.332000,post_stop,0.000000,11.426052
7.333000,post_stop,0.000000,11.070779
7.334000,post_stop,0.000000,10.715505
7.335000,post_stop,0.000000,10.360232
7.336000,post_stop,0.000000,10.004958
7.337000,post_stop,0.000000,9.649685
7.338000,post_stop,0.000000,9.294412
7.339000,post_stop,0.000000,8.939138
7.340000,post_stop,0.000000,8.884454
7.341000,post_stop,0.000000,9.014023
7.342000,post_stop,0.000000,9.143593
7.343000,post_stop,0.000000,9.273162
7.344000,post_stop,0.000000,9.402731
7.345000,post_stop,0.000000,9.532301
7.346000,post_stop,0.000000,9.661870
7.347000,post_stop,0.000000,9.793396
7.348000,post_stop,0.000000,9.954839
7.349000,post_stop,0.000000,10.116282
7.350000,post_stop,0.000000,10.277725
7.351000,post_stop,0.000000,10.439167
7.352000,post_stop,0.000000,10.600610
7.353000,post_stop,0.000000,10.762053
7.354000,post_stop,0.000000,10.923496
7.355000,post_stop,0.000000,11.214441
7.356000,post_stop,0.000000,11.633438
7.357000,post_stop,0.000000,12.052435
7.358000,post_stop,0.000000,12.471432
7.359000,post_stop,0.000000,12.890429
7.360000,post_stop,0.000000,13.309426
7.361000,post_stop,0.000000,13.728423
7.362000,post_stop,0.000000,14.147420
7.363000,post_stop,0.000000,14.184877
7.364000,post_stop,0.000000,14.199801
7.365000,post_stop,0.000000,14.214726
7.366000,post_stop,0.000000,14.229651
7.367000,post_stop,0.000000,14.244575
7.368000,post_stop,0.000000,14.259500
7.369000,post_stop,0.000000,14.274425
7.370000,post_stop,0.000000,14.362630
7.371000,post_stop,0.000000,14.567571
7.372000,post_stop,0.000000,14.772512
7.373000,post_stop,0.000000,14.977453
7.374000,post_stop,0.000000,15.182394
7.375000,post_stop,0.000000,15.387335
7.376000,post_stop,0.000000,15.592276
7.377000,post_stop,0.000000,15.797217
7.378000,post_stop,0.000000,15.563256
7.379000,post_stop,0.000000,15.237533
7.380000,post_stop,0.000000,14.911810
7.381000,post_stop,0.000000,14.586086
7.382000,post_stop,0.000000,14.260363
7.383000,post_stop,0.000000,13.934639
7.384000,post_stop,0.000000,13.608916
7.385000,post_stop,0.000000,13.330187
7.386000,post_stop,0.000000,13.179488
7.387000,post_stop,0.000000,13.028790
7.388000,post_stop,0.000000,12.878092
7.389000,post_stop,0.000000,12.727393
7.390000,post_stop,0.000000,12.576695
7.391000,post_stop,0.000000,12.425996
7.392000,post_stop,0.000000,12.275298
7.393000,post_stop,0.000000,12.235181
7.394000,post_stop,0.000000,12.240249
7.395000,post_stop,0.000000,12.245316
7.396000,post_stop,0.000000,12.250384
7.397000,post_stop,0.000000,12.255451
7.398000,post_stop,0.000000,12.260519
7.399000,post_stop,0.000000,12.265586
7.400000,post_stop,0.000000,12.226418
7.401000,post_stop,0.000000,11.939196
7.402000,post_stop,0.000000,11.651975
7.403000,post_stop,0.000000,11.364753
7.404000,post_stop,0.000000,11.077531
7.405000,post_stop,0.000000,10.790310
7.406000,post_stop,0.000000,10.503088
7.407000,post_stop,0.000000,10.215867
7.408000,post_stop,0.000000,10.025225
7.409000,post_stop,0.000000,9.900936
7.410000,post_stop,0.000000,9.776647
7.411000,post_stop,0.000000,9.652358
7.412000,post_stop,0.000000,9.528068
7.413000,post_stop,0.000000,9.403779
7.414000,post_stop,0.000000,9.279490
7.415000,post_stop,0.000000,9.162373
7.416000,post_stop,0.000000,9.247903
7.417000,post_stop,0.000000,9.333432
7.418000,post_stop,0.000000,9.418962
7.419000,post_stop,0.000000,9.504491
7.420000,post_stop,0.000000,9.590021
7.421000,post_stop,0.000000,9.675550
7.422000,post_stop,0.000000,9.761080
7.423000,post_stop,0.000000,9.839020
7.424000,post_stop,0.000000,9.908591
7.425000,post_stop,0.000000,9.978163
7.426000,post_stop,0.000000,10.047734
7.427000,post_stop,0.000000,10.117305
7.428000,post_stop,0.000000,10.186877
7.429000,post_stop,0.000000,10.256448
7.430000,post_stop,0.000000,10.326020
7.431000,post_stop,0.000000,10.617364
7.432000,post_stop,0.000000,10.928775
7.433000,post_stop,0.000000,11.240185
7.434000,post_stop,0.000000,11.551596
7.435000,post_stop,0.000000,11.863006
7.436000,post_stop,0.000000,12.174417
7.437000,post_stop,0.000000,12.485827
7.438000,post_stop,0.000000,12.787627
7.439000,post_stop,0.000000,13.072226
7.440000,post_stop,0.000000,13.356826
7.441000,post_stop,0.000000,13.641425
7.442000,post_stop,0.000000,13.926024
7.443000,post_stop,0.000000,14.210623
7.444000,post_stop,0.000000,14.495222
7.445000,post_stop,0.000000,14.779821
7.446000,post_stop,0.000000,14.833168
7.447000,post_stop,0.000000,14.828655
7.448000,post_stop,0.000000,14.824142
7.449000,post_stop,0.000000,14.819629
7.450000,post_stop,0.000000,14.815116
7.451000,post_stop,0.000000,14.810603
7.452000,post_stop,0.000000,14.806090
7.453000,post_stop,0.000000,14.792872
7.454000,post_stop,0.000000,14.752283
7.455000,post_stop,0.000000,14.711694
7.456000,post_stop,0.000000,14.671104
7.457000,post_stop,0.000000,14.630515
7.458000,post_stop,0.000000,14.589926
7.459000,post_stop,0.000000,14.549336
7.460000,post_stop,0.000000,14.508747
7.461000,post_stop,0.000000,14.086343
7.462000,post_stop,0.000000,13.486492
7.463000,post_stop,0.000000,12.886641
7.464000,post_stop,0.000000,12.286790
7.465000,post_stop,0.000000,11.686939
7.466000,post_stop,0.000000,11.087088
7.467000,post_stop,0.000000,10.487237
7.468000,post_stop,0.000000,9.933848
7.469000,post_stop,0.000000,9.708289
7.470000,post_stop,0.000000,9.482730
7.471000,post_stop,0.000000,9.257171
7.472000,post_stop,0.000000,9.031612
7.473000,post_stop,0.000000,8.806053
7.474000,post_stop,0.000000,8.580494
7.475000,post_stop,0.000000,8.354935
7.476000,post_stop,0.000000,8.200278
7.477000,post_stop,0.000000,8.100084
7.478000,post_stop,0.000000,7.999891
7.479000,post_stop,0.000000,7.899698
7.480000,post_stop,0.000000,7.799505
7.481000,post_stop,0.000000,7.699312
7.482000,post_stop,0.000000,7.599119
7.483000,post_stop,0.000000,7.501555
7.484000,post_stop,0.000000,7.778274
7.485000,post_stop,0.000000,8.054992
7.486000,post_stop,0.000000,8.331711
7.487000,post_stop,0.000000,8.608429
7.488000,post_stop,0.000000,8.885148
7.489000,post_stop,0.000000,9.161866
7.490000,post_stop,0.000000,9.438585
7.491000,post_stop,0.000000,9.618317
7.492000,post_stop,0.000000,9.678740
7.493000,post_stop,0.000000,9.739163
7.494000,post_stop,0.000000,9.799586
7.495000,post_stop,0.000000,9.860009
7.496000,post_stop,0.000000,9.920432
7.497000,post_stop,0.000000,9.980855
7.498000,post_stop,0.000000,10.041278
7.499000,post_stop,0.000000,10.370330
7.500000,post_stop,0.000000,10.732647
7.501000,post_stop,0.000000,11.094963
7.502000,post_stop,0.000000,11.457279
7.503000,post_stop,0.000000,11.819595
7.504000,post_stop,0.000000,12.181911
7.505000,post_stop,0.000000,12.544227
7.506000,post_stop,0.000000,12.848328
7.507000,post_stop,0.000000,13.034894
7.508000,post_stop,0.000000,13.221461
7.509000,post_stop,0.000000,13.408027
7.510000,post_stop,0.000000,13.594593
7.511000,post_stop,0.000000,13.781160
7.512000,post_stop,0.000000,13.967726
7.513000,post_stop,0.000000,14.154293
7.514000,post_stop,0.000000,14.091443
7.515000,post_stop,0.000000,13.955208
7.516000,post_stop,0.000000,13.818972
7.517000,post_stop,0.000000,13.682737
7.518000,post_stop,0.000000,13.546501
7.519000,post_stop,0.000000,13.410266
7.520000,post_stop,0.000000,13.274031
7.521000,post_stop,0.000000,13.137795
7.522000,post_stop,0.000000,13.001560
7.523000,post_stop,0.000000,12.865324
7.524000,post_stop,0.000000,12.729089
7.525000,post_stop,0.000000,12.592854
7.526000,post_stop,0.000000,12.456618
7.527000,post_stop,0.000000,12.320383
7.528000,post_stop,0.000000,12.184148
7.529000,post_stop,0.000000,11.953909
7.530000,post_stop,0.000000,11.674268
7.531000,post_stop,0.000000,11.394626
7.532000,post_stop,0.000000,11.114985
7.533000,post_stop,0.000000,10.835343
7.534000,post_stop,0.000000,10.555702
7.535000,post_stop,0.000000,10.276060
7.536000,post_stop,0.000000,10.013008
7.537000,post_stop,0.000000,9.904528
7.538000,post_stop,0.000000,9.796047
7.539000,post_stop,0.000000,9.687567
7.540000,post_stop,0.000000,9.579087
7.541000,post_stop,0.000000,9.470606
7.542000,post_stop,0.000000,9.362126
7.543000,post_stop,0.000000,9.253646
7.544000,post_stop,0.000000,9.196615
7.545000,post_stop,0.000000,9.183704
7.546000,post_stop,0.000000,9.170793
7.547000,post_stop,0.000000,9.157882
7.548000,post_stop,0.000000,9.144971
7.549000,post_stop,0.000000,9.132060
7.550000,post_stop,0.000000,9.119150
7.551000,post_stop,0.000000,9.106239
7.552000,post_stop,0.000000,9.129198
7.553000,post_stop,0.000000,9.152898
7.554000,post_stop,0.000000,9.176598
7.555000,post_stop,0.000000,9.200298
7.556000,post_stop,0.000000,9.223998
7.557000,post_stop,0.000000,9.247698
7.558000,post_stop,0.000000,9.271398
7.559000,post_stop,0.000000,9.412024
7.560000,post_stop,0.000000,9.713333
7.561000,post_stop,0.000000,10.014642
7.562000,post_stop,0.000000,10.315951
7.563000,post_stop,0.000000,10.617260
7.564000,post_stop,0.000000,10.918569
7.565000,post_stop,0.000000,11.219878
7.566000,post_stop,0.000000,11.521187
7.567000,post_stop,0.000000,11.686518
7.568000,post_stop,0.000000,11.830192
7.569000,post_stop,0.000000,11.973865
7.570000,post_stop,0.000000,12.117539
7.571000,post_stop,0.000000,12.261213
7.572000,post_stop,0.000000,12.404886
7.573000,post_stop,0.000000,12.548560
7.574000,post_stop,0.000000,12.716553
7.575000,post_stop,0.000000,12.940218
7.576000,post_stop,0.000000,13.163883
7.577000,post_stop,0.000000,13.387548
7.578000,post_stop,0.000000,13.611212
7.579000,post_stop,0.000000,13.834877
7.580000,post_stop,0.000000,14.058542
7.581000,post_stop,0.000000,14.282207
7.582000,post_stop,0.000000,14.434590
7.583000,post_stop,0.000000,14.562633
7.584000,post_stop,0.000000,14.690676
7.585000,post_stop,0.000000,14.818719
7.586000,post_stop,0.000000,14.946762
7.587000,post_stop,0.000000,15.074805
7.588000,post_stop,0.000000,15.202848
7.589000,post_stop,0.000000,15.263693
7.590000,post_stop,0.000000,15.032142
7.591000,post_stop,0.000000,14.800591
7.592000,post_stop,0.000000,14.569040
7.593000,post_stop,0.000000,14.337489
7.594000,post_stop,0.000000,14.105937
7.595000,post_stop,0.000000,13.874386
7.596000,post_stop,0.000000,13.642835
7.597000,post_stop,0.000000,13.383907
7.598000,post_stop,0.000000,13.108782
7.599000,post_stop,0.000000,12.833656
7.600000,post_stop,0.000000,12.558531
7.601000,post_stop,0.000000,12.283406
7.602000,post_stop,0.000000,12.008280
7.603000,post_stop,0.000000,11.733155
7.604000,post_stop,0.000000,11.463309
7.605000,post_stop,0.000000,11.263908
7.606000,post_stop,0.000000,11.064507
7.607000,post_stop,0.000000,10.865107
7.608000,post_stop,0.000000,10.665706
7.609000,post_stop,0.000000,10.466305
7.610000,post_stop,0.000000,10.266905
7.611000,post_stop,0.000000,10.067504
7.612000,post_stop,0.000000,9.913196
7.613000,post_stop,0.000000,9.802017
7.614000,post_stop,0.000000,9.690838
7.615000,post_stop,0.000000,9.579659
7.616000,post_stop,0.000000,9.468479
7.617000,post_stop,0.000000,9.357300
7.618000,post_stop,0.000000,9.246121
7.619000,post_stop,0.000000,9.134941
7.620000,post_stop,0.000000,9.283936
7.621000,post_stop,0.000000,9.445889
7.622000,post_stop,0.000000,9.607842
7.623000,post_stop,0.000000,9.769795
7.624000,post_stop,0.000000,9.931748
7.625000,post_stop,0.000000,10.093700
7.626000,post_stop,0.000000,10.255653
7.627000,post_stop,0.000000,10.392002
7.628000,post_stop,0.000000,10.488966
7.629000,post_stop,0.000000,10.585930
7.630000,post_stop,0.000000,10.682894
7.631000,post_stop,0.000000,10.779858
7.632000,post_stop,0.000000,10.876821
7.633000,post_stop,0.000000,10.973785
7.634000,post_stop,0.000000,11.070749
7.635000,post_stop,0.000000,11.189423
7.636000,post_stop,0.000000,11.312375
7.637000,post_stop,0.000000,11.435327
7.638000,post_stop,0.000000,11.558278
7.639000,post_stop,0.000000,11.681230
7.640000,post_stop,0.000000,11.804182
7.641000,post_stop,0.000000,11.927134
7.642000,post_stop,0.000000,12.078777
7.643000,post_stop,0.000000,12.305374
7.644000,post_stop,0.000000,12.531972
7.645000,post_stop,0.000000,12.758570
7.646000,post_stop,0.000000,12.985168
7.647000,post_stop,0.000000,13.211766
7.648000,post_stop,0.000000,13.438364
7.649000,post_stop,0.000000,13.664961
7.650000,post_stop,0.000000,13.612750
7.651000,post_stop,0.000000,13.451166
7.652000,post_stop,0.000000,13.289581
7.653000,post_stop,0.000000,13.127996
7.654000,post_stop,0.000000,12.966412
7.655000,post_stop,0.000000,12.804827
7.656000,post_stop,0.000000,12.643242
7.657000,post_stop,0.000000,12.484554
7.658000,post_stop,0.000000,12.341108
7.659000,post_stop,0.000000,12.197662
7.660000,post_stop,0.000000,12.054217
7.661000,post_stop,0.000000,11.910771
7.662000,post_stop,0.000000,11.767325
7.663000,post_stop,0.000000,11.623880
7.664000,post_stop,0.000000,11.480434
7.665000,post_stop,0.000000,11.088216
7.666000,post_stop,0.000000,10.530897
7.667000,post_stop,0.000000,9.973578
7.668000,post_stop,0.000000,9.416259
7.669000,post_stop,0.000000,8.858940
7.670000,post_stop,0.000000,8.301621
7.671000,post_stop,0.000000,7.744302
7.672000,post_stop,0.000000,7.217704
7.673000,post_stop,0.000000,7.383140
7.674000,post_stop,0.000000,7.548577
7.675000,post_stop,0.000000,7.714014
7.676000,post_stop,0.000000,7.879450
7.677000,post_stop,0.000000,8.044887
7.678000,post_stop,0.000000,8.210324
7.679000,post_stop,0.000000,8.375761
7.680000,post_stop,0.000000,8.353871
7.681000,post_stop,0.000000,8.132212
7.682000,post_stop,0.000000,7.910552
7.683000,post_stop,0.000000,7.688893
7.684000,post_stop,0.000000,7.467233
7.685000,post_stop,0.000000,7.245574
7.686000,post_stop,0.000000,7.023914
7.687000,post_stop,0.000000,6.802254
7.688000,post_stop,0.000000,6.813534
7.689000,post_stop,0.000000,6.843605
7.690000,post_stop,0.000000,6.873677
7.691000,post_stop,0.000000,6.903749
7.692000,post_stop,0.000000,6.933820
7.693000,post_stop,0.000000,6.963892
7.694000,post_stop,0.000000,6.993964
7.695000,post_stop,0.000000,7.045897
7.696000,post_stop,0.000000,7.135577
7.697000,post_stop,0.000000,7.225256
7.698000,post_stop,0.000000,7.314935
7.699000,post_stop,0.000000,7.404615
7.700000,post_stop,0.000000,7.494294
7.701000,post_stop,0.000000,7.583974
7.702000,post_stop,0.000000,7.673653
7.703000,post_stop,0.000000,7.888101
7.704000,post_stop,0.000000,8.132161
7.705000,post_stop,0.000000,8.376221
7.706000,post_stop,0.000000,8.620281
7.707000,post_stop,0.000000,8.864342
7.708000,post_stop,0.000000,9.108402
7.709000,post_stop,0.000000,9.352462
7.710000,post_stop,0.000000,9.522843
7.711000,post_stop,0.000000,9.471729
7.712000,post_stop,0.000000,9.420615
7.713000,post_stop,0.000000,9.369501
7.714000,post_stop,0.000000,9.318386
7.715000,post_stop,0.000000,9.267272
7.716000,post_stop,0.000000,9.216158
7.717000,post_stop,0.000000,9.165044
7.718000,post_stop,0.000000,9.171604
7.719000,post_stop,0.000000,9.203952
7.720000,post_stop,0.000000,9.236300
7.721000,post_stop,0.000000,9.268647
7.722000,post_stop,0.000000,9.300995
7.723000,post_stop,0.000000,9.333343
7.724000,post_stop,0.000000,9.365691
7.725000,post_stop,0.000000,9.379831
7.726000,post_stop,0.000000,9.274715
7.727000,post_stop,0.000000,9.169599
7.728000,post_stop,0.000000,9.064484
7.729000,post_stop,0.000000,8.959368
7.730000,post_stop,0.000000,8.854252
7.731000,post_stop,0.000000,8.749137
7.732000,post_stop,0.000000,8.644021
7.733000,post_stop,0.000000,8.538905
7.734000,post_stop,0.000000,8.433790
7.735000,post_stop,0.000000,8.328674
7.736000,post_stop,0.000000,8.223558
7.737000,post_stop,0.000000,8.118443
7.738000,post_stop,0.000000,8.013327
7.739000,post_stop,0.000000,7.908211
7.740000,post_stop,0.000000,7.802471
7.741000,post_stop,0.000000,7.656506
7.742000,post_stop,0.000000,7.510541
7.743000,post_stop,0.000000,7.364577
7.744000,post_stop,0.000000,7.218612
7.745000,post_stop,0.000000,7.072647
7.746000,post_stop,0.000000,6.926682
7.747000,post_stop,0.000000,6.780717
7.748000,post_stop,0.000000,6.612074
7.749000,post_stop,0.000000,6.416453
7.750000,post_stop,0.000000,6.220832
7.751000,post_stop,0.000000,6.025211
7.752000,post_stop,0.000000,5.829590
7.753000,post_stop,0.000000,5.633969
7.754000,post_stop,0.000000,5.438348
7.755000,post_stop,0.000000,5.242727
