t_s,phase,nominal_along_mm,e_raw_um,b_um,e_vib_um
0.000000,pre_motion,0.000000,6.462617,-0.043576,6.506193
0.001000,pre_motion,0.000000,6.264517,-0.043576,6.308094
0.002000,pre_motion,0.000000,6.066418,-0.043576,6.109994
0.003000,pre_motion,0.000000,5.868319,-0.043576,5.911895
0.004000,pre_motion,0.000000,5.670220,-0.043576,5.713796
0.005000,pre_motion,0.000000,5.472120,-0.043576,5.515697
0.006000,pre_motion,0.000000,5.274021,-0.043576,5.317597
0.007000,pre_motion,0.000000,5.075922,-0.043576,5.119498
0.008000,pre_motion,0.000000,4.877822,-0.043576,4.921399
0.009000,pre_motion,0.000000,4.679723,-0.043576,4.723299
0.010000,pre_motion,0.000000,4.481624,-0.043576,4.525200
0.011000,pre_motion,0.000000,4.283524,-0.043576,4.327101
0.012000,pre_motion,0.000000,4.085425,-0.043576,4.129001
0.013000,pre_motion,0.000000,3.887326,-0.043576,3.930902
0.014000,pre_motion,0.000000,3.689227,-0.043576,3.732803
0.015000,pre_motion,0.000000,3.491127,-0.043576,3.534704
0.016000,pre_motion,0.000000,3.435819,-0.043576,3.479396
0.017000,pre_motion,0.000000,3.399461,-0.043576,3.443037
0.018000,pre_motion,0.000000,3.363102,-0.043576,3.406678
0.019000,pre_motion,0.000000,3.326743,-0.043576,3.370320
0.020000,pre_motion,0.000000,3.290385,-0.043576,3.333961
0.021000,pre_motion,0.000000,3.254026,-0.043576,3.297602
0.022000,pre_motion,0.000000,3.217667,-0.043576,3.261244
0.023000,pre_motion,0.000000,3.087728,-0.043576,3.131304
0.024000,pre_motion,0.000000,2.762774,-0.043576,2.806351
0.025000,pre_motion,0.000000,2.437821,-0.043576,2.481397
0.026000,pre_motion,0.000000,2.112867,-0.043576,2.156444
0.027000,pre_motion,0.000000,1.787914,-0.043576,1.831490
0.028000,pre_motion,0.000000,1.462960,-0.043576,1.506537
0.029000,pre_motion,0.000000,1.138007,-0.043576,1.181583
0.030000,pre_motion,0.000000,0.813053,-0.043576,0.856630
0.031000,pre_motion,0.000000,0.804672,-0.043576,0.848249
0.032000,pre_motion,0.000000,0.893169,-0.043576,0.936746
0.033000,pre_motion,0.000000,0.981666,-0.043576,1.025243
0.034000,pre_motion,0.000000,1.070163,-0.043576,1.113739
0.035000,pre_motion,0.000000,1.158660,-0.043576,1.202236
0.036000,pre_motion,0.000000,1.247157,-0.043576,1.290733
0.037000,pre_motion,0.000000,1.335654,-0.043576,1.379230
0.038000,pre_motion,0.000000,1.376744,-0.043576,1.420320
0.039000,pre_motion,0.000000,1.236340,-0.043576,1.279916
0.040000,pre_motion,0.000000,1.095936,-0.043576,1.139512
0.041000,pre_motion,0.000000,0.955532,-0.043576,0.999108
0.042000,pre_motion,0.000000,0.815128,-0.043576,0.858704
0.043000,pre_motion,0.000000,0.674724,-0.043576,0.718300
0.044000,pre_motion,0.000000,0.534320,-0.043576,0.577896
0.045000,pre_motion,0.000000,0.393916,-0.043576,0.437492
0.046000,pre_motion,0.000000,0.402367,-0.043576,0.445943
0.047000,pre_motion,0.000000,0.491491,-0.043576,0.535068
0.048000,pre_motion,0.000000,0.580616,-0.043576,0.624192
0.049000,pre_motion,0.000000,0.669740,-0.043576,0.713316
0.050000,pre_motion,0.000000,0.758864,-0.043576,0.802441
0.051000,pre_motion,0.000000,0.847989,-0.043576,0.891565
0.052000,pre_motion,0.000000,0.937113,-0.043576,0.980689
0.053000,pre_motion,0.000000,1.016587,-0.043576,1.060163
0.054000,pre_motion,0.000000,0.998426,-0.043576,1.042002
0.055000,pre_motion,0.000000,0.980264,-0.043576,1.023841
0.056000,pre_motion,0.000000,0.962103,-0.043576,1.005679
0.057000,pre_motion,0.000000,0.943942,-0.043576,0.987518
0.058000,pre_motion,0.000000,0.925781,-0.043576,0.969357
0.059000,pre_motion,0.000000,0.907619,-0.043576,0.951195
0.060000,pre_motion,0.000000,0.889458,-0.043576,0.933034
0.061000,pre_motion,0.000000,0.803505,-0.043576,0.847081
0.062000,pre_motion,0.000000,0.657764,-0.043576,0.701340
0.063000,pre_motion,0.000000,0.512023,-0.043576,0.555599
0.064000,pre_motion,0.000000,0.366282,-0.043576,0.409858
0.065000,pre_motion,0.000000,0.220541,-0.043576,0.264117
0.066000,pre_motion,0.000000,0.074800,-0.043576,0.118377
0.067000,pre_motion,0.000000,-0.070941,-0.043576,-0.027364
0.068000,pre_motion,0.000000,-0.216681,-0.043576,-0.173105
0.069000,pre_motion,0.000000,-0.175048,-0.043576,-0.131472
0.070000,pre_motion,0.000000,-0.128173,-0.043576,-0.084597
0.071000,pre_motion,0.000000,-0.081299,-0.043576,-0.037723
0.072000,pre_motion,0.000000,-0.034424,-0.043576,0.009152
0.073000,pre_motion,0.000000,0.012450,-0.043576,0.056026
0.074000,pre_motion,0.000000,0.059325,-0.043576,0.102901
0.075000,pre_motion,0.000000,0.106199,-0.043576,0.149775
0.076000,pre_motion,0.000000,0.078280,-0.043576,0.121856
0.077000,pre_motion,0.000000,-0.055414,-0.043576,-0.011838
0.078000,pre_motion,0.000000,-0.189109,-0.043576,-0.145532
0.079000,pre_motion,0.000000,-0.322803,-0.043576,-0.279227
0.080000,pre_motion,0.000000,-0.456497,-0.043576,-0.412921
0.081000,pre_motion,0.000000,-0.590191,-0.043576,-0.546615
0.082000,pre_motion,0.000000,-0.723886,-0.043576,-0.680309
0.083000,pre_motion,0.000000,-0.857580,-0.043576,-0.814004
0.084000,pre_motion,0.000000,-0.955594,-0.043576,-0.912018
0.085000,pre_motion,0.000000,-1.047588,-0.043576,-1.004012
0.086000,pre_motion,0.000000,-1.139582,-0.043576,-1.096006
0.087000,pre_motion,0.000000,-1.231577,-0.043576,-1.188000
0.088000,pre_motion,0.000000,-1.323571,-0.043576,-1.279994
0.089000,pre_motion,0.000000,-1.415565,-0.043576,-1.371988
0.090000,pre_motion,0.000000,-1.507559,-0.043576,-1.463983
0.091000,pre_motion,0.000000,-1.570957,-0.043576,-1.527381
0.092000,pre_motion,0.000000,-1.566687,-0.043576,-1.523111
0.093000,pre_motion,0.000000,-1.562417,-0.043576,-1.518841
0.094000,pre_motion,0.000000,-1.558147,-0.043576,-1.514571
0.095000,pre_motion,0.000000,-1.553877,-0.043576,-1.510300
0.096000,pre_motion,0.000000,-1.549606,-0.043576,-1.506030
0.097000,pre_motion,0.000000,-1.545336,-0.043576,-1.501760
0.098000,pre_motion,0.000000,-1.541066,-0.043576,-1.497490
0.099000,pre_motion,0.000000,-1.688407,-0.043576,-1.644830
0.100000,pre_motion,0.000000,-1.889438,-0.043576,-1.845862
0.101000,pre_motion,0.000000,-2.090470,-0.043576,-2.046894
0.102000,pre_motion,0.000000,-2.291502,-0.043576,-2.247926
0.103000,pre_motion,0.000000,-2.492534,-0.043576,-2.448958
0.104000,pre_motion,0.000000,-2.693566,-0.043576,-2.649990
0.105000,pre_motion,0.000000,-2.894598,-0.043576,-2.851022
0.106000,pre_motion,0.000000,-3.050136,-0.043576,-3.006560
0.107000,pre_motion,0.000000,-2.998279,-0.043576,-2.954702
0.108000,pre_motion,0.000000,-2.946421,-0.043576,-2.902845
0.109000,pre_motion,0.000000,-2.894564,-0.043576,-2.850988
0.110000,pre_motion,0.000000,-2.842706,-0.043576,-2.799130
0.111000,pre_motion,0.000000,-2.790849,-0.043576,-2.747273
0.112000,pre_motion,0.000000,-2.738992,-0.043576,-2.695415
0.113000,pre_motion,0.000000,-2.687134,-0.043576,-2.643558
0.114000,pre_motion,0.000000,-2.513042,-0.043576,-2.469466
0.115000,pre_motion,0.000000,-2.264450,-0.043576,-2.220874
0.116000,pre_motion,0.000000,-2.015858,-0.043576,-1.972281
0.117000,pre_motion,0.000000,-1.767265,-0.043576,-1.723689
0.118000,pre_motion,0.000000,-1.518673,-0.043576,-1.475097
0.119000,pre_motion,0.000000,-1.270081,-0.043576,-1.226505
0.120000,pre_motion,0.000000,-1.021489,-0.043576,-0.977913
0.121000,pre_motion,0.000000,-0.783816,-0.043576,-0.740240
0.122000,pre_motion,0.000000,-0.709264,-0.043576,-0.665688
0.123000,pre_motion,0.000000,-0.634712,-0.043576,-0.591136
0.124000,pre_motion,0.000000,-0.560161,-0.043576,-0.516584
0.125000,pre_motion,0.000000,-0.485609,-0.043576,-0.442033
0.126000,pre_motion,0.000000,-0.411057,-0.043576,-0.367481
0.127000,pre_motion,0.000000,-0.336506,-0.043576,-0.292929
0.128000,pre_motion,0.000000,-0.261954,-0.043576,-0.218378
0.129000,pre_motion,0.000000,-0.209981,-0.043576,-0.166405
0.130000,pre_motion,0.000000,-0.180215,-0.043576,-0.136639
0.131000,pre_motion,0.000000,-0.150449,-0.043576,-0.106873
0.132000,pre_motion,0.000000,-0.120684,-0.043576,-0.077107
0.133000,pre_motion,0.000000,-0.090918,-0.043576,-0.047341
0.134000,pre_motion,0.000000,-0.061152,-0.043576,-0.017575
0.135000,pre_motion,0.000000,-0.031386,-0.043576,0.012191
0.136000,pre_motion,0.000000,-0.001620,-0.043576,0.041956
0.137000,pre_motion,0.000000,0.214116,-0.043576,0.257692
0.138000,pre_motion,0.000000,0.440554,-0.043576,0.484130
0.139000,pre_motion,0.000000,0.666992,-0.043576,0.710568
0.140000,pre_motion,0.000000,0.893430,-0.043576,0.937007
0.141000,pre_motion,0.000000,1.119869,-0.043576,1.163445
0.142000,pre_motion,0.000000,1.346307,-0.043576,1.389883
0.143000,pre_motion,0.000000,1.572745,-0.043576,1.616321
0.144000,pre_motion,0.000000,1.720951,-0.043576,1.764528
0.145000,pre_motion,0.000000,1.745242,-0.043576,1.788818
0.146000,pre_motion,0.000000,1.769533,-0.043576,1.813109
0.147000,pre_motion,0.000000,1.793823,-0.043576,1.837399
0.148000,pre_motion,0.000000,1.818114,-0.043576,1.861690
0.149000,pre_motion,0.000000,1.842404,-0.043576,1.885981
0.150000,pre_motion,0.000000,1.866695,-0.043576,1.910271
0.151000,pre_motion,0.000000,1.890985,-0.043576,1.934562
0.152000,pre_motion,0.000000,1.807540,-0.043576,1.851116
0.153000,pre_motion,0.000000,1.701780,-0.043576,1.745357
0.154000,pre_motion,0.000000,1.596021,-0.043576,1.639598
0.155000,pre_motion,0.000000,1.490262,-0.043576,1.533838
0.156000,pre_motion,0.000000,1.384503,-0.043576,1.428079
0.157000,pre_motion,0.000000,1.278744,-0.043576,1.322320
0.158000,pre_motion,0.000000,1.172985,-0.043576,1.216561
0.159000,pre_motion,0.000000,1.098969,-0.043576,1.142545
0.160000,pre_motion,0.000000,1.110845,-0.043576,1.154422
0.161000,pre_motion,0.000000,1.122722,-0.043576,1.166298
0.162000,pre_motion,0.000000,1.134598,-0.043576,1.178175
0.163000,pre_motion,0.000000,1.146475,-0.043576,1.190051
0.164000,pre_motion,0.000000,1.158351,-0.043576,1.201928
0.165000,pre_motion,0.000000,1.170228,-0.043576,1.213804
0.166000,pre_motion,0.000000,1.182105,-0.043576,1.225681
0.167000,pre_motion,0.000000,1.144976,-0.043576,1.188552
0.168000,pre_motion,0.000000,1.087955,-0.043576,1.131531
0.169000,pre_motion,0.000000,1.030933,-0.043576,1.074509
0.170000,pre_motion,0.000000,0.973911,-0.043576,1.017488
0.171000,pre_motion,0.000000,0.916890,-0.043576,0.960466
0.172000,pre_motion,0.000000,0.859868,-0.043576,0.903444
0.173000,pre_motion,0.000000,0.802846,-0.043576,0.846423
0.174000,pre_motion,0.000000,0.782335,-0.043576,0.825911
0.175000,pre_motion,0.000000,0.964427,-0.043576,1.008004
0.176000,pre_motion,0.000000,1.146520,-0.043576,1.190097
0.177000,pre_motion,0.000000,1.328613,-0.043576,1.372190
0.178000,pre_motion,0.000000,1.510706,-0.043576,1.554283
0.179000,pre_motion,0.000000,1.692799,-0.043576,1.736376
0.180000,pre_motion,0.000000,1.874892,-0.043576,1.918469
0.181000,pre_motion,0.000000,2.056985,-0.043576,2.100561
0.182000,pre_motion,0.000000,2.160648,-0.043576,2.204225
0.183000,pre_motion,0.000000,2.210729,-0.043576,2.254305
0.184000,pre_motion,0.000000,2.260809,-0.043576,2.304385
0.185000,pre_motion,0.000000,2.310889,-0.043576,2.354465
0.186000,pre_motion,0.000000,2.360969,-0.043576,2.404545
0.187000,pre_motion,0.000000,2.411049,-0.043576,2.454626
0.188000,pre_motion,0.000000,2.461130,-0.043576,2.504706
0.189000,pre_motion,0.000000,2.503565,-0.043576,2.547142
0.190000,pre_motion,0.000000,2.338488,-0.043576,2.382065
0.191000,pre_motion,0.000000,2.173411,-0.043576,2.216987
0.192000,pre_motion,0.000000,2.008334,-0.043576,2.051910
0.193000,pre_motion,0.000000,1.843257,-0.043576,1.886833
0.194000,pre_motion,0.000000,1.678180,-0.043576,1.721756
0.195000,pre_motion,0.000000,1.513103,-0.043576,1.556679
0.196000,pre_motion,0.000000,1.348026,-0.043576,1.391602
0.197000,pre_motion,0.000000,1.225292,-0.043576,1.268869
0.198000,pre_motion,0.000000,1.148995,-0.043576,1.192572
0.199000,pre_motion,0.000000,1.072699,-0.043576,1.116275
0.200000,pre_motion,0.000000,0.996402,-0.043576,1.039978
0.201000,pre_motion,0.000000,0.920105,-0.043576,0.963681
0.202000,pre_motion,0.000000,0.843808,-0.043576,0.887384
0.203000,pre_motion,0.000000,0.767511,-0.043576,0.811087
0.204000,pre_motion,0.000000,0.691214,-0.043576,0.734790
0.205000,pre_motion,0.000000,0.741609,-0.043576,0.785185
0.206000,pre_motion,0.000000,0.803264,-0.043576,0.846840
0.207000,pre_motion,0.000000,0.864919,-0.043576,0.908495
0.208000,pre_motion,0.000000,0.926574,-0.043576,0.970150
0.209000,pre_motion,0.000000,0.988229,-0.043576,1.031806
0.210000,pre_motion,0.000000,1.049885,-0.043576,1.093461
0.211000,pre_motion,0.000000,1.111540,-0.043576,1.155116
0.212000,pre_motion,0.000000,1.131534,-0.043576,1.175111
0.213000,pre_motion,0.000000,1.077399,-0.043576,1.120976
0.214000,pre_motion,0.000000,1.023264,-0.043576,1.066840
0.215000,pre_motion,0.000000,0.969129,-0.043576,1.012705
0.216000,pre_motion,0.000000,0.914994,-0.043576,0.958570
0.217000,pre_motion,0.000000,0.860858,-0.043576,0.904435
0.218000,pre_motion,0.000000,0.806723,-0.043576,0.850300
0.219000,pre_motion,0.000000,0.752588,-0.043576,0.796164
0.220000,pre_motion,0.000000,0.698453,-0.043576,0.742029
0.221000,pre_motion,0.000000,0.644318,-0.043576,0.687894
0.222000,pre_motion,0.000000,0.590183,-0.043576,0.633759
0.223000,pre_motion,0.000000,0.536047,-0.043576,0.579624
0.224000,pre_motion,0.000000,0.481912,-0.043576,0.525488
0.225000,pre_motion,0.000000,0.427777,-0.043576,0.471353
0.226000,pre_motion,0.000000,0.373642,-0.043576,0.417218
0.227000,pre_motion,0.000000,0.411519,-0.043576,0.455096
0.228000,pre_motion,0.000000,0.736607,-0.043576,0.780183
0.229000,pre_motion,0.000000,1.061694,-0.043576,1.105270
0.230000,pre_motion,0.000000,1.386782,-0.043576,1.430358
0.231000,pre_motion,0.000000,1.711869,-0.043576,1.755445
0.232000,pre_motion,0.000000,2.036956,-0.043576,2.080533
0.233000,pre_motion,0.000000,2.362044,-0.043576,2.405620
0.234000,pre_motion,0.000000,2.687131,-0.043576,2.730707
0.235000,pre_motion,0.000000,2.671379,-0.043576,2.714955
0.236000,pre_motion,0.000000,2.498204,-0.043576,2.541780
0.237000,pre_motion,0.000000,2.325029,-0.043576,2.368605
0.238000,pre_motion,0.000000,2.151854,-0.043576,2.195430
0.239000,pre_motion,0.000000,1.978679,-0.043576,2.022255
0.240000,pre_motion,0.000000,1.805504,-0.043576,1.849081
0.241000,pre_motion,0.000000,1.632329,-0.043576,1.675906
0.242000,pre_motion,0.000000,1.502879,-0.043576,1.546455
0.243000,pre_motion,0.000000,1.678166,-0.043576,1.721743
0.244000,pre_motion,0.000000,1.853454,-0.043576,1.897030
0.245000,pre_motion,0.000000,2.028742,-0.043576,2.072318
0.246000,pre_motion,0.000000,2.204029,-0.043576,2.247605
0.247000,pre_motion,0.000000,2.379317,-0.043576,2.422893
0.248000,pre_motion,0.000000,2.554604,-0.043576,2.598181
0.249000,pre_motion,0.000000,2.729892,-0.043576,2.773468
0.250000,pre_motion,0.000000,2.748861,-0.043576,2.792437
0.251000,pre_motion,0.000000,2.648405,-0.043576,2.691981
0.252000,pre_motion,0.000000,2.547949,-0.043576,2.591525
0.253000,pre_motion,0.000000,2.447493,-0.043576,2.491069
0.254000,pre_motion,0.000000,2.347037,-0.043576,2.390613
0.255000,pre_motion,0.000000,2.246581,-0.043576,2.290157
0.256000,pre_motion,0.000000,2.146125,-0.043576,2.189702
0.257000,pre_motion,0.000000,2.047958,-0.043576,2.091534
0.258000,pre_motion,0.000000,2.222554,-0.043576,2.266130
0.259000,pre_motion,0.000000,2.397149,-0.043576,2.440725
0.260000,pre_motion,0.000000,2.571745,-0.043576,2.615321
0.261000,pre_motion,0.000000,2.746340,-0.043576,2.789917
0.262000,pre_motion,0.000000,2.920936,-0.043576,2.964512
0.263000,pre_motion,0.000000,3.095532,-0.043576,3.139108
0.264000,pre_motion,0.000000,3.270127,-0.043576,3.313704
0.265000,pre_motion,0.000000,3.346706,-0.043576,3.390282
0.266000,pre_motion,0.000000,3.303360,-0.043576,3.346936
0.267000,pre_motion,0.000000,3.260014,-0.043576,3.303590
0.268000,pre_motion,0.000000,3.216668,-0.043576,3.260245
0.269000,pre_motion,0.000000,3.173323,-0.043576,3.216899
0.270000,pre_motion,0.000000,3.129977,-0.043576,3.173553
0.271000,pre_motion,0.000000,3.086631,-0.043576,3.130207
0.272000,pre_motion,0.000000,3.043285,-0.043576,3.086861
0.273000,pre_motion,0.000000,3.000752,-0.043576,3.044329
0.274000,pre_motion,0.000000,2.958319,-0.043576,3.001895
0.275000,pre_motion,0.000000,2.915885,-0.043576,2.959461
0.276000,pre_motion,0.000000,2.873451,-0.043576,2.917028
0.277000,pre_motion,0.000000,2.831018,-0.043576,2.874594
0.278000,pre_motion,0.000000,2.788584,-0.043576,2.832160
0.279000,pre_motion,0.000000,2.746150,-0.043576,2.789727
0.280000,pre_motion,0.000000,2.671495,-0.043576,2.715071
0.281000,pre_motion,0.000000,2.532178,-0.043576,2.575754
0.282000,pre_motion,0.000000,2.392861,-0.043576,2.436437
0.283000,pre_motion,0.000000,2.253543,-0.043576,2.297120
0.284000,pre_motion,0.000000,2.114226,-0.043576,2.157803
0.285000,pre_motion,0.000000,1.974909,-0.043576,2.018485
0.286000,pre_motion,0.000000,1.835592,-0.043576,1.879168
0.287000,pre_motion,0.000000,1.696275,-0.043576,1.739851
0.288000,pre_motion,0.000000,1.759311,-0.043576,1.802888
0.289000,pre_motion,0.000000,1.881431,-0.043576,1.925007
0.290000,pre_motion,0.000000,2.003551,-0.043576,2.047127
0.291000,pre_motion,0.000000,2.125670,-0.043576,2.169247
0.292000,pre_motion,0.000000,2.247790,-0.043576,2.291366
0.293000,pre_motion,0.000000,2.369910,-0.043576,2.413486
0.294000,pre_motion,0.000000,2.492030,-0.043576,2.535606
0.295000,pre_motion,0.000000,2.599022,-0.043576,2.642599
0.296000,pre_motion,0.000000,2.650924,-0.043576,2.694500
0.297000,pre_motion,0.000000,2.702825,-0.043576,2.746401
0.298000,pre_motion,0.000000,2.754726,-0.043576,2.798302
0.299000,pre_motion,0.000000,2.806627,-0.043576,2.850204
0.300000,pre_motion,0.000000,2.858529,-0.043576,2.902105
0.301000,pre_motion,0.000000,2.910430,-0.043576,2.954006
0.302000,pre_motion,0.000000,2.962331,-0.043576,3.005907
0.303000,pre_motion,0.000000,2.978477,-0.043576,3.022054
0.304000,pre_motion,0.000000,2.975944,-0.043576,3.019520
0.305000,pre_motion,0.000000,2.973411,-0.043576,3.016987
0.306000,pre_motion,0.000000,2.970878,-0.043576,3.014454
0.307000,pre_motion,0.000000,2.968345,-0.043576,3.011921
0.308000,pre_motion,0.000000,2.965812,-0.043576,3.009388
0.309000,pre_motion,0.000000,2.963279,-0.043576,3.006855
0.310000,pre_motion,0.000000,2.959721,-0.043576,3.003297
0.311000,pre_motion,0.000000,2.946765,-0.043576,2.990341
0.312000,pre_motion,0.000000,2.933809,-0.043576,2.977385
0.313000,pre_motion,0.000000,2.920853,-0.043576,2.964429
0.314000,pre_motion,0.000000,2.907896,-0.043576,2.951473
0.315000,pre_motion,0.000000,2.894940,-0.043576,2.938517
0.316000,pre_motion,0.000000,2.881984,-0.043576,2.925560
0.317000,pre_motion,0.000000,2.869028,-0.043576,2.912604
0.318000,pre_motion,0.000000,2.859832,-0.043576,2.903408
0.319000,pre_motion,0.000000,2.853842,-0.043576,2.897418
0.320000,pre_motion,0.000000,2.847852,-0.043576,2.891428
0.321000,pre_motion,0.000000,2.841863,-0.043576,2.885439
0.322000,pre_motion,0.000000,2.835873,-0.043576,2.879449
0.323000,pre_motion,0.000000,2.829883,-0.043576,2.873460
0.324000,pre_motion,0.000000,2.823894,-0.043576,2.867470
0.325000,pre_motion,0.000000,2.817904,-0.043576,2.861480
0.326000,pre_motion,0.000000,2.842264,-0.043576,2.885841
0.327000,pre_motion,0.000000,2.867209,-0.043576,2.910785
0.328000,pre_motion,0.000000,2.892154,-0.043576,2.935730
0.329000,pre_motion,0.000000,2.917098,-0.043576,2.960675
0.330000,pre_motion,0.000000,2.942043,-0.043576,2.985619
0.331000,pre_motion,0.000000,2.966988,-0.043576,3.010564
0.332000,pre_motion,0.000000,2.991932,-0.043576,3.035509
0.333000,pre_motion,0.000000,3.046199,-0.043576,3.089775
0.334000,pre_motion,0.000000,3.140539,-0.043576,3.184115
0.335000,pre_motion,0.000000,3.234879,-0.043576,3.278455
0.336000,pre_motion,0.000000,3.329219,-0.043576,3.372796
0.337000,pre_motion,0.000000,3.423560,-0.043576,3.467136
0.338000,pre_motion,0.000000,3.517900,-0.043576,3.561476
0.339000,pre_motion,0.000000,3.612240,-0.043576,3.655816
0.340000,pre_motion,0.000000,3.706580,-0.043576,3.750156
0.341000,pre_motion,0.000000,3.551329,-0.043576,3.594906
0.342000,pre_motion,0.000000,3.356776,-0.043576,3.400352
0.343000,pre_motion,0.000000,3.162222,-0.043576,3.205798
0.344000,pre_motion,0.000000,2.967668,-0.043576,3.011244
0.345000,pre_motion,0.000000,2.773114,-0.043576,2.816691
0.346000,pre_motion,0.000000,2.578561,-0.043576,2.622137
0.347000,pre_motion,0.000000,2.384007,-0.043576,2.427583
0.348000,pre_motion,0.000000,2.159585,-0.043576,2.203161
0.349000,pre_motion,0.000000,1.867221,-0.043576,1.910797
0.350000,pre_motion,0.000000,1.574858,-0.043576,1.618434
0.351000,pre_motion,0.000000,1.282494,-0.043576,1.326071
0.352000,pre_motion,0.000000,0.990131,-0.043576,1.033707
0.353000,pre_motion,0.000000,0.697767,-0.043576,0.741344
0.354000,pre_motion,0.000000,0.405404,-0.043576,0.448980
0.355000,pre_motion,0.000000,0.113040,-0.043576,0.156617
0.356000,pre_motion,0.000000,-0.060833,-0.043576,-0.017257
0.357000,pre_motion,0.000000,-0.194532,-0.043576,-0.150955
0.358000,pre_motion,0.000000,-0.328230,-0.043576,-0.284654
0.359000,pre_motion,0.000000,-0.461929,-0.043576,-0.418353
0.360000,pre_motion,0.000000,-0.595628,-0.043576,-0.552052
0.361000,pre_motion,0.000000,-0.729327,-0.043576,-0.685751
0.362000,pre_motion,0.000000,-0.863026,-0.043576,-0.819449
0.363000,pre_motion,0.000000,-0.972279,-0.043576,-0.928703
0.364000,pre_motion,0.000000,-0.976101,-0.043576,-0.932524
0.365000,pre_motion,0.000000,-0.979922,-0.043576,-0.936346
0.366000,pre_motion,0.000000,-0.983744,-0.043576,-0.940167
0.367000,pre_motion,0.000000,-0.987565,-0.043576,-0.943989
0.368000,pre_motion,0.000000,-0.991387,-0.043576,-0.947810
0.369000,pre_motion,0.000000,-0.995208,-0.043576,-0.951632
0.370000,pre_motion,0.000000,-0.999030,-0.043576,-0.955453
0.371000,pre_motion,0.000000,-0.956145,-0.043576,-0.912569
0.372000,pre_motion,0.000000,-0.885787,-0.043576,-0.842211
0.373000,pre_motion,0.000000,-0.815430,-0.043576,-0.771853
0.374000,pre_motion,0.000000,-0.745072,-0.043576,-0.701495
0.375000,pre_motion,0.000000,-0.674714,-0.043576,-0.631138
0.376000,pre_motion,0.000000,-0.604356,-0.043576,-0.560780
0.377000,pre_motion,0.000000,-0.533998,-0.043576,-0.490422
0.378000,pre_motion,0.000000,-0.467350,-0.043576,-0.423774
0.379000,pre_motion,0.000000,-0.449199,-0.043576,-0.405623
0.380000,pre_motion,0.000000,-0.431048,-0.043576,-0.387471
0.381000,pre_motion,0.000000,-0.412896,-0.043576,-0.369320
0.382000,pre_motion,0.000000,-0.394745,-0.043576,-0.351169
0.383000,pre_motion,0.000000,-0.376593,-0.043576,-0.333017
0.384000,pre_motion,0.000000,-0.358442,-0.043576,-0.314866
0.385000,pre_motion,0.000000,-0.340291,-0.043576,-0.296714
0.386000,pre_motion,0.000000,-0.315010,-0.043576,-0.271434
0.387000,pre_motion,0.000000,-0.282947,-0.043576,-0.239371
0.388000,pre_motion,0.000000,-0.250885,-0.043576,-0.207308
0.389000,pre_motion,0.000000,-0.218822,-0.043576,-0.175246
0.390000,pre_motion,0.000000,-0.186759,-0.043576,-0.143183
0.391000,pre_motion,0.000000,-0.154696,-0.043576,-0.111120
0.392000,pre_motion,0.000000,-0.122634,-0.043576,-0.079057
0.393000,pre_motion,0.000000,-0.090571,-0.043576,-0.046995
0.394000,pre_motion,0.000000,-0.099634,-0.043576,-0.056058
0.395000,pre_motion,0.000000,-0.110685,-0.043576,-0.067109
0.396000,pre_motion,0.000000,-0.121736,-0.043576,-0.078160
0.397000,pre_motion,0.000000,-0.132787,-0.043576,-0.089210
0.398000,pre_motion,0.000000,-0.143838,-0.043576,-0.100261
0.399000,pre_motion,0.000000,-0.154888,-0.043576,-0.111312
0.400000,pre_motion,0.000000,-0.165939,-0.043576,-0.122363
0.401000,pre_motion,0.000000,-0.217641,-0.043576,-0.174065
0.402000,pre_motion,0.000000,-0.331523,-0.043576,-0.287947
0.403000,pre_motion,0.000000,-0.445405,-0.043576,-0.401829
0.404000,pre_motion,0.000000,-0.559287,-0.043576,-0.515711
0.405000,pre_motion,0.000000,-0.673169,-0.043576,-0.629593
0.406000,pre_motion,0.000000,-0.787051,-0.043576,-0.743475
0.407000,pre_motion,0.000000,-0.900933,-0.043576,-0.857357
0.408000,pre_motion,0.000000,-1.014815,-0.043576,-0.971239
0.409000,pre_motion,0.000000,-1.131659,-0.043576,-1.088083
0.410000,pre_motion,0.000000,-1.249081,-0.043576,-1.205504
0.411000,pre_motion,0.000000,-1.366502,-0.043576,-1.322926
0.412000,pre_motion,0.000000,-1.483924,-0.043576,-1.440348
0.413000,pre_motion,0.000000,-1.601346,-0.043576,-1.557770
0.414000,pre_motion,0.000000,-1.718768,-0.043576,-1.675191
0.415000,pre_motion,0.000000,-1.836189,-0.043576,-1.792613
0.416000,pre_motion,0.000000,-1.922452,-0.043576,-1.878876
0.417000,pre_motion,0.000000,-1.927859,-0.043576,-1.884283
0.418000,pre_motion,0.000000,-1.933266,-0.043576,-1.889690
0.419000,pre_motion,0.000000,-1.938673,-0.043576,-1.895097
0.420000,pre_motion,0.000000,-1.944080,-0.043576,-1.900504
0.421000,pre_motion,0.000000,-1.949487,-0.043576,-1.905911
0.422000,pre_motion,0.000000,-1.954894,-0.043576,-1.911318
0.423000,pre_motion,0.000000,-1.960301,-0.043576,-1.916724
0.424000,pre_motion,0.000000,-1.936333,-0.043576,-1.892757
0.425000,pre_motion,0.000000,-1.900919,-0.043576,-1.857343
0.426000,pre_motion,0.000000,-1.865505,-0.043576,-1.821929
0.427000,pre_motion,0.000000,-1.830091,-0.043576,-1.786515
0.428000,pre_motion,0.000000,-1.794677,-0.043576,-1.751101
0.429000,pre_motion,0.000000,-1.759263,-0.043576,-1.715687
0.430000,pre_motion,0.000000,-1.723849,-0.043576,-1.680273
0.431000,pre_motion,0.000000,-1.688435,-0.043576,-1.644859
0.432000,pre_motion,0.000000,-1.653021,-0.043576,-1.609445
0.433000,pre_motion,0.000000,-1.617607,-0.043576,-1.574031
0.434000,pre_motion,0.000000,-1.582193,-0.043576,-1.538617
0.435000,pre_motion,0.000000,-1.546779,-0.043576,-1.503203
0.436000,pre_motion,0.000000,-1.511365,-0.043576,-1.467788
0.437000,pre_motion,0.000000,-1.475951,-0.043576,-1.432374
0.438000,pre_motion,0.000000,-1.440537,-0.043576,-1.396960
0.439000,pre_motion,0.000000,-1.327543,-0.043576,-1.283967
0.440000,pre_motion,0.000000,-1.163352,-0.043576,-1.119776
0.441000,pre_motion,0.000000,-0.999160,-0.043576,-0.955584
0.442000,pre_motion,0.000000,-0.834969,-0.043576,-0.791393
0.443000,pre_motion,0.000000,-0.670777,-0.043576,-0.627201
0.444000,pre_motion,0.000000,-0.506586,-0.043576,-0.463010
0.445000,pre_motion,0.000000,-0.342394,-0.043576,-0.298818
0.446000,pre_motion,0.000000,-0.179085,-0.043576,-0.135509
0.447000,pre_motion,0.000000,-0.035016,-0.043576,0.008560
0.448000,pre_motion,0.000000,0.109053,-0.043576,0.152629
0.449000,pre_motion,0.000000,0.253122,-0.043576,0.296698
0.450000,pre_motion,0.000000,0.397191,-0.043576,0.440767
0.451000,pre_motion,0.000000,0.541260,-0.043576,0.584836
0.452000,pre_motion,0.000000,0.685329,-0.043576,0.728905
0.453000,pre_motion,0.000000,0.829398,-0.043576,0.872974
0.454000,pre_motion,0.000000,0.929302,-0.043576,0.972878
0.455000,pre_motion,0.000000,0.982360,-0.043576,1.025936
0.456000,pre_motion,0.000000,1.035417,-0.043576,1.078993
0.457000,pre_motion,0.000000,1.088475,-0.043576,1.132051
0.458000,pre_motion,0.000000,1.141533,-0.043576,1.185109
0.459000,pre_motion,0.000000,1.194590,-0.043576,1.238167
0.460000,pre_motion,0.000000,1.247648,-0.043576,1.291224
0.461000,pre_motion,0.000000,1.300706,-0.043576,1.344282
0.462000,pre_motion,0.000000,1.315582,-0.043576,1.359158
0.463000,pre_motion,0.000000,1.327438,-0.043576,1.371014
0.464000,pre_motion,0.000000,1.339294,-0.043576,1.382870
0.465000,pre_motion,0.000000,1.351149,-0.043576,1.394726
0.466000,pre_motion,0.000000,1.363005,-0.043576,1.406582
0.467000,pre_motion,0.000000,1.374861,-0.043576,1.418437
0.468000,pre_motion,0.000000,1.386717,-0.043576,1.430293
0.469000,pre_motion,0.000000,1.333745,-0.043576,1.377321
0.470000,pre_motion,0.000000,1.169492,-0.043576,1.213068
0.471000,pre_motion,0.000000,1.005239,-0.043576,1.048816
0.472000,pre_motion,0.000000,0.840987,-0.043576,0.884563
0.473000,pre_motion,0.000000,0.676734,-0.043576,0.720310
0.474000,pre_motion,0.000000,0.512481,-0.043576,0.556057
0.475000,pre_motion,0.000000,0.348228,-0.043576,0.391805
0.476000,pre_motion,0.000000,0.183976,-0.043576,0.227552
0.477000,pre_motion,0.000000,0.028602,-0.043576,0.072179
0.478000,pre_motion,0.000000,-0.124682,-0.043576,-0.081105
0.479000,pre_motion,0.000000,-0.277966,-0.043576,-0.234389
0.480000,pre_motion,0.000000,-0.431250,-0.043576,-0.387674
0.481000,pre_motion,0.000000,-0.584534,-0.043576,-0.540958
0.482000,pre_motion,0.000000,-0.737818,-0.043576,-0.694242
0.483000,pre_motion,0.000000,-0.891102,-0.043576,-0.847526
0.484000,pre_motion,0.000000,-0.972100,-0.043576,-0.928524
0.485000,pre_motion,0.000000,-0.837340,-0.043576,-0.793764
0.486000,pre_motion,0.000000,-0.702581,-0.043576,-0.659004
0.487000,pre_motion,0.000000,-0.567821,-0.043576,-0.524245
0.488000,pre_motion,0.000000,-0.433061,-0.043576,-0.389485
0.489000,pre_motion,0.000000,-0.298302,-0.043576,-0.254726
0.490000,pre_motion,0.000000,-0.163542,-0.043576,-0.119966
0.491000,pre_motion,0.000000,-0.028783,-0.043576,0.014794
0.492000,pre_motion,0.000000,-0.049584,-0.043576,-0.006007
0.493000,pre_motion,0.000000,-0.139500,-0.043576,-0.095924
0.494000,pre_motion,0.000000,-0.229417,-0.043576,-0.185841
0.495000,pre_motion,0.000000,-0.319334,-0.043576,-0.275758
0.496000,pre_motion,0.000000,-0.409250,-0.043576,-0.365674
0.497000,pre_motion,0.000000,-0.499167,-0.043576,-0.455591
0.498000,pre_motion,0.000000,-0.589084,-0.043576,-0.545508
0.499000,pre_motion,0.000000,-0.666163,-0.043576,-0.622587
0.500000,pre_motion,0.000000,-0.660136,-0.043576,-0.616560
0.501000,pre_motion,0.000000,-0.654109,-0.043576,-0.610533
0.502000,pre_motion,0.000000,-0.648082,-0.043576,-0.604506
0.503000,pre_motion,0.000000,-0.642055,-0.043576,-0.598479
0.504000,pre_motion,0.000000,-0.636028,-0.043576,-0.592452
0.505000,pre_motion,0.000000,-0.630001,-0.043576,-0.586425
0.506000,pre_motion,0.000000,-0.623974,-0.043576,-0.580398
0.507000,pre_motion,0.000000,-0.641404,-0.043576,-0.597828
0.508000,pre_motion,0.000000,-0.676156,-0.043576,-0.632579
0.509000,pre_motion,0.000000,-0.710907,-0.043576,-0.667331
0.510000,pre_motion,0.000000,-0.745659,-0.043576,-0.702083
0.511000,pre_motion,0.000000,-0.780411,-0.043576,-0.736834
0.512000,pre_motion,0.000000,-0.815162,-0.043576,-0.771586
0.513000,pre_motion,0.000000,-0.849914,-0.043576,-0.806338
0.514000,pre_motion,0.000000,-0.882041,-0.043576,-0.838464
0.515000,pre_motion,0.000000,-0.759060,-0.043576,-0.715484
0.516000,pre_motion,0.000000,-0.636080,-0.043576,-0.592504
0.517000,pre_motion,0.000000,-0.513099,-0.043576,-0.469523
0.518000,pre_motion,0.000000,-0.390119,-0.043576,-0.346543
0.519000,pre_motion,0.000000,-0.267139,-0.043576,-0.223562
0.520000,pre_motion,0.000000,-0.144158,-0.043576,-0.100582
0.521000,pre_motion,0.000000,-0.021178,-0.043576,0.022399
0.522000,pre_motion,0.000000,0.041453,-0.043576,0.085029
0.523000,pre_motion,0.000000,0.032682,-0.043576,0.076259
0.524000,pre_motion,0.000000,0.023912,-0.043576,0.067488
0.525000,pre_motion,0.000000,0.015142,-0.043576,0.058718
0.526000,pre_motion,0.000000,0.006371,-0.043576,0.049948
0.527000,pre_motion,0.000000,-0.002399,-0.043576,0.041177
0.528000,pre_motion,0.000000,-0.011170,-0.043576,0.032407
0.529000,pre_motion,0.000000,-0.019940,-0.043576,0.023636
0.530000,pre_motion,0.000000,0.104497,-0.043576,0.148073
0.531000,pre_motion,0.000000,0.243819,-0.043576,0.287396
0.532000,pre_motion,0.000000,0.383142,-0.043576,0.426718
0.533000,pre_motion,0.000000,0.522464,-0.043576,0.566041
0.534000,pre_motion,0.000000,0.661787,-0.043576,0.705363
0.535000,pre_motion,0.000000,0.801109,-0.043576,0.844686
0.536000,pre_motion,0.000000,0.940432,-0.043576,0.984008
0.537000,pre_motion,0.000000,0.954081,-0.043576,0.997657
0.538000,pre_motion,0.000000,0.724756,-0.043576,0.768333
0.539000,pre_motion,0.000000,0.495432,-0.043576,0.539008
0.540000,pre_motion,0.000000,0.266107,-0.043576,0.309683
0.541000,pre_motion,0.000000,0.036782,-0.043576,0.080358
0.542000,pre_motion,0.000000,-0.192543,-0.043576,-0.148966
0.543000,pre_motion,0.000000,-0.421867,-0.043576,-0.378291
0.544000,pre_motion,0.000000,-0.651192,-0.043576,-0.607616
0.545000,pre_motion,0.000000,-0.830543,-0.043576,-0.786966
0.546000,pre_motion,0.000000,-0.995988,-0.043576,-0.952412
0.547000,pre_motion,0.000000,-1.161434,-0.043576,-1.117858
0.548000,pre_motion,0.000000,-1.326880,-0.043576,-1.283304
0.549000,pre_motion,0.000000,-1.492326,-0.043576,-1.448749
0.550000,pre_motion,0.000000,-1.657772,-0.043576,-1.614195
0.551000,pre_motion,0.000000,-1.823217,-0.043576,-1.779641
0.552000,pre_motion,0.000000,-1.915294,-0.043576,-1.871718
0.553000,pre_motion,0.000000,-1.752831,-0.043576,-1.709255
0.554000,pre_motion,0.000000,-1.590367,-0.043576,-1.546791
0.555000,pre_motion,0.000000,-1.427904,-0.043576,-1.384328
0.556000,pre_motion,0.000000,-1.265440,-0.043576,-1.221864
0.557000,pre_motion,0.000000,-1.102977,-0.043576,-1.059400
0.558000,pre_motion,0.000000,-0.940513,-0.043576,-0.896937
0.559000,pre_motion,0.000000,-0.778050,-0.043576,-0.734473
0.560000,pre_motion,0.000000,-0.719259,-0.043576,-0.675683
0.561000,pre_motion,0.000000,-0.712655,-0.043576,-0.669079
0.562000,pre_motion,0.000000,-0.706051,-0.043576,-0.662474
0.563000,pre_motion,0.000000,-0.699447,-0.043576,-0.655870
0.564000,pre_motion,0.000000,-0.692843,-0.043576,-0.649266
0.565000,pre_motion,0.000000,-0.686239,-0.043576,-0.642662
0.566000,pre_motion,0.000000,-0.679634,-0.043576,-0.636058
0.567000,pre_motion,0.000000,-0.667317,-0.043576,-0.623741
0.568000,pre_motion,0.000000,-0.607109,-0.043576,-0.563533
0.569000,pre_motion,0.000000,-0.546901,-0.043576,-0.503325
0.570000,pre_motion,0.000000,-0.486693,-0.043576,-0.443117
0.571000,pre_motion,0.000000,-0.426485,-0.043576,-0.382909
0.572000,pre_motion,0.000000,-0.366277,-0.043576,-0.322701
0.573000,pre_motion,0.000000,-0.306069,-0.043576,-0.262493
0.574000,pre_motion,0.000000,-0.245861,-0.043576,-0.202285
0.575000,pre_motion,0.000000,-0.136045,-0.043576,-0.092469
0.576000,pre_motion,0.000000,0.014685,-0.043576,0.058262
0.577000,pre_motion,0.000000,0.165416,-0.043576,0.208993
0.578000,pre_motion,0.000000,0.316147,-0.043576,0.359723
0.579000,pre_motion,0.000000,0.466878,-0.043576,0.510454
0.580000,pre_motion,0.000000,0.617609,-0.043576,0.661185
0.581000,pre_motion,0.000000,0.768339,-0.043576,0.811916
0.582000,pre_motion,0.000000,0.919070,-0.043576,0.962646
0.583000,pre_motion,0.000000,0.853842,-0.043576,0.897418
0.584000,pre_motion,0.000000,0.786307,-0.043576,0.829883
0.585000,pre_motion,0.000000,0.718772,-0.043576,0.762348
0.586000,pre_motion,0.000000,0.651237,-0.043576,0.694813
0.587000,pre_motion,0.000000,0.583702,-0.043576,0.627278
0.588000,pre_motion,0.000000,0.516167,-0.043576,0.559743
0.589000,pre_motion,0.000000,0.448632,-0.043576,0.492208
0.590000,pre_motion,0.000000,0.395480,-0.043576,0.439056
0.591000,pre_motion,0.000000,0.361328,-0.043576,0.404904
0.592000,pre_motion,0.000000,0.327175,-0.043576,0.370752
0.593000,pre_motion,0.000000,0.293023,-0.043576,0.336600
0.594000,pre_motion,0.000000,0.258871,-0.043576,0.302448
0.595000,pre_motion,0.000000,0.224719,-0.043576,0.268295
0.596000,pre_motion,0.000000,0.190567,-0.043576,0.234143
0.597000,pre_motion,0.000000,0.156415,-0.043576,0.199991
0.598000,pre_motion,0.000000,0.133972,-0.043576,0.177548
0.599000,pre_motion,0.000000,0.113243,-0.043576,0.156820
0.600000,pre_motion,0.000000,0.092515,-0.043576,0.136091
0.601000,pre_motion,0.000000,0.071786,-0.043576,0.115362
0.602000,pre_motion,0.000000,0.051057,-0.043576,0.094634
0.603000,pre_motion,0.000000,0.030329,-0.043576,0.073905
0.604000,pre_motion,0.000000,0.009600,-0.043576,0.053176
0.605000,pre_motion,0.000000,0.015256,-0.043576,0.058832
0.606000,pre_motion,0.000000,0.078634,-0.043576,0.122211
0.607000,pre_motion,0.000000,0.142013,-0.043576,0.185589
0.608000,pre_motion,0.000000,0.205392,-0.043576,0.248968
0.609000,pre_motion,0.000000,0.268771,-0.043576,0.312347
0.610000,pre_motion,0.000000,0.332149,-0.043576,0.375726
0.611000,pre_motion,0.000000,0.395528,-0.043576,0.439104
0.612000,pre_motion,0.000000,0.458907,-0.043576,0.502483
0.613000,pre_motion,0.000000,0.217263,-0.043576,0.260839
0.614000,pre_motion,0.000000,-0.123300,-0.043576,-0.079724
0.615000,pre_motion,0.000000,-0.463863,-0.043576,-0.420287
0.616000,pre_motion,0.000000,-0.804426,-0.043576,-0.760849
0.617000,pre_motion,0.000000,-1.144989,-0.043576,-1.101412
0.618000,pre_motion,0.000000,-1.485551,-0.043576,-1.441975
0.619000,pre_motion,0.000000,-1.826114,-0.043576,-1.782538
0.620000,pre_motion,0.000000,-2.077690,-0.043576,-2.034114
0.621000,pre_motion,0.000000,-1.965480,-0.043576,-1.921904
0.622000,pre_motion,0.000000,-1.853270,-0.043576,-1.809694
0.623000,pre_motion,0.000000,-1.741060,-0.043576,-1.697484
0.624000,pre_motion,0.000000,-1.628850,-0.043576,-1.585274
0.625000,pre_motion,0.000000,-1.516640,-0.043576,-1.473064
0.626000,pre_motion,0.000000,-1.404430,-0.043576,-1.360854
0.627000,pre_motion,0.000000,-1.292220,-0.043576,-1.248644
0.628000,pre_motion,0.000000,-1.205970,-0.043576,-1.162393
0.629000,pre_motion,0.000000,-1.134451,-0.043576,-1.090875
0.630000,pre_motion,0.000000,-1.062932,-0.043576,-1.019356
0.631000,pre_motion,0.000000,-0.991413,-0.043576,-0.947837
0.632000,pre_motion,0.000000,-0.919895,-0.043576,-0.876318
0.633000,pre_motion,0.000000,-0.848376,-0.043576,-0.804799
0.634000,pre_motion,0.000000,-0.776857,-0.043576,-0.733281
0.635000,pre_motion,0.000000,-0.701588,-0.043576,-0.658012
0.636000,pre_motion,0.000000,-0.582833,-0.043576,-0.539256
0.637000,pre_motion,0.000000,-0.464077,-0.043576,-0.420501
0.638000,pre_motion,0.000000,-0.345321,-0.043576,-0.301745
0.639000,pre_motion,0.000000,-0.226565,-0.043576,-0.182989
0.640000,pre_motion,0.000000,-0.107810,-0.043576,-0.064233
0.641000,pre_motion,0.000000,0.010946,-0.043576,0.054523
0.642000,pre_motion,0.000000,0.129702,-0.043576,0.173278
0.643000,pre_motion,0.000000,0.141597,-0.043576,0.185173
0.644000,pre_motion,0.000000,0.055167,-0.043576,0.098743
0.645000,pre_motion,0.000000,-0.031264,-0.043576,0.012313
0.646000,pre_motion,0.000000,-0.117694,-0.043576,-0.074117
0.647000,pre_motion,0.000000,-0.204124,-0.043576,-0.160548
0.648000,pre_motion,0.000000,-0.290554,-0.043576,-0.246978
0.649000,pre_motion,0.000000,-0.376984,-0.043576,-0.333408
0.650000,pre_motion,0.000000,-0.463414,-0.043576,-0.419838
0.651000,pre_motion,0.000000,-0.316988,-0.043576,-0.273411
0.652000,pre_motion,0.000000,-0.161419,-0.043576,-0.117843
0.653000,pre_motion,0.000000,-0.005850,-0.043576,0.037726
0.654000,pre_motion,0.000000,0.149719,-0.043576,0.193295
0.655000,pre_motion,0.000000,0.305288,-0.043576,0.348864
0.656000,pre_motion,0.000000,0.460857,-0.043576,0.504433
0.657000,pre_motion,0.000000,0.616425,-0.043576,0.660002
0.658000,pre_motion,0.000000,0.663250,-0.043576,0.706827
0.659000,pre_motion,0.000000,0.549413,-0.043576,0.592989
0.660000,pre_motion,0.000000,0.435576,-0.043576,0.479152
0.661000,pre_motion,0.000000,0.321738,-0.043576,0.365315
0.662000,pre_motion,0.000000,0.207901,-0.043576,0.251477
0.663000,pre_motion,0.000000,0.094064,-0.043576,0.137640
0.664000,pre_motion,0.000000,-0.019773,-0.043576,0.023803
0.665000,pre_motion,0.000000,-0.133611,-0.043576,-0.090034
0.666000,pre_motion,0.000000,-0.062212,-0.043576,-0.018635
0.667000,pre_motion,0.000000,0.043149,-0.043576,0.086725
0.668000,pre_motion,0.000000,0.148510,-0.043576,0.192086
0.669000,pre_motion,0.000000,0.253870,-0.043576,0.297447
0.670000,pre_motion,0.000000,0.359231,-0.043576,0.402807
0.671000,pre_motion,0.000000,0.464592,-0.043576,0.508168
0.672000,pre_motion,0.000000,0.569953,-0.043576,0.613529
0.673000,pre_motion,0.000000,0.567824,-0.043576,0.611401
0.674000,pre_motion,0.000000,0.297987,-0.043576,0.341564
0.675000,pre_motion,0.000000,0.028150,-0.043576,0.071727
0.676000,pre_motion,0.000000,-0.241687,-0.043576,-0.198110
0.677000,pre_motion,0.000000,-0.511524,-0.043576,-0.467948
0.678000,pre_motion,0.000000,-0.781361,-0.043576,-0.737785
0.679000,pre_motion,0.000000,-1.051198,-0.043576,-1.007622
0.680000,pre_motion,0.000000,-1.321035,-0.043576,-1.277459
0.681000,pre_motion,0.000000,-1.445688,-0.043576,-1.402111
0.682000,pre_motion,0.000000,-1.516070,-0.043576,-1.472494
0.683000,pre_motion,0.000000,-1.586453,-0.043576,-1.542877
0.684000,pre_motion,0.000000,-1.656835,-0.043576,-1.613259
0.685000,pre_motion,0.000000,-1.727218,-0.043576,-1.683642
0.686000,pre_motion,0.000000,-1.797600,-0.043576,-1.754024
0.687000,pre_motion,0.000000,-1.867983,-0.043576,-1.824407
0.688000,pre_motion,0.000000,-1.917648,-0.043576,-1.874072
0.689000,pre_motion,0.000000,-1.865678,-0.043576,-1.822102
0.690000,pre_motion,0.000000,-1.813709,-0.043576,-1.770133
0.691000,pre_motion,0.000000,-1.761739,-0.043576,-1.718163
0.692000,pre_motion,0.000000,-1.709770,-0.043576,-1.666194
0.693000,pre_motion,0.000000,-1.657800,-0.043576,-1.614224
0.694000,pre_motion,0.000000,-1.605831,-0.043576,-1.562255
0.695000,pre_motion,0.000000,-1.553861,-0.043576,-1.510285
0.696000,pre_motion,0.000000,-1.572600,-0.043576,-1.529024
0.697000,pre_motion,0.000000,-1.636405,-0.043576,-1.592828
0.698000,pre_motion,0.000000,-1.700209,-0.043576,-1.656632
0.699000,pre_motion,0.000000,-1.764013,-0.043576,-1.720437
0.700000,pre_motion,0.000000,-1.827817,-0.043576,-1.784241
0.701000,pre_motion,0.000000,-1.891621,-0.043576,-1.848045
0.702000,pre_motion,0.000000,-1.955425,-0.043576,-1.911849
0.703000,pre_motion,0.000000,-2.011912,-0.043576,-1.968336
0.704000,pre_motion,0.000000,-1.935466,-0.043576,-1.891890
0.705000,pre_motion,0.000000,-1.859020,-0.043576,-1.815444
0.706000,pre_motion,0.000000,-1.782574,-0.043576,-1.738998
0.707000,pre_motion,0.000000,-1.706128,-0.043576,-1.662552
0.708000,pre_motion,0.000000,-1.629682,-0.043576,-1.586106
0.709000,pre_motion,0.000000,-1.553236,-0.043576,-1.509660
0.710000,pre_motion,0.000000,-1.476790,-0.043576,-1.433214
0.711000,pre_motion,0.000000,-1.495114,-0.043576,-1.451538
0.712000,pre_motion,0.000000,-1.610669,-0.043576,-1.567093
0.713000,pre_motion,0.000000,-1.726224,-0.043576,-1.682648
0.714000,pre_motion,0.000000,-1.841779,-0.043576,-1.798203
0.715000,pre_motion,0.000000,-1.957334,-0.043576,-1.913757
0.716000,pre_motion,0.000000,-2.072889,-0.043576,-2.029312
0.717000,pre_motion,0.000000,-2.188443,-0.043576,-2.144867
0.718000,pre_motion,0.000000,-2.303998,-0.043576,-2.260422
0.719000,pre_motion,0.000000,-2.088904,-0.043576,-2.045328
0.720000,pre_motion,0.000000,-1.850828,-0.043576,-1.807252
0.721000,pre_motion,0.000000,-1.612752,-0.043576,-1.569176
0.722000,pre_motion,0.000000,-1.374676,-0.043576,-1.331100
0.723000,pre_motion,0.000000,-1.136601,-0.043576,-1.093024
0.724000,pre_motion,0.000000,-0.898525,-0.043576,-0.854949
0.725000,pre_motion,0.000000,-0.660449,-0.043576,-0.616873
0.726000,pre_motion,0.000000,-0.532832,-0.043576,-0.489256
0.727000,pre_motion,0.000000,-0.588192,-0.043576,-0.544615
0.728000,pre_motion,0.000000,-0.643551,-0.043576,-0.599975
0.729000,pre_motion,0.000000,-0.698910,-0.043576,-0.655334
0.730000,pre_motion,0.000000,-0.754270,-0.043576,-0.710693
0.731000,pre_motion,0.000000,-0.809629,-0.043576,-0.766053
0.732000,pre_motion,0.000000,-0.864988,-0.043576,-0.821412
0.733000,pre_motion,0.000000,-0.920348,-0.043576,-0.876771
0.734000,pre_motion,0.000000,-0.906666,-0.043576,-0.863089
0.735000,pre_motion,0.000000,-0.877607,-0.043576,-0.834031
0.736000,pre_motion,0.000000,-0.848549,-0.043576,-0.804973
0.737000,pre_motion,0.000000,-0.819491,-0.043576,-0.775914
0.738000,pre_motion,0.000000,-0.790432,-0.043576,-0.746856
0.739000,pre_motion,0.000000,-0.761374,-0.043576,-0.717798
0.740000,pre_motion,0.000000,-0.732316,-0.043576,-0.688739
0.741000,pre_motion,0.000000,-0.713132,-0.043576,-0.669556
0.742000,pre_motion,0.000000,-0.722159,-0.043576,-0.678583
0.743000,pre_motion,0.000000,-0.731187,-0.043576,-0.687610
0.744000,pre_motion,0.000000,-0.740214,-0.043576,-0.696638
0.745000,pre_motion,0.000000,-0.749241,-0.043576,-0.705665
0.746000,pre_motion,0.000000,-0.758268,-0.043576,-0.714692
0.747000,pre_motion,0.000000,-0.767296,-0.043576,-0.723719
0.748000,pre_motion,0.000000,-0.776323,-0.043576,-0.732747
0.749000,pre_motion,0.000000,-0.785350,-0.043576,-0.741774
0.750000,pre_motion,0.000000,-0.794378,-0.043576,-0.750801
0.751000,pre_motion,0.000000,-0.803405,-0.043576,-0.759829
0.752000,pre_motion,0.000000,-0.812432,-0.043576,-0.768856
0.753000,pre_motion,0.000000,-0.821459,-0.043576,-0.777883
0.754000,pre_motion,0.000000,-0.830487,-0.043576,-0.786910
0.755000,pre_motion,0.000000,-0.839514,-0.043576,-0.795938
0.756000,pre_motion,0.000000,-0.838345,-0.043576,-0.794768
0.757000,pre_motion,0.000000,-0.775626,-0.043576,-0.732049
0.758000,pre_motion,0.000000,-0.712906,-0.043576,-0.669330
0.759000,pre_motion,0.000000,-0.650187,-0.043576,-0.606611
0.760000,pre_motion,0.000000,-0.587468,-0.043576,-0.543892
0.761000,pre_motion,0.000000,-0.524749,-0.043576,-0.481173
0.762000,pre_motion,0.000000,-0.462030,-0.043576,-0.418453
0.763000,pre_motion,0.000000,-0.399310,-0.043576,-0.355734
0.764000,pre_motion,0.000000,-0.348041,-0.043576,-0.304464
0.765000,pre_motion,0.000000,-0.304942,-0.043576,-0.261366
0.766000,pre_motion,0.000000,-0.261843,-0.043576,-0.218267
0.767000,pre_motion,0.000000,-0.218745,-0.043576,-0.175169
0.768000,pre_motion,0.000000,-0.175646,-0.043576,-0.132070
0.769000,pre_motion,0.000000,-0.132548,-0.043576,-0.088971
0.770000,pre_motion,0.000000,-0.089449,-0.043576,-0.045873
0.771000,pre_motion,0.000000,-0.043576,-0.043576,0.000000
0.772000,pre_motion,0.000000,0.110669,-0.043576,0.154245
0.773000,pre_motion,0.000000,0.264914,-0.043576,0.308490
0.774000,pre_motion,0.000000,0.419159,-0.043576,0.462735
0.775000,pre_motion,0.000000,0.573404,-0.043576,0.616981
0.776000,pre_motion,0.000000,0.727649,-0.043576,0.771226
0.777000,pre_motion,0.000000,0.881895,-0.043576,0.925471
0.778000,pre_motion,0.000000,1.036140,-0.043576,1.079716
0.779000,pre_motion,0.000000,1.131965,-0.043576,1.175541
0.780000,pre_motion,0.000000,1.160948,-0.043576,1.204525
0.781000,pre_motion,0.000000,1.189932,-0.043576,1.233508
0.782000,pre_motion,0.000000,1.218915,-0.043576,1.262491
0.783000,pre_motion,0.000000,1.247899,-0.043576,1.291475
0.784000,pre_motion,0.000000,1.276882,-0.043576,1.320458
0.785000,pre_motion,0.000000,1.305865,-0.043576,1.349442
0.786000,pre_motion,0.000000,1.334849,-0.043576,1.378425
0.787000,pre_motion,0.000000,1.414275,-0.043576,1.457851
0.788000,pre_motion,0.000000,1.498823,-0.043576,1.542400
0.789000,pre_motion,0.000000,1.583372,-0.043576,1.626949
0.790000,pre_motion,0.000000,1.667921,-0.043576,1.711497
0.791000,pre_motion,0.000000,1.752470,-0.043576,1.796046
0.792000,pre_motion,0.000000,1.837019,-0.043576,1.880595
0.793000,pre_motion,0.000000,1.921568,-0.043576,1.965144
0.794000,pre_motion,0.000000,1.963111,-0.043576,2.006688
0.795000,pre_motion,0.000000,1.924516,-0.043576,1.968092
0.796000,pre_motion,0.000000,1.885920,-0.043576,1.929497
0.797000,pre_motion,0.000000,1.847325,-0.043576,1.890901
0.798000,pre_motion,0.000000,1.808729,-0.043576,1.852306
0.799000,pre_motion,0.000000,1.770134,-0.043576,1.813710
0.800000,pre_motion,0.000000,1.731538,-0.043576,1.775115
0.801000,pre_motion,0.000000,1.692943,-0.043576,1.736519
0.802000,pre_motion,0.000000,1.805720,-0.043576,1.849296
0.803000,pre_motion,0.000000,1.958579,-0.043576,2.002155
0.804000,pre_motion,0.000000,2.111438,-0.043576,2.155014
0.805000,pre_motion,0.000000,2.264297,-0.043576,2.307873
0.806000,pre_motion,0.000000,2.417156,-0.043576,2.460732
0.807000,pre_motion,0.000000,2.570015,-0.043576,2.613591
0.808000,pre_motion,0.000000,2.722873,-0.043576,2.766450
0.809000,pre_motion,0.000000,2.835870,-0.043576,2.879447
0.810000,pre_motion,0.000000,2.816959,-0.043576,2.860536
0.811000,pre_motion,0.000000,2.798048,-0.043576,2.841625
0.812000,pre_motion,0.000000,2.779137,-0.043576,2.822714
0.813000,pre_motion,0.000000,2.760226,-0.043576,2.803803
0.814000,pre_motion,0.000000,2.741315,-0.043576,2.784892
0.815000,pre_motion,0.000000,2.722404,-0.043576,2.765981
0.816000,pre_motion,0.000000,2.703493,-0.043576,2.747070
0.817000,pre_motion,0.000000,2.505132,-0.043576,2.548708
0.818000,pre_motion,0.000000,2.219772,-0.043576,2.263348
0.819000,pre_motion,0.000000,1.934412,-0.043576,1.977988
0.820000,pre_motion,0.000000,1.649052,-0.043576,1.692628
0.821000,pre_motion,0.000000,1.363691,-0.043576,1.407268
0.822000,pre_motion,0.000000,1.078331,-0.043576,1.121908
0.823000,pre_motion,0.000000,0.792971,-0.043576,0.836547
0.824000,pre_motion,0.000000,0.519817,-0.043576,0.563394
0.825000,pre_motion,0.000000,0.340683,-0.043576,0.384260
0.826000,pre_motion,0.000000,0.161549,-0.043576,0.205126
0.827000,pre_motion,0.000000,-0.017585,-0.043576,0.025992
0.828000,pre_motion,0.000000,-0.196719,-0.043576,-0.153142
0.829000,pre_motion,0.000000,-0.375853,-0.043576,-0.332276
0.830000,pre_motion,0.000000,-0.554987,-0.043576,-0.511410
0.831000,pre_motion,0.000000,-0.734121,-0.043576,-0.690544
0.832000,pre_motion,0.000000,-0.742189,-0.043576,-0.698613
0.833000,pre_motion,0.000000,-0.613834,-0.043576,-0.570258
0.834000,pre_motion,0.000000,-0.485480,-0.043576,-0.441903
0.835000,pre_motion,0.000000,-0.357125,-0.043576,-0.313548
0.836000,pre_motion,0.000000,-0.228770,-0.043576,-0.185194
0.837000,pre_motion,0.000000,-0.100415,-0.043576,-0.056839
0.838000,pre_motion,0.000000,0.027940,-0.043576,0.071516
0.839000,pre_motion,0.000000,0.156294,-0.043576,0.199871
0.840000,pre_motion,0.000000,-0.004054,-0.043576,0.039523
0.841000,pre_motion,0.000000,-0.165052,-0.043576,-0.121476
0.842000,pre_motion,0.000000,-0.326051,-0.043576,-0.282475
0.843000,pre_motion,0.000000,-0.487050,-0.043576,-0.443473
0.844000,pre_motion,0.000000,-0.648048,-0.043576,-0.604472
0.845000,pre_motion,0.000000,-0.809047,-0.043576,-0.765471
0.846000,pre_motion,0.000000,-0.970046,-0.043576,-0.926469
0.847000,pre_motion,0.000000,-1.031938,-0.043576,-0.988362
0.848000,pre_motion,0.000000,-0.967270,-0.043576,-0.923694
0.849000,pre_motion,0.000000,-0.902603,-0.043576,-0.859027
0.850000,pre_motion,0.000000,-0.837936,-0.043576,-0.794360
0.851000,pre_motion,0.000000,-0.773268,-0.043576,-0.729692
0.852000,pre_motion,0.000000,-0.708601,-0.043576,-0.665025
0.853000,pre_motion,0.000000,-0.643934,-0.043576,-0.600358
0.854000,pre_motion,0.000000,-0.579266,-0.043576,-0.535690
0.855000,pre_motion,0.000000,-0.412968,-0.043576,-0.369391
0.856000,pre_motion,0.000000,-0.232888,-0.043576,-0.189312
0.857000,pre_motion,0.000000,-0.052808,-0.043576,-0.009232
0.858000,pre_motion,0.000000,0.127272,-0.043576,0.170848
0.859000,pre_motion,0.000000,0.307352,-0.043576,0.350928
0.860000,pre_motion,0.000000,0.487431,-0.043576,0.531008
0.861000,pre_motion,0.000000,0.667511,-0.043576,0.711088
0.862000,pre_motion,0.000000,0.801513,-0.043576,0.845090
0.863000,pre_motion,0.000000,0.838501,-0.043576,0.882077
0.864000,pre_motion,0.000000,0.875489,-0.043576,0.919065
0.865000,pre_motion,0.000000,0.912477,-0.043576,0.956053
0.866000,pre_motion,0.000000,0.949465,-0.043576,0.993041
0.867000,pre_motion,0.000000,0.986453,-0.043576,1.030029
0.868000,pre_motion,0.000000,1.023441,-0.043576,1.067017
0.869000,pre_motion,0.000000,1.060428,-0.043576,1.104005
0.870000,pre_motion,0.000000,1.062000,-0.043576,1.105577
0.871000,pre_motion,0.000000,1.052598,-0.043576,1.096174
0.872000,pre_motion,0.000000,1.043196,-0.043576,1.086772
0.873000,pre_motion,0.000000,1.033793,-0.043576,1.077370
0.874000,pre_motion,0.000000,1.024391,-0.043576,1.067967
0.875000,pre_motion,0.000000,1.014989,-0.043576,1.058565
0.876000,pre_motion,0.000000,1.005586,-0.043576,1.049163
0.877000,pre_motion,0.000000,0.965394,-0.043576,1.008970
0.878000,pre_motion,0.000000,0.805694,-0.043576,0.849270
0.879000,pre_motion,0.000000,0.645993,-0.043576,0.689570
0.880000,pre_motion,0.000000,0.486293,-0.043576,0.529869
0.881000,pre_motion,0.000000,0.326592,-0.043576,0.370169
0.882000,pre_motion,0.000000,0.166892,-0.043576,0.210468
0.883000,pre_motion,0.000000,0.007191,-0.043576,0.050768
0.884000,pre_motion,0.000000,-0.152509,-0.043576,-0.108933
0.885000,pre_motion,0.000000,-0.176687,-0.043576,-0.133110
0.886000,pre_motion,0.000000,-0.126690,-0.043576,-0.083114
0.887000,pre_motion,0.000000,-0.076693,-0.043576,-0.033117
0.888000,pre_motion,0.000000,-0.026697,-0.043576,0.016880
0.889000,pre_motion,0.000000,0.023300,-0.043576,0.066876
0.890000,pre_motion,0.000000,0.073297,-0.043576,0.116873
0.891000,pre_motion,0.000000,0.123294,-0.043576,0.166870
0.892000,pre_motion,0.000000,0.170417,-0.043576,0.213994
0.893000,pre_motion,0.000000,0.187656,-0.043576,0.231232
0.894000,pre_motion,0.000000,0.204894,-0.043576,0.248470
0.895000,pre_motion,0.000000,0.222132,-0.043576,0.265709
0.896000,pre_motion,0.000000,0.239371,-0.043576,0.282947
0.897000,pre_motion,0.000000,0.256609,-0.043576,0.300185
0.898000,pre_motion,0.000000,0.273847,-0.043576,0.317424
0.899000,pre_motion,0.000000,0.291086,-0.043576,0.334662
0.900000,pre_motion,0.000000,0.228641,-0.043576,0.272218
0.901000,pre_motion,0.000000,0.095286,-0.043576,0.138862
0.902000,pre_motion,0.000000,-0.038070,-0.043576,0.005506
0.903000,pre_motion,0.000000,-0.171426,-0.043576,-0.127850
0.904000,pre_motion,0.000000,-0.304782,-0.043576,-0.261205
0.905000,pre_motion,0.000000,-0.438137,-0.043576,-0.394561
0.906000,pre_motion,0.000000,-0.571493,-0.043576,-0.527917
0.907000,pre_motion,0.000000,-0.704849,-0.043576,-0.661273
0.908000,pre_motion,0.000000,-0.900817,-0.043576,-0.857241
0.909000,pre_motion,0.000000,-1.098686,-0.043576,-1.055110
0.910000,pre_motion,0.000000,-1.296555,-0.043576,-1.252979
0.911000,pre_motion,0.000000,-1.494424,-0.043576,-1.450848
0.912000,pre_motion,0.000000,-1.692293,-0.043576,-1.648717
0.913000,pre_motion,0.000000,-1.890162,-0.043576,-1.846586
0.914000,pre_motion,0.000000,-2.088031,-0.043576,-2.044454
0.915000,pre_motion,0.000000,-2.122913,-0.043576,-2.079336
0.916000,pre_motion,0.000000,-1.925147,-0.043576,-1.881571
0.917000,pre_motion,0.000000,-1.727382,-0.043576,-1.683805
0.918000,pre_motion,0.000000,-1.529616,-0.043576,-1.486040
0.919000,pre_motion,0.000000,-1.331851,-0.043576,-1.288275
0.920000,pre_motion,0.000000,-1.134085,-0.043576,-1.090509
0.921000,pre_motion,0.000000,-0.936320,-0.043576,-0.892744
0.922000,pre_motion,0.000000,-0.738554,-0.043576,-0.694978
0.923000,pre_motion,0.000000,-0.616018,-0.043576,-0.572442
0.924000,pre_motion,0.000000,-0.506406,-0.043576,-0.462830
0.925000,pre_motion,0.000000,-0.396794,-0.043576,-0.353217
0.926000,pre_motion,0.000000,-0.287182,-0.043576,-0.243605
0.927000,pre_motion,0.000000,-0.177570,-0.043576,-0.133993
0.928000,pre_motion,0.000000,-0.067958,-0.043576,-0.024381
0.929000,pre_motion,0.000000,0.041654,-0.043576,0.085231
0.930000,pre_motion,0.000000,0.128408,-0.043576,0.171984
0.931000,pre_motion,0.000000,0.160481,-0.043576,0.204058
0.932000,pre_motion,0.000000,0.192555,-0.043576,0.236131
0.933000,pre_motion,0.000000,0.224629,-0.043576,0.268205
0.934000,pre_motion,0.000000,0.256703,-0.043576,0.300279
0.935000,pre_motion,0.000000,0.288776,-0.043576,0.332352
0.936000,pre_motion,0.000000,0.320850,-0.043576,0.364426
0.937000,pre_motion,0.000000,0.352924,-0.043576,0.396500
0.938000,pre_motion,0.000000,0.204217,-0.043576,0.247793
0.939000,pre_motion,0.000000,-0.009260,-0.043576,0.034316
0.940000,pre_motion,0.000000,-0.222736,-0.043576,-0.179160
0.941000,pre_motion,0.000000,-0.436213,-0.043576,-0.392637
0.942000,pre_motion,0.000000,-0.649690,-0.043576,-0.606113
0.943000,pre_motion,0.000000,-0.863166,-0.043576,-0.819590
0.944000,pre_motion,0.000000,-1.076643,-0.043576,-1.033066
0.945000,pre_motion,0.000000,-1.228602,-0.043576,-1.185025
0.946000,pre_motion,0.000000,-1.095791,-0.043576,-1.052215
0.947000,pre_motion,0.000000,-0.962980,-0.043576,-0.919404
0.948000,pre_motion,0.000000,-0.830169,-0.043576,-0.786593
0.949000,pre_motion,0.000000,-0.697358,-0.043576,-0.653782
0.950000,pre_motion,0.000000,-0.564548,-0.043576,-0.520971
0.951000,pre_motion,0.000000,-0.431737,-0.043576,-0.388160
0.952000,pre_motion,0.000000,-0.298926,-0.043576,-0.255350
0.953000,pre_motion,0.000000,-0.350171,-0.043576,-0.306595
0.954000,pre_motion,0.000000,-0.514671,-0.043576,-0.471095
0.955000,pre_motion,0.000000,-0.679171,-0.043576,-0.635595
0.956000,pre_motion,0.000000,-0.843671,-0.043576,-0.800095
0.957000,pre_motion,0.000000,-1.008172,-0.043576,-0.964595
0.958000,pre_motion,0.000000,-1.172672,-0.043576,-1.129095
0.959000,pre_motion,0.000000,-1.337172,-0.043576,-1.293595
0.960000,pre_motion,0.000000,-1.480659,-0.043576,-1.437083
0.961000,pre_motion,0.000000,-1.297787,-0.043576,-1.254211
0.962000,pre_motion,0.000000,-1.114915,-0.043576,-1.071338
0.963000,pre_motion,0.000000,-0.932042,-0.043576,-0.888466
0.964000,pre_motion,0.000000,-0.749170,-0.043576,-0.705594
0.965000,pre_motion,0.000000,-0.566298,-0.043576,-0.522722
0.966000,pre_motion,0.000000,-0.383426,-0.043576,-0.339850
0.967000,pre_motion,0.000000,-0.200554,-0.043576,-0.156977
0.968000,pre_motion,0.000000,-0.296903,-0.043576,-0.253327
0.969000,pre_motion,0.000000,-0.670348,-0.043576,-0.626772
0.970000,pre_motion,0.000000,-1.043793,-0.043576,-1.000217
0.971000,pre_motion,0.000000,-1.417238,-0.043576,-1.373661
0.972000,pre_motion,0.000000,-1.790682,-0.043576,-1.747106
0.973000,pre_motion,0.000000,-2.164127,-0.043576,-2.120551
0.974000,pre_motion,0.000000,-2.537572,-0.043576,-2.493995
0.975000,pre_motion,0.000000,-2.911016,-0.043576,-2.867440
0.976000,pre_motion,0.000000,-2.785081,-0.043576,-2.741505
0.977000,pre_motion,0.000000,-2.629148,-0.043576,-2.585571
0.978000,pre_motion,0.000000,-2.473214,-0.043576,-2.429638
0.979000,pre_motion,0.000000,-2.317281,-0.043576,-2.273705
0.980000,pre_motion,0.000000,-2.161347,-0.043576,-2.117771
0.981000,pre_motion,0.000000,-2.005414,-0.043576,-1.961838
0.982000,pre_motion,0.000000,-1.849481,-0.043576,-1.805904
0.983000,pre_motion,0.000000,-1.677989,-0.043576,-1.634412
0.984000,pre_motion,0.000000,-1.481618,-0.043576,-1.438042
0.985000,pre_motion,0.000000,-1.285247,-0.043576,-1.241671
0.986000,pre_motion,0.000000,-1.088876,-0.043576,-1.045300
0.987000,pre_motion,0.000000,-0.892506,-0.043576,-0.848929
0.988000,pre_motion,0.000000,-0.696135,-0.043576,-0.652559
0.989000,pre_motion,0.000000,-0.499764,-0.043576,-0.456188
0.990000,pre_motion,0.000000,-0.303393,-0.043576,-0.259817
0.991000,pre_motion,0.000000,-0.161617,-0.043576,-0.118041
0.992000,pre_motion,0.000000,-0.031327,-0.043576,0.012249
0.993000,pre_motion,0.000000,0.098962,-0.043576,0.142539
0.994000,pre_motion,0.000000,0.229252,-0.043576,0.272828
0.995000,pre_motion,0.000000,0.359542,-0.043576,0.403118
0.996000,pre_motion,0.000000,0.489832,-0.043576,0.533408
0.997000,pre_motion,0.000000,0.620121,-0.043576,0.663698
0.998000,pre_motion,0.000000,0.730691,-0.043576,0.774267
0.999000,pre_motion,0.000000,0.787285,-0.043576,0.830861
1.000000,pre_motion,0.000000,0.843879,-0.043576,0.887455
1.001000,pre_motion,0.000000,0.900474,-0.043576,0.944050
1.002000,pre_motion,0.000000,0.957068,-0.043576,1.000644
1.003000,pre_motion,0.000000,1.013662,-0.043576,1.057238
1.004000,pre_motion,0.000000,1.070256,-0.043576,1.113833
1.005000,pre_motion,0.000000,1.126851,-0.043576,1.170427
1.006000,pre_motion,0.000000,1.089968,-0.043576,1.133544
1.007000,pre_motion,0.000000,1.014721,-0.043576,1.058297
1.008000,pre_motion,0.000000,0.939474,-0.043576,0.983051
1.009000,pre_motion,0.000000,0.864228,-0.043576,0.907804
1.010000,pre_motion,0.000000,0.788981,-0.043576,0.832558
1.011000,pre_motion,0.000000,0.713735,-0.043576,0.757311
1.012000,pre_motion,0.000000,0.638488,-0.043576,0.682065
1.013000,pre_motion,0.000000,0.558552,-0.043576,0.602128
1.014000,pre_motion,0.000000,0.452130,-0.043576,0.495706
1.015000,pre_motion,0.000000,0.345707,-0.043576,0.389284
1.016000,pre_motion,0.000000,0.239285,-0.043576,0.282862
1.017000,pre_motion,0.000000,0.132863,-0.043576,0.176439
1.018000,pre_motion,0.000000,0.026441,-0.043576,0.070017
1.019000,pre_motion,0.000000,-0.079981,-0.043576,-0.036405
1.020000,pre_motion,0.000000,-0.186403,-0.043576,-0.142827
1.021000,pre_motion,0.000000,-0.291979,-0.043576,-0.248403
1.022000,pre_motion,0.000000,-0.396972,-0.043576,-0.353395
1.023000,pre_motion,0.000000,-0.501964,-0.043576,-0.458388
1.024000,pre_motion,0.000000,-0.606957,-0.043576,-0.563380
1.025000,pre_motion,0.000000,-0.711949,-0.043576,-0.668373
1.026000,pre_motion,0.000000,-0.816942,-0.043576,-0.773365
1.027000,pre_motion,0.000000,-0.921934,-0.043576,-0.878358
1.028000,pre_motion,0.000000,-1.026429,-0.043576,-0.982853
1.029000,pre_motion,0.000000,-1.116476,-0.043576,-1.072899
1.030000,pre_motion,0.000000,-1.206522,-0.043576,-1.162946
1.031000,pre_motion,0.000000,-1.296569,-0.043576,-1.252993
1.032000,pre_motion,0.000000,-1.386615,-0.043576,-1.343039
1.033000,pre_motion,0.000000,-1.476662,-0.043576,-1.433086
1.034000,pre_motion,0.000000,-1.566708,-0.043576,-1.523132
1.035000,pre_motion,0.000000,-1.656755,-0.043576,-1.613179
1.036000,pre_motion,0.000000,-1.740903,-0.043576,-1.697326
1.037000,pre_motion,0.000000,-1.818522,-0.043576,-1.774946
1.038000,pre_motion,0.000000,-1.896142,-0.043576,-1.852566
1.039000,pre_motion,0.000000,-1.973762,-0.043576,-1.930186
1.040000,pre_motion,0.000000,-2.051382,-0.043576,-2.007806
1.041000,pre_motion,0.000000,-2.129002,-0.043576,-2.085426
1.042000,pre_motion,0.000000,-2.206622,-0.043576,-2.163046
1.043000,pre_motion,0.000000,-2.284242,-0.043576,-2.240665
1.044000,pre_motion,0.000000,-2.240027,-0.043576,-2.196450
1.045000,pre_motion,0.000000,-2.184657,-0.043576,-2.141081
1.046000,pre_motion,0.000000,-2.129288,-0.043576,-2.085711
1.047000,pre_motion,0.000000,-2.073918,-0.043576,-2.030342
1.048000,pre_motion,0.000000,-2.018548,-0.043576,-1.974972
1.049000,pre_motion,0.000000,-1.963179,-0.043576,-1.919602
1.050000,pre_motion,0.000000,-1.907809,-0.043576,-1.864233
1.051000,pre_motion,0.000000,-1.854936,-0.043576,-1.811360
1.052000,pre_motion,0.000000,-1.806548,-0.043576,-1.762972
1.053000,pre_motion,0.000000,-1.758161,-0.043576,-1.714584
1.054000,pre_motion,0.000000,-1.709773,-0.043576,-1.666197
1.055000,pre_motion,0.000000,-1.661385,-0.043576,-1.617809
1.056000,pre_motion,0.000000,-1.612998,-0.043576,-1.569422
1.057000,pre_motion,0.000000,-1.564610,-0.043576,-1.521034
1.058000,pre_motion,0.000000,-1.516223,-0.043576,-1.472646
1.059000,pre_motion,0.000000,-1.452241,-0.043576,-1.408665
1.060000,pre_motion,0.000000,-1.384336,-0.043576,-1.340760
1.061000,pre_motion,0.000000,-1.316431,-0.043576,-1.272855
1.062000,pre_motion,0.000000,-1.248526,-0.043576,-1.204950
1.063000,pre_motion,0.000000,-1.180621,-0.043576,-1.137045
1.064000,pre_motion,0.000000,-1.112716,-0.043576,-1.069140
1.065000,pre_motion,0.000000,-1.044811,-0.043576,-1.001235
1.066000,pre_motion,0.000000,-0.976906,-0.043576,-0.933330
1.067000,pre_motion,0.000000,-0.909001,-0.043576,-0.865425
1.068000,pre_motion,0.000000,-0.841096,-0.043576,-0.797520
1.069000,pre_motion,0.000000,-0.773191,-0.043576,-0.729615
1.070000,pre_motion,0.000000,-0.705286,-0.043576,-0.661710
1.071000,pre_motion,0.000000,-0.637381,-0.043576,-0.593805
1.072000,pre_motion,0.000000,-0.569476,-0.043576,-0.525900
1.073000,pre_motion,0.000000,-0.501571,-0.043576,-0.457994
1.074000,pre_motion,0.000000,-0.408900,-0.043576,-0.365324
1.075000,pre_motion,0.000000,-0.304672,-0.043576,-0.261096
1.076000,pre_motion,0.000000,-0.200443,-0.043576,-0.156867
1.077000,pre_motion,0.000000,-0.096215,-0.043576,-0.052639
1.078000,pre_motion,0.000000,0.008013,-0.043576,0.051590
1.079000,pre_motion,0.000000,0.112242,-0.043576,0.155818
1.080000,pre_motion,0.000000,0.216470,-0.043576,0.260046
1.081000,pre_motion,0.000000,0.295843,-0.043576,0.339419
1.082000,pre_motion,0.000000,0.198366,-0.043576,0.241943
1.083000,pre_motion,0.000000,0.100890,-0.043576,0.144467
1.084000,pre_motion,0.000000,0.003414,-0.043576,0.046990
1.085000,pre_motion,0.000000,-0.094062,-0.043576,-0.050486
1.086000,pre_motion,0.000000,-0.191538,-0.043576,-0.147962
1.087000,pre_motion,0.000000,-0.289014,-0.043576,-0.245438
1.088000,pre_motion,0.000000,-0.386490,-0.043576,-0.342914
1.089000,pre_motion,0.000000,-0.545631,-0.043576,-0.502055
1.090000,pre_motion,0.000000,-0.752315,-0.043576,-0.708739
1.091000,pre_motion,0.000000,-0.958999,-0.043576,-0.915423
1.092000,pre_motion,0.000000,-1.165683,-0.043576,-1.122107
1.093000,pre_motion,0.000000,-1.372367,-0.043576,-1.328791
1.094000,pre_motion,0.000000,-1.579051,-0.043576,-1.535475
1.095000,pre_motion,0.000000,-1.785735,-0.043576,-1.742159
1.096000,pre_motion,0.000000,-1.991829,-0.043576,-1.948253
1.097000,pre_motion,0.000000,-2.101407,-0.043576,-2.057831
1.098000,pre_motion,0.000000,-2.210984,-0.043576,-2.167408
1.099000,pre_motion,0.000000,-2.320562,-0.043576,-2.276986
1.100000,pre_motion,0.000000,-2.430140,-0.043576,-2.386563
1.101000,pre_motion,0.000000,-2.539717,-0.043576,-2.496141
1.102000,pre_motion,0.000000,-2.649295,-0.043576,-2.605719
1.103000,pre_motion,0.000000,-2.758873,-0.043576,-2.715296
1.104000,pre_motion,0.000000,-2.823598,-0.043576,-2.780022
1.105000,pre_motion,0.000000,-2.832947,-0.043576,-2.789370
1.106000,pre_motion,0.000000,-2.842295,-0.043576,-2.798719
1.107000,pre_motion,0.000000,-2.851643,-0.043576,-2.808067
1.108000,pre_motion,0.000000,-2.860991,-0.043576,-2.817415
1.109000,pre_motion,0.000000,-2.870340,-0.043576,-2.826763
1.110000,pre_motion,0.000000,-2.879688,-0.043576,-2.836112
1.111000,pre_motion,0.000000,-2.889036,-0.043576,-2.845460
1.112000,pre_motion,0.000000,-2.763180,-0.043576,-2.719604
1.113000,pre_motion,0.000000,-2.620427,-0.043576,-2.576851
1.114000,pre_motion,0.000000,-2.477674,-0.043576,-2.434098
1.115000,pre_motion,0.000000,-2.334922,-0.043576,-2.291345
1.116000,pre_motion,0.000000,-2.192169,-0.043576,-2.148593
1.117000,pre_motion,0.000000,-2.049416,-0.043576,-2.005840
1.118000,pre_motion,0.000000,-1.906663,-0.043576,-1.863087
1.119000,pre_motion,0.000000,-1.731229,-0.043576,-1.687652
1.120000,pre_motion,0.000000,-1.489540,-0.043576,-1.445964
1.121000,pre_motion,0.000000,-1.247851,-0.043576,-1.204275
1.122000,pre_motion,0.000000,-1.006162,-0.043576,-0.962586
1.123000,pre_motion,0.000000,-0.764474,-0.043576,-0.720897
1.124000,pre_motion,0.000000,-0.522785,-0.043576,-0.479209
1.125000,pre_motion,0.000000,-0.281096,-0.043576,-0.237520
1.126000,pre_motion,0.000000,-0.039408,-0.043576,0.004169
1.127000,pre_motion,0.000000,-0.237172,-0.043576,-0.193595
1.128000,pre_motion,0.000000,-0.564901,-0.043576,-0.521325
1.129000,pre_motion,0.000000,-0.892631,-0.043576,-0.849055
1.130000,pre_motion,0.000000,-1.220361,-0.043576,-1.176785
1.131000,pre_motion,0.000000,-1.548091,-0.043576,-1.504514
1.132000,pre_motion,0.000000,-1.875820,-0.043576,-1.832244
1.133000,pre_motion,0.000000,-2.203550,-0.043576,-2.159974
1.134000,pre_motion,0.000000,-2.413386,-0.043576,-2.369810
1.135000,pre_motion,0.000000,-2.188086,-0.043576,-2.144509
1.136000,pre_motion,0.000000,-1.962785,-0.043576,-1.919209
1.137000,pre_motion,0.000000,-1.737484,-0.043576,-1.693908
1.138000,pre_motion,0.000000,-1.512184,-0.043576,-1.468608
1.139000,pre_motion,0.000000,-1.286883,-0.043576,-1.243307
1.140000,pre_motion,0.000000,-1.061583,-0.043576,-1.018006
1.141000,pre_motion,0.000000,-0.836282,-0.043576,-0.792706
1.142000,pre_motion,0.000000,-0.823741,-0.043576,-0.780165
1.143000,pre_motion,0.000000,-0.923464,-0.043576,-0.879888
1.144000,pre_motion,0.000000,-1.023186,-0.043576,-0.979610
1.145000,pre_motion,0.000000,-1.122909,-0.043576,-1.079332
1.146000,pre_motion,0.000000,-1.222631,-0.043576,-1.179055
1.147000,pre_motion,0.000000,-1.322353,-0.043576,-1.278777
1.148000,pre_motion,0.000000,-1.422076,-0.043576,-1.378500
1.149000,pre_motion,0.000000,-1.537977,-0.043576,-1.494401
1.150000,pre_motion,0.000000,-1.806190,-0.043576,-1.762614
1.151000,pre_motion,0.000000,-2.074403,-0.043576,-2.030827
1.152000,pre_motion,0.000000,-2.342616,-0.043576,-2.299040
1.153000,pre_motion,0.000000,-2.610830,-0.043576,-2.567253
1.154000,pre_motion,0.000000,-2.879043,-0.043576,-2.835467
1.155000,pre_motion,0.000000,-3.147256,-0.043576,-3.103680
1.156000,pre_motion,0.000000,-3.415469,-0.043576,-3.371893
1.157000,pre_motion,0.000000,-3.483167,-0.043576,-3.439590
1.158000,pre_motion,0.000000,-3.378287,-0.043576,-3.334710
1.159000,pre_motion,0.000000,-3.273407,-0.043576,-3.229831
1.160000,pre_motion,0.000000,-3.168527,-0.043576,-3.124951
1.161000,pre_motion,0.000000,-3.063647,-0.043576,-3.020071
1.162000,pre_motion,0.000000,-2.958767,-0.043576,-2.915191
1.163000,pre_motion,0.000000,-2.853887,-0.043576,-2.810311
1.164000,pre_motion,0.000000,-2.749007,-0.043576,-2.705431
1.165000,pre_motion,0.000000,-2.681986,-0.043576,-2.638410
1.166000,pre_motion,0.000000,-2.615783,-0.043576,-2.572207
1.167000,pre_motion,0.000000,-2.549580,-0.043576,-2.506003
1.168000,pre_motion,0.000000,-2.483376,-0.043576,-2.439800
1.169000,pre_motion,0.000000,-2.417173,-0.043576,-2.373596
1.170000,pre_motion,0.000000,-2.350969,-0.043576,-2.307393
1.171000,pre_motion,0.000000,-2.284766,-0.043576,-2.241190
1.172000,pre_motion,0.000000,-2.218562,-0.043576,-2.174986
1.173000,pre_motion,0.000000,-2.152359,-0.043576,-2.108783
1.174000,pre_motion,0.000000,-2.086156,-0.043576,-2.042579
1.175000,pre_motion,0.000000,-2.019952,-0.043576,-1.976376
1.176000,pre_motion,0.000000,-1.953749,-0.043576,-1.910173
1.177000,pre_motion,0.000000,-1.887545,-0.043576,-1.843969
1.178000,pre_motion,0.000000,-1.821342,-0.043576,-1.777766
1.179000,pre_motion,0.000000,-1.755139,-0.043576,-1.711562
1.180000,pre_motion,0.000000,-1.688935,-0.043576,-1.645359
1.181000,pre_motion,0.000000,-1.622732,-0.043576,-1.579155
1.182000,pre_motion,0.000000,-1.556528,-0.043576,-1.512952
1.183000,pre_motion,0.000000,-1.490325,-0.043576,-1.446749
1.184000,pre_motion,0.000000,-1.424122,-0.043576,-1.380545
1.185000,pre_motion,0.000000,-1.357918,-0.043576,-1.314342
1.186000,pre_motion,0.000000,-1.291715,-0.043576,-1.248138
1.187000,pre_motion,0.000000,-1.173139,-0.043576,-1.129563
1.188000,pre_motion,0.000000,-0.934162,-0.043576,-0.890586
1.189000,pre_motion,0.000000,-0.695185,-0.043576,-0.651609
1.190000,pre_motion,0.000000,-0.456208,-0.043576,-0.412632
1.191000,pre_motion,0.000000,-0.217231,-0.043576,-0.173655
1.192000,pre_motion,0.000000,0.021746,-0.043576,0.065322
1.193000,pre_motion,0.000000,0.260723,-0.043576,0.304299
1.194000,pre_motion,0.000000,0.499700,-0.043576,0.543276
1.195000,pre_motion,0.000000,0.556351,-0.043576,0.599927
1.196000,pre_motion,0.000000,0.550446,-0.043576,0.594022
1.197000,pre_motion,0.000000,0.544541,-0.043576,0.588118
1.198000,pre_motion,0.000000,0.538637,-0.043576,0.582213
1.199000,pre_motion,0.000000,0.532732,-0.043576,0.576308
1.200000,pre_motion,0.000000,0.526828,-0.043576,0.570404
1.201000,pre_motion,0.000000,0.520923,-0.043576,0.564499
1.202000,pre_motion,0.000000,0.514777,-0.043576,0.558353
1.203000,pre_motion,0.000000,0.507576,-0.043576,0.551152
1.204000,pre_motion,0.000000,0.500374,-0.043576,0.543950
1.205000,pre_motion,0.000000,0.493173,-0.043576,0.536749
1.206000,pre_motion,0.000000,0.485971,-0.043576,0.529547
1.207000,pre_motion,0.000000,0.478769,-0.043576,0.522346
1.208000,pre_motion,0.000000,0.471568,-0.043576,0.515144
1.209000,pre_motion,0.000000,0.464366,-0.043576,0.507943
1.210000,pre_motion,0.000000,0.431358,-0.043576,0.474934
1.211000,pre_motion,0.000000,0.383023,-0.043576,0.426599
1.212000,pre_motion,0.000000,0.334688,-0.043576,0.378264
1.213000,pre_motion,0.000000,0.286352,-0.043576,0.329929
1.214000,pre_motion,0.000000,0.238017,-0.043576,0.281593
1.215000,pre_motion,0.000000,0.189682,-0.043576,0.233258
1.216000,pre_motion,0.000000,0.141347,-0.043576,0.184923
1.217000,pre_motion,0.000000,0.095266,-0.043576,0.138842
1.218000,pre_motion,0.000000,0.079692,-0.043576,0.123268
1.219000,pre_motion,0.000000,0.064118,-0.043576,0.107695
1.220000,pre_motion,0.000000,0.048544,-0.043576,0.092121
1.221000,pre_motion,0.000000,0.032971,-0.043576,0.076547
1.222000,pre_motion,0.000000,0.017397,-0.043576,0.060973
1.223000,pre_motion,0.000000,0.001823,-0.043576,0.045399
1.224000,pre_motion,0.000000,-0.013751,-0.043576,0.029825
1.225000,pre_motion,0.000000,-0.026704,-0.043576,0.016872
1.226000,pre_motion,0.000000,-0.037142,-0.043576,0.006434
1.227000,pre_motion,0.000000,-0.047580,-0.043576,-0.004004
1.228000,pre_motion,0.000000,-0.058018,-0.043576,-0.014442
1.229000,pre_motion,0.000000,-0.068456,-0.043576,-0.024879
1.230000,pre_motion,0.000000,-0.078894,-0.043576,-0.035317
1.231000,pre_motion,0.000000,-0.089331,-0.043576,-0.045755
1.232000,pre_motion,0.000000,-0.099769,-0.043576,-0.056193
1.233000,pre_motion,0.000000,-0.062625,-0.043576,-0.019048
1.234000,pre_motion,0.000000,-0.023063,-0.043576,0.020514
1.235000,pre_motion,0.000000,0.016499,-0.043576,0.060075
1.236000,pre_motion,0.000000,0.056061,-0.043576,0.099637
1.237000,pre_motion,0.000000,0.095623,-0.043576,0.139199
1.238000,pre_motion,0.000000,0.135185,-0.043576,0.178761
1.239000,pre_motion,0.000000,0.174747,-0.043576,0.218323
1.240000,pre_motion,0.000000,0.282968,-0.043576,0.326545
1.241000,pre_motion,0.000000,0.497204,-0.043576,0.540780
1.242000,pre_motion,0.000000,0.711440,-0.043576,0.755016
1.243000,pre_motion,0.000000,0.925675,-0.043576,0.969251
1.244000,pre_motion,0.000000,1.139911,-0.043576,1.183487
1.245000,pre_motion,0.000000,1.354146,-0.043576,1.397723
1.246000,pre_motion,0.000000,1.568382,-0.043576,1.611958
1.247000,pre_motion,0.000000,1.782618,-0.043576,1.826194
1.248000,pre_motion,0.000000,1.908747,-0.043576,1.952323
1.249000,pre_motion,0.000000,2.017402,-0.043576,2.060979
1.250000,pre_motion,0.000000,2.126058,-0.043576,2.169634
1.251000,pre_motion,0.000000,2.234713,-0.043576,2.278289
1.252000,pre_motion,0.000000,2.343368,-0.043576,2.386945
1.253000,pre_motion,0.000000,2.452024,-0.043576,2.495600
1.254000,pre_motion,0.000000,2.560679,-0.043576,2.604255
1.255000,pre_motion,0.000000,2.642174,-0.043576,2.685750
1.256000,pre_motion,0.000000,2.652393,-0.043576,2.695970
1.257000,pre_motion,0.000000,2.662612,-0.043576,2.706189
1.258000,pre_motion,0.000000,2.672832,-0.043576,2.716408
1.259000,pre_motion,0.000000,2.683051,-0.043576,2.726627
1.260000,pre_motion,0.000000,2.693270,-0.043576,2.736846
1.261000,pre_motion,0.000000,2.703489,-0.043576,2.747065
1.262000,pre_motion,0.000000,2.713708,-0.043576,2.757284
1.263000,pre_motion,0.000000,2.699124,-0.043576,2.742700
1.264000,pre_motion,0.000000,2.674766,-0.043576,2.718342
1.265000,pre_motion,0.000000,2.650407,-0.043576,2.693984
1.266000,pre_motion,0.000000,2.626049,-0.043576,2.669626
1.267000,pre_motion,0.000000,2.601691,-0.043576,2.645268
1.268000,pre_motion,0.000000,2.577333,-0.043576,2.620910
1.269000,pre_motion,0.000000,2.552975,-0.043576,2.596552
1.270000,pre_motion,0.000000,2.528205,-0.043576,2.571781
1.271000,pre_motion,0.000000,2.501247,-0.043576,2.544823
1.272000,pre_motion,0.000000,2.474290,-0.043576,2.517866
1.273000,pre_motion,0.000000,2.447332,-0.043576,2.490909
1.274000,pre_motion,0.000000,2.420375,-0.043576,2.463951
1.275000,pre_motion,0.000000,2.393418,-0.043576,2.436994
1.276000,pre_motion,0.000000,2.366460,-0.043576,2.410036
1.277000,pre_motion,0.000000,2.339503,-0.043576,2.383079
1.278000,pre_motion,0.000000,2.394909,-0.043576,2.438486
1.279000,pre_motion,0.000000,2.505184,-0.043576,2.548760
1.280000,pre_motion,0.000000,2.615459,-0.043576,2.659035
1.281000,pre_motion,0.000000,2.725734,-0.043576,2.769310
1.282000,pre_motion,0.000000,2.836008,-0.043576,2.879585
1.283000,pre_motion,0.000000,2.946283,-0.043576,2.989859
1.284000,pre_motion,0.000000,3.056558,-0.043576,3.100134
1.285000,X_outbound,0.000224,3.162373,-0.043576,3.205949
1.286000,X_outbound,0.005598,3.165442,-0.043431,3.208873
1.287000,X_outbound,0.010973,3.168512,-0.042993,3.211505
1.288000,X_outbound,0.016348,3.171581,-0.042264,3.213846
1.289000,X_outbound,0.021722,3.174651,-0.041244,3.215895
1.290000,X_outbound,0.027097,3.177720,-0.039932,3.217652
1.291000,X_outbound,0.032472,3.180789,-0.038329,3.219119
1.292000,X_outbound,0.037846,3.183859,-0.036435,3.220294
1.293000,X_outbound,0.043221,3.289969,-0.034249,3.324218
1.294000,X_outbound,0.048596,3.506363,-0.031772,3.538135
1.295000,X_outbound,0.053970,3.722758,-0.029003,3.751761
1.296000,X_outbound,0.059345,3.939152,-0.025944,3.965095
1.297000,X_outbound,0.064720,4.155546,-0.022593,4.178139
1.298000,X_outbound,0.070095,4.371940,-0.018951,4.390891
1.299000,X_outbound,0.075469,4.588334,-0.015019,4.603353
1.300000,X_outbound,0.080844,4.804729,-0.010795,4.815524
1.301000,X_outbound,0.086219,5.148528,-0.006281,5.154809
1.302000,X_outbound,0.091593,5.502740,-0.001476,5.504216
1.303000,X_outbound,0.096968,5.856952,0.003619,5.853332
1.304000,X_outbound,0.102343,6.211164,0.009005,6.202159
1.305000,X_outbound,0.107717,6.565375,0.014681,6.550695
1.306000,X_outbound,0.113092,6.919587,0.020647,6.898940
1.307000,X_outbound,0.118467,7.273799,0.026903,7.246896
1.308000,X_outbound,0.123841,7.786623,0.033449,7.753174
1.309000,X_outbound,0.129216,8.574360,0.040284,8.534076
1.310000,X_outbound,0.134591,9.362097,0.047409,9.314688
1.311000,X_outbound,0.139965,10.149835,0.054824,10.095011
1.312000,X_outbound,0.145340,10.937572,0.062527,10.875045
1.313000,X_outbound,0.150715,11.725309,0.070520,11.654789
1.314000,X_outbound,0.156090,12.513046,0.078801,12.434245
1.315000,X_outbound,0.161464,13.300783,0.087371,13.213413
1.316000,X_outbound,0.166839,13.555010,0.096229,13.458781
1.317000,X_outbound,0.172214,13.681878,0.105375,13.576503
1.318000,X_outbound,0.177588,13.808746,0.114809,13.693937
1.319000,X_outbound,0.182963,13.935615,0.124531,13.811083
1.320000,X_outbound,0.188338,14.062483,0.134541,13.927942
1.321000,X_outbound,0.193712,14.189351,0.144838,14.044514
1.322000,X_outbound,0.199087,14.316219,0.155421,14.160798
1.323000,X_outbound,0.204462,14.353988,0.166291,14.187696
1.324000,X_outbound,0.209836,14.122605,0.177448,13.945156
1.325000,X_outbound,0.215211,13.891221,0.188891,13.702330
1.326000,X_outbound,0.220586,13.659838,0.200620,13.459218
1.327000,X_outbound,0.225960,13.428455,0.212635,13.215820
1.328000,X_outbound,0.231335,13.197072,0.224935,12.972137
1.329000,X_outbound,0.236710,12.965689,0.237520,12.728169
1.330000,X_outbound,0.242085,12.734306,0.250389,12.483917
1.331000,X_outbound,0.247459,12.898964,0.263543,12.635421
1.332000,X_outbound,0.252834,13.241446,0.276982,12.964465
1.333000,X_outbound,0.258209,13.583929,0.290704,13.293225
1.334000,X_outbound,0.263583,13.926411,0.304709,13.621702
1.335000,X_outbound,0.268958,14.268894,0.318998,13.949896
1.336000,X_outbound,0.274333,14.611376,0.333569,14.277807
1.337000,X_outbound,0.279707,14.953858,0.348423,14.605435
1.338000,X_outbound,0.285082,15.298202,0.363559,14.934643
1.339000,X_outbound,0.290457,15.654834,0.378977,15.275857
1.340000,X_outbound,0.295831,16.011465,0.394676,15.616789
1.341000,X_outbound,0.301206,16.368097,0.410656,15.957441
1.342000,X_outbound,0.306581,16.724728,0.426916,16.297812
1.343000,X_outbound,0.311955,17.081360,0.443457,16.637903
1.344000,X_outbound,0.317330,17.437992,0.460277,16.977714
1.345000,X_outbound,0.322705,17.794623,0.477377,17.317246
1.346000,X_outbound,0.328080,18.229212,0.494756,17.734456
1.347000,X_outbound,0.333454,18.721900,0.512413,18.209487
1.348000,X_outbound,0.338829,19.214589,0.530349,18.684240
1.349000,X_outbound,0.344204,19.707278,0.548562,19.158716
1.350000,X_outbound,0.349578,20.199967,0.567053,19.632914
1.351000,X_outbound,0.354953,20.692656,0.585820,20.106836
1.352000,X_outbound,0.360328,21.185345,0.604863,20.580481
1.353000,X_outbound,0.365702,21.675519,0.624183,21.051336
1.354000,X_outbound,0.371077,21.993472,0.643778,21.349694
1.355000,X_outbound,0.376452,22.311425,0.663648,21.647777
1.356000,X_outbound,0.381826,22.629378,0.683792,21.945586
1.357000,X_outbound,0.387201,22.947331,0.704210,22.243121
1.358000,X_outbound,0.392576,23.265284,0.724902,22.540382
1.359000,X_outbound,0.397950,23.583238,0.745867,22.837370
1.360000,X_outbound,0.403325,23.901191,0.767104,23.134086
1.361000,X_outbound,0.408700,24.510991,0.788614,23.722377
1.362000,X_outbound,0.414075,25.469220,0.810395,24.658826
1.363000,X_outbound,0.419449,26.427450,0.832446,25.595004
1.364000,X_outbound,0.424824,27.385680,0.854768,26.530912
1.365000,X_outbound,0.430199,28.343910,0.877360,27.466549
1.366000,X_outbound,0.435573,29.302139,0.900222,28.401918
1.367000,X_outbound,0.440948,30.260369,0.923352,29.337017
1.368000,X_outbound,0.446323,31.218599,0.946750,30.271849
1.369000,X_outbound,0.451697,31.874133,0.970416,30.903717
1.370000,X_outbound,0.457072,32.494998,0.994349,31.500648
1.371000,X_outbound,0.462447,33.115862,1.018549,32.097313
1.372000,X_outbound,0.467821,33.736727,1.043015,32.693713
1.373000,X_outbound,0.473196,34.357592,1.067745,33.289846
1.374000,X_outbound,0.478571,34.978457,1.092741,33.885716
1.375000,X_outbound,0.483945,35.599321,1.118001,34.481320
1.376000,X_outbound,0.488410,36.106884,1.143524,34.963360
1.377000,X_outbound,0.491097,36.393183,1.169310,35.223873
1.378000,X_outbound,0.493785,36.679483,1.195359,35.484125
1.379000,X_outbound,0.496472,36.965783,1.221669,35.744115
1.380000,X_outbound,0.499159,37.252083,1.248240,36.003843
1.381000,X_outbound,0.501847,37.538383,1.275072,36.263312
1.382000,X_outbound,0.504534,37.824683,1.302163,36.522520
1.383000,X_outbound,0.507221,38.110983,1.329513,36.781470
1.384000,X_outbound,0.509909,38.397283,1.357122,37.040161
1.385000,X_outbound,0.512596,38.683583,1.384989,37.298594
1.386000,X_outbound,0.515284,38.969883,1.413113,37.556770
1.387000,X_outbound,0.517971,39.256183,1.441493,37.814690
1.388000,X_outbound,0.520658,39.542483,1.470129,38.072354
1.389000,X_outbound,0.523346,39.828783,1.499019,38.329763
1.390000,X_outbound,0.526033,40.115083,1.528165,38.586918
1.391000,X_outbound,0.529315,40.451278,1.557564,38.893715
1.392000,X_outbound,0.534690,40.962843,1.587215,39.375628
1.393000,X_outbound,0.540065,41.474408,1.617120,39.857288
1.394000,X_outbound,0.545440,41.985972,1.647275,40.338697
1.395000,X_outbound,0.550814,42.497537,1.677681,40.819855
1.396000,X_outbound,0.556189,43.009101,1.708338,41.300763
1.397000,X_outbound,0.561564,43.520666,1.739244,41.781422
1.398000,X_outbound,0.566938,44.032230,1.770398,42.261833
1.399000,X_outbound,0.572313,44.653631,1.801800,42.851831
1.400000,X_outbound,0.577688,45.330882,1.833449,43.497433
1.401000,X_outbound,0.583062,46.008132,1.865344,44.142788
1.402000,X_outbound,0.588437,46.685382,1.897485,44.787897
1.403000,X_outbound,0.593812,47.362633,1.929871,45.432762
1.404000,X_outbound,0.599186,48.039883,1.962501,46.077382
1.405000,X_outbound,0.604561,48.717133,1.995374,46.721760
1.406000,X_outbound,0.609936,49.399304,2.028489,47.370815
1.407000,X_outbound,0.615310,50.123707,2.061846,48.061861
1.408000,X_outbound,0.620685,50.848110,2.095443,48.752667
1.409000,X_outbound,0.626060,51.572513,2.129281,49.443232
1.410000,X_outbound,0.631435,52.296916,2.163358,50.133558
1.411000,X_outbound,0.636809,53.021319,2.197673,50.823646
1.412000,X_outbound,0.642184,53.745722,2.232225,51.513497
1.413000,X_outbound,0.647559,54.470125,2.267015,52.203111
1.414000,X_outbound,0.652933,54.921965,2.302040,52.619925
1.415000,X_outbound,0.658308,55.146950,2.337300,52.809650
1.416000,X_outbound,0.663683,55.371935,2.372794,52.999141
1.417000,X_outbound,0.669057,55.596920,2.408522,53.188398
1.418000,X_outbound,0.674432,55.821905,2.444482,53.377423
1.419000,X_outbound,0.679807,56.046890,2.480673,53.566216
1.420000,X_outbound,0.685181,56.271875,2.517096,53.754779
1.421000,X_outbound,0.690556,56.496859,2.553748,53.943112
1.422000,X_outbound,0.695931,56.981864,2.590629,54.391236
1.423000,X_outbound,0.701305,57.470245,2.627738,54.842507
1.424000,X_outbound,0.706680,57.958626,2.665074,55.293552
1.425000,X_outbound,0.712055,58.447007,2.702637,55.744370
1.426000,X_outbound,0.717430,58.935387,2.740424,56.194963
1.427000,X_outbound,0.722804,59.423768,2.778437,56.645331
1.428000,X_outbound,0.728179,59.912149,2.816672,57.095476
1.429000,X_outbound,0.733554,60.331245,2.855131,57.476114
1.430000,X_outbound,0.738928,60.657974,2.893811,57.764163
1.431000,X_outbound,0.744303,60.984703,2.932712,58.051992
1.432000,X_outbound,0.749678,61.311432,2.971832,58.339600
1.433000,X_outbound,0.755052,61.638162,3.011172,58.626990
1.434000,X_outbound,0.760427,61.964891,3.050729,58.914162
1.435000,X_outbound,0.765802,62.291620,3.090503,59.201116
1.436000,X_outbound,0.771176,62.618349,3.130494,59.487855
1.437000,X_outbound,0.776551,63.049515,3.170699,59.878816
1.438000,X_outbound,0.781926,63.496283,3.211119,60.285165
1.439000,X_outbound,0.787300,63.943051,3.251751,60.691300
1.440000,X_outbound,0.792675,64.389819,3.292596,61.097224
1.441000,X_outbound,0.798050,64.836587,3.333652,61.502936
1.442000,X_outbound,0.803425,65.283356,3.374918,61.908438
1.443000,X_outbound,0.808799,65.730124,3.416393,62.313731
1.444000,X_outbound,0.814174,66.005798,3.458076,62.547722
1.445000,X_outbound,0.819549,65.903215,3.499966,62.403249
1.446000,X_outbound,0.824923,65.800633,3.542063,62.258570
1.447000,X_outbound,0.830298,65.698050,3.584364,62.113686
1.448000,X_outbound,0.835673,65.595467,3.626870,61.968597
1.449000,X_outbound,0.841047,65.492885,3.669579,61.823306
1.450000,X_outbound,0.846422,65.390302,3.712490,61.677812
1.451000,X_outbound,0.851797,65.287719,3.755602,61.532118
1.452000,X_outbound,0.857171,65.497120,3.798914,61.698207
1.453000,X_outbound,0.862546,65.808932,3.842424,61.966507
1.454000,X_outbound,0.867921,66.120743,3.886133,62.234610
1.455000,X_outbound,0.873295,66.432554,3.930038,62.502515
1.456000,X_outbound,0.878670,66.744365,3.974140,62.770225
1.457000,X_outbound,0.884045,67.056176,4.018436,63.037740
1.458000,X_outbound,0.889420,67.367987,4.062925,63.305062
1.459000,X_outbound,0.894794,67.789854,4.107608,63.682247
1.460000,X_outbound,0.900169,68.668120,4.152481,64.515639
1.461000,X_outbound,0.905544,69.546386,4.197545,65.348841
1.462000,X_outbound,0.910918,70.424652,4.242799,66.181853
1.463000,X_outbound,0.916293,71.302918,4.288240,67.014677
1.464000,X_outbound,0.921668,72.181184,4.333869,67.847314
1.465000,X_outbound,0.927042,73.059449,4.379684,68.679765
1.466000,X_outbound,0.932417,73.937715,4.425684,69.512032
1.467000,X_outbound,0.937792,74.572485,4.471867,70.100618
1.468000,X_outbound,0.943166,75.067721,4.518234,70.549487
1.469000,X_outbound,0.948541,75.562956,4.564782,70.998175
1.470000,X_outbound,0.953916,76.058192,4.611510,71.446682
1.471000,X_outbound,0.959290,76.553428,4.658418,71.895010
1.472000,X_outbound,0.964665,77.048663,4.705504,72.343160
1.473000,X_outbound,0.970040,77.543899,4.752767,72.791132
1.474000,X_outbound,0.975415,78.051310,4.800206,73.251104
1.475000,X_outbound,0.980789,78.704391,4.847820,73.856571
1.476000,X_outbound,0.986164,79.357473,4.895607,74.461866
1.477000,X_outbound,0.991539,80.010554,4.943567,75.066987
1.478000,X_outbound,0.996913,80.663636,4.991698,75.671937
1.479000,X_outbound,1.002288,81.316717,5.040000,76.276717
1.480000,X_outbound,1.007663,81.969799,5.088471,76.881328
1.481000,X_outbound,1.013037,82.622881,5.137109,77.485772
1.482000,X_outbound,1.016554,82.971607,5.185914,77.785693
1.483000,X_outbound,1.018346,83.037757,5.234885,77.802872
1.484000,X_outbound,1.020137,83.103907,5.284020,77.819887
1.485000,X_outbound,1.021929,83.170057,5.333318,77.836739
1.486000,X_outbound,1.023720,83.236206,5.382778,77.853429
1.487000,X_outbound,1.025512,83.302356,5.432399,77.869958
1.488000,X_outbound,1.027303,83.368506,5.482179,77.886327
1.489000,X_outbound,1.029095,83.434656,5.532118,77.902538
1.490000,X_outbound,1.030887,83.500806,5.582214,77.918592
1.491000,X_outbound,1.032678,83.566956,5.632466,77.934490
1.492000,X_outbound,1.034470,83.633105,5.682872,77.950233
1.493000,X_outbound,1.036261,83.699255,5.733432,77.965823
1.494000,X_outbound,1.038053,83.765405,5.784145,77.981260
1.495000,X_outbound,1.039844,83.831555,5.835008,77.996546
1.496000,X_outbound,1.041636,83.897705,5.886022,78.011683
1.497000,X_outbound,1.043427,83.963855,5.937184,78.026671
1.498000,X_outbound,1.045219,84.030004,5.988494,78.041511
1.499000,X_outbound,1.047011,84.096154,6.039949,78.056205
1.500000,X_outbound,1.048802,84.162304,6.091550,78.070754
1.501000,X_outbound,1.050594,84.228454,6.143294,78.085160
1.502000,X_outbound,1.052385,84.294604,6.195181,78.099423
1.503000,X_outbound,1.054177,84.360754,6.247209,78.113545
1.504000,X_outbound,1.055968,84.426903,6.299377,78.127527
1.505000,X_outbound,1.060780,84.476025,6.351683,78.124341
1.506000,X_outbound,1.066155,84.521970,6.404127,78.117843
1.507000,X_outbound,1.071529,84.567916,6.456707,78.111209
1.508000,X_outbound,1.076904,84.613862,6.509422,78.104439
1.509000,X_outbound,1.082279,84.659807,6.562271,78.097536
1.510000,X_outbound,1.087653,84.705753,6.615252,78.090501
1.511000,X_outbound,1.093028,84.751698,6.668364,78.083334
1.512000,X_outbound,1.098403,84.768719,6.721606,78.047113
1.513000,X_outbound,1.103777,84.712900,6.774976,77.937924
1.514000,X_outbound,1.109152,84.657082,6.828474,77.828608
1.515000,X_outbound,1.114527,84.601264,6.882097,77.719166
1.516000,X_outbound,1.119901,84.545446,6.935846,77.609600
1.517000,X_outbound,1.125276,84.489627,6.989717,77.499910
1.518000,X_outbound,1.130651,84.433809,7.043711,77.390098
1.519000,X_outbound,1.136026,84.377991,7.097825,77.280166
1.520000,X_outbound,1.141400,83.545066,7.152059,76.393007
1.521000,X_outbound,1.146775,82.418349,7.206411,75.211938
1.522000,X_outbound,1.152150,81.291632,7.260879,74.030752
1.523000,X_outbound,1.157524,80.164914,7.315464,72.849451
1.524000,X_outbound,1.162899,79.038197,7.370162,71.668035
1.525000,X_outbound,1.168274,77.911480,7.424973,70.486507
1.526000,X_outbound,1.173648,76.784763,7.479896,69.304867
1.527000,X_outbound,1.179023,75.653515,7.534929,68.118586
1.528000,X_outbound,1.184398,74.499676,7.590071,66.909605
1.529000,X_outbound,1.189772,73.345837,7.645321,65.700516
1.530000,X_outbound,1.195147,72.191998,7.700677,64.491321
1.531000,X_outbound,1.200522,71.038159,7.756137,63.282022
1.532000,X_outbound,1.205896,69.884320,7.811702,62.072619
1.533000,X_outbound,1.211271,68.730481,7.867368,60.863113
1.534000,X_outbound,1.216646,67.576642,7.923136,59.653507
1.535000,X_outbound,1.222021,66.751788,7.979003,58.772785
1.536000,X_outbound,1.227395,66.138596,8.034968,58.103628
1.537000,X_outbound,1.232770,65.525405,8.091030,57.434375
1.538000,X_outbound,1.238145,64.912213,8.147188,56.765025
1.539000,X_outbound,1.243519,64.299022,8.203440,56.095582
1.540000,X_outbound,1.248894,63.685830,8.259784,55.426046
1.541000,X_outbound,1.254269,63.072638,8.316220,54.756418
1.542000,X_outbound,1.259643,62.508735,8.372746,54.135989
1.543000,X_outbound,1.265018,62.882852,8.429361,54.453490
1.544000,X_outbound,1.270393,63.256968,8.486063,54.770904
1.545000,X_outbound,1.275767,63.631084,8.542851,55.088232
1.546000,X_outbound,1.281142,64.005200,8.599724,55.405476
1.547000,X_outbound,1.286517,64.379316,8.656680,55.722636
1.548000,X_outbound,1.291891,64.753432,8.713718,56.039714
1.549000,X_outbound,1.297266,65.127548,8.770837,56.356711
1.550000,X_outbound,1.302641,65.349303,8.828034,56.521269
1.551000,X_outbound,1.308016,65.413330,8.885309,56.528020
1.552000,X_outbound,1.313390,65.477356,8.942661,56.534695
1.553000,X_outbound,1.318765,65.541383,9.000088,56.541295
1.554000,X_outbound,1.324140,65.605409,9.057588,56.547821
1.555000,X_outbound,1.329514,65.669436,9.115161,56.554275
1.556000,X_outbound,1.334889,65.733462,9.172804,56.560658
1.557000,X_outbound,1.340264,65.797489,9.230517,56.566972
1.558000,X_outbound,1.345638,66.154098,9.288298,56.865801
1.559000,X_outbound,1.351013,66.531798,9.346145,57.185653
1.560000,X_outbound,1.356388,66.909497,9.404058,57.505439
1.561000,X_outbound,1.361762,67.287197,9.462034,57.825162
1.562000,X_outbound,1.367137,67.664896,9.520074,58.144823
1.563000,X_outbound,1.372512,68.042596,9.578174,58.464422
1.564000,X_outbound,1.377886,68.420295,9.636334,58.783961
1.565000,X_outbound,1.383261,68.868597,9.694552,59.174045
1.566000,X_outbound,1.388636,69.434978,9.752827,59.682151
1.567000,X_outbound,1.394011,70.001359,9.811157,60.190201
1.568000,X_outbound,1.399385,70.567740,9.869542,60.698198
1.569000,X_outbound,1.404760,71.134121,9.927979,61.206142
1.570000,X_outbound,1.410135,71.700502,9.986468,61.714034
1.571000,X_outbound,1.415509,72.266883,10.045006,62.221877
1.572000,X_outbound,1.420884,72.833264,10.103593,62.729671
1.573000,X_outbound,1.426259,73.444800,10.162226,63.282574
1.574000,X_outbound,1.431633,74.066546,10.220906,63.845640
1.575000,X_outbound,1.437008,74.688291,10.279629,64.408662
1.576000,X_outbound,1.442383,75.310036,10.338395,64.971641
1.577000,X_outbound,1.447757,75.931781,10.397203,65.534578
1.578000,X_outbound,1.453132,76.553527,10.456051,66.097476
1.579000,X_outbound,1.458507,77.175272,10.514937,66.660335
1.580000,X_outbound,1.463881,77.388416,10.573860,66.814556
1.581000,X_outbound,1.469256,76.420448,10.632819,65.787629
1.582000,X_outbound,1.474631,75.452481,10.691812,64.760669
1.583000,X_outbound,1.480006,74.484513,10.750838,63.733675
1.584000,X_outbound,1.485380,73.516545,10.809896,62.706650
1.585000,X_outbound,1.490755,72.548578,10.868983,61.679594
1.586000,X_outbound,1.496130,71.580610,10.928099,60.652511
1.587000,X_outbound,1.501504,70.612642,10.987242,59.625400
1.588000,X_outbound,1.506879,69.404684,11.046411,58.358273
1.589000,X_outbound,1.512254,68.093111,11.105604,56.987507
1.590000,X_outbound,1.517628,66.781539,11.164820,55.616718
1.591000,X_outbound,1.523003,65.469966,11.224058,54.245908
1.592000,X_outbound,1.528378,64.158394,11.283315,52.875078
1.593000,X_outbound,1.533752,62.846821,11.342592,51.504230
1.594000,X_outbound,1.539127,61.535249,11.401885,50.133364
1.595000,X_outbound,1.544126,60.473773,11.461194,49.012579
1.596000,X_outbound,1.546813,60.950258,11.520517,49.429740
1.597000,X_outbound,1.549501,61.426743,11.579853,49.846889
1.598000,X_outbound,1.552188,61.903228,11.639201,50.264027
1.599000,X_outbound,1.554875,62.379713,11.698559,50.681154
1.600000,X_outbound,1.557563,62.856198,11.757925,51.098273
1.601000,X_outbound,1.560250,63.332682,11.817298,51.515384
1.602000,X_outbound,1.562937,63.809167,11.876677,51.932490
1.603000,X_outbound,1.565625,64.285652,11.936061,52.349592
1.604000,X_outbound,1.568312,64.762137,11.995447,52.766690
1.605000,X_outbound,1.570999,65.238622,12.054835,53.183788
1.606000,X_outbound,1.573687,65.715107,12.114222,53.600885
1.607000,X_outbound,1.576374,66.191592,12.173609,54.017984
1.608000,X_outbound,1.579061,66.668077,12.232992,54.435085
1.609000,X_outbound,1.581749,67.144562,12.292371,54.852191
1.610000,X_outbound,1.584497,67.607757,12.351745,55.256013
1.611000,X_outbound,1.589872,67.499102,12.411111,55.087991
1.612000,X_outbound,1.595246,67.390447,12.470468,54.919978
1.613000,X_outbound,1.600621,67.281792,12.529816,54.751976
1.614000,X_outbound,1.605996,67.173137,12.589152,54.583984
1.615000,X_outbound,1.611371,67.064481,12.648476,54.416006
1.616000,X_outbound,1.616745,66.955826,12.707785,54.248042
1.617000,X_outbound,1.622120,66.847171,12.767078,54.080093
1.618000,X_outbound,1.627495,66.869391,12.826354,54.043037
1.619000,X_outbound,1.632869,67.042713,12.885612,54.157101
1.620000,X_outbound,1.638244,67.216035,12.944849,54.271186
1.621000,X_outbound,1.643619,67.389357,13.004065,54.385292
1.622000,X_outbound,1.648993,67.562679,13.063258,54.499420
1.623000,X_outbound,1.654368,67.736001,13.122427,54.613574
1.624000,X_outbound,1.659743,67.909323,13.181570,54.727752
1.625000,X_outbound,1.665117,68.082645,13.240686,54.841958
1.626000,X_outbound,1.670492,69.248033,13.299774,55.948259
1.627000,X_outbound,1.675867,70.516889,13.358831,57.158058
1.628000,X_outbound,1.681241,71.785745,13.417857,58.367888
1.629000,X_outbound,1.686616,73.054601,13.476850,59.577751
1.630000,X_outbound,1.691991,74.323457,13.535809,60.787648
1.631000,X_outbound,1.697366,75.592313,13.594733,61.997581
1.632000,X_outbound,1.702740,76.861169,13.653619,63.207551
1.633000,X_outbound,1.708115,77.877314,13.712466,64.164847
1.634000,X_outbound,1.713490,78.417845,13.771274,64.646571
1.635000,X_outbound,1.718864,78.958375,13.830040,65.128335
1.636000,X_outbound,1.724239,79.498906,13.888764,65.610143
1.637000,X_outbound,1.729614,80.039437,13.947443,66.091994
1.638000,X_outbound,1.734988,80.579968,14.006077,66.573891
1.639000,X_outbound,1.740363,81.120499,14.064664,67.055836
1.640000,X_outbound,1.745738,81.661030,14.123202,67.537828
1.641000,X_outbound,1.751112,81.232343,14.181690,67.050652
1.642000,X_outbound,1.756487,80.543521,14.240128,66.303393
1.643000,X_outbound,1.761862,79.854700,14.298512,65.556187
1.644000,X_outbound,1.767236,79.165878,14.356843,64.809035
1.645000,X_outbound,1.772611,78.477057,14.415118,64.061939
1.646000,X_outbound,1.777986,77.788235,14.473336,63.314899
1.647000,X_outbound,1.783361,77.099414,14.531496,62.567918
1.648000,X_outbound,1.788735,76.481262,14.589596,61.891667
1.649000,X_outbound,1.794110,76.099945,14.647635,61.452310
1.650000,X_outbound,1.799485,75.718628,14.705612,61.013017
1.651000,X_outbound,1.804859,75.337311,14.763524,60.573787
1.652000,X_outbound,1.810234,74.955994,14.821372,60.134622
1.653000,X_outbound,1.815609,74.574677,14.879153,59.695525
1.654000,X_outbound,1.820983,74.193360,14.936865,59.256495
1.655000,X_outbound,1.826358,73.812043,14.994509,58.817534
1.656000,X_outbound,1.831733,75.049826,15.052081,59.997745
1.657000,X_outbound,1.837107,77.080611,15.109582,61.971030
1.658000,X_outbound,1.842482,79.111397,15.167008,63.944388
1.659000,X_outbound,1.847857,81.142182,15.224360,65.917822
1.660000,X_outbound,1.853231,83.172967,15.281635,67.891332
1.661000,X_outbound,1.858606,85.203753,15.338833,69.864920
1.662000,X_outbound,1.863981,87.234538,15.395951,71.838587
1.663000,X_outbound,1.869356,89.094233,15.452989,73.641244
1.664000,X_outbound,1.874730,89.606388,15.509945,74.096443
1.665000,X_outbound,1.880105,90.118543,15.566818,74.551725
1.666000,X_outbound,1.885480,90.630698,15.623606,75.007092
1.667000,X_outbound,1.890854,91.142853,15.680308,75.462545
1.668000,X_outbound,1.896229,91.655008,15.736923,75.918085
1.669000,X_outbound,1.901604,92.167163,15.793449,76.373714
1.670000,X_outbound,1.906978,92.679318,15.849885,76.829433
1.671000,X_outbound,1.912353,92.837073,15.906230,76.930843
1.672000,X_outbound,1.917728,92.709611,15.962482,76.747129
1.673000,X_outbound,1.923102,92.582149,16.018639,76.563510
1.674000,X_outbound,1.928477,92.454687,16.074701,76.379985
1.675000,X_outbound,1.933852,92.327225,16.130667,76.196558
1.676000,X_outbound,1.939226,92.199763,16.186534,76.013229
1.677000,X_outbound,1.944601,92.072301,16.242301,75.829999
1.678000,X_outbound,1.949976,91.944839,16.297968,75.646871
1.679000,X_outbound,1.955351,92.044059,16.353532,75.690527
1.680000,X_outbound,1.960725,92.144304,16.408993,75.735311
1.681000,X_outbound,1.966100,92.244548,16.464349,75.780199
1.682000,X_outbound,1.971475,92.344792,16.519598,75.825194
1.683000,X_outbound,1.976849,92.445037,16.574740,75.870297
1.684000,X_outbound,1.982224,92.545281,16.629773,75.915508
1.685000,X_outbound,1.987599,92.645526,16.684696,75.960830
1.686000,X_outbound,1.992973,93.372568,16.739507,76.633061
1.687000,X_outbound,1.998348,94.907380,16.794206,78.113174
1.688000,X_outbound,2.003723,96.442192,16.848790,79.593402
1.689000,X_outbound,2.009097,97.977004,16.903259,81.073745
1.690000,X_outbound,2.014472,99.511815,16.957611,82.554205
1.691000,X_outbound,2.019847,101.046627,17.011844,84.034783
1.692000,X_outbound,2.025221,102.581439,17.065959,85.515480
1.693000,X_outbound,2.030596,104.116251,17.119952,86.996299
1.694000,X_outbound,2.033610,104.195759,17.173824,87.021936
1.695000,X_outbound,2.036298,104.073703,17.227572,86.846131
1.696000,X_outbound,2.038985,103.951647,17.281195,86.670452
1.697000,X_outbound,2.041672,103.829591,17.334693,86.494898
1.698000,X_outbound,2.044360,103.707535,17.388063,86.319471
1.699000,X_outbound,2.047047,103.585478,17.441305,86.144173
1.700000,X_outbound,2.049734,103.463422,17.494417,85.969005
1.701000,X_outbound,2.052422,103.341366,17.547398,85.793968
1.702000,X_outbound,2.055109,103.219310,17.600247,85.619063
1.703000,X_outbound,2.057797,103.097254,17.652962,85.444292
1.704000,X_outbound,2.060484,102.975198,17.705542,85.269655
1.705000,X_outbound,2.063171,102.853141,17.757986,85.095155
1.706000,X_outbound,2.065859,102.731085,17.810293,84.920793
1.707000,X_outbound,2.068546,102.609029,17.862461,84.746569
1.708000,X_outbound,2.071233,102.486973,17.914489,84.572484
1.709000,X_outbound,2.075966,102.902605,17.966375,84.936230
1.710000,X_outbound,2.081341,103.486929,18.018120,85.468809
1.711000,X_outbound,2.086716,104.071253,18.069720,86.001532
1.712000,X_outbound,2.092090,104.655576,18.121176,86.534401
1.713000,X_outbound,2.097465,105.239900,18.172485,87.067415
1.714000,X_outbound,2.102840,105.824224,18.223648,87.600577
1.715000,X_outbound,2.108214,106.408548,18.274661,88.133887
1.716000,X_outbound,2.113589,107.259505,18.325525,88.933981
1.717000,X_outbound,2.118964,109.159827,18.376237,90.783590
1.718000,X_outbound,2.124338,111.060148,18.426797,92.633351
1.719000,X_outbound,2.129713,112.960469,18.477204,94.483265
1.720000,X_outbound,2.135088,114.860791,18.527456,96.333335
1.721000,X_outbound,2.140462,116.761112,18.577552,98.183560
1.722000,X_outbound,2.145837,118.661433,18.627490,100.033943
1.723000,X_outbound,2.151212,120.561755,18.677271,101.884484
1.724000,X_outbound,2.156586,120.820744,18.726892,102.093853
1.725000,X_outbound,2.161961,120.172536,18.776352,101.396184
1.726000,X_outbound,2.167336,119.524327,18.825650,100.698677
1.727000,X_outbound,2.172711,118.876118,18.874785,100.001334
1.728000,X_outbound,2.178085,118.227910,18.923755,99.304154
1.729000,X_outbound,2.183460,117.579701,18.972560,98.607140
1.730000,X_outbound,2.188835,116.931492,19.021199,97.910293
1.731000,X_outbound,2.194209,116.290808,19.069669,97.221139
1.732000,X_outbound,2.199584,115.730655,19.117971,96.612684
1.733000,X_outbound,2.204959,115.170502,19.166102,96.004399
1.734000,X_outbound,2.210333,114.610349,19.214062,95.396286
1.735000,X_outbound,2.215708,114.050196,19.261850,94.788346
1.736000,X_outbound,2.221083,113.490042,19.309464,94.180579
1.737000,X_outbound,2.226457,112.929889,19.356903,93.572987
1.738000,X_outbound,2.231832,112.369736,19.404166,92.965571
1.739000,X_outbound,2.237207,112.557825,19.451252,93.106574
1.740000,X_outbound,2.242581,113.417828,19.498159,93.919669
1.741000,X_outbound,2.247956,114.277831,19.544888,94.732943
1.742000,X_outbound,2.253331,115.137834,19.591436,95.546399
1.743000,X_outbound,2.258706,115.997837,19.637802,96.360035
1.744000,X_outbound,2.264080,116.857840,19.683986,97.173855
1.745000,X_outbound,2.269455,117.717843,19.729985,97.987858
1.746000,X_outbound,2.274830,118.577846,19.775800,98.802046
1.747000,X_outbound,2.280204,119.467507,19.821429,99.646078
1.748000,X_outbound,2.285579,120.358139,19.866871,100.491268
1.749000,X_outbound,2.290954,121.248771,19.912124,101.336647
1.750000,X_outbound,2.296328,122.139403,19.957188,102.182215
1.751000,X_outbound,2.301703,123.030035,20.002062,103.027973
1.752000,X_outbound,2.307078,123.920667,20.046744,103.873923
1.753000,X_outbound,2.312452,124.811299,20.091234,104.720065
1.754000,X_outbound,2.317827,124.784067,20.135530,104.648537
1.755000,X_outbound,2.323202,123.434453,20.179631,103.254822
1.756000,X_outbound,2.328576,122.084838,20.223536,101.861302
1.757000,X_outbound,2.333951,120.735224,20.267245,100.467979
1.758000,X_outbound,2.339326,119.385609,20.310756,99.074853
1.759000,X_outbound,2.344701,118.035995,20.354068,97.681927
1.760000,X_outbound,2.350075,116.686381,20.397180,96.289201
1.761000,X_outbound,2.355450,115.336766,20.440090,94.896676
1.762000,X_outbound,2.360825,114.805052,20.482799,94.322253
1.763000,X_outbound,2.366199,114.416388,20.525305,93.891083
1.764000,X_outbound,2.371574,114.027724,20.567607,93.460118
1.765000,X_outbound,2.376949,113.639060,20.609703,93.029357
1.766000,X_outbound,2.382323,113.250396,20.651594,92.598803
1.767000,X_outbound,2.387698,112.861733,20.693277,92.168456
1.768000,X_outbound,2.393073,112.473069,20.734752,91.738317
1.769000,X_outbound,2.398447,112.403831,20.776018,91.627813
1.770000,X_outbound,2.403822,113.107005,20.817074,92.289932
1.771000,X_outbound,2.409197,113.810180,20.857918,92.952262
1.772000,X_outbound,2.414571,114.513355,20.898551,93.614804
1.773000,X_outbound,2.419946,115.216529,20.938970,94.277559
1.774000,X_outbound,2.425321,115.919704,20.979176,94.940528
1.775000,X_outbound,2.430696,116.622879,21.019166,95.603713
1.776000,X_outbound,2.436070,117.326053,21.058940,96.267113
1.777000,X_outbound,2.441445,117.240174,21.098498,96.141676
1.778000,X_outbound,2.446820,116.868312,21.137837,95.730475
1.779000,X_outbound,2.452194,116.496450,21.176958,95.319492
1.780000,X_outbound,2.457569,116.124588,21.215859,94.908729
1.781000,X_outbound,2.462944,115.752726,21.254539,94.498187
1.782000,X_outbound,2.468318,115.380864,21.292997,94.087867
1.783000,X_outbound,2.473693,115.009002,21.331233,93.677769
1.784000,X_outbound,2.479068,114.261193,21.369245,92.891948
1.785000,X_outbound,2.484442,111.745963,21.407033,90.338931
1.786000,X_outbound,2.489817,109.230734,21.444595,87.786139
1.787000,X_outbound,2.495192,106.715505,21.481932,85.233574
1.788000,X_outbound,2.500566,104.200276,21.519041,82.681235
1.789000,X_outbound,2.505941,101.685047,21.555922,80.129125
1.790000,X_outbound,2.511316,99.169818,21.592574,77.577244
1.791000,X_outbound,2.516691,96.654589,21.628996,75.025593
1.792000,X_outbound,2.522065,95.530839,21.665188,73.865652
1.793000,X_outbound,2.527440,95.271498,21.701148,73.570350
1.794000,X_outbound,2.532815,95.012156,21.736875,73.275281
1.795000,X_outbound,2.538189,94.752815,21.772370,72.980446
1.796000,X_outbound,2.543564,94.493474,21.807630,72.685844
1.797000,X_outbound,2.548939,94.234132,21.842655,72.391477
1.798000,X_outbound,2.554313,93.974791,21.877444,72.097347
1.799000,X_outbound,2.559688,93.734526,21.911997,71.822529
1.800000,X_outbound,2.565063,93.802719,21.946312,71.856408
1.801000,X_outbound,2.570437,93.870913,21.980389,71.890524
1.802000,X_outbound,2.575812,93.939107,22.014226,71.924880
1.803000,X_outbound,2.581187,94.007300,22.047824,71.959476
1.804000,X_outbound,2.586561,94.075494,22.081181,71.994313
1.805000,X_outbound,2.591936,94.143687,22.114296,72.029391
1.806000,X_outbound,2.597311,94.211881,22.147169,72.064712
1.807000,X_outbound,2.602686,93.404726,22.179798,71.224928
1.808000,X_outbound,2.608060,91.721046,22.212184,69.508862
1.809000,X_outbound,2.613435,90.037366,22.244325,67.793041
1.810000,X_outbound,2.618810,88.353686,22.276220,66.077465
1.811000,X_outbound,2.624184,86.670005,22.307869,64.362136
1.812000,X_outbound,2.629559,84.986325,22.339272,62.647054
1.813000,X_outbound,2.634934,83.302645,22.370426,60.932219
1.814000,X_outbound,2.640308,81.618965,22.401332,59.217633
1.815000,X_outbound,2.645683,79.995309,22.431988,57.563321
1.816000,X_outbound,2.651058,78.375410,22.462394,55.913016
1.817000,X_outbound,2.656432,76.755512,22.492550,54.262962
1.818000,X_outbound,2.661807,75.135614,22.522454,52.613160
1.819000,X_outbound,2.667182,73.515715,22.552106,50.963609
1.820000,X_outbound,2.672556,71.895817,22.581505,49.314312
1.821000,X_outbound,2.677931,70.275918,22.610650,47.665268
1.822000,X_outbound,2.683306,69.342372,22.639541,46.702831
1.823000,X_outbound,2.688681,69.516830,22.668177,46.848653
1.824000,X_outbound,2.694055,69.691287,22.696557,46.994730
1.825000,X_outbound,2.699430,69.865745,22.724681,47.141064
1.826000,X_outbound,2.704805,70.040202,22.752547,47.287655
1.827000,X_outbound,2.710179,70.214660,22.780156,47.434504
1.828000,X_outbound,2.715554,70.389118,22.807506,47.581611
1.829000,X_outbound,2.720929,70.563575,22.834598,47.728977
1.830000,X_outbound,2.726303,68.099451,22.861429,45.238022
1.831000,X_outbound,2.731678,65.071464,22.888001,42.183463
1.832000,X_outbound,2.737053,62.043476,22.914311,39.129165
1.833000,X_outbound,2.742427,59.015489,22.940359,36.075129
1.834000,X_outbound,2.747802,55.987501,22.966145,33.021356
1.835000,X_outbound,2.753177,52.959514,22.991669,29.967845
1.836000,X_outbound,2.758551,49.931526,23.016928,26.914598
1.837000,X_outbound,2.763926,46.638250,23.041924,23.596326
1.838000,X_outbound,2.769301,42.610488,23.066655,19.543833
1.839000,X_outbound,2.774676,38.582726,23.091120,15.491605
1.840000,X_outbound,2.780050,34.554963,23.115320,11.439643
1.841000,X_outbound,2.785425,30.527201,23.139253,7.387948
1.842000,X_outbound,2.790800,26.499439,23.162919,3.336520
1.843000,X_outbound,2.796174,22.471677,23.186318,-0.714641
1.844000,X_outbound,2.801549,18.443914,23.209448,-4.765533
1.845000,X_outbound,2.806924,16.093472,23.232309,-7.138837
1.846000,X_outbound,2.812298,14.438929,23.254901,-8.815972
1.847000,X_outbound,2.817673,12.784386,23.277223,-10.492837
1.848000,X_outbound,2.823048,11.129844,23.299275,-12.169431
1.849000,X_outbound,2.828422,9.475301,23.321056,-13.845754
1.850000,X_outbound,2.833797,7.820759,23.342565,-15.521806
1.851000,X_outbound,2.839172,6.166216,23.363802,-17.197586
1.852000,X_outbound,2.844546,4.670874,23.384767,-18.713893
1.853000,X_outbound,2.849921,4.090627,23.405459,-19.314832
1.854000,X_outbound,2.855296,3.510380,23.425877,-19.915498
1.855000,X_outbound,2.860671,2.930132,23.446022,-20.515890
1.856000,X_outbound,2.866045,2.349885,23.465892,-21.116007
1.857000,X_outbound,2.871420,1.769638,23.485487,-21.715849
1.858000,X_outbound,2.876795,1.189390,23.504806,-22.315416
1.859000,X_outbound,2.882169,0.609143,23.523850,-22.914707
1.860000,X_outbound,2.887544,0.859969,23.542617,-22.682648
1.861000,X_outbound,2.892919,1.689248,23.561107,-21.871859
1.862000,X_outbound,2.898293,2.518526,23.579320,-21.060794
1.863000,X_outbound,2.903668,3.347805,23.597256,-20.249451
1.864000,X_outbound,2.909043,4.177084,23.614913,-19.437830
1.865000,X_outbound,2.914417,5.006362,23.632292,-18.625930
1.866000,X_outbound,2.919792,5.835641,23.649392,-17.813751
1.867000,X_outbound,2.925167,6.672283,23.666213,-16.993929
1.868000,X_outbound,2.930541,7.738855,23.682753,-15.943898
1.869000,X_outbound,2.935916,8.805427,23.699014,-14.893587
1.870000,X_outbound,2.941291,9.871999,23.714994,-13.842995
1.871000,X_outbound,2.946666,10.938571,23.730693,-12.792122
1.872000,X_outbound,2.952040,12.005142,23.746110,-11.740968
1.873000,X_outbound,2.957415,13.071714,23.761246,-10.689532
1.874000,X_outbound,2.962790,14.138286,23.776100,-9.637814
1.875000,X_outbound,2.968164,15.247904,23.790671,-8.542767
1.876000,X_outbound,2.973539,16.405588,23.804960,-7.399372
1.877000,X_outbound,2.978914,17.563272,23.818966,-6.255694
1.878000,X_outbound,2.984288,18.720956,23.832688,-5.111732
1.879000,X_outbound,2.989663,19.878640,23.846126,-3.967486
1.880000,X_outbound,2.995038,21.036324,23.859280,-2.822956
1.881000,X_outbound,3.000412,22.194008,23.872150,-1.678142
1.882000,X_outbound,3.005787,23.351692,23.884735,-0.533043
1.883000,X_outbound,3.011162,24.011205,23.897035,0.114170
1.884000,X_outbound,3.016536,24.623770,23.909049,0.714721
1.885000,X_outbound,3.021911,25.236335,23.920778,1.315557
1.886000,X_outbound,3.027286,25.848900,23.932221,1.916679
1.887000,X_outbound,3.032661,26.461465,23.943378,2.518088
1.888000,X_outbound,3.038035,27.074031,23.954248,3.119782
1.889000,X_outbound,3.043410,27.686596,23.964832,3.721764
1.890000,X_outbound,3.048785,27.426444,23.975129,3.451316
1.891000,X_outbound,3.054159,25.582707,23.985138,1.597569
1.892000,X_outbound,3.059534,23.738969,23.994860,-0.255891
1.893000,X_outbound,3.064909,21.895231,24.004294,-2.109063
1.894000,X_outbound,3.070283,20.051493,24.013440,-3.961948
1.895000,X_outbound,3.075658,18.207755,24.022299,-5.814544
1.896000,X_outbound,3.081033,16.364017,24.030868,-7.666851
1.897000,X_outbound,3.086407,14.520279,24.039150,-9.518870
1.898000,X_outbound,3.091782,12.400144,24.047142,-11.646998
1.899000,X_outbound,3.097157,10.209486,24.054846,-13.845359
1.900000,X_outbound,3.102531,8.018829,24.062260,-16.043431
1.901000,X_outbound,3.107906,5.828171,24.069385,-18.241214
1.902000,X_outbound,3.113281,3.637513,24.076221,-20.438707
1.903000,X_outbound,3.118656,1.446856,24.082766,-22.635911
1.904000,X_outbound,3.124030,-0.743802,24.089022,-24.832825
1.905000,X_outbound,3.128765,-2.178156,24.094989,-26.273144
1.906000,X_outbound,3.131452,-1.192921,24.100664,-25.293586
1.907000,X_outbound,3.134140,-0.207687,24.106050,-24.313737
1.908000,X_outbound,3.136827,0.777548,24.111146,-23.333598
1.909000,X_outbound,3.139514,1.762782,24.115950,-22.353168
1.910000,X_outbound,3.142202,2.748017,24.120465,-21.372448
1.911000,X_outbound,3.144889,3.733251,24.124688,-20.391437
1.912000,X_outbound,3.147576,4.718486,24.128621,-19.410135
1.913000,X_outbound,3.150264,5.703720,24.132262,-18.428542
1.914000,X_outbound,3.152951,6.688955,24.135613,-17.446658
1.915000,X_outbound,3.155638,7.674189,24.138673,-16.464483
1.916000,X_outbound,3.158326,8.659424,24.141441,-15.482017
1.917000,X_outbound,3.161013,9.644658,24.143918,-14.499260
1.918000,X_outbound,3.163700,10.629893,24.146104,-13.516211
1.919000,X_outbound,3.166388,11.615127,24.147999,-12.532871
1.920000,X_outbound,3.169400,12.648808,24.149602,-11.500793
1.921000,X_outbound,3.174775,14.034490,24.150914,-10.116424
1.922000,X_outbound,3.180150,15.420171,24.151934,-8.731763
1.923000,X_outbound,3.185524,16.805853,24.152663,-7.346810
1.924000,X_outbound,3.190899,18.191534,24.153100,-5.961566
1.925000,X_outbound,3.196274,19.577215,24.153246,-4.576030
1.926000,X_outbound,3.201648,20.962897,24.153246,-3.190349
1.927000,X_outbound,3.207023,22.348578,24.153246,-1.804667
1.928000,X_outbound,3.212398,23.132659,24.153246,-1.020587
1.929000,X_outbound,3.217772,23.448644,24.153246,-0.704602
1.930000,X_outbound,3.223147,23.764628,24.153246,-0.388618
1.931000,X_outbound,3.228522,24.080612,24.153246,-0.072633
1.932000,X_outbound,3.233896,24.396597,24.153246,0.243351
1.933000,X_outbound,3.239271,24.712581,24.153246,0.559336
1.934000,X_outbound,3.244646,25.028566,24.153246,0.875320
1.935000,X_outbound,3.250021,25.347278,24.153246,1.194032
1.936000,X_outbound,3.255395,26.376637,24.153246,2.223391
1.937000,X_outbound,3.260770,27.405996,24.153246,3.252750
1.938000,X_outbound,3.266145,28.435354,24.153246,4.282109
1.939000,X_outbound,3.271519,29.464713,24.153246,5.311467
1.940000,X_outbound,3.276894,30.494072,24.153246,6.340826
1.941000,X_outbound,3.282269,31.523431,24.153246,7.370185
1.942000,X_outbound,3.287643,32.552789,24.153246,8.399544
1.943000,X_outbound,3.293018,33.200867,24.153246,9.047622
1.944000,X_outbound,3.298393,33.373888,24.153246,9.220642
1.945000,X_outbound,3.303767,33.546908,24.153246,9.393662
1.946000,X_outbound,3.309142,33.719928,24.153246,9.566683
1.947000,X_outbound,3.314517,33.892949,24.153246,9.739703
1.948000,X_outbound,3.319891,34.065969,24.153246,9.912723
1.949000,X_outbound,3.325266,34.238989,24.153246,10.085744
1.950000,X_outbound,3.330641,34.412010,24.153246,10.258764
1.951000,X_outbound,3.336016,33.934973,24.153246,9.781727
1.952000,X_outbound,3.341390,33.374846,24.153246,9.221600
1.953000,X_outbound,3.346765,32.814719,24.153246,8.661473
1.954000,X_outbound,3.352140,32.254592,24.153246,8.101346
1.955000,X_outbound,3.357514,31.694465,24.153246,7.541219
1.956000,X_outbound,3.362889,31.134338,24.153246,6.981092
1.957000,X_outbound,3.368264,30.574211,24.153246,6.420965
1.958000,X_outbound,3.373638,29.921857,24.153246,5.768612
1.959000,X_outbound,3.379013,29.080627,24.153246,4.927381
1.960000,X_outbound,3.384388,28.239396,24.153246,4.086150
1.961000,X_outbound,3.389762,27.398165,24.153246,3.244920
1.962000,X_outbound,3.395137,26.556935,24.153246,2.403689
1.963000,X_outbound,3.400512,25.715704,24.153246,1.562458
1.964000,X_outbound,3.405886,24.874473,24.153246,0.721228
1.965000,X_outbound,3.411261,24.033243,24.153246,-0.120003
1.966000,X_outbound,3.416636,25.055470,24.153246,0.902224
1.967000,X_outbound,3.422011,26.635860,24.153246,2.482614
1.968000,X_outbound,3.427385,28.216250,24.153246,4.063004
1.969000,X_outbound,3.432760,29.796640,24.153246,5.643394
1.970000,X_outbound,3.438135,31.377029,24.153246,7.223784
1.971000,X_outbound,3.443509,32.957419,24.153246,8.804173
1.972000,X_outbound,3.448884,34.537809,24.153246,10.384563
1.973000,X_outbound,3.454259,36.184972,24.153246,12.031726
1.974000,X_outbound,3.459633,38.081927,24.153246,13.928681
1.975000,X_outbound,3.465008,39.978881,24.153246,15.825636
1.976000,X_outbound,3.470383,41.875836,24.153246,17.722591
1.977000,X_outbound,3.475757,43.772791,24.153246,19.619546
1.978000,X_outbound,3.481132,45.669746,24.153246,21.516500
1.979000,X_outbound,3.486507,47.566701,24.153246,23.413455
1.980000,X_outbound,3.491881,49.463656,24.153246,25.310410
1.981000,X_outbound,3.497256,50.113152,24.153246,25.959906
1.982000,X_outbound,3.502631,50.097856,24.153246,25.944611
1.983000,X_outbound,3.508006,50.082561,24.153246,25.929315
1.984000,X_outbound,3.513380,50.067265,24.153246,25.914020
1.985000,X_outbound,3.518755,50.051970,24.153246,25.898724
1.986000,X_outbound,3.524130,50.036674,24.153246,25.883429
1.987000,X_outbound,3.529504,50.021379,24.153246,25.868133
1.988000,X_outbound,3.534879,49.935581,24.153246,25.782335
1.989000,X_outbound,3.540254,49.168440,24.153246,25.015194
1.990000,X_outbound,3.545628,48.401298,24.153246,24.248053
1.991000,X_outbound,3.551003,47.634157,24.153246,23.480911
1.992000,X_outbound,3.556378,46.867016,24.153246,22.713770
1.993000,X_outbound,3.561752,46.099875,24.153246,21.946629
1.994000,X_outbound,3.567127,45.332733,24.153246,21.179488
1.995000,X_outbound,3.572502,44.565592,24.153246,20.412346
1.996000,X_outbound,3.577876,44.092445,24.153246,19.939199
1.997000,X_outbound,3.583251,43.874627,24.153246,19.721381
1.998000,X_outbound,3.588626,43.656809,24.153246,19.503564
1.999000,X_outbound,3.594001,43.438991,24.153246,19.285746
2.000000,X_outbound,3.599375,43.221173,24.153246,19.067928
2.001000,X_outbound,3.604750,43.003355,24.153246,18.850110
2.002000,X_outbound,3.610125,42.785537,24.153246,18.632292
2.003000,X_outbound,3.615499,42.567719,24.153246,18.414474
2.004000,X_outbound,3.620874,42.307265,24.153246,18.154020
2.005000,X_outbound,3.626249,42.045790,24.153246,17.892544
2.006000,X_outbound,3.631623,41.784315,24.153246,17.631069
2.007000,X_outbound,3.636998,41.522840,24.153246,17.369594
2.008000,X_outbound,3.642373,41.261364,24.153246,17.108119
2.009000,X_outbound,3.647747,40.999889,24.153246,16.846644
2.010000,X_outbound,3.653122,40.738414,24.153246,16.585168
2.011000,X_outbound,3.658497,40.195078,24.153246,16.041832
2.012000,X_outbound,3.663871,39.259352,24.153246,15.106107
2.013000,X_outbound,3.669246,38.323627,24.153246,14.170381
2.014000,X_outbound,3.674621,37.387901,24.153246,13.234655
2.015000,X_outbound,3.679996,36.452175,24.153246,12.298929
2.016000,X_outbound,3.685370,35.516449,24.153246,11.363204
2.017000,X_outbound,3.690745,34.580724,24.153246,10.427478
2.018000,X_outbound,3.696120,33.644998,24.153246,9.491752
2.019000,X_outbound,3.701494,34.015409,24.153246,9.862164
2.020000,X_outbound,3.706869,34.599407,24.153246,10.446162
2.021000,X_outbound,3.712244,35.183405,24.153246,11.030160
2.022000,X_outbound,3.717618,35.767403,24.153246,11.614158
2.023000,X_outbound,3.722993,36.351401,24.153246,12.198156
2.024000,X_outbound,3.728368,36.935399,24.153246,12.782153
2.025000,X_outbound,3.733742,37.519397,24.153246,13.366151
2.026000,X_outbound,3.739117,38.295771,24.153246,14.142525
2.027000,X_outbound,3.744492,39.519150,24.153246,15.365905
2.028000,X_outbound,3.749867,40.742530,24.153246,16.589284
2.029000,X_outbound,3.755241,41.965909,24.153246,17.812664
2.030000,X_outbound,3.760616,43.189289,24.153246,19.036043
2.031000,X_outbound,3.765991,44.412668,24.153246,20.259422
2.032000,X_outbound,3.771365,45.636047,24.153246,21.482802
2.033000,X_outbound,3.776740,46.859427,24.153246,22.706181
2.034000,X_outbound,3.782115,46.817038,24.153246,22.663792
2.035000,X_outbound,3.787489,46.335217,24.153246,22.181972
2.036000,X_outbound,3.792864,45.853397,24.153246,21.700151
2.037000,X_outbound,3.798239,45.371577,24.153246,21.218331
2.038000,X_outbound,3.803613,44.889757,24.153246,20.736511
2.039000,X_outbound,3.808988,44.407936,24.153246,20.254691
2.040000,X_outbound,3.814363,43.926116,24.153246,19.772870
2.041000,X_outbound,3.819737,43.252015,24.153246,19.098770
2.042000,X_outbound,3.825112,41.723603,24.153246,17.570358
2.043000,X_outbound,3.830487,40.195191,24.153246,16.041946
2.044000,X_outbound,3.835862,38.666779,24.153246,14.513534
2.045000,X_outbound,3.841236,37.138367,24.153246,12.985122
2.046000,X_outbound,3.846611,35.609955,24.153246,11.456710
2.047000,X_outbound,3.851986,34.081543,24.153246,9.928298
2.048000,X_outbound,3.857360,32.553131,24.153246,8.399886
2.049000,X_outbound,3.862735,31.658237,24.153246,7.504992
2.050000,X_outbound,3.868110,31.143224,24.153246,6.989979
2.051000,X_outbound,3.873484,30.628211,24.153246,6.474966
2.052000,X_outbound,3.878859,30.113198,24.153246,5.959953
2.053000,X_outbound,3.884234,29.598185,24.153246,5.444940
2.054000,X_outbound,3.889608,29.083172,24.153246,4.929927
2.055000,X_outbound,3.894983,28.568159,24.153246,4.414914
2.056000,X_outbound,3.900358,28.082183,24.153246,3.928938
2.057000,X_outbound,3.905732,28.003406,24.153246,3.850160
2.058000,X_outbound,3.911107,27.924628,24.153246,3.771382
2.059000,X_outbound,3.916482,27.845850,24.153246,3.692605
2.060000,X_outbound,3.921857,27.767072,24.153246,3.613827
2.061000,X_outbound,3.927231,27.688295,24.153246,3.535049
2.062000,X_outbound,3.932606,27.609517,24.153246,3.456271
2.063000,X_outbound,3.937981,27.530739,24.153246,3.377494
2.064000,X_outbound,3.943355,26.928683,24.153246,2.775437
2.065000,X_outbound,3.948730,25.819797,24.153246,1.666552
2.066000,X_outbound,3.954105,24.710912,24.153246,0.557666
2.067000,X_outbound,3.959479,23.602026,24.153246,-0.551219
2.068000,X_outbound,3.964854,22.493141,24.153246,-1.660105
2.069000,X_outbound,3.970229,21.384255,24.153246,-2.768991
2.070000,X_outbound,3.975603,20.275369,24.153246,-3.877876
2.071000,X_outbound,3.980978,19.166484,24.153246,-4.986762
2.072000,X_outbound,3.986353,19.146513,24.153246,-5.006732
2.073000,X_outbound,3.991727,19.184572,24.153246,-4.968673
2.074000,X_outbound,3.997102,19.222631,24.153246,-4.930614
2.075000,X_outbound,4.002477,19.260690,24.153246,-4.892555
2.076000,X_outbound,4.007852,19.298749,24.153246,-4.854496
2.077000,X_outbound,4.013226,19.336808,24.153246,-4.816437
2.078000,X_outbound,4.018601,19.374867,24.153246,-4.778378
2.079000,X_outbound,4.023976,20.265729,24.153246,-3.887517
2.080000,X_outbound,4.029350,22.485837,24.153246,-1.667408
2.081000,X_outbound,4.034725,24.705946,24.153246,0.552700
2.082000,X_outbound,4.040100,26.926054,24.153246,2.772809
2.083000,X_outbound,4.045474,29.146163,24.153246,4.992917
2.084000,X_outbound,4.050849,31.366271,24.153246,7.213025
2.085000,X_outbound,4.056224,33.586380,24.153246,9.433134
2.086000,X_outbound,4.061598,35.806488,24.153246,11.653242
2.087000,X_outbound,4.066973,36.309643,24.153246,12.156397
2.088000,X_outbound,4.072348,36.466720,24.153246,12.313474
2.089000,X_outbound,4.077722,36.623796,24.153246,12.470550
2.090000,X_outbound,4.083097,36.780873,24.153246,12.627627
2.091000,X_outbound,4.088472,36.937949,24.153246,12.784704
2.092000,X_outbound,4.093847,37.095026,24.153246,12.941780
2.093000,X_outbound,4.099221,37.252102,24.153246,13.098857
2.094000,X_outbound,4.104596,37.167773,24.153246,13.014528
2.095000,X_outbound,4.109971,36.442742,24.153246,12.289496
2.096000,X_outbound,4.115345,35.717710,24.153246,11.564464
2.097000,X_outbound,4.120720,34.992678,24.153246,10.839433
2.098000,X_outbound,4.126095,34.267646,24.153246,10.114401
2.099000,X_outbound,4.131469,33.542615,24.153246,9.389369
2.100000,X_outbound,4.136844,32.817583,24.153246,8.664337
2.101000,X_outbound,4.142219,32.092551,24.153246,7.939306
2.102000,X_outbound,4.147593,31.499853,24.153246,7.346607
2.103000,X_outbound,4.152968,30.959880,24.153246,6.806634
2.104000,X_outbound,4.158343,30.419906,24.153246,6.266661
2.105000,X_outbound,4.163717,29.879933,24.153246,5.726687
2.106000,X_outbound,4.169092,29.339959,24.153246,5.186714
2.107000,X_outbound,4.174467,28.799986,24.153246,4.646740
2.108000,X_outbound,4.179842,28.260013,24.153246,4.106767
2.109000,X_outbound,4.185216,27.946786,24.153246,3.793540
2.110000,X_outbound,4.190591,28.855569,24.153246,4.702323
2.111000,X_outbound,4.195966,29.764352,24.153246,5.611106
2.112000,X_outbound,4.201340,30.673134,24.153246,6.519889
2.113000,X_outbound,4.206715,31.581917,24.153246,7.428671
2.114000,X_outbound,4.212090,32.490700,24.153246,8.337454
2.115000,X_outbound,4.217464,33.399483,24.153246,9.246237
2.116000,X_outbound,4.222839,34.308265,24.153246,10.155020
2.117000,X_outbound,4.226607,34.429182,24.153246,10.275936
2.118000,X_outbound,4.229294,34.020313,24.153246,9.867067
2.119000,X_outbound,4.231982,33.611444,24.153246,9.458198
2.120000,X_outbound,4.234669,33.202575,24.153246,9.049330
2.121000,X_outbound,4.237356,32.793707,24.153246,8.640461
2.122000,X_outbound,4.240044,32.384838,24.153246,8.231592
2.123000,X_outbound,4.242731,31.975969,24.153246,7.822723
2.124000,X_outbound,4.245418,31.567100,24.153246,7.413855
2.125000,X_outbound,4.248106,31.158232,24.153246,7.004986
2.126000,X_outbound,4.250793,30.749363,24.153246,6.596117
2.127000,X_outbound,4.253480,30.340494,24.153246,6.187248
2.128000,X_outbound,4.256168,29.931625,24.153246,5.778380
2.129000,X_outbound,4.258855,29.522757,24.153246,5.369511
2.130000,X_outbound,4.261542,29.113888,24.153246,4.960642
2.131000,X_outbound,4.264230,28.705019,24.153246,4.551774
2.132000,X_outbound,4.268209,28.543564,24.153246,4.390319
2.133000,X_outbound,4.273584,28.649311,24.153246,4.496065
2.134000,X_outbound,4.278958,28.755057,24.153246,4.601811
2.135000,X_outbound,4.284333,28.860803,24.153246,4.707557
2.136000,X_outbound,4.289708,28.966549,24.153246,4.813304
2.137000,X_outbound,4.295082,29.072296,24.153246,4.919050
2.138000,X_outbound,4.300457,29.178042,24.153246,5.024796
2.139000,X_outbound,4.305832,29.283788,24.153246,5.130542
2.140000,X_outbound,4.311207,30.078278,24.153246,5.925032
2.141000,X_outbound,4.316581,30.930875,24.153246,6.777630
2.142000,X_outbound,4.321956,31.783473,24.153246,7.630227
2.143000,X_outbound,4.327331,32.636070,24.153246,8.482825
2.144000,X_outbound,4.332705,33.488668,24.153246,9.335422
2.145000,X_outbound,4.338080,34.341266,24.153246,10.188020
2.146000,X_outbound,4.343455,35.193863,24.153246,11.040618
2.147000,X_outbound,4.348829,35.469507,24.153246,11.316261
2.148000,X_outbound,4.354204,34.735396,24.153246,10.582151
2.149000,X_outbound,4.359579,34.001286,24.153246,9.848040
2.150000,X_outbound,4.364953,33.267176,24.153246,9.113930
2.151000,X_outbound,4.370328,32.533065,24.153246,8.379820
2.152000,X_outbound,4.375703,31.798955,24.153246,7.645709
2.153000,X_outbound,4.381077,31.064845,24.153246,6.911599
2.154000,X_outbound,4.386452,30.330734,24.153246,6.177489
2.155000,X_outbound,4.391827,29.088851,24.153246,4.935605
2.156000,X_outbound,4.397202,27.723997,24.153246,3.570751
2.157000,X_outbound,4.402576,26.359143,24.153246,2.205897
2.158000,X_outbound,4.407951,24.994289,24.153246,0.841043
2.159000,X_outbound,4.413326,23.629434,24.153246,-0.523811
2.160000,X_outbound,4.418700,22.264580,24.153246,-1.888666
2.161000,X_outbound,4.424075,20.899726,24.153246,-3.253520
2.162000,X_outbound,4.429450,20.079867,24.153246,-4.073378
2.163000,X_outbound,4.434824,20.926312,24.153246,-3.226934
2.164000,X_outbound,4.440199,21.772757,24.153246,-2.380489
2.165000,X_outbound,4.445574,22.619201,24.153246,-1.534044
2.166000,X_outbound,4.450948,23.465646,24.153246,-0.687600
2.167000,X_outbound,4.456323,24.312090,24.153246,0.158845
2.168000,X_outbound,4.461698,25.158535,24.153246,1.005289
2.169000,X_outbound,4.467072,26.004980,24.153246,1.851734
2.170000,X_outbound,4.472447,26.843493,24.153246,2.690248
2.171000,X_outbound,4.477822,27.678409,24.153246,3.525163
2.172000,X_outbound,4.483197,28.513324,24.153246,4.360078
2.173000,X_outbound,4.488571,29.348239,24.153246,5.194994
2.174000,X_outbound,4.493946,30.183154,24.153246,6.029909
2.175000,X_outbound,4.499321,31.018070,24.153246,6.864824
2.176000,X_outbound,4.504695,31.852985,24.153246,7.699739
2.177000,X_outbound,4.510070,32.529861,24.153246,8.376616
2.178000,X_outbound,4.515445,32.142530,24.153246,7.989284
2.179000,X_outbound,4.520819,31.755198,24.153246,7.601952
2.180000,X_outbound,4.526194,31.367866,24.153246,7.214621
2.181000,X_outbound,4.531569,30.980535,24.153246,6.827289
2.182000,X_outbound,4.536943,30.593203,24.153246,6.439957
2.183000,X_outbound,4.542318,30.205871,24.153246,6.052625
2.184000,X_outbound,4.547693,29.818539,24.153246,5.665294
2.185000,X_outbound,4.553067,29.676522,24.153246,5.523277
2.186000,X_outbound,4.558442,29.719022,24.153246,5.565777
2.187000,X_outbound,4.563817,29.761522,24.153246,5.608276
2.188000,X_outbound,4.569192,29.804022,24.153246,5.650776
2.189000,X_outbound,4.574566,29.846522,24.153246,5.693276
2.190000,X_outbound,4.579941,29.889021,24.153246,5.735776
2.191000,X_outbound,4.585316,29.931521,24.153246,5.778275
2.192000,X_outbound,4.590690,29.988674,24.153246,5.835429
2.193000,X_outbound,4.596065,31.237797,24.153246,7.084552
2.194000,X_outbound,4.601440,32.486920,24.153246,8.333674
2.195000,X_outbound,4.606814,33.736043,24.153246,9.582797
2.196000,X_outbound,4.612189,34.985166,24.153246,10.831920
2.197000,X_outbound,4.617564,36.234289,24.153246,12.081043
2.198000,X_outbound,4.622938,37.483411,24.153246,13.330166
2.199000,X_outbound,4.628313,38.732534,24.153246,14.579289
2.200000,X_outbound,4.633688,39.501724,24.153246,15.348479
2.201000,X_outbound,4.639062,39.692714,24.153246,15.539468
2.202000,X_outbound,4.644437,39.883703,24.153246,15.730458
2.203000,X_outbound,4.649812,40.074693,24.153246,15.921447
2.204000,X_outbound,4.655187,40.265682,24.153246,16.112437
2.205000,X_outbound,4.660561,40.456672,24.153246,16.303426
2.206000,X_outbound,4.665936,40.647661,24.153246,16.494416
2.207000,X_outbound,4.671311,40.838651,24.153246,16.685405
2.208000,X_outbound,4.676685,39.521833,24.153246,15.368587
2.209000,X_outbound,4.682060,38.028096,24.153246,13.874850
2.210000,X_outbound,4.687435,36.534359,24.153246,12.381113
2.211000,X_outbound,4.692809,35.040622,24.153246,10.887376
2.212000,X_outbound,4.698184,33.546885,24.153246,9.393640
2.213000,X_outbound,4.703559,32.053148,24.153246,7.899903
2.214000,X_outbound,4.708933,30.559412,24.153246,6.406166
2.215000,X_outbound,4.714308,29.566292,24.153246,5.413046
2.216000,X_outbound,4.719683,29.560680,24.153246,5.407434
2.217000,X_outbound,4.725057,29.555068,24.153246,5.401822
2.218000,X_outbound,4.730432,29.549456,24.153246,5.396210
2.219000,X_outbound,4.735807,29.543844,24.153246,5.390598
2.220000,X_outbound,4.741182,29.538232,24.153246,5.384986
2.221000,X_outbound,4.746556,29.532620,24.153246,5.379374
2.222000,X_outbound,4.751931,29.527008,24.153246,5.373762
2.223000,X_outbound,4.755215,29.961848,24.153246,5.808603
2.224000,X_outbound,4.757903,30.522495,24.153246,6.369249
2.225000,X_outbound,4.760590,31.083142,24.153246,6.929896
2.226000,X_outbound,4.763277,31.643788,24.153246,7.490542
2.227000,X_outbound,4.765965,32.204435,24.153246,8.051189
2.228000,X_outbound,4.768652,32.765081,24.153246,8.611836
2.229000,X_outbound,4.771339,33.325728,24.153246,9.172482
2.230000,X_outbound,4.774027,33.886375,24.153246,9.733129
2.231000,X_outbound,4.776714,34.447021,24.153246,10.293776
2.232000,X_outbound,4.779401,35.007668,24.153246,10.854422
2.233000,X_outbound,4.782089,35.568315,24.153246,11.415069
2.234000,X_outbound,4.784776,36.128961,24.153246,11.975716
2.235000,X_outbound,4.787463,36.689608,24.153246,12.536362
2.236000,X_outbound,4.790151,37.250254,24.153246,13.097009
2.237000,X_outbound,4.792838,37.810901,24.153246,13.657655
2.238000,X_outbound,4.797301,37.789480,24.153246,13.636234
2.239000,X_outbound,4.802676,37.469102,24.153246,13.315857
2.240000,X_outbound,4.808050,37.148725,24.153246,12.995479
2.241000,X_outbound,4.813425,36.828347,24.153246,12.675101
2.242000,X_outbound,4.818800,36.507969,24.153246,12.354724
2.243000,X_outbound,4.824174,36.187592,24.153246,12.034346
2.244000,X_outbound,4.829549,35.867214,24.153246,11.713968
2.245000,X_outbound,4.834924,35.727946,24.153246,11.574700
2.246000,X_outbound,4.840298,37.181542,24.153246,13.028296
2.247000,X_outbound,4.845673,38.635138,24.153246,14.481892
2.248000,X_outbound,4.851048,40.088734,24.153246,15.935489
2.249000,X_outbound,4.856422,41.542331,24.153246,17.389085
2.250000,X_outbound,4.861797,42.995927,24.153246,18.842681
2.251000,X_outbound,4.867172,44.449523,24.153246,20.296277
2.252000,X_outbound,4.872547,45.903119,24.153246,21.749874
2.253000,X_outbound,4.877921,47.251348,24.153246,23.098102
2.254000,X_outbound,4.883296,48.511080,24.153246,24.357834
2.255000,X_outbound,4.888671,49.770812,24.153246,25.617566
2.256000,X_outbound,4.894045,51.030544,24.153246,26.877298
2.257000,X_outbound,4.899420,52.290276,24.153246,28.137030
2.258000,X_outbound,4.904795,53.550008,24.153246,29.396762
2.259000,X_outbound,4.910169,54.809740,24.153246,30.656494
2.260000,X_outbound,4.915544,56.069472,24.153246,31.916226
2.261000,X_outbound,4.920919,56.111208,24.153246,31.957962
2.262000,X_outbound,4.926293,56.134313,24.153246,31.981068
2.263000,X_outbound,4.931668,56.157419,24.153246,32.004174
2.264000,X_outbound,4.937043,56.180525,24.153246,32.027279
2.265000,X_outbound,4.942417,56.203631,24.153246,32.050385
2.266000,X_outbound,4.947792,56.226737,24.153246,32.073491
2.267000,X_outbound,4.953167,56.249843,24.153246,32.096597
2.268000,X_outbound,4.958542,56.015206,24.153246,31.861960
2.269000,X_outbound,4.963916,55.433787,24.153246,31.280542
2.270000,X_outbound,4.969291,54.852369,24.153246,30.699123
2.271000,X_outbound,4.974666,54.270951,24.153246,30.117705
2.272000,X_outbound,4.980040,53.689532,24.153246,29.536287
2.273000,X_outbound,4.985415,53.108114,24.153246,28.954868
2.274000,X_outbound,4.990790,52.526696,24.153246,28.373450
2.275000,X_outbound,4.996164,51.945277,24.153246,27.792032
2.276000,X_outbound,5.001539,52.052109,24.153246,27.898863
2.277000,X_outbound,5.006914,52.263809,24.153246,28.110563
2.278000,X_outbound,5.012288,52.475508,24.153246,28.322263
2.279000,X_outbound,5.017663,52.687208,24.153246,28.533962
2.280000,X_outbound,5.023038,52.898908,24.153246,28.745662
2.281000,X_outbound,5.028412,53.110607,24.153246,28.957362
2.282000,X_outbound,5.033787,53.322307,24.153246,29.169061
2.283000,X_outbound,5.039162,53.604851,24.153246,29.451605
2.284000,X_outbound,5.044537,54.045673,24.153246,29.892428
2.285000,X_outbound,5.049911,54.486496,24.153246,30.333250
2.286000,X_outbound,5.055286,54.927318,24.153246,30.774072
2.287000,X_outbound,5.060661,55.368140,24.153246,31.214895
2.288000,X_outbound,5.066035,55.808963,24.153246,31.655717
2.289000,X_outbound,5.071410,56.249785,24.153246,32.096539
2.290000,X_outbound,5.076785,56.690607,24.153246,32.537361
2.291000,X_outbound,5.082159,56.217121,24.153246,32.063875
2.292000,X_outbound,5.087534,55.439871,24.153246,31.286625
2.293000,X_outbound,5.092909,54.662622,24.153246,30.509376
2.294000,X_outbound,5.098283,53.885372,24.153246,29.732126
2.295000,X_outbound,5.103658,53.108122,24.153246,28.954877
2.296000,X_outbound,5.109033,52.330873,24.153246,28.177627
2.297000,X_outbound,5.114407,51.553623,24.153246,27.400378
2.298000,X_outbound,5.119782,50.742887,24.153246,26.589641
2.299000,X_outbound,5.125157,49.791264,24.153246,25.638018
2.300000,X_outbound,5.130532,48.839641,24.153246,24.686395
2.301000,X_outbound,5.135906,47.888018,24.153246,23.734772
2.302000,X_outbound,5.141281,46.936395,24.153246,22.783149
2.303000,X_outbound,5.146656,45.984772,24.153246,21.831526
2.304000,X_outbound,5.152030,45.033149,24.153246,20.879903
2.305000,X_outbound,5.157405,44.081526,24.153246,19.928280
2.306000,X_outbound,5.162780,43.382745,24.153246,19.229499
2.307000,X_outbound,5.168154,42.830265,24.153246,18.677019
2.308000,X_outbound,5.173529,42.277784,24.153246,18.124539
2.309000,X_outbound,5.178904,41.725304,24.153246,17.572058
2.310000,X_outbound,5.184278,41.172824,24.153246,17.019578
2.311000,X_outbound,5.189653,40.620344,24.153246,16.467098
2.312000,X_outbound,5.195028,40.067864,24.153246,15.914618
2.313000,X_outbound,5.200402,39.514583,24.153246,15.361338
2.314000,X_outbound,5.205777,38.951420,24.153246,14.798174
2.315000,X_outbound,5.211152,38.388256,24.153246,14.235010
2.316000,X_outbound,5.216527,37.825092,24.153246,13.671846
2.317000,X_outbound,5.221901,37.261928,24.153246,13.108683
2.318000,X_outbound,5.227276,36.698765,24.153246,12.545519
2.319000,X_outbound,5.232651,36.135601,24.153246,11.982355
2.320000,X_outbound,5.238025,35.572437,24.153246,11.419191
2.321000,X_outbound,5.243400,34.637561,24.153246,10.484315
2.322000,X_outbound,5.248775,33.354449,24.153246,9.201203
2.323000,X_outbound,5.254149,32.071337,24.153246,7.918091
2.324000,X_outbound,5.259524,30.788225,24.153246,6.634979
2.325000,X_outbound,5.264899,29.505113,24.153246,5.351867
2.326000,X_outbound,5.270273,28.222000,24.153246,4.068755
2.327000,X_outbound,5.275648,26.938888,24.153246,2.785643
2.328000,X_outbound,5.281023,25.655776,24.153246,1.502531
2.329000,X_outbound,5.286397,24.660274,24.153246,0.507028
2.330000,X_outbound,5.291772,23.677467,24.153246,-0.475779
2.331000,X_outbound,5.297147,22.694659,24.153246,-1.458586
2.332000,X_outbound,5.302522,21.711852,24.153246,-2.441393
2.333000,X_outbound,5.307896,20.729045,24.153246,-3.424201
2.334000,X_outbound,5.313271,19.746238,24.153246,-4.407008
2.335000,X_outbound,5.318646,18.763430,24.153246,-5.389815
2.336000,X_outbound,5.324020,18.178499,24.153246,-5.974747
2.337000,X_outbound,5.329395,18.192506,24.153246,-5.960739
2.338000,X_outbound,5.334770,18.206514,24.153246,-5.946732
2.339000,X_outbound,5.340144,18.220521,24.153246,-5.932724
2.340000,X_outbound,5.345519,18.234529,24.153246,-5.918717
2.341000,X_outbound,5.350894,18.248537,24.153246,-5.904709
2.342000,X_outbound,5.356268,18.262544,24.153246,-5.890702
2.343000,X_outbound,5.361643,18.276552,24.153246,-5.876694
2.344000,X_outbound,5.367018,18.727615,24.153246,-5.425631
2.345000,X_outbound,5.372392,19.261574,24.153246,-4.891671
2.346000,X_outbound,5.377767,19.795534,24.153246,-4.357711
2.347000,X_outbound,5.383142,20.329494,24.153246,-3.823752
2.348000,X_outbound,5.388517,20.863454,24.153246,-3.289792
2.349000,X_outbound,5.393891,21.397414,24.153246,-2.755832
2.350000,X_outbound,5.399266,21.931374,24.153246,-2.221872
2.351000,X_outbound,5.404641,22.289240,24.153246,-1.864005
2.352000,X_outbound,5.410015,22.198732,24.153246,-1.954514
2.353000,X_outbound,5.415390,22.108224,24.153246,-2.045022
2.354000,X_outbound,5.420765,22.017716,24.153246,-2.135530
2.355000,X_outbound,5.426139,21.927207,24.153246,-2.226038
2.356000,X_outbound,5.431514,21.836699,24.153246,-2.316546
2.357000,X_outbound,5.436889,21.746191,24.153246,-2.407055
2.358000,X_outbound,5.442263,21.655683,24.153246,-2.497563
2.359000,X_outbound,5.447638,21.023982,24.153246,-3.129263
2.360000,X_outbound,5.453013,20.185362,24.153246,-3.967884
2.361000,X_outbound,5.458387,19.346742,24.153246,-4.806504
2.362000,X_outbound,5.463762,18.508121,24.153246,-5.645124
2.363000,X_outbound,5.469137,17.669501,24.153246,-6.483745
2.364000,X_outbound,5.474512,16.830880,24.153246,-7.322365
2.365000,X_outbound,5.479886,15.992260,24.153246,-8.160986
2.366000,X_outbound,5.485261,15.533826,24.153246,-8.619419
2.367000,X_outbound,5.490636,17.001722,24.153246,-7.151523
2.368000,X_outbound,5.496010,18.469619,24.153246,-5.683627
2.369000,X_outbound,5.501385,19.937515,24.153246,-4.215731
2.370000,X_outbound,5.506760,21.405411,24.153246,-2.747835
2.371000,X_outbound,5.512134,22.873307,24.153246,-1.279939
2.372000,X_outbound,5.517509,24.341203,24.153246,0.187957
2.373000,X_outbound,5.522884,25.809099,24.153246,1.655853
2.374000,X_outbound,5.528258,26.909183,24.153246,2.755937
2.375000,X_outbound,5.533633,27.770381,24.153246,3.617135
2.376000,X_outbound,5.539008,28.631579,24.153246,4.478333
2.377000,X_outbound,5.544382,29.492776,24.153246,5.339531
2.378000,X_outbound,5.549757,30.353974,24.153246,6.200729
2.379000,X_outbound,5.555132,31.215172,24.153246,7.061926
2.380000,X_outbound,5.560507,32.076370,24.153246,7.923124
2.381000,X_outbound,5.565881,32.892173,24.153246,8.738927
2.382000,X_outbound,5.571256,32.801170,24.153246,8.647924
2.383000,X_outbound,5.576631,32.710166,24.153246,8.556921
2.384000,X_outbound,5.582005,32.619163,24.153246,8.465917
2.385000,X_outbound,5.587380,32.528160,24.153246,8.374914
2.386000,X_outbound,5.592755,32.437157,24.153246,8.283911
2.387000,X_outbound,5.598129,32.346154,24.153246,8.192908
2.388000,X_outbound,5.603504,32.255151,24.153246,8.101905
2.389000,X_outbound,5.608879,32.214483,24.153246,8.061238
2.390000,X_outbound,5.614253,32.226397,24.153246,8.073151
2.391000,X_outbound,5.619628,32.238310,24.153246,8.085064
2.392000,X_outbound,5.625003,32.250223,24.153246,8.096978
2.393000,X_outbound,5.630377,32.262137,24.153246,8.108891
2.394000,X_outbound,5.635752,32.274050,24.153246,8.120804
2.395000,X_outbound,5.641127,32.285963,24.153246,8.132718
2.396000,X_outbound,5.646502,32.297877,24.153246,8.144631
2.397000,X_outbound,5.651876,32.830155,24.153246,8.676909
2.398000,X_outbound,5.657251,33.401291,24.153246,9.248045
2.399000,X_outbound,5.662626,33.972426,24.153246,9.819180
2.400000,X_outbound,5.668000,34.543561,24.153246,10.390316
2.401000,X_outbound,5.673375,35.114697,24.153246,10.961451
2.402000,X_outbound,5.678750,35.685832,24.153246,11.532586
2.403000,X_outbound,5.684124,36.256967,24.153246,12.103722
2.404000,X_outbound,5.689499,36.501658,24.153246,12.348412
2.405000,X_outbound,5.694874,36.195105,24.153246,12.041860
2.406000,X_outbound,5.700248,35.888553,24.153246,11.735307
2.407000,X_outbound,5.705623,35.582001,24.153246,11.428755
2.408000,X_outbound,5.710998,35.275448,24.153246,11.122203
2.409000,X_outbound,5.716372,34.968896,24.153246,10.815650
2.410000,X_outbound,5.721747,34.662344,24.153246,10.509098
2.411000,X_outbound,5.727122,34.355791,24.153246,10.202545
2.412000,X_outbound,5.732497,33.537725,24.153246,9.384479
2.413000,X_outbound,5.737871,32.602282,24.153246,8.449036
2.414000,X_outbound,5.743246,31.666839,24.153246,7.513593
2.415000,X_outbound,5.748621,30.731395,24.153246,6.578150
2.416000,X_outbound,5.753995,29.795952,24.153246,5.642706
2.417000,X_outbound,5.759370,28.860509,24.153246,4.707263
2.418000,X_outbound,5.764745,27.925066,24.153246,3.771820
2.419000,X_outbound,5.770119,27.378793,24.153246,3.225548
2.420000,X_outbound,5.775494,27.970828,24.153246,3.817582
2.421000,X_outbound,5.780869,28.562862,24.153246,4.409617
2.422000,X_outbound,5.786243,29.154897,24.153246,5.001651
2.423000,X_outbound,5.791618,29.746932,24.153246,5.593686
2.424000,X_outbound,5.796993,30.338966,24.153246,6.185721
2.425000,X_outbound,5.802367,30.931001,24.153246,6.777755
2.426000,X_outbound,5.807742,31.523035,24.153246,7.369790
2.427000,X_outbound,5.813117,31.830562,24.153246,7.677316
2.428000,X_outbound,5.818492,32.013938,24.153246,7.860692
2.429000,X_outbound,5.823866,32.197314,24.153246,8.044068
2.430000,X_outbound,5.829241,32.380690,24.153246,8.227445
2.431000,X_outbound,5.834616,32.564067,24.153246,8.410821
2.432000,X_outbound,5.839990,32.747443,24.153246,8.594197
2.433000,X_outbound,5.845365,32.930819,24.153246,8.777573
2.434000,X_outbound,5.850370,32.994014,24.153246,8.840769
2.435000,X_outbound,5.853057,32.304125,24.153246,8.150879
2.436000,X_outbound,5.855745,31.614235,24.153246,7.460989
2.437000,X_outbound,5.858432,30.924345,24.153246,6.771100
2.438000,X_outbound,5.861119,30.234456,24.153246,6.081210
2.439000,X_outbound,5.863807,29.544566,24.153246,5.391320
2.440000,X_outbound,5.866494,28.854676,24.153246,4.701431
2.441000,X_outbound,5.869181,28.164787,24.153246,4.011541
2.442000,X_outbound,5.871869,27.474897,24.153246,3.321651
2.443000,X_outbound,5.874556,26.785007,24.153246,2.631762
2.444000,X_outbound,5.877243,26.095118,24.153246,1.941872
2.445000,X_outbound,5.879931,25.405228,24.153246,1.251982
2.446000,X_outbound,5.882618,24.715338,24.153246,0.562092
2.447000,X_outbound,5.885305,24.025448,24.153246,-0.127797
2.448000,X_outbound,5.887993,23.335559,24.153246,-0.817687
2.449000,X_outbound,5.890735,22.654504,24.153246,-1.498741
2.450000,X_outbound,5.896110,22.396356,24.153246,-1.756890
2.451000,X_outbound,5.901484,22.138207,24.153246,-2.015039
2.452000,X_outbound,5.906859,21.880058,24.153246,-2.273188
2.453000,X_outbound,5.912234,21.621909,24.153246,-2.531337
2.454000,X_outbound,5.917608,21.363760,24.153246,-2.789486
2.455000,X_outbound,5.922983,21.105611,24.153246,-3.047635
2.456000,X_outbound,5.928358,20.847462,24.153246,-3.305784
2.457000,X_outbound,5.933732,20.217139,24.153246,-3.936107
2.458000,X_outbound,5.939107,19.153220,24.153246,-5.000026
2.459000,X_outbound,5.944482,18.089300,24.153246,-6.063946
2.460000,X_outbound,5.949857,17.025381,24.153246,-7.127865
2.461000,X_outbound,5.955231,15.961461,24.153246,-8.191784
2.462000,X_outbound,5.960606,14.897542,24.153246,-9.255704
2.463000,X_outbound,5.965981,13.833622,24.153246,-10.319623
2.464000,X_outbound,5.971355,12.769703,24.153246,-11.383543
2.465000,X_outbound,5.976730,11.782791,24.153246,-12.370454
2.466000,X_outbound,5.982105,10.804123,24.153246,-13.349123
2.467000,X_outbound,5.987479,9.825455,24.153246,-14.327791
2.468000,X_outbound,5.992854,8.846786,24.153246,-15.306459
2.469000,X_outbound,5.998229,7.868118,24.153246,-16.285128
2.470000,X_outbound,6.003603,6.889449,24.153246,-17.263796
2.471000,X_outbound,6.008978,5.910781,24.153246,-18.242465
2.472000,X_outbound,6.014353,5.433913,24.153246,-18.719333
2.473000,X_outbound,6.019727,5.910884,24.153246,-18.242362
2.474000,X_outbound,6.025102,6.387855,24.153246,-17.765391
2.475000,X_outbound,6.030477,6.864826,24.153246,-17.288419
2.476000,X_outbound,6.035852,7.341797,24.153246,-16.811448
2.477000,X_outbound,6.041226,7.818769,24.153246,-16.334477
2.478000,X_outbound,6.046601,8.295740,24.153246,-15.857506
2.479000,X_outbound,6.051976,8.772711,24.153246,-15.380535
2.480000,X_outbound,6.057350,8.512647,24.153246,-15.640599
2.481000,X_outbound,6.062725,8.052092,24.153246,-16.101154
2.482000,X_outbound,6.068100,7.591537,24.153246,-16.561709
2.483000,X_outbound,6.073474,7.130982,24.153246,-17.022264
2.484000,X_outbound,6.078849,6.670427,24.153246,-17.482818
2.485000,X_outbound,6.084224,6.209872,24.153246,-17.943373
2.486000,X_outbound,6.089598,5.749318,24.153246,-18.403928
2.487000,X_outbound,6.094973,5.154202,24.153246,-18.999044
2.488000,X_outbound,6.100348,4.102354,24.153246,-20.050892
2.489000,X_outbound,6.105722,3.050506,24.153246,-21.102739
2.490000,X_outbound,6.111097,1.998658,24.153246,-22.154587
2.491000,X_outbound,6.116472,0.946810,24.153246,-23.206435
2.492000,X_outbound,6.121847,-0.105037,24.153246,-24.258283
2.493000,X_outbound,6.127221,-1.156885,24.153246,-25.310131
2.494000,X_outbound,6.132596,-2.208733,24.153246,-26.361979
2.495000,X_outbound,6.137971,-2.309897,24.153246,-26.463143
2.496000,X_outbound,6.143345,-1.940676,24.153246,-26.093922
2.497000,X_outbound,6.148720,-1.571454,24.153246,-25.724700
2.498000,X_outbound,6.154095,-1.202233,24.153246,-25.355479
2.499000,X_outbound,6.159469,-0.833012,24.153246,-24.986257
2.500000,X_outbound,6.164844,-0.463790,24.153246,-24.617036
2.501000,X_outbound,6.170219,-0.094569,24.153246,-24.247814
2.502000,X_outbound,6.175593,0.417984,24.153246,-23.735262
2.503000,X_outbound,6.180968,2.085343,24.153246,-22.067902
2.504000,X_outbound,6.186343,3.752702,24.153246,-20.400543
2.505000,X_outbound,6.191717,5.420062,24.153246,-18.733184
2.506000,X_outbound,6.197092,7.087421,24.153246,-17.065825
2.507000,X_outbound,6.202467,8.754780,24.153246,-15.398466
2.508000,X_outbound,6.207842,10.422139,24.153246,-13.731107
2.509000,X_outbound,6.213216,12.089498,24.153246,-12.063747
2.510000,X_outbound,6.218591,13.135872,24.153246,-11.017373
2.511000,X_outbound,6.223966,13.677921,24.153246,-10.475325
2.512000,X_outbound,6.229340,14.219969,24.153246,-9.933277
2.513000,X_outbound,6.234715,14.762017,24.153246,-9.391229
2.514000,X_outbound,6.240090,15.304065,24.153246,-8.849181
2.515000,X_outbound,6.245464,15.846113,24.153246,-8.307133
2.516000,X_outbound,6.250839,16.388161,24.153246,-7.765085
2.517000,X_outbound,6.256214,16.930209,24.153246,-7.223037
2.518000,X_outbound,6.261588,16.946913,24.153246,-7.206333
2.519000,X_outbound,6.266963,16.960050,24.153246,-7.193196
2.520000,X_outbound,6.272338,16.973187,24.153246,-7.180059
2.521000,X_outbound,6.277713,16.986323,24.153246,-7.166922
2.522000,X_outbound,6.283087,16.999460,24.153246,-7.153786
2.523000,X_outbound,6.288462,17.012597,24.153246,-7.140649
2.524000,X_outbound,6.293837,17.025733,24.153246,-7.127512
2.525000,X_outbound,6.299211,17.686827,24.153246,-6.466419
2.526000,X_outbound,6.304586,19.190626,24.153246,-4.962619
2.527000,X_outbound,6.309961,20.694426,24.153246,-3.458819
2.528000,X_outbound,6.315335,22.198226,24.153246,-1.955019
2.529000,X_outbound,6.320710,23.702026,24.153246,-0.451219
2.530000,X_outbound,6.326085,25.205826,24.153246,1.052581
2.531000,X_outbound,6.331459,26.709626,24.153246,2.556381
2.532000,X_outbound,6.336834,28.213426,24.153246,4.060181
2.533000,X_outbound,6.342209,29.328677,24.153246,5.175431
2.534000,X_outbound,6.347583,30.388977,24.153246,6.235731
2.535000,X_outbound,6.352958,31.449277,24.153246,7.296031
2.536000,X_outbound,6.358333,32.509577,24.153246,8.356331
2.537000,X_outbound,6.363708,33.569877,24.153246,9.416631
2.538000,X_outbound,6.369082,34.630177,24.153246,10.476932
2.539000,X_outbound,6.374457,35.690477,24.153246,11.537232
2.540000,X_outbound,6.379832,36.008814,24.153246,11.855568
2.541000,X_outbound,6.385206,34.732360,24.153246,10.579114
2.542000,X_outbound,6.390581,33.455906,24.153246,9.302660
2.543000,X_outbound,6.395956,32.179452,24.153246,8.026206
2.544000,X_outbound,6.401330,30.902998,24.153246,6.749752
2.545000,X_outbound,6.406705,29.626543,24.153246,5.473298
2.546000,X_outbound,6.412080,28.350089,24.153246,4.196844
2.547000,X_outbound,6.417454,27.073635,24.153246,2.920390
2.548000,X_outbound,6.422829,25.716364,24.153246,1.563118
2.549000,X_outbound,6.428204,24.333423,24.153246,0.180177
2.550000,X_outbound,6.433578,22.950482,24.153246,-1.202764
2.551000,X_outbound,6.438953,21.567541,24.153246,-2.585705
2.552000,X_outbound,6.444328,20.184599,24.153246,-3.968646
2.553000,X_outbound,6.449703,18.801658,24.153246,-5.351587
2.554000,X_outbound,6.455077,17.418717,24.153246,-6.734529
2.555000,X_outbound,6.460452,16.373630,24.153246,-7.779615
2.556000,X_outbound,6.465827,16.676916,24.153246,-7.476329
2.557000,X_outbound,6.471201,16.980202,24.153246,-7.173043
2.558000,X_outbound,6.476576,17.283488,24.153246,-6.869757
2.559000,X_outbound,6.481951,17.586774,24.153246,-6.566471
2.560000,X_outbound,6.487325,17.890060,24.153246,-6.263185
2.561000,X_outbound,6.492700,18.193346,24.153246,-5.959899
2.562000,X_outbound,6.498075,18.496632,24.153246,-5.656613
2.563000,X_outbound,6.503449,18.173343,24.153246,-5.979902
2.564000,X_outbound,6.508824,17.500325,24.153246,-6.652920
2.565000,X_outbound,6.514199,16.827307,24.153246,-7.325938
2.566000,X_outbound,6.519573,16.154289,24.153246,-7.998956
2.567000,X_outbound,6.524948,15.481271,24.153246,-8.671974
2.568000,X_outbound,6.530323,14.808253,24.153246,-9.344992
2.569000,X_outbound,6.535698,14.135235,24.153246,-10.018010
2.570000,X_outbound,6.541072,13.413950,24.153246,-10.739295
2.571000,X_outbound,6.546447,12.160823,24.153246,-11.992423
2.572000,X_outbound,6.551822,10.907695,24.153246,-13.245550
2.573000,X_outbound,6.557196,9.654568,24.153246,-14.498678
2.574000,X_outbound,6.562571,8.401440,24.153246,-15.751805
2.575000,X_outbound,6.567946,7.148313,24.153246,-17.004933
2.576000,X_outbound,6.573320,5.895185,24.153246,-18.258060
2.577000,X_outbound,6.578695,4.642058,24.153246,-19.511188
2.578000,X_outbound,6.584070,3.949571,24.153246,-20.203675
2.579000,X_outbound,6.589444,3.765094,24.153246,-20.388152
2.580000,X_outbound,6.594819,3.580617,24.153246,-20.572629
2.581000,X_outbound,6.600194,3.396140,24.153246,-20.757105
2.582000,X_outbound,6.605568,3.211663,24.153246,-20.941582
2.583000,X_outbound,6.610943,3.027186,24.153246,-21.126059
2.584000,X_outbound,6.616318,2.842709,24.153246,-21.310536
2.585000,X_outbound,6.621693,2.658232,24.153246,-21.495013
2.586000,X_outbound,6.627067,2.932218,24.153246,-21.221028
2.587000,X_outbound,6.632442,3.222316,24.153246,-20.930929
2.588000,X_outbound,6.637817,3.512415,24.153246,-20.640830
2.589000,X_outbound,6.643191,3.802514,24.153246,-20.350731
2.590000,X_outbound,6.648566,4.092613,24.153246,-20.060632
2.591000,X_outbound,6.653941,4.382712,24.153246,-19.770533
2.592000,X_outbound,6.659315,4.672811,24.153246,-19.480435
2.593000,X_outbound,6.664690,5.039316,24.153246,-19.113929
2.594000,X_outbound,6.670065,5.516930,24.153246,-18.636316
2.595000,X_outbound,6.675439,5.994544,24.153246,-18.158702
2.596000,X_outbound,6.680814,6.472158,24.153246,-17.681088
2.597000,X_outbound,6.686189,6.949772,24.153246,-17.203474
2.598000,X_outbound,6.691563,7.427386,24.153246,-16.725860
2.599000,X_outbound,6.696938,7.904999,24.153246,-16.248246
2.600000,X_outbound,6.702313,8.382613,24.153246,-15.770632
2.601000,X_outbound,6.707688,8.076713,24.153246,-16.076533
2.602000,X_outbound,6.713062,7.631338,24.153246,-16.521908
2.603000,X_outbound,6.718437,7.185963,24.153246,-16.967283
2.604000,X_outbound,6.723812,6.740588,24.153246,-17.412658
2.605000,X_outbound,6.729186,6.295213,24.153246,-17.858033
2.606000,X_outbound,6.734561,5.849838,24.153246,-18.303408
2.607000,X_outbound,6.739936,5.404463,24.153246,-18.748783
2.608000,X_outbound,6.745310,4.963122,24.153246,-19.190124
2.609000,X_outbound,6.750685,4.531641,24.153246,-19.621604
2.610000,X_outbound,6.756060,4.100161,24.153246,-20.053085
2.611000,X_outbound,6.761434,3.668681,24.153246,-20.484565
2.612000,X_outbound,6.766809,3.237200,24.153246,-20.916045
2.613000,X_outbound,6.772184,2.805720,24.153246,-21.347526
2.614000,X_outbound,6.777558,2.374240,24.153246,-21.779006
2.615000,X_outbound,6.782933,1.942759,24.153246,-22.210486
2.616000,X_outbound,6.788308,2.272509,24.153246,-21.880737
2.617000,X_outbound,6.793683,2.881342,24.153246,-21.271904
2.618000,X_outbound,6.799057,3.490176,24.153246,-20.663070
2.619000,X_outbound,6.804432,4.099009,24.153246,-20.054237
2.620000,X_outbound,6.809807,4.707842,24.153246,-19.445403
2.621000,X_outbound,6.815181,5.316676,24.153246,-18.836570
2.622000,X_outbound,6.820556,5.925509,24.153246,-18.227736
2.623000,X_outbound,6.825931,6.492933,24.153246,-17.660312
2.624000,X_outbound,6.831305,6.862617,24.153246,-17.290629
2.625000,X_outbound,6.836680,7.232301,24.153246,-16.920945
2.626000,X_outbound,6.842055,7.601984,24.153246,-16.551261
2.627000,X_outbound,6.847429,7.971668,24.153246,-16.181578
2.628000,X_outbound,6.852804,8.341352,24.153246,-15.811894
2.629000,X_outbound,6.858179,8.711035,24.153246,-15.442210
2.630000,X_outbound,6.863553,9.080719,24.153246,-15.072527
2.631000,X_outbound,6.868928,8.799284,24.153246,-15.353962
2.632000,X_outbound,6.874303,8.109502,24.153246,-16.043744
2.633000,X_outbound,6.879678,7.419720,24.153246,-16.733526
2.634000,X_outbound,6.885052,6.729938,24.153246,-17.423308
2.635000,X_outbound,6.890427,6.040156,24.153246,-18.113089
2.636000,X_outbound,6.895802,5.350374,24.153246,-18.802871
2.637000,X_outbound,6.901176,4.660593,24.153246,-19.492653
2.638000,X_outbound,6.906551,4.022380,24.153246,-20.130866
2.639000,X_outbound,6.911926,4.253565,24.153246,-19.899680
2.640000,X_outbound,6.917300,4.484751,24.153246,-19.668494
2.641000,X_outbound,6.922675,4.715937,24.153246,-19.437309
2.642000,X_outbound,6.928050,4.947123,24.153246,-19.206123
2.643000,X_outbound,6.933424,5.178309,24.153246,-18.974937
2.644000,X_outbound,6.938799,5.409495,24.153246,-18.743751
2.645000,X_outbound,6.944174,5.640681,24.153246,-18.512565
2.646000,X_outbound,6.948212,5.933783,24.153246,-18.219463
2.647000,X_outbound,6.950899,6.289444,24.153246,-17.863802
2.648000,X_outbound,6.953586,6.645105,24.153246,-17.508140
2.649000,X_outbound,6.956274,7.000767,24.153246,-17.152479
2.650000,X_outbound,6.958961,7.356428,24.153246,-16.796817
2.651000,X_outbound,6.961648,7.712090,24.153246,-16.441156
2.652000,X_outbound,6.964336,8.067751,24.153246,-16.085494
2.653000,X_outbound,6.967023,8.423413,24.153246,-15.729833
2.654000,X_outbound,6.969710,8.779074,24.153246,-15.374171
2.655000,X_outbound,6.972398,9.134736,24.153246,-15.018510
2.656000,X_outbound,6.975085,9.490397,24.153246,-14.662848
2.657000,X_outbound,6.977773,9.846059,24.153246,-14.307187
2.658000,X_outbound,6.980460,10.201720,24.153246,-13.951526
2.659000,X_outbound,6.983147,10.557382,24.153246,-13.595864
2.660000,X_outbound,6.985835,10.913043,24.153246,-13.240203
2.661000,X_outbound,6.989544,11.008229,24.153246,-13.145017
2.662000,X_outbound,6.994918,10.678894,24.153246,-13.474352
2.663000,X_outbound,7.000293,10.349558,24.153246,-13.803688
2.664000,X_outbound,7.005668,10.020222,24.153246,-14.133023
2.665000,X_outbound,7.011043,9.690887,24.153246,-14.462359
2.666000,X_outbound,7.016417,9.361551,24.153246,-14.791694
2.667000,X_outbound,7.021792,9.032216,24.153246,-15.121030
2.668000,X_outbound,7.027167,8.702880,24.153246,-15.450365
2.669000,X_outbound,7.032541,9.446319,24.153246,-14.706927
2.670000,X_outbound,7.037916,10.422571,24.153246,-13.730674
2.671000,X_outbound,7.043291,11.398824,24.153246,-12.754422
2.672000,X_outbound,7.048665,12.375076,24.153246,-11.778170
2.673000,X_outbound,7.054040,13.351328,24.153246,-10.801918
2.674000,X_outbound,7.059415,14.327580,24.153246,-9.825665
2.675000,X_outbound,7.064789,15.303832,24.153246,-8.849413
2.676000,X_outbound,7.070164,16.395343,24.153246,-7.757903
2.677000,X_outbound,7.075539,17.809673,24.153246,-6.343573
2.678000,X_outbound,7.080913,19.224002,24.153246,-4.929243
2.679000,X_outbound,7.086288,20.638332,24.153246,-3.514914
2.680000,X_outbound,7.091663,22.052662,24.153246,-2.100584
2.681000,X_outbound,7.097038,23.466991,24.153246,-0.686254
2.682000,X_outbound,7.102412,24.881321,24.153246,0.728075
2.683000,X_outbound,7.107787,26.295651,24.153246,2.142405
2.684000,X_outbound,7.113162,26.310413,24.153246,2.157168
2.685000,X_outbound,7.118536,25.738193,24.153246,1.584948
2.686000,X_outbound,7.123911,25.165973,24.153246,1.012727
2.687000,X_outbound,7.129286,24.593753,24.153246,0.440507
2.688000,X_outbound,7.134660,24.021533,24.153246,-0.131713
2.689000,X_outbound,7.140035,23.449313,24.153246,-0.703933
2.690000,X_outbound,7.145410,22.877092,24.153246,-1.276153
2.691000,X_outbound,7.150784,22.435575,24.153246,-1.717671
2.692000,X_outbound,7.156159,22.758930,24.153246,-1.394316
2.693000,X_outbound,7.161534,23.082284,24.153246,-1.070961
2.694000,X_outbound,7.166908,23.405639,24.153246,-0.747606
2.695000,X_outbound,7.172283,23.728994,24.153246,-0.424252
2.696000,X_outbound,7.177658,24.052349,24.153246,-0.100897
2.697000,X_outbound,7.183033,24.375704,24.153246,0.222458
2.698000,X_outbound,7.188407,24.699058,24.153246,0.545813
2.699000,X_outbound,7.193782,24.814992,24.153246,0.661746
2.700000,X_outbound,7.199157,24.785208,24.153246,0.631962
2.701000,X_outbound,7.204531,24.755423,24.153246,0.602177
2.702000,X_outbound,7.209906,24.725639,24.153246,0.572393
2.703000,X_outbound,7.215281,24.695854,24.153246,0.542608
2.704000,X_outbound,7.220655,24.666070,24.153246,0.512824
2.705000,X_outbound,7.226030,24.636285,24.153246,0.483040
2.706000,X_outbound,7.231405,24.585159,24.153246,0.431913
2.707000,X_outbound,7.236779,23.813956,24.153246,-0.339289
2.708000,X_outbound,7.242154,23.042754,24.153246,-1.110492
2.709000,X_outbound,7.247529,22.271551,24.153246,-1.881695
2.710000,X_outbound,7.252903,21.500348,24.153246,-2.652897
2.711000,X_outbound,7.258278,20.729146,24.153246,-3.424100
2.712000,X_outbound,7.263653,19.957943,24.153246,-4.195303
2.713000,X_outbound,7.269028,19.186740,24.153246,-4.966506
2.714000,X_outbound,7.274402,18.237741,24.153246,-5.915505
2.715000,X_outbound,7.279777,17.088413,24.153246,-7.064833
2.716000,X_outbound,7.285152,15.939084,24.153246,-8.214161
2.717000,X_outbound,7.290526,14.789756,24.153246,-9.363489
2.718000,X_outbound,7.295901,13.640428,24.153246,-10.512817
2.719000,X_outbound,7.301276,12.491100,24.153246,-11.662145
2.720000,X_outbound,7.306650,11.341772,24.153246,-12.811473
2.721000,X_outbound,7.312025,10.192444,24.153246,-13.960801
2.722000,X_outbound,7.317400,9.761732,24.153246,-14.391514
2.723000,X_outbound,7.322774,9.400682,24.153246,-14.752564
2.724000,X_outbound,7.328149,9.039632,24.153246,-15.113614
2.725000,X_outbound,7.333524,8.678582,24.153246,-15.474664
2.726000,X_outbound,7.338898,8.317532,24.153246,-15.835714
2.727000,X_outbound,7.344273,7.956482,24.153246,-16.196764
2.728000,X_outbound,7.349648,7.595432,24.153246,-16.557814
2.729000,X_outbound,7.355023,7.133637,24.153246,-17.019609
2.730000,X_outbound,7.360397,6.487228,24.153246,-17.666017
2.731000,X_outbound,7.365772,5.840820,24.153246,-18.312426
2.732000,X_outbound,7.371147,5.194412,24.153246,-18.958834
2.733000,X_outbound,7.376521,4.548004,24.153246,-19.605242
2.734000,X_outbound,7.381896,3.901595,24.153246,-20.251650
2.735000,X_outbound,7.387271,3.255187,24.153246,-20.898059
2.736000,X_outbound,7.392645,2.608779,24.153246,-21.544467
2.737000,X_outbound,7.398020,2.031371,24.153246,-22.121874
2.738000,X_outbound,7.403395,1.471814,24.153246,-22.681431
2.739000,X_outbound,7.408769,0.912257,24.153246,-23.240988
2.740000,X_outbound,7.414144,0.352701,24.153246,-23.800545
2.741000,X_outbound,7.419519,-0.206856,24.153246,-24.360102
2.742000,X_outbound,7.424893,-0.766413,24.153246,-24.919659
2.743000,X_outbound,7.430268,-1.325970,24.153246,-25.479216
2.744000,X_outbound,7.435643,-1.615582,24.153246,-25.768827
2.745000,X_outbound,7.441018,-1.030772,24.153246,-25.184018
2.746000,X_outbound,7.446392,-0.445963,24.153246,-24.599208
2.747000,X_outbound,7.451767,0.138847,24.153246,-24.014399
2.748000,X_outbound,7.457142,0.723656,24.153246,-23.429590
2.749000,X_outbound,7.462516,1.308465,24.153246,-22.844780
2.750000,X_outbound,7.467891,1.893275,24.153246,-22.259971
2.751000,X_outbound,7.473266,2.478084,24.153246,-21.675161
2.752000,X_outbound,7.478640,3.369021,24.153246,-20.784224
2.753000,X_outbound,7.484015,4.405805,24.153246,-19.747440
2.754000,X_outbound,7.489390,5.442589,24.153246,-18.710657
2.755000,X_outbound,7.494764,6.479373,24.153246,-17.673873
2.756000,X_outbound,7.500139,7.516157,24.153246,-16.637089
2.757000,X_outbound,7.505514,8.552941,24.153246,-15.600305
2.758000,X_outbound,7.510888,9.589724,24.153246,-14.563521
2.759000,X_outbound,7.516263,10.552433,24.153246,-13.600813
2.760000,X_outbound,7.521638,10.965339,24.153246,-13.187907
2.761000,X_outbound,7.527013,11.378245,24.153246,-12.775001
2.762000,X_outbound,7.532387,11.791150,24.153246,-12.362095
2.763000,X_outbound,7.537762,12.204056,24.153246,-11.949190
2.764000,X_outbound,7.543137,12.616962,24.153246,-11.536284
2.765000,X_outbound,7.548511,13.029868,24.153246,-11.123378
2.766000,X_outbound,7.553886,13.442773,24.153246,-10.710472
2.767000,X_outbound,7.559261,14.119397,24.153246,-10.033849
2.768000,X_outbound,7.564635,15.003097,24.153246,-9.150148
2.769000,X_outbound,7.570010,15.886798,24.153246,-8.266448
2.770000,X_outbound,7.575385,16.770498,24.153246,-7.382747
2.771000,X_outbound,7.580759,17.654199,24.153246,-6.499047
2.772000,X_outbound,7.586134,18.537899,24.153246,-5.615346
2.773000,X_outbound,7.591509,19.421600,24.153246,-4.731646
2.774000,X_outbound,7.596883,20.305731,24.153246,-3.847515
2.775000,X_outbound,7.602258,21.462597,24.153246,-2.690648
2.776000,X_outbound,7.607633,22.619464,24.153246,-1.533782
2.777000,X_outbound,7.613008,23.776331,24.153246,-0.376915
2.778000,X_outbound,7.618382,24.933198,24.153246,0.779952
2.779000,X_outbound,7.623757,26.090064,24.153246,1.936819
2.780000,X_outbound,7.629132,27.246931,24.153246,3.093685
2.781000,X_outbound,7.634506,28.403798,24.153246,4.250552
2.782000,X_outbound,7.639881,28.872421,24.153246,4.719176
2.783000,X_outbound,7.645256,28.475680,24.153246,4.322434
2.784000,X_outbound,7.650630,28.078939,24.153246,3.925693
2.785000,X_outbound,7.656005,27.682198,24.153246,3.528952
2.786000,X_outbound,7.661380,27.285457,24.153246,3.132211
2.787000,X_outbound,7.666754,26.888716,24.153246,2.735470
2.788000,X_outbound,7.672129,26.491975,24.153246,2.338729
2.789000,X_outbound,7.677504,26.095234,24.153246,1.941988
2.790000,X_outbound,7.682878,25.226464,24.153246,1.073218
2.791000,X_outbound,7.688253,24.296006,24.153246,0.142760
2.792000,X_outbound,7.693628,23.365548,24.153246,-0.787697
2.793000,X_outbound,7.699003,22.435091,24.153246,-1.718155
2.794000,X_outbound,7.704377,21.504633,24.153246,-2.648613
2.795000,X_outbound,7.709752,20.574175,24.153246,-3.579071
2.796000,X_outbound,7.715127,19.643717,24.153246,-4.509528
2.797000,X_outbound,7.720501,19.014268,24.153246,-5.138978
2.798000,X_outbound,7.725876,19.007605,24.153246,-5.145641
2.799000,X_outbound,7.731251,19.000941,24.153246,-5.152304
2.800000,X_outbound,7.736625,18.994278,24.153246,-5.158968
2.801000,X_outbound,7.742000,18.987614,24.153246,-5.165631
2.802000,X_outbound,7.747375,18.980951,24.153246,-5.172295
2.803000,X_outbound,7.752749,18.974288,24.153246,-5.178958
2.804000,X_outbound,7.758124,18.967624,24.153246,-5.185622
2.805000,X_outbound,7.763499,19.229277,24.153246,-4.923969
2.806000,X_outbound,7.768873,19.572321,24.153246,-4.580925
2.807000,X_outbound,7.774248,19.915364,24.153246,-4.237881
2.808000,X_outbound,7.779623,20.258408,24.153246,-3.894838
2.809000,X_outbound,7.784998,20.601452,24.153246,-3.551794
2.810000,X_outbound,7.790372,20.944495,24.153246,-3.208750
2.811000,X_outbound,7.795747,21.287539,24.153246,-2.865707
2.812000,X_outbound,7.801122,21.544761,24.153246,-2.608485
2.813000,X_outbound,7.806496,21.476550,24.153246,-2.676696
2.814000,X_outbound,7.811871,21.408338,24.153246,-2.744908
2.815000,X_outbound,7.817246,21.340126,24.153246,-2.813119
2.816000,X_outbound,7.822620,21.271915,24.153246,-2.881331
2.817000,X_outbound,7.827995,21.203703,24.153246,-2.949542
2.818000,X_outbound,7.833370,21.135492,24.153246,-3.017754
2.819000,X_outbound,7.838744,21.067280,24.153246,-3.085966
2.820000,X_outbound,7.844119,21.076269,24.153246,-3.076976
2.821000,X_outbound,7.849494,21.126809,24.153246,-3.026436
2.822000,X_outbound,7.854868,21.177349,24.153246,-2.975896
2.823000,X_outbound,7.860243,21.227889,24.153246,-2.925357
2.824000,X_outbound,7.865618,21.278429,24.153246,-2.874817
2.825000,X_outbound,7.870993,21.328969,24.153246,-2.824277
2.826000,X_outbound,7.876367,21.379509,24.153246,-2.773737
2.827000,X_outbound,7.881742,21.590614,24.153246,-2.562632
2.828000,X_outbound,7.887117,23.395504,24.153246,-0.757742
2.829000,X_outbound,7.892491,25.200393,24.153246,1.047147
2.830000,X_outbound,7.897866,27.005283,24.153246,2.852037
2.831000,X_outbound,7.903241,28.810172,24.153246,4.656926
2.832000,X_outbound,7.908615,30.615061,24.153246,6.461816
2.833000,X_outbound,7.913990,32.419951,24.153246,8.266705
2.834000,X_outbound,7.919365,34.224840,24.153246,10.071595
2.835000,X_outbound,7.924739,35.586336,24.153246,11.433091
2.836000,X_outbound,7.930114,36.559257,24.153246,12.406011
2.837000,X_outbound,7.935489,37.532178,24.153246,13.378932
2.838000,X_outbound,7.940863,38.505099,24.153246,14.351853
2.839000,X_outbound,7.946238,39.478020,24.153246,15.324774
2.840000,X_outbound,7.951613,40.450941,24.153246,16.297695
2.841000,X_outbound,7.956988,41.423861,24.153246,17.270616
2.842000,X_outbound,7.962362,42.396782,24.153246,18.243537
2.843000,X_outbound,7.967737,42.347273,24.153246,18.194027
2.844000,X_outbound,7.973112,42.270866,24.153246,18.117620
2.845000,X_outbound,7.978486,42.194459,24.153246,18.041213
2.846000,X_outbound,7.983861,42.118052,24.153246,17.964806
2.847000,X_outbound,7.989236,42.041645,24.153246,17.888399
2.848000,X_outbound,7.994610,41.965237,24.153246,17.811992
2.849000,X_outbound,7.999985,41.888830,24.153246,17.735585
2.850000,X_outbound,8.005360,41.818256,24.153246,17.665010
2.851000,X_outbound,8.010734,41.755877,24.153246,17.602631
2.852000,X_outbound,8.016109,41.693498,24.153246,17.540252
2.853000,X_outbound,8.021484,41.631119,24.153246,17.477873
2.854000,X_outbound,8.026858,41.568740,24.153246,17.415494
2.855000,X_outbound,8.032233,41.506361,24.153246,17.353115
2.856000,X_outbound,8.037608,41.443982,24.153246,17.290736
2.857000,X_outbound,8.042983,41.381603,24.153246,17.228357
2.858000,X_outbound,8.046054,40.864431,24.153246,16.711185
2.859000,X_outbound,8.048741,40.271500,24.153246,16.118254
2.860000,X_outbound,8.051428,39.678570,24.153246,15.525324
2.861000,X_outbound,8.054116,39.085639,24.153246,14.932393
2.862000,X_outbound,8.056803,38.492708,24.153246,14.339463
2.863000,X_outbound,8.059490,37.899778,24.153246,13.746532
2.864000,X_outbound,8.062178,37.306847,24.153246,13.153602
2.865000,X_outbound,8.064865,36.713917,24.153246,12.560671
2.866000,X_outbound,8.067552,36.120986,24.153246,11.967741
2.867000,X_outbound,8.070240,35.528056,24.153246,11.374810
2.868000,X_outbound,8.072927,34.935125,24.153246,10.781880
2.869000,X_outbound,8.075614,34.342195,24.153246,10.188949
2.870000,X_outbound,8.078302,33.749264,24.153246,9.596019
2.871000,X_outbound,8.080989,33.156334,24.153246,9.003088
2.872000,X_outbound,8.083676,32.563403,24.153246,8.410158
2.873000,X_outbound,8.088353,31.379348,24.153246,7.226102
2.874000,X_outbound,8.093727,29.987655,24.153246,5.834409
2.875000,X_outbound,8.099102,28.595962,24.153246,4.442716
2.876000,X_outbound,8.104477,27.204269,24.153246,3.051023
2.877000,X_outbound,8.109851,25.812576,24.153246,1.659330
2.878000,X_outbound,8.115226,24.420883,24.153246,0.267637
2.879000,X_outbound,8.120601,23.029190,24.153246,-1.124056
2.880000,X_outbound,8.125975,21.699936,24.153246,-2.453310
2.881000,X_outbound,8.131350,20.652310,24.153246,-3.500936
2.882000,X_outbound,8.136725,19.604683,24.153246,-4.548562
2.883000,X_outbound,8.142099,18.557057,24.153246,-5.596188
2.884000,X_outbound,8.147474,17.509431,24.153246,-6.643815
2.885000,X_outbound,8.152849,16.461805,24.153246,-7.691441
2.886000,X_outbound,8.158223,15.414179,24.153246,-8.739067
2.887000,X_outbound,8.163598,14.366553,24.153246,-9.786693
2.888000,X_outbound,8.168973,13.406840,24.153246,-10.746406
2.889000,X_outbound,8.174348,12.500350,24.153246,-11.652895
2.890000,X_outbound,8.179722,11.593861,24.153246,-12.559385
2.891000,X_outbound,8.185097,10.687372,24.153246,-13.465874
2.892000,X_outbound,8.190472,9.780882,24.153246,-14.372363
2.893000,X_outbound,8.195846,8.874393,24.153246,-15.278853
2.894000,X_outbound,8.201221,7.967904,24.153246,-16.185342
2.895000,X_outbound,8.206596,7.091653,24.153246,-17.061592
2.896000,X_outbound,8.211970,6.655339,24.153246,-17.497907
2.897000,X_outbound,8.217345,6.219025,24.153246,-17.934221
2.898000,X_outbound,8.222720,5.782710,24.153246,-18.370536
2.899000,X_outbound,8.228094,5.346396,24.153246,-18.806850
2.900000,X_outbound,8.233469,4.910081,24.153246,-19.243165
2.901000,X_outbound,8.238844,4.473767,24.153246,-19.679479
2.902000,X_outbound,8.244218,4.037452,24.153246,-20.115793
2.903000,X_outbound,8.249593,3.913053,24.153246,-20.240193
2.904000,X_outbound,8.254968,4.093494,24.153246,-20.059752
2.905000,X_outbound,8.260343,4.273935,24.153246,-19.879311
2.906000,X_outbound,8.265717,4.454375,24.153246,-19.698870
2.907000,X_outbound,8.271092,4.634816,24.153246,-19.518430
2.908000,X_outbound,8.276467,4.815257,24.153246,-19.337989
2.909000,X_outbound,8.281841,4.995698,24.153246,-19.157548
2.910000,X_outbound,8.287216,5.176138,24.153246,-18.977107
2.911000,X_outbound,8.292591,5.603866,24.153246,-18.549380
2.912000,X_outbound,8.297965,6.045390,24.153246,-18.107856
2.913000,X_outbound,8.303340,6.486913,24.153246,-17.666332
2.914000,X_outbound,8.308715,6.928437,24.153246,-17.224808
2.915000,X_outbound,8.314089,7.369961,24.153246,-16.783285
2.916000,X_outbound,8.319464,7.811485,24.153246,-16.341761
2.917000,X_outbound,8.324839,8.253009,24.153246,-15.900237
2.918000,X_outbound,8.330213,8.416157,24.153246,-15.737088
2.919000,X_outbound,8.335588,8.141287,24.153246,-16.011958
2.920000,X_outbound,8.340963,7.866417,24.153246,-16.286828
2.921000,X_outbound,8.346338,7.591547,24.153246,-16.561698
2.922000,X_outbound,8.351712,7.316677,24.153246,-16.836568
2.923000,X_outbound,8.357087,7.041807,24.153246,-17.111438
2.924000,X_outbound,8.362462,6.766937,24.153246,-17.386308
2.925000,X_outbound,8.367836,6.492067,24.153246,-17.661179
2.926000,X_outbound,8.373211,7.054706,24.153246,-17.098540
2.927000,X_outbound,8.378586,7.788883,24.153246,-16.364363
2.928000,X_outbound,8.383960,8.523060,24.153246,-15.630186
2.929000,X_outbound,8.389335,9.257237,24.153246,-14.896009
2.930000,X_outbound,8.394710,9.991414,24.153246,-14.161832
2.931000,X_outbound,8.400084,10.725591,24.153246,-13.427655
2.932000,X_outbound,8.405459,11.459768,24.153246,-12.693478
2.933000,X_outbound,8.410834,12.031960,24.153246,-12.121285
2.934000,X_outbound,8.416208,12.169334,24.153246,-11.983911
2.935000,X_outbound,8.421583,12.306708,24.153246,-11.846537
2.936000,X_outbound,8.426958,12.444083,24.153246,-11.709163
2.937000,X_outbound,8.432333,12.581457,24.153246,-11.571789
2.938000,X_outbound,8.437707,12.718831,24.153246,-11.434415
2.939000,X_outbound,8.443082,12.856205,24.153246,-11.297041
2.940000,X_outbound,8.448457,12.993579,24.153246,-11.159667
2.941000,X_outbound,8.453831,11.901684,24.153246,-12.251561
2.942000,X_outbound,8.459206,10.314596,24.153246,-13.838649
2.943000,X_outbound,8.464581,8.727508,24.153246,-15.425738
2.944000,X_outbound,8.469955,7.140420,24.153246,-17.012826
2.945000,X_outbound,8.475330,5.553332,24.153246,-18.599914
2.946000,X_outbound,8.480705,3.966244,24.153246,-20.187002
2.947000,X_outbound,8.486079,2.379156,24.153246,-21.774090
2.948000,X_outbound,8.491454,0.857447,24.153246,-23.295799
2.949000,X_outbound,8.496829,-0.305825,24.153246,-24.459071
2.950000,X_outbound,8.502203,-1.469097,24.153246,-25.622343
2.951000,X_outbound,8.507578,-2.632369,24.153246,-26.785615
2.952000,X_outbound,8.512953,-3.795641,24.153246,-27.948887
2.953000,X_outbound,8.518328,-4.958913,24.153246,-29.112159
2.954000,X_outbound,8.523702,-6.122185,24.153246,-30.275431
2.955000,X_outbound,8.529077,-7.285457,24.153246,-31.438703
2.956000,X_outbound,8.534452,-7.682184,24.153246,-31.835429
2.957000,X_outbound,8.539826,-7.558623,24.153246,-31.711869
2.958000,X_outbound,8.545201,-7.435063,24.153246,-31.588309
2.959000,X_outbound,8.550576,-7.311503,24.153246,-31.464749
2.960000,X_outbound,8.555950,-7.187943,24.153246,-31.341188
2.961000,X_outbound,8.561325,-7.064383,24.153246,-31.217628
2.962000,X_outbound,8.566700,-6.940822,24.153246,-31.094068
2.963000,X_outbound,8.571941,-6.824274,24.153246,-30.977520
2.964000,X_outbound,8.573733,-6.889686,24.153246,-31.042932
2.965000,X_outbound,8.575525,-6.955099,24.153246,-31.108345
2.966000,X_outbound,8.577316,-7.020511,24.153246,-31.173757
2.967000,X_outbound,8.579108,-7.085924,24.153246,-31.239169
2.968000,X_outbound,8.580899,-7.151336,24.153246,-31.304582
2.969000,X_outbound,8.582691,-7.216749,24.153246,-31.369994
2.970000,X_outbound,8.584482,-7.282161,24.153246,-31.435407
2.971000,X_outbound,8.586274,-7.347573,24.153246,-31.500819
2.972000,X_outbound,8.588066,-7.412986,24.153246,-31.566232
2.973000,X_outbound,8.589857,-7.478398,24.153246,-31.631644
2.974000,X_outbound,8.591649,-7.543811,24.153246,-31.697056
2.975000,X_outbound,8.593440,-7.609223,24.153246,-31.762469
2.976000,X_outbound,8.595232,-7.674636,24.153246,-31.827881
2.977000,X_outbound,8.597023,-7.740048,24.153246,-31.893294
2.978000,X_outbound,8.598815,-7.805460,24.153246,-31.958706
2.979000,X_outbound,8.600606,-7.870873,24.153246,-32.024119
2.980000,X_outbound,8.602398,-7.936285,24.153246,-32.089531
2.981000,X_outbound,8.604190,-8.001698,24.153246,-32.154943
2.982000,X_outbound,8.605981,-8.067110,24.153246,-32.220356
2.983000,X_outbound,8.607773,-8.132523,24.153246,-32.285768
2.984000,X_outbound,8.609564,-8.197935,24.153246,-32.351181
2.985000,X_outbound,8.611356,-8.263348,24.153246,-32.416593
2.986000,X_outbound,8.614442,-7.855093,24.153246,-32.008339
2.987000,X_outbound,8.619817,-6.609750,24.153246,-30.762996
2.988000,X_outbound,8.625192,-5.364406,24.153246,-29.517652
2.989000,X_outbound,8.630566,-4.119063,24.153246,-28.272309
2.990000,X_outbound,8.635941,-2.873720,24.153246,-27.026965
2.991000,X_outbound,8.641316,-1.628376,24.153246,-25.781622
2.992000,X_outbound,8.646690,-0.383033,24.153246,-24.536278
2.993000,X_outbound,8.652065,0.862311,24.153246,-23.290935
2.994000,X_outbound,8.657440,1.177878,24.153246,-22.975368
2.995000,X_outbound,8.662814,1.265040,24.153246,-22.888206
2.996000,X_outbound,8.668189,1.352202,24.153246,-22.801044
2.997000,X_outbound,8.673564,1.439364,24.153246,-22.713881
2.998000,X_outbound,8.678938,1.526526,24.153246,-22.626719
2.999000,X_outbound,8.684313,1.613689,24.153246,-22.539557
3.000000,X_outbound,8.689688,1.700851,24.153246,-22.452395
3.001000,X_outbound,8.695063,1.719407,24.153246,-22.433839
3.002000,X_outbound,8.700437,1.525640,24.153246,-22.627605
3.003000,X_outbound,8.705812,1.331874,24.153246,-22.821372
3.004000,X_outbound,8.711187,1.138107,24.153246,-23.015139
3.005000,X_outbound,8.716561,0.944341,24.153246,-23.208905
3.006000,X_outbound,8.721936,0.750574,24.153246,-23.402672
3.007000,X_outbound,8.727311,0.556807,24.153246,-23.596438
3.008000,X_outbound,8.732685,0.363041,24.153246,-23.790205
3.009000,X_outbound,8.738060,0.797208,24.153246,-23.356037
3.010000,X_outbound,8.743435,1.519288,24.153246,-22.633958
3.011000,X_outbound,8.748809,2.241367,24.153246,-21.911878
3.012000,X_outbound,8.754184,2.963447,24.153246,-21.189799
3.013000,X_outbound,8.759559,3.685527,24.153246,-20.467719
3.014000,X_outbound,8.764933,4.407606,24.153246,-19.745639
3.015000,X_outbound,8.770308,5.129686,24.153246,-19.023560
3.016000,X_outbound,8.775683,5.912416,24.153246,-18.240830
3.017000,X_outbound,8.781058,7.111859,24.153246,-17.041387
3.018000,X_outbound,8.786432,8.311301,24.153246,-15.841944
3.019000,X_outbound,8.791807,9.510744,24.153246,-14.642502
3.020000,X_outbound,8.797182,10.710187,24.153246,-13.443059
3.021000,X_outbound,8.802556,11.909630,24.153246,-12.243616
3.022000,X_outbound,8.807931,13.109072,24.153246,-11.044174
3.023000,X_outbound,8.813306,14.308515,24.153246,-9.844731
3.024000,X_outbound,8.818680,14.962223,24.153246,-9.191023
3.025000,X_outbound,8.824055,15.201667,24.153246,-8.951578
3.026000,X_outbound,8.829430,15.441112,24.153246,-8.712134
3.027000,X_outbound,8.834804,15.680557,24.153246,-8.472689
3.028000,X_outbound,8.840179,15.920001,24.153246,-8.233245
3.029000,X_outbound,8.845554,16.159446,24.153246,-7.993800
3.030000,X_outbound,8.850929,16.398890,24.153246,-7.754355
3.031000,X_outbound,8.856303,16.631990,24.153246,-7.521256
3.032000,X_outbound,8.861678,16.230267,24.153246,-7.922978
3.033000,X_outbound,8.867053,15.828545,24.153246,-8.324701
3.034000,X_outbound,8.872427,15.426822,24.153246,-8.726424
3.035000,X_outbound,8.877802,15.025099,24.153246,-9.128146
3.036000,X_outbound,8.883177,14.623377,24.153246,-9.529869
3.037000,X_outbound,8.888551,14.221654,24.153246,-9.931592
3.038000,X_outbound,8.893926,13.819931,24.153246,-10.333314
3.039000,X_outbound,8.899301,14.029402,24.153246,-10.123844
3.040000,X_outbound,8.904675,14.981923,24.153246,-9.171323
3.041000,X_outbound,8.910050,15.934443,24.153246,-8.218803
3.042000,X_outbound,8.915425,16.886964,24.153246,-7.266282
3.043000,X_outbound,8.920799,17.839484,24.153246,-6.313761
3.044000,X_outbound,8.926174,18.792005,24.153246,-5.361241
3.045000,X_outbound,8.931549,19.744525,24.153246,-4.408720
3.046000,X_outbound,8.936924,20.697046,24.153246,-3.456200
3.047000,X_outbound,8.942298,21.574295,24.153246,-2.578951
3.048000,X_outbound,8.947673,22.442500,24.153246,-1.710745
3.049000,X_outbound,8.953048,23.310706,24.153246,-0.842540
3.050000,X_outbound,8.958422,24.178911,24.153246,0.025665
3.051000,X_outbound,8.963797,25.047116,24.153246,0.893871
3.052000,X_outbound,8.969172,25.915322,24.153246,1.762076
3.053000,X_outbound,8.974546,26.783527,24.153246,2.630281
3.054000,X_outbound,8.979921,27.186388,24.153246,3.033143
3.055000,X_outbound,8.985296,26.662014,24.153246,2.508768
3.056000,X_outbound,8.990670,26.137640,24.153246,1.984394
3.057000,X_outbound,8.996045,25.613265,24.153246,1.460020
3.058000,X_outbound,9.001420,25.088891,24.153246,0.935645
3.059000,X_outbound,9.006794,24.564517,24.153246,0.411271
3.060000,X_outbound,9.012169,24.040142,24.153246,-0.113103
3.061000,X_outbound,9.017544,23.515768,24.153246,-0.637478
3.062000,X_outbound,9.022919,23.485648,24.153246,-0.667598
3.063000,X_outbound,9.028293,23.598543,24.153246,-0.554703
3.064000,X_outbound,9.033668,23.711438,24.153246,-0.441807
3.065000,X_outbound,9.039043,23.824334,24.153246,-0.328912
3.066000,X_outbound,9.044417,23.937229,24.153246,-0.216017
3.067000,X_outbound,9.049792,24.050124,24.153246,-0.103121
3.068000,X_outbound,9.055167,24.163019,24.153246,0.009774
3.069000,X_outbound,9.059958,24.509475,24.153246,0.356230
3.070000,X_outbound,9.062646,25.698677,24.153246,1.545431
3.071000,X_outbound,9.065333,26.887878,24.153246,2.734632
3.072000,X_outbound,9.068020,28.077079,24.153246,3.923833
3.073000,X_outbound,9.070708,29.266280,24.153246,5.113034
3.074000,X_outbound,9.073395,30.455481,24.153246,6.302236
3.075000,X_outbound,9.076082,31.644683,24.153246,7.491437
3.076000,X_outbound,9.078770,32.833884,24.153246,8.680638
3.077000,X_outbound,9.081457,34.023085,24.153246,9.869839
3.078000,X_outbound,9.084144,35.212286,24.153246,11.059040
3.079000,X_outbound,9.086832,36.401487,24.153246,12.248242
3.080000,X_outbound,9.089519,37.590689,24.153246,13.437443
3.081000,X_outbound,9.092206,38.779890,24.153246,14.626644
3.082000,X_outbound,9.094894,39.969091,24.153246,15.815845
3.083000,X_outbound,9.097581,41.158292,24.153246,17.005046
3.084000,X_outbound,9.100537,42.253276,24.153246,18.100030
3.085000,X_outbound,9.105911,42.498832,24.153246,18.345586
3.086000,X_outbound,9.111286,42.744388,24.153246,18.591142
3.087000,X_outbound,9.116661,42.989944,24.153246,18.836699
3.088000,X_outbound,9.122035,43.235501,24.153246,19.082255
3.089000,X_outbound,9.127410,43.481057,24.153246,19.327811
3.090000,X_outbound,9.132785,43.726613,24.153246,19.573367
3.091000,X_outbound,9.138159,43.972169,24.153246,19.818923
3.092000,X_outbound,9.143534,44.149416,24.153246,19.996170
3.093000,X_outbound,9.148909,44.268770,24.153246,20.115524
3.094000,X_outbound,9.154284,44.388123,24.153246,20.234877
3.095000,X_outbound,9.159658,44.507477,24.153246,20.354231
3.096000,X_outbound,9.165033,44.626830,24.153246,20.473584
3.097000,X_outbound,9.170408,44.746184,24.153246,20.592938
3.098000,X_outbound,9.175782,44.865537,24.153246,20.712291
3.099000,X_outbound,9.181157,44.984891,24.153246,20.831645
3.100000,X_outbound,9.186532,45.911405,24.153246,21.758159
3.101000,X_outbound,9.191906,46.852140,24.153246,22.698894
3.102000,X_outbound,9.197281,47.792875,24.153246,23.639629
3.103000,X_outbound,9.202656,48.733609,24.153246,24.580364
3.104000,X_outbound,9.208030,49.674344,24.153246,25.521099
3.105000,X_outbound,9.213405,50.615079,24.153246,26.461833
3.106000,X_outbound,9.218780,51.555814,24.153246,27.402568
3.107000,X_outbound,9.224154,51.989576,24.153246,27.836331
3.108000,X_outbound,9.229529,51.734925,24.153246,27.581680
3.109000,X_outbound,9.234904,51.480275,24.153246,27.327029
3.110000,X_outbound,9.240279,51.225624,24.153246,27.072378
3.111000,X_outbound,9.245653,50.970973,24.153246,26.817727
3.112000,X_outbound,9.251028,50.716322,24.153246,26.563076
3.113000,X_outbound,9.256403,50.461671,24.153246,26.308425
3.114000,X_outbound,9.261777,50.207020,24.153246,26.053774
3.115000,X_outbound,9.267152,48.751161,24.153246,24.597916
3.116000,X_outbound,9.272527,47.108680,24.153246,22.955434
3.117000,X_outbound,9.277901,45.466198,24.153246,21.312953
3.118000,X_outbound,9.283276,43.823717,24.153246,19.670471
3.119000,X_outbound,9.288651,42.181235,24.153246,18.027990
3.120000,X_outbound,9.294025,40.538754,24.153246,16.385508
3.121000,X_outbound,9.299400,38.896272,24.153246,14.743027
3.122000,X_outbound,9.304775,37.526149,24.153246,13.372904
3.123000,X_outbound,9.310149,36.770972,24.153246,12.617726
3.124000,X_outbound,9.315524,36.015795,24.153246,11.862549
3.125000,X_outbound,9.320899,35.260617,24.153246,11.107371
3.126000,X_outbound,9.326274,34.505440,24.153246,10.352194
3.127000,X_outbound,9.331648,33.750262,24.153246,9.597017
3.128000,X_outbound,9.337023,32.995085,24.153246,8.841839
3.129000,X_outbound,9.342398,32.239908,24.153246,8.086662
3.130000,X_outbound,9.347772,31.948423,24.153246,7.795177
3.131000,X_outbound,9.353147,31.812848,24.153246,7.659602
3.132000,X_outbound,9.358522,31.677273,24.153246,7.524027
3.133000,X_outbound,9.363896,31.541698,24.153246,7.388452
3.134000,X_outbound,9.369271,31.406123,24.153246,7.252877
3.135000,X_outbound,9.374646,31.270548,24.153246,7.117302
3.136000,X_outbound,9.380020,31.134973,24.153246,6.981727
3.137000,X_outbound,9.385395,30.874072,24.153246,6.720826
3.138000,X_outbound,9.390770,30.078164,24.153246,5.924918
3.139000,X_outbound,9.396144,29.282256,24.153246,5.129010
3.140000,X_outbound,9.401519,28.486348,24.153246,4.333102
3.141000,X_outbound,9.406894,27.690440,24.153246,3.537194
3.142000,X_outbound,9.412269,26.894531,24.153246,2.741286
3.143000,X_outbound,9.417643,26.098623,24.153246,1.945378
3.144000,X_outbound,9.423018,25.302715,24.153246,1.149470
3.145000,X_outbound,9.428393,24.143472,24.153246,-0.009774
3.146000,X_outbound,9.433767,22.771950,24.153246,-1.381296
3.147000,X_outbound,9.439142,21.400428,24.153246,-2.752818
3.148000,X_outbound,9.444517,20.028906,24.153246,-4.124340
3.149000,X_outbound,9.449891,18.657384,24.153246,-5.495862
3.150000,X_outbound,9.455266,17.285862,24.153246,-6.867384
3.151000,X_outbound,9.460641,15.914340,24.153246,-8.238906
3.152000,X_outbound,9.466015,14.652935,24.153246,-9.500310
3.153000,X_outbound,9.471390,14.797445,24.153246,-9.355801
3.154000,X_outbound,9.476765,14.941955,24.153246,-9.211291
3.155000,X_outbound,9.482139,15.086465,24.153246,-9.066781
3.156000,X_outbound,9.487514,15.230974,24.153246,-8.922271
3.157000,X_outbound,9.492889,15.375484,24.153246,-8.777761
3.158000,X_outbound,9.498264,15.519994,24.153246,-8.633252
3.159000,X_outbound,9.503638,15.664504,24.153246,-8.488742
3.160000,X_outbound,9.509013,16.002127,24.153246,-8.151118
3.161000,X_outbound,9.514388,16.522304,24.153246,-7.630942
3.162000,X_outbound,9.519762,17.042480,24.153246,-7.110765
3.163000,X_outbound,9.525137,17.562657,24.153246,-6.590589
3.164000,X_outbound,9.530512,18.082833,24.153246,-6.070412
3.165000,X_outbound,9.535886,18.603010,24.153246,-5.550236
3.166000,X_outbound,9.541261,19.123186,24.153246,-5.030059
3.167000,X_outbound,9.546636,19.643363,24.153246,-4.509883
3.168000,X_outbound,9.552010,18.884820,24.153246,-5.268426
3.169000,X_outbound,9.557385,18.066693,24.153246,-6.086553
3.170000,X_outbound,9.562760,17.248565,24.153246,-6.904681
3.171000,X_outbound,9.568134,16.430437,24.153246,-7.722808
3.172000,X_outbound,9.573509,15.612310,24.153246,-8.540936
3.173000,X_outbound,9.578884,14.794182,24.153246,-9.359063
3.174000,X_outbound,9.584259,13.976055,24.153246,-10.177191
3.175000,X_outbound,9.588211,13.301802,24.153246,-10.851444
3.176000,X_outbound,9.590003,12.846170,24.153246,-11.307075
3.177000,X_outbound,9.591794,12.390539,24.153246,-11.762707
3.178000,X_outbound,9.593586,11.934908,24.153246,-12.218338
3.179000,X_outbound,9.595377,11.479276,24.153246,-12.673969
3.180000,X_outbound,9.597169,11.023645,24.153246,-13.129600
3.181000,X_outbound,9.598960,10.568014,24.153246,-13.585232
3.182000,X_outbound,9.600752,10.112383,24.153246,-14.040863
3.183000,X_outbound,9.602544,9.656751,24.153246,-14.496494
3.184000,X_outbound,9.604335,9.201120,24.153246,-14.952126
3.185000,X_outbound,9.606127,8.745489,24.153246,-15.407757
3.186000,X_outbound,9.607918,8.289857,24.153246,-15.863388
3.187000,X_outbound,9.609710,7.834226,24.153246,-16.319020
3.188000,X_outbound,9.611501,7.378595,24.153246,-16.774651
3.189000,X_outbound,9.613293,6.922964,24.153246,-17.230282
3.190000,X_outbound,9.615085,6.467332,24.153246,-17.685913
3.191000,X_outbound,9.616876,6.011701,24.153246,-18.141545
3.192000,X_outbound,9.618668,5.556070,24.153246,-18.597176
3.193000,X_outbound,9.620459,5.100438,24.153246,-19.052807
3.194000,X_outbound,9.622251,4.644807,24.153246,-19.508439
3.195000,X_outbound,9.624042,4.189176,24.153246,-19.964070
3.196000,X_outbound,9.625834,3.733545,24.153246,-20.419701
3.197000,X_outbound,9.627625,3.277913,24.153246,-20.875332
3.198000,X_outbound,9.632001,2.705654,24.153246,-21.447591
3.199000,X_outbound,9.637376,2.088301,24.153246,-22.064945
3.200000,X_outbound,9.642750,1.470948,24.153246,-22.682298
3.201000,X_outbound,9.648125,0.853595,24.153246,-23.299651
3.202000,X_outbound,9.653500,0.236242,24.153246,-23.917004
3.203000,X_outbound,9.658874,-0.381111,24.153246,-24.534357
3.204000,X_outbound,9.664249,-0.998465,24.153246,-25.151710
3.205000,X_outbound,9.669624,-1.635119,24.153246,-25.788365
3.206000,X_outbound,9.674999,-2.371190,24.153246,-26.524435
3.207000,X_outbound,9.680373,-3.107260,24.153246,-27.260506
3.208000,X_outbound,9.685748,-3.843330,24.153246,-27.996576
3.209000,X_outbound,9.691123,-4.579401,24.153246,-28.732647
3.210000,X_outbound,9.696497,-5.315471,24.153246,-29.468717
3.211000,X_outbound,9.701872,-6.051542,24.153246,-30.204788
3.212000,X_outbound,9.707247,-6.787612,24.153246,-30.940858
3.213000,X_outbound,9.712621,-6.721064,24.153246,-30.874310
3.214000,X_outbound,9.717996,-6.128306,24.153246,-30.281552
3.215000,X_outbound,9.723371,-5.535548,24.153246,-29.688794
3.216000,X_outbound,9.728745,-4.942790,24.153246,-29.096035
3.217000,X_outbound,9.734120,-4.350031,24.153246,-28.503277
3.218000,X_outbound,9.739495,-3.757273,24.153246,-27.910519
3.219000,X_outbound,9.744869,-3.164515,24.153246,-27.317761
3.220000,X_outbound,9.750244,-2.579382,24.153246,-26.732628
3.221000,X_outbound,9.755619,-2.154478,24.153246,-26.307724
3.222000,X_outbound,9.760994,-1.729574,24.153246,-25.882820
3.223000,X_outbound,9.766368,-1.304670,24.153246,-25.457916
3.224000,X_outbound,9.771743,-0.879766,24.153246,-25.033012
3.225000,X_outbound,9.777118,-0.454862,24.153246,-24.608108
3.226000,X_outbound,9.782492,-0.029958,24.153246,-24.183204
3.227000,X_outbound,9.787867,0.394946,24.153246,-23.758300
3.228000,X_outbound,9.793242,0.220674,24.153246,-23.932571
3.229000,X_outbound,9.798616,-0.585148,24.153246,-24.738394
3.230000,X_outbound,9.803991,-1.390970,24.153246,-25.544216
3.231000,X_outbound,9.809366,-2.196792,24.153246,-26.350038
3.232000,X_outbound,9.814740,-3.002615,24.153246,-27.155860
3.233000,X_outbound,9.820115,-3.808437,24.153246,-27.961683
3.234000,X_outbound,9.825490,-4.614259,24.153246,-28.767505
3.235000,X_outbound,9.830864,-5.420082,24.153246,-29.573327
3.236000,X_outbound,9.836239,-5.939147,24.153246,-30.092392
3.237000,X_outbound,9.841614,-6.436052,24.153246,-30.589298
3.238000,X_outbound,9.846989,-6.932958,24.153246,-31.086204
3.239000,X_outbound,9.852363,-7.429864,24.153246,-31.583110
3.240000,X_outbound,9.857738,-7.926770,24.153246,-32.080016
3.241000,X_outbound,9.863113,-8.423676,24.153246,-32.576922
3.242000,X_outbound,9.868487,-8.920582,24.153246,-33.073827
3.243000,X_outbound,9.873862,-9.006515,24.153246,-33.159761
3.244000,X_outbound,9.879237,-8.391751,24.153246,-32.544997
3.245000,X_outbound,9.884611,-7.776987,24.153246,-31.930233
3.246000,X_outbound,9.889986,-7.162223,24.153246,-31.315469
3.247000,X_outbound,9.895361,-6.547460,24.153246,-30.700705
3.248000,X_outbound,9.900735,-5.932696,24.153246,-30.085941
3.249000,X_outbound,9.906110,-5.317932,24.153246,-29.471178
3.250000,X_outbound,9.911485,-4.703168,24.153246,-28.856414
3.251000,X_outbound,9.916859,-3.391152,24.153246,-27.544397
3.252000,X_outbound,9.922234,-1.916761,24.153246,-26.070006
3.253000,X_outbound,9.927609,-0.442370,24.153246,-24.595615
3.254000,X_outbound,9.932984,1.032021,24.153246,-23.121224
3.255000,X_outbound,9.938358,2.506412,24.153246,-21.646833
3.256000,X_outbound,9.943733,3.980803,24.153246,-20.172442
3.257000,X_outbound,9.949108,5.455194,24.153246,-18.698051
3.258000,X_outbound,9.954482,6.618266,24.153246,-17.534979
3.259000,X_outbound,9.959857,6.859865,24.153246,-17.293380
3.260000,X_outbound,9.965232,7.101464,24.153246,-17.051781
3.261000,X_outbound,9.970606,7.343064,24.153246,-16.810182
3.262000,X_outbound,9.975981,7.584663,24.153246,-16.568583
3.263000,X_outbound,9.981356,7.826262,24.153246,-16.326984
3.264000,X_outbound,9.986730,8.067861,24.153246,-16.085385
3.265000,X_outbound,9.992105,8.309460,24.153246,-15.843786
3.266000,X_outbound,9.997480,8.148028,24.153246,-16.005218
3.267000,X_outbound,10.002854,7.808851,24.153246,-16.344395
3.268000,X_outbound,10.008229,7.469674,24.153246,-16.683572
3.269000,X_outbound,10.013604,7.130497,24.153246,-17.022749
3.270000,X_outbound,10.018979,6.791320,24.153246,-17.361926
3.271000,X_outbound,10.024353,6.452143,24.153246,-17.701103
3.272000,X_outbound,10.029728,6.112966,24.153246,-18.040280
3.273000,X_outbound,10.035103,5.923377,24.153246,-18.229868
3.274000,X_outbound,10.040477,6.689201,24.153246,-17.464044
3.275000,X_outbound,10.045852,7.455026,24.153246,-16.698220
3.276000,X_outbound,10.051227,8.220850,24.153246,-15.932396
3.277000,X_outbound,10.056601,8.986674,24.153246,-15.166572
3.278000,X_outbound,10.061976,9.752498,24.153246,-14.400748
3.279000,X_outbound,10.067351,10.518322,24.153246,-13.634924
3.280000,X_outbound,10.072725,11.284146,24.153246,-12.869100
3.281000,X_outbound,10.078100,11.955355,24.153246,-12.197890
3.282000,X_outbound,10.083475,12.557144,24.153246,-11.596102
3.283000,X_outbound,10.088849,13.158932,24.153246,-10.994313
3.284000,X_outbound,10.094224,13.760721,24.153246,-10.392525
3.285000,X_outbound,10.099599,14.362509,24.153246,-9.790736
3.286000,X_outbound,10.104974,14.964298,24.153246,-9.188948
3.287000,X_outbound,10.110348,15.566086,24.153246,-8.587159
3.288000,X_outbound,10.115723,16.145601,24.153246,-8.007644
3.289000,X_outbound,10.121098,15.524665,24.153246,-8.628580
3.290000,X_outbound,10.126472,14.903729,24.153246,-9.249516
3.291000,X_outbound,10.131847,14.282793,24.153246,-9.870452
3.292000,X_outbound,10.137222,13.661857,24.153246,-10.491388
3.293000,X_outbound,10.142596,13.040921,24.153246,-11.112324
3.294000,X_outbound,10.147971,12.419985,24.153246,-11.733260
3.295000,X_outbound,10.153346,11.799049,24.153246,-12.354196
3.296000,X_outbound,10.158720,11.356163,24.153246,-12.797083
3.297000,X_outbound,10.164095,11.122596,24.153246,-13.030650
3.298000,X_outbound,10.169470,10.889029,24.153246,-13.264217
3.299000,X_outbound,10.174844,10.655462,24.153246,-13.497784
3.300000,X_outbound,10.180219,10.421895,24.153246,-13.731350
3.301000,X_outbound,10.185594,10.188328,24.153246,-13.964917
3.302000,X_outbound,10.190969,9.954762,24.153246,-14.198484
3.303000,X_outbound,10.196343,9.721195,24.153246,-14.432051
3.304000,X_outbound,10.201718,10.798653,24.153246,-13.354592
3.305000,X_outbound,10.207093,12.020070,24.153246,-12.133176
3.306000,X_outbound,10.212467,13.241486,24.153246,-10.911760
3.307000,X_outbound,10.217842,14.462902,24.153246,-9.690343
3.308000,X_outbound,10.223217,15.684319,24.153246,-8.468927
3.309000,X_outbound,10.228591,16.905735,24.153246,-7.247510
3.310000,X_outbound,10.233966,18.127152,24.153246,-6.026094
3.311000,X_outbound,10.239341,19.211732,24.153246,-4.941514
3.312000,X_outbound,10.244715,20.033603,24.153246,-4.119643
3.313000,X_outbound,10.250090,20.855474,24.153246,-3.297772
3.314000,X_outbound,10.255465,21.677345,24.153246,-2.475901
3.315000,X_outbound,10.260839,22.499216,24.153246,-1.654030
3.316000,X_outbound,10.266214,23.321087,24.153246,-0.832159
3.317000,X_outbound,10.271589,24.142958,24.153246,-0.010288
3.318000,X_outbound,10.276964,24.964829,24.153246,0.811583
3.319000,X_outbound,10.282338,25.066698,24.153246,0.913452
3.320000,X_outbound,10.287713,24.970083,24.153246,0.816837
3.321000,X_outbound,10.293088,24.873468,24.153246,0.720223
3.322000,X_outbound,10.298462,24.776853,24.153246,0.623608
3.323000,X_outbound,10.303837,24.680239,24.153246,0.526993
3.324000,X_outbound,10.309212,24.583624,24.153246,0.430378
3.325000,X_outbound,10.314586,24.487009,24.153246,0.333763
3.326000,X_outbound,10.319961,24.567769,24.153246,0.414523
3.327000,X_outbound,10.325336,25.258360,24.153246,1.105115
3.328000,X_outbound,10.330710,25.948952,24.153246,1.795706
3.329000,X_outbound,10.336085,26.639543,24.153246,2.486297
3.330000,X_outbound,10.341460,27.330134,24.153246,3.176889
3.331000,X_outbound,10.346834,28.020725,24.153246,3.867480
3.332000,X_outbound,10.352209,28.711317,24.153246,4.558071
3.333000,X_outbound,10.357584,29.401908,24.153246,5.248662
3.334000,X_outbound,10.362959,30.728295,24.153246,6.575049
3.335000,X_outbound,10.368333,32.372470,24.153246,8.219224
3.336000,X_outbound,10.373708,34.016644,24.153246,9.863399
3.337000,X_outbound,10.379083,35.660819,24.153246,11.507573
3.338000,X_outbound,10.384457,37.304994,24.153246,13.151748
3.339000,X_outbound,10.389832,38.949168,24.153246,14.795923
3.340000,X_outbound,10.395207,40.593343,24.153246,16.440097
3.341000,X_outbound,10.400581,42.135030,24.153246,17.981785
3.342000,X_outbound,10.405956,42.831693,24.153246,18.678448
3.343000,X_outbound,10.411331,43.528356,24.153246,19.375111
3.344000,X_outbound,10.416705,44.225020,24.153246,20.071774
3.345000,X_outbound,10.422080,44.921683,24.153246,20.768437
3.346000,X_outbound,10.427455,45.618346,24.153246,21.465100
3.347000,X_outbound,10.432829,46.315009,24.153246,22.161763
3.348000,X_outbound,10.438204,47.011672,24.153246,22.858426
3.349000,X_outbound,10.443579,46.925499,24.153246,22.772253
3.350000,X_outbound,10.448954,46.197751,24.153246,22.044505
3.351000,X_outbound,10.454328,45.470002,24.153246,21.316757
3.352000,X_outbound,10.459703,44.742254,24.153246,20.589009
3.353000,X_outbound,10.465078,44.014506,24.153246,19.861260
3.354000,X_outbound,10.470452,43.286758,24.153246,19.133512
3.355000,X_outbound,10.475827,42.559010,24.153246,18.405764
3.356000,X_outbound,10.481202,41.831262,24.153246,17.678016
3.357000,X_outbound,10.486576,42.337040,24.153246,18.183794
3.358000,X_outbound,10.491951,42.854011,24.153246,18.700765
3.359000,X_outbound,10.497326,43.370983,24.153246,19.217737
3.360000,X_outbound,10.502700,43.887954,24.153246,19.734709
3.361000,X_outbound,10.508075,44.404926,24.153246,20.251680
3.362000,X_outbound,10.513450,44.921897,24.153246,20.768652
3.363000,X_outbound,10.518824,45.438869,24.153246,21.285623
3.364000,X_outbound,10.524199,45.761036,24.153246,21.607791
3.365000,X_outbound,10.529574,45.827519,24.153246,21.674273
3.366000,X_outbound,10.534949,45.894001,24.153246,21.740755
3.367000,X_outbound,10.540323,45.960483,24.153246,21.807238
3.368000,X_outbound,10.545698,46.026966,24.153246,21.873720
3.369000,X_outbound,10.551073,46.093448,24.153246,21.940202
3.370000,X_outbound,10.556447,46.159930,24.153246,22.006685
3.371000,X_outbound,10.561822,46.226413,24.153246,22.073167
3.372000,X_outbound,10.567197,45.515191,24.153246,21.361946
3.373000,X_outbound,10.572571,44.691699,24.153246,20.538453
3.374000,X_outbound,10.577946,43.868207,24.153246,19.714961
3.375000,X_outbound,10.583321,43.044715,24.153246,18.891469
3.376000,X_outbound,10.588695,42.221222,24.153246,18.067977
3.377000,X_outbound,10.594070,41.397730,24.153246,17.244485
3.378000,X_outbound,10.599445,40.574238,24.153246,16.420992
3.379000,X_outbound,10.604819,40.024583,24.153246,15.871337
3.380000,X_outbound,10.610194,40.069668,24.153246,15.916422
3.381000,X_outbound,10.615569,40.114753,24.153246,15.961507
3.382000,X_outbound,10.620944,40.159838,24.153246,16.006592
3.383000,X_outbound,10.626318,40.204923,24.153246,16.051677
3.384000,X_outbound,10.631693,40.250008,24.153246,16.096762
3.385000,X_outbound,10.637068,40.295093,24.153246,16.141848
3.386000,X_outbound,10.642442,40.340178,24.153246,16.186933
3.387000,X_outbound,10.645783,40.781448,24.153246,16.628202
3.388000,X_outbound,10.648471,41.350107,24.153246,17.196862
3.389000,X_outbound,10.651158,41.918767,24.153246,17.765521
3.390000,X_outbound,10.653846,42.487426,24.153246,18.334181
3.391000,X_outbound,10.656533,43.056086,24.153246,18.902840
3.392000,X_outbound,10.659220,43.624745,24.153246,19.471499
3.393000,X_outbound,10.661908,44.193405,24.153246,20.040159
3.394000,X_outbound,10.664595,44.762064,24.153246,20.608818
3.395000,X_outbound,10.667282,45.330724,24.153246,21.177478
3.396000,X_outbound,10.669970,45.899383,24.153246,21.746137
3.397000,X_outbound,10.672657,46.468042,24.153246,22.314797
3.398000,X_outbound,10.675344,47.036702,24.153246,22.883456
3.399000,X_outbound,10.678032,47.605361,24.153246,23.452116
3.400000,X_outbound,10.680719,48.174021,24.153246,24.020775
3.401000,X_outbound,10.683406,48.742680,24.153246,24.589435
3.402000,X_outbound,10.687812,48.761542,24.153246,24.608296
3.403000,X_outbound,10.693187,48.470516,24.153246,24.317270
3.404000,X_outbound,10.698562,48.179490,24.153246,24.026244
3.405000,X_outbound,10.703936,47.888464,24.153246,23.735218
3.406000,X_outbound,10.709311,47.597438,24.153246,23.444192
3.407000,X_outbound,10.714686,47.306412,24.153246,23.153166
3.408000,X_outbound,10.720060,47.015386,24.153246,22.862140
3.409000,X_outbound,10.725435,46.784720,24.153246,22.631474
3.410000,X_outbound,10.730810,47.239288,24.153246,23.086042
3.411000,X_outbound,10.736184,47.693856,24.153246,23.540610
3.412000,X_outbound,10.741559,48.148424,24.153246,23.995179
3.413000,X_outbound,10.746934,48.602992,24.153246,24.449747
3.414000,X_outbound,10.752309,49.057560,24.153246,24.904315
3.415000,X_outbound,10.757683,49.512128,24.153246,25.358883
3.416000,X_outbound,10.763058,49.966696,24.153246,25.813451
3.417000,X_outbound,10.768433,50.272228,24.153246,26.118983
3.418000,X_outbound,10.773807,50.441493,24.153246,26.288247
3.419000,X_outbound,10.779182,50.610757,24.153246,26.457511
3.420000,X_outbound,10.784557,50.780021,24.153246,26.626776
3.421000,X_outbound,10.789931,50.949285,24.153246,26.796040
3.422000,X_outbound,10.795306,51.118550,24.153246,26.965304
3.423000,X_outbound,10.800681,51.287814,24.153246,27.134568
3.424000,X_outbound,10.806055,51.457078,24.153246,27.303833
3.425000,X_outbound,10.811430,50.169550,24.153246,26.016304
3.426000,X_outbound,10.816805,48.827301,24.153246,24.674055
3.427000,X_outbound,10.822179,47.485052,24.153246,23.331807
3.428000,X_outbound,10.827554,46.142804,24.153246,21.989558
3.429000,X_outbound,10.832929,44.800555,24.153246,20.647309
3.430000,X_outbound,10.838304,43.458306,24.153246,19.305061
3.431000,X_outbound,10.843678,42.116058,24.153246,17.962812
3.432000,X_outbound,10.849053,40.875555,24.153246,16.722309
3.433000,X_outbound,10.854428,39.784395,24.153246,15.631149
3.434000,X_outbound,10.859802,38.693234,24.153246,14.539989
3.435000,X_outbound,10.865177,37.602074,24.153246,13.448829
3.436000,X_outbound,10.870552,36.510914,24.153246,12.357668
3.437000,X_outbound,10.875926,35.419754,24.153246,11.266508
3.438000,X_outbound,10.881301,34.328594,24.153246,10.175348
3.439000,X_outbound,10.886676,33.237433,24.153246,9.084188
3.440000,X_outbound,10.892050,32.220024,24.153246,8.066778
3.441000,X_outbound,10.897425,31.215973,24.153246,7.062727
3.442000,X_outbound,10.902800,30.211922,24.153246,6.058677
3.443000,X_outbound,10.908174,29.207872,24.153246,5.054626
3.444000,X_outbound,10.913549,28.203821,24.153246,4.050576
3.445000,X_outbound,10.918924,27.199771,24.153246,3.046525
3.446000,X_outbound,10.924299,26.195720,24.153246,2.042474
3.447000,X_outbound,10.929673,25.218731,24.153246,1.065485
3.448000,X_outbound,10.935048,24.308622,24.153246,0.155376
3.449000,X_outbound,10.940423,23.398513,24.153246,-0.754733
3.450000,X_outbound,10.945797,22.488404,24.153246,-1.664841
3.451000,X_outbound,10.951172,21.578295,24.153246,-2.574950
3.452000,X_outbound,10.956547,20.668187,24.153246,-3.485059
3.453000,X_outbound,10.961921,19.758078,24.153246,-4.395168
3.454000,X_outbound,10.967296,18.847969,24.153246,-5.305277
3.455000,X_outbound,10.972671,17.699714,24.153246,-6.453532
3.456000,X_outbound,10.978045,16.463146,24.153246,-7.690100
3.457000,X_outbound,10.983420,15.226578,24.153246,-8.926668
3.458000,X_outbound,10.988795,13.990010,24.153246,-10.163235
3.459000,X_outbound,10.994169,12.753442,24.153246,-11.399803
3.460000,X_outbound,10.999544,11.516874,24.153246,-12.636371
3.461000,X_outbound,11.004919,10.280306,24.153246,-13.872939
3.462000,X_outbound,11.010294,9.192338,24.153246,-14.960908
3.463000,X_outbound,11.015668,8.825262,24.153151,-15.327889
3.464000,X_outbound,11.021043,8.458186,24.152868,-15.694682
3.465000,X_outbound,11.026418,8.091110,24.152395,-16.061285
3.466000,X_outbound,11.031792,7.724034,24.151734,-16.427699
3.467000,X_outbound,11.037167,7.356959,24.150883,-16.793925
3.468000,X_outbound,11.042542,6.989883,24.149844,-17.159961
3.469000,X_outbound,11.047916,6.622807,24.148615,-17.525808
3.470000,X_outbound,11.053291,6.656455,24.147198,-17.490742
3.471000,X_outbound,11.058666,6.943811,24.145591,-17.201781
3.472000,X_outbound,11.064040,7.231166,24.143796,-16.912630
3.473000,X_outbound,11.069415,7.518521,24.141812,-16.623291
3.474000,X_outbound,11.074790,7.805876,24.139638,-16.333762
3.475000,X_outbound,11.080164,8.093231,24.137276,-16.044045
3.476000,X_outbound,11.085539,8.380586,24.134725,-15.754139
3.477000,X_outbound,11.090914,8.642269,24.131986,-15.489717
3.478000,X_outbound,11.096289,8.451960,24.129057,-15.677097
3.479000,X_outbound,11.101663,8.261652,24.125939,-15.864288
3.480000,X_outbound,11.107038,8.071343,24.122633,-16.051290
3.481000,X_outbound,11.112413,7.881035,24.119138,-16.238104
3.482000,X_outbound,11.117787,7.690726,24.115455,-16.424728
3.483000,X_outbound,11.123162,7.500418,24.111582,-16.611165
3.484000,X_outbound,11.128537,7.310109,24.107521,-16.797412
3.485000,X_outbound,11.133911,7.256415,24.103272,-16.846857
3.486000,X_outbound,11.139286,7.342001,24.098834,-16.756833
3.487000,X_outbound,11.144661,7.427587,24.094207,-16.666620
3.488000,X_outbound,11.150035,7.513173,24.089392,-16.576219
3.489000,X_outbound,11.155410,7.598759,24.084388,-16.485629
3.490000,X_outbound,11.160785,7.684345,24.079196,-16.394851
3.491000,X_outbound,11.166159,7.769931,24.073816,-16.303885
3.492000,X_outbound,11.171534,7.855517,24.068247,-16.212730
3.493000,X_outbound,11.173553,7.801741,24.062490,-16.260749
3.494000,X_outbound,11.175345,7.738529,24.056545,-16.318016
3.495000,X_outbound,11.177136,7.675317,24.050411,-16.375094
3.496000,X_outbound,11.178928,7.612106,24.044090,-16.431984
3.497000,X_outbound,11.180719,7.548894,24.037580,-16.488687
3.498000,X_outbound,11.182511,7.485682,24.030883,-16.545201
3.499000,X_outbound,11.184302,7.422470,24.023997,-16.601527
3.500000,X_outbound,11.186094,7.359258,24.016924,-16.657666
3.501000,X_outbound,11.187885,7.296047,24.009663,-16.713616
3.502000,X_outbound,11.189677,7.232835,24.002214,-16.769379
3.503000,X_outbound,11.191469,7.169623,23.994578,-16.824954
3.504000,X_outbound,11.193260,7.106411,23.986753,-16.880342
3.505000,X_outbound,11.195052,7.043200,23.978742,-16.935542
3.506000,X_outbound,11.196843,6.979988,23.970542,-16.990554
3.507000,X_outbound,11.198635,6.916776,23.962156,-17.045380
3.508000,X_outbound,11.200426,6.853564,23.953582,-17.100017
3.509000,X_outbound,11.202218,6.790353,23.944821,-17.154468
3.510000,X_outbound,11.204010,6.727141,23.935872,-17.208731
3.511000,X_outbound,11.205801,6.663929,23.926737,-17.262807
3.512000,X_outbound,11.207593,6.600717,23.917414,-17.316697
3.513000,X_outbound,11.209384,6.537506,23.907905,-17.370399
3.514000,X_outbound,11.211176,6.474294,23.898208,-17.423914
3.515000,X_outbound,11.213902,6.432233,23.888325,-17.456092
3.516000,X_outbound,11.219277,6.450105,23.878255,-17.428150
3.517000,X_outbound,11.224651,6.467977,23.867999,-17.400022
3.518000,X_outbound,11.230026,6.485850,23.857556,-17.371706
3.519000,X_outbound,11.235401,6.503722,23.846927,-17.343205
3.520000,X_outbound,11.240775,6.521594,23.836111,-17.314517
3.521000,X_outbound,11.246150,6.539466,23.825109,-17.285643
3.522000,X_outbound,11.251525,6.557338,23.813921,-17.256583
3.523000,X_outbound,11.256899,6.199587,23.802547,-17.602960
3.524000,X_outbound,11.262274,5.682591,23.790987,-18.108396
3.525000,X_outbound,11.267649,5.165595,23.779241,-18.613647
3.526000,X_outbound,11.273024,4.648598,23.767310,-19.118711
3.527000,X_outbound,11.278398,4.131602,23.755192,-19.623590
3.528000,X_outbound,11.283773,3.614606,23.742890,-20.128284
3.529000,X_outbound,11.289148,3.097610,23.730402,-20.632792
3.530000,X_outbound,11.294522,2.543390,23.717728,-21.174339
3.531000,X_outbound,11.299897,1.767342,23.704870,-21.937528
3.532000,X_outbound,11.305272,0.991293,23.691826,-22.700533
3.533000,X_outbound,11.310646,0.215245,23.678597,-23.463352
3.534000,X_outbound,11.316021,-0.560803,23.665184,-24.225987
3.535000,X_outbound,11.321396,-1.336851,23.651586,-24.988436
3.536000,X_outbound,11.326770,-2.112899,23.637803,-25.750702
3.537000,X_outbound,11.332145,-2.888947,23.623835,-26.512782
3.538000,X_outbound,11.337520,-2.854378,23.609684,-26.464062
3.539000,X_outbound,11.342895,-2.245030,23.595348,-25.840378
3.540000,X_outbound,11.348269,-1.635682,23.580828,-25.216510
3.541000,X_outbound,11.353644,-1.026334,23.566124,-24.592458
3.542000,X_outbound,11.359019,-0.416986,23.551236,-23.968222
3.543000,X_outbound,11.364393,0.192362,23.536164,-23.343802
3.544000,X_outbound,11.369768,0.801710,23.520909,-22.719199
3.545000,X_outbound,11.375143,1.419562,23.505470,-22.085908
3.546000,X_outbound,11.380517,2.349382,23.489848,-21.140466
3.547000,X_outbound,11.385892,3.279202,23.474043,-20.194841
3.548000,X_outbound,11.391267,4.209022,23.458054,-19.249032
3.549000,X_outbound,11.396641,5.138842,23.441883,-18.303041
3.550000,X_outbound,11.402016,6.068662,23.425529,-17.356867
3.551000,X_outbound,11.407391,6.998482,23.408993,-16.410510
3.552000,X_outbound,11.412765,7.928302,23.392273,-15.463971
3.553000,X_outbound,11.418140,8.305856,23.375372,-15.069516
3.554000,X_outbound,11.423515,8.055515,23.358288,-15.302774
3.555000,X_outbound,11.428890,7.805173,23.341023,-15.535850
3.556000,X_outbound,11.434264,7.554831,23.323575,-15.768744
3.557000,X_outbound,11.439639,7.304489,23.305946,-16.001456
3.558000,X_outbound,11.445014,7.054148,23.288135,-16.233987
3.559000,X_outbound,11.450388,6.803806,23.270143,-16.466337
3.560000,X_outbound,11.455763,6.553464,23.251969,-16.698505
3.561000,X_outbound,11.461138,6.533688,23.233614,-16.699927
3.562000,X_outbound,11.466512,6.536887,23.215079,-16.678191
3.563000,X_outbound,11.471887,6.540087,23.196362,-16.656275
3.564000,X_outbound,11.477262,6.543287,23.177465,-16.634179
3.565000,X_outbound,11.482636,6.546486,23.158388,-16.611902
3.566000,X_outbound,11.488011,6.549686,23.139130,-16.589444
3.567000,X_outbound,11.493386,6.552885,23.119692,-16.566807
3.568000,X_outbound,11.498760,6.897074,23.100074,-16.203001
3.569000,X_outbound,11.504135,7.872303,23.080277,-15.207974
3.570000,X_outbound,11.509510,8.847533,23.060299,-14.212767
3.571000,X_outbound,11.514885,9.822762,23.040143,-13.217381
3.572000,X_outbound,11.520259,10.797992,23.019807,-12.221815
3.573000,X_outbound,11.525634,11.773221,22.999292,-11.226071
3.574000,X_outbound,11.531009,12.748451,22.978598,-10.230147
3.575000,X_outbound,11.536383,13.723680,22.957726,-9.234045
3.576000,X_outbound,11.541758,14.175398,22.936674,-8.761276
3.577000,X_outbound,11.547133,14.489813,22.915445,-8.425632
3.578000,X_outbound,11.552507,14.804228,22.894037,-8.089810
3.579000,X_outbound,11.557882,15.118642,22.872452,-7.753809
3.580000,X_outbound,11.563257,15.433057,22.850688,-7.417631
3.581000,X_outbound,11.568631,15.747472,22.828747,-7.081276
3.582000,X_outbound,11.574006,16.061887,22.806629,-6.744743
3.583000,X_outbound,11.579381,16.285221,22.784334,-6.499112
3.584000,X_outbound,11.584755,16.209810,22.761861,-6.552051
3.585000,X_outbound,11.590130,16.134399,22.739212,-6.604813
3.586000,X_outbound,11.595505,16.058988,22.716386,-6.657398
3.587000,X_outbound,11.600880,15.983577,22.693383,-6.709807
3.588000,X_outbound,11.606254,15.908165,22.670205,-6.762039
3.589000,X_outbound,11.611629,15.832754,22.646850,-6.814096
3.590000,X_outbound,11.617004,15.757343,22.623320,-6.865976
3.591000,X_outbound,11.622378,16.168142,22.599614,-6.431472
3.592000,X_outbound,11.627753,16.812974,22.575732,-5.762759
3.593000,X_outbound,11.633128,17.457805,22.551676,-5.093870
3.594000,X_outbound,11.638502,18.102637,22.527444,-4.424807
3.595000,X_outbound,11.643877,18.747469,22.503038,-3.755569
3.596000,X_outbound,11.649252,19.392300,22.478457,-3.086157
3.597000,X_outbound,11.654626,20.037132,22.453702,-2.416570
3.598000,X_outbound,11.660001,20.760871,22.428772,-1.667901
3.599000,X_outbound,11.665376,22.083106,22.403669,-0.320564
3.600000,X_outbound,11.670750,23.405340,22.378392,1.026948
3.601000,X_outbound,11.676125,24.727575,22.352942,2.374633
3.602000,X_outbound,11.681500,26.049810,22.327318,3.722491
3.603000,X_outbound,11.686875,27.372045,22.301522,5.070523
3.604000,X_outbound,11.692249,28.694279,22.275553,6.418727
3.605000,X_outbound,11.697624,30.016514,22.249411,7.767103
3.606000,X_outbound,11.702999,30.568770,22.223097,8.345674
3.607000,X_outbound,11.708373,30.510884,22.196610,8.314274
3.608000,X_outbound,11.713748,30.452998,22.169952,8.283046
3.609000,X_outbound,11.719123,30.395112,22.143122,8.251989
3.610000,X_outbound,11.724497,30.337225,22.116121,8.221104
3.611000,X_outbound,11.729872,30.279339,22.088949,8.190390
3.612000,X_outbound,11.735247,30.221453,22.061606,8.159847
3.613000,X_outbound,11.740621,30.163566,22.034092,8.129474
3.614000,X_outbound,11.745996,30.305780,22.006408,8.299372
3.615000,X_outbound,11.751371,30.448128,21.978553,8.469575
3.616000,X_outbound,11.756745,30.590476,21.950529,8.639947
3.617000,X_outbound,11.762120,30.732824,21.922335,8.810489
3.618000,X_outbound,11.767495,30.875172,21.893971,8.981201
3.619000,X_outbound,11.772870,31.017520,21.865438,9.152082
3.620000,X_outbound,11.778244,31.159868,21.836737,9.323132
3.621000,X_outbound,11.783619,31.836552,21.807866,10.028685
3.622000,X_outbound,11.788994,33.191235,21.778827,11.412407
3.623000,X_outbound,11.794368,34.545918,21.749620,12.796297
3.624000,X_outbound,11.799743,35.900601,21.720245,14.180355
3.625000,X_outbound,11.805118,37.255284,21.690703,15.564581
3.626000,X_outbound,11.810492,38.609967,21.660993,16.948974
3.627000,X_outbound,11.815867,39.964650,21.631115,18.333534
3.628000,X_outbound,11.821242,41.319333,21.601071,19.718262
3.629000,X_outbound,11.826616,41.734198,21.570860,20.163337
3.630000,X_outbound,11.831991,42.023533,21.540483,20.483050
3.631000,X_outbound,11.837366,42.312868,21.509940,20.802928
3.632000,X_outbound,11.842740,42.602203,21.479231,21.122972
3.633000,X_outbound,11.848115,42.891538,21.448356,21.443182
3.634000,X_outbound,11.853490,43.180873,21.417316,21.763557
3.635000,X_outbound,11.858865,43.470208,21.386111,22.084097
3.636000,X_outbound,11.864239,43.531359,21.354741,22.176618
3.637000,X_outbound,11.869614,43.115533,21.323207,21.792326
3.638000,X_outbound,11.874989,42.699707,21.291509,21.408198
3.639000,X_outbound,11.880363,42.283881,21.259646,21.024234
3.640000,X_outbound,11.885738,41.868054,21.227621,20.640434
3.641000,X_outbound,11.891113,41.452228,21.195431,20.256797
3.642000,X_outbound,11.896487,41.036402,21.163079,19.873323
3.643000,X_outbound,11.901862,40.620576,21.130564,19.490012
3.644000,X_outbound,11.907237,41.166332,21.097886,20.068446
3.645000,X_outbound,11.912611,42.007457,21.065046,20.942411
3.646000,X_outbound,11.917986,42.848582,21.032044,21.816538
3.647000,X_outbound,11.923361,43.689706,20.998881,22.690826
3.648000,X_outbound,11.928735,44.530831,20.965556,23.565275
3.649000,X_outbound,11.934110,45.371956,20.932070,24.439886
3.650000,X_outbound,11.939485,46.213080,20.898423,25.314657
3.651000,X_outbound,11.944860,46.980274,20.864616,26.115658
3.652000,X_outbound,11.950234,47.463265,20.830649,26.632617
3.653000,X_outbound,11.955609,47.946256,20.796521,27.149735
3.654000,X_outbound,11.960984,48.429247,20.762234,27.667012
3.655000,X_outbound,11.966358,48.912238,20.727788,28.184449
3.656000,X_outbound,11.971733,49.395228,20.693183,28.702045
3.657000,X_outbound,11.977108,49.878219,20.658420,29.219799
3.658000,X_outbound,11.982482,50.361210,20.623497,29.737712
3.659000,X_outbound,11.987857,50.075042,20.588417,29.486625
3.660000,X_outbound,11.993232,49.370793,20.553179,28.817614
3.661000,X_outbound,11.998606,48.666544,20.517784,28.148760
3.662000,X_outbound,12.003981,47.962295,20.482231,27.480063
3.663000,X_outbound,12.009356,47.258046,20.446522,26.811524
3.664000,X_outbound,12.014730,46.553797,20.410656,26.143141
3.665000,X_outbound,12.020105,45.849548,20.374634,25.474914
3.666000,X_outbound,12.025480,45.168710,20.338456,24.830254
3.667000,X_outbound,12.030855,44.726697,20.302123,24.424574
3.668000,X_outbound,12.036229,44.284683,20.265634,24.019049
3.669000,X_outbound,12.041604,43.842670,20.228990,23.613680
3.670000,X_outbound,12.046979,43.400657,20.192192,23.208465
3.671000,X_outbound,12.052353,42.958643,20.155240,22.803404
3.672000,X_outbound,12.057728,42.516630,20.118133,22.398497
3.673000,X_outbound,12.063103,42.074617,20.080873,21.993744
3.674000,X_outbound,12.068477,41.841601,20.043459,21.798141
3.675000,X_outbound,12.073852,41.793404,20.005893,21.787511
3.676000,X_outbound,12.079227,41.745207,19.968174,21.777033
3.677000,X_outbound,12.084601,41.697010,19.930303,21.766708
3.678000,X_outbound,12.089976,41.648813,19.892279,21.756534
3.679000,X_outbound,12.095351,41.600617,19.854104,21.746513
3.680000,X_outbound,12.100725,41.552420,19.815778,21.736642
3.681000,X_outbound,12.106100,41.504223,19.777300,21.726923
3.682000,X_outbound,12.111475,39.748850,19.738672,20.010178
3.683000,X_outbound,12.116850,37.944513,19.699894,18.244619
3.684000,X_outbound,12.122224,36.140176,19.660966,16.479210
3.685000,X_outbound,12.127599,34.335839,19.621888,14.713951
3.686000,X_outbound,12.132974,32.531502,19.582661,12.948841
3.687000,X_outbound,12.138348,30.727165,19.543285,11.183880
3.688000,X_outbound,12.143723,28.922827,19.503760,9.419067
3.689000,X_outbound,12.149098,27.116395,19.464087,7.652308
3.690000,X_outbound,12.154472,25.306992,19.424266,5.882726
3.691000,X_outbound,12.159847,23.497589,19.384298,4.113292
3.692000,X_outbound,12.165222,21.688186,19.344182,2.344004
3.693000,X_outbound,12.170596,19.878784,19.303920,0.574864
3.694000,X_outbound,12.175971,18.069381,19.263511,-1.194130
3.695000,X_outbound,12.181346,16.259978,19.222956,-2.962978
3.696000,X_outbound,12.186720,14.450575,19.182255,-4.731680
3.697000,X_outbound,12.192095,14.056055,19.141409,-5.085353
3.698000,X_outbound,12.197470,13.901563,19.100417,-5.198854
3.699000,X_outbound,12.202845,13.747071,19.059281,-5.312210
3.700000,X_outbound,12.208219,13.592580,19.018001,-5.425421
3.701000,X_outbound,12.213594,13.438088,18.976577,-5.538489
3.702000,X_outbound,12.218969,13.283596,18.935008,-5.651413
3.703000,X_outbound,12.224343,13.129104,18.893297,-5.764193
3.704000,X_outbound,12.228921,13.104485,18.851443,-5.746958
3.705000,X_outbound,12.231609,13.388189,18.809446,-5.421257
3.706000,X_outbound,12.234296,13.671893,18.767307,-5.095414
3.707000,X_outbound,12.236984,13.955598,18.725027,-4.769429
3.708000,X_outbound,12.239671,14.239302,18.682605,-4.443303
3.709000,X_outbound,12.242358,14.523006,18.640042,-4.117036
3.710000,X_outbound,12.245046,14.806710,18.597338,-3.790628
3.711000,X_outbound,12.247733,15.090414,18.554494,-3.464080
3.712000,X_outbound,12.250420,15.374118,18.511510,-3.137392
3.713000,X_outbound,12.253108,15.657822,18.468386,-2.810564
3.714000,X_outbound,12.255795,15.941526,18.425123,-2.483597
3.715000,X_outbound,12.258482,16.225230,18.381722,-2.156492
3.716000,X_outbound,12.261170,16.508934,18.338182,-1.829248
3.717000,X_outbound,12.263857,16.792638,18.294504,-1.501866
3.718000,X_outbound,12.266544,17.076343,18.250688,-1.174346
3.719000,X_outbound,12.269713,17.364225,18.206736,-0.842511
3.720000,X_outbound,12.275088,17.671243,18.162646,-0.491403
3.721000,X_outbound,12.280463,17.978260,18.118420,-0.140160
3.722000,X_outbound,12.285837,18.285278,18.074057,0.211220
3.723000,X_outbound,12.291212,18.592295,18.029559,0.562736
3.724000,X_outbound,12.296587,18.899313,17.984926,0.914387
3.725000,X_outbound,12.301961,19.206330,17.940158,1.266173
3.726000,X_outbound,12.307336,19.513348,17.895255,1.618093
3.727000,X_outbound,12.312711,20.178655,17.850218,2.328437
3.728000,X_outbound,12.318085,21.062957,17.805047,3.257910
3.729000,X_outbound,12.323460,21.947260,17.759743,4.187517
3.730000,X_outbound,12.328835,22.831563,17.714306,5.117257
3.731000,X_outbound,12.334210,23.715866,17.668736,6.047129
3.732000,X_outbound,12.339584,24.600169,17.623035,6.977134
3.733000,X_outbound,12.344959,25.484471,17.577201,7.907270
3.734000,X_outbound,12.350334,26.353334,17.531236,8.822098
3.735000,X_outbound,12.355708,26.988871,17.485140,9.503730
3.736000,X_outbound,12.361083,27.624407,17.438914,10.185493
3.737000,X_outbound,12.366458,28.259943,17.392558,10.867386
3.738000,X_outbound,12.371832,28.895480,17.346071,11.549408
3.739000,X_outbound,12.377207,29.531016,17.299456,12.231560
3.740000,X_outbound,12.382582,30.166553,17.252711,12.913841
3.741000,X_outbound,12.387956,30.802089,17.205838,13.596251
3.742000,X_outbound,12.393331,30.755751,17.158837,13.596913
3.743000,X_outbound,12.398706,30.036984,17.111708,12.925276
3.744000,X_outbound,12.404080,29.318217,17.064452,12.253765
3.745000,X_outbound,12.409455,28.599451,17.017069,11.582382
3.746000,X_outbound,12.414830,27.880684,16.969560,10.911124
3.747000,X_outbound,12.420205,27.161918,16.921925,10.239993
3.748000,X_outbound,12.425579,26.443151,16.874164,9.568988
3.749000,X_outbound,12.430954,25.724385,16.826277,8.898107
3.750000,X_outbound,12.436329,25.675691,16.778266,8.897424
3.751000,X_outbound,12.441703,25.666064,16.730131,8.935933
3.752000,X_outbound,12.447078,25.656438,16.681872,8.974566
3.753000,X_outbound,12.452453,25.646811,16.633489,9.013322
3.754000,X_outbound,12.457827,25.637184,16.584983,9.052201
3.755000,X_outbound,12.463202,25.627558,16.536355,9.091203
3.756000,X_outbound,12.468577,25.617931,16.487604,9.130327
3.757000,X_outbound,12.473951,25.735152,16.438732,9.296421
3.758000,X_outbound,12.479326,26.053866,16.389738,9.664128
3.759000,X_outbound,12.484701,26.372580,16.340623,10.031957
3.760000,X_outbound,12.490075,26.691294,16.291387,10.399906
3.761000,X_outbound,12.495450,27.010008,16.242032,10.767976
3.762000,X_outbound,12.500825,27.328722,16.192557,11.136165
3.763000,X_outbound,12.506200,27.647436,16.142963,11.504473
3.764000,X_outbound,12.511574,27.966150,16.093249,11.872900
3.765000,X_outbound,12.516949,28.739691,16.043418,12.696273
3.766000,X_outbound,12.522324,29.607879,15.993469,13.614411
3.767000,X_outbound,12.527698,30.476068,15.943402,14.532666
3.768000,X_outbound,12.533073,31.344256,15.893218,15.451038
3.769000,X_outbound,12.538448,32.212444,15.842918,16.369526
3.770000,X_outbound,12.543822,33.080632,15.792501,17.288131
3.771000,X_outbound,12.549197,33.948820,15.741969,18.206851
3.772000,X_outbound,12.554572,34.748495,15.691321,19.057173
3.773000,X_outbound,12.559946,35.362149,15.640559,19.721590
3.774000,X_outbound,12.565321,35.975803,15.589682,20.386121
3.775000,X_outbound,12.570696,36.589458,15.538691,21.050766
3.776000,X_outbound,12.576070,37.203112,15.487587,21.715525
3.777000,X_outbound,12.581445,37.816767,15.436370,22.380397
3.778000,X_outbound,12.586820,38.430421,15.385040,23.045381
3.779000,X_outbound,12.592195,39.044075,15.333598,23.710477
3.780000,X_outbound,12.597569,39.222387,15.282045,23.940342
3.781000,X_outbound,12.602944,39.223395,15.230380,23.993015
3.782000,X_outbound,12.608319,39.224403,15.178604,24.045799
3.783000,X_outbound,12.613693,39.225410,15.126718,24.098692
3.784000,X_outbound,12.619068,39.226418,15.074722,24.151696
3.785000,X_outbound,12.624443,39.227426,15.022617,24.204809
3.786000,X_outbound,12.629817,39.228434,14.970403,24.258031
3.787000,X_outbound,12.635192,39.349480,14.918080,24.431400
3.788000,X_outbound,12.640567,40.140135,14.865649,25.274485
3.789000,X_outbound,12.645941,40.930789,14.813111,26.117678
3.790000,X_outbound,12.651316,41.721444,14.760466,26.960979
3.791000,X_outbound,12.656691,42.512099,14.707714,27.804386
3.792000,X_outbound,12.662065,43.302754,14.654855,28.647899
3.793000,X_outbound,12.667440,44.093409,14.601891,29.491518
3.794000,X_outbound,12.672815,44.884064,14.548822,30.335242
3.795000,X_outbound,12.678190,45.640663,14.495648,31.145015
3.796000,X_outbound,12.683564,46.373930,14.442369,31.931560
3.797000,X_outbound,12.688939,47.107196,14.388987,32.718209
3.798000,X_outbound,12.694314,47.840463,14.335501,33.504962
3.799000,X_outbound,12.699688,48.573730,14.281913,34.291818
3.800000,X_outbound,12.705063,49.306997,14.228221,35.078776
3.801000,X_outbound,12.710438,50.040264,14.174428,35.865836
3.802000,X_outbound,12.715812,50.717552,14.120534,36.597018
3.803000,X_outbound,12.721187,49.844856,14.066538,35.778318
3.804000,X_outbound,12.726562,48.972159,14.012442,34.959717
3.805000,X_outbound,12.731936,48.099463,13.958245,34.141218
3.806000,X_outbound,12.737311,47.226767,13.903949,33.322817
3.807000,X_outbound,12.742686,46.354070,13.849554,32.504516
3.808000,X_outbound,12.748060,45.481374,13.795060,31.686313
3.809000,X_outbound,12.753435,44.608678,13.740468,30.868209
3.810000,X_outbound,12.758810,43.620025,13.685779,29.934247
3.811000,X_outbound,12.764185,42.503867,13.630992,28.872875
3.812000,X_outbound,12.769559,41.387709,13.576108,27.811601
3.813000,X_outbound,12.774934,40.271550,13.521128,26.750422
3.814000,X_outbound,12.780309,39.155392,13.466052,25.689340
3.815000,X_outbound,12.785683,38.039233,13.410881,24.628352
3.816000,X_outbound,12.791058,36.923075,13.355615,23.567460
3.817000,X_outbound,12.796433,35.806916,13.300255,22.506662
3.818000,X_outbound,12.801807,35.097433,13.244801,21.852632
3.819000,X_outbound,12.807182,34.424420,13.189253,21.235167
3.820000,X_outbound,12.812557,33.751408,13.133613,20.617795
3.821000,X_outbound,12.817931,33.078395,13.077880,20.000515
3.822000,X_outbound,12.823306,32.405382,13.022055,19.383327
3.823000,X_outbound,12.828681,31.732370,12.966139,18.766231
3.824000,X_outbound,12.834055,31.059357,12.910132,18.149225
3.825000,X_outbound,12.839430,30.599139,12.854035,17.745105
3.826000,X_outbound,12.844805,30.518670,12.797847,17.720823
3.827000,X_outbound,12.850180,30.438201,12.741570,17.696631
3.828000,X_outbound,12.855554,30.357732,12.685204,17.672527
3.829000,X_outbound,12.860929,30.277262,12.628750,17.648512
3.830000,X_outbound,12.866304,30.196793,12.572208,17.624585
3.831000,X_outbound,12.871678,30.116324,12.515578,17.600746
3.832000,X_outbound,12.877053,30.035855,12.458861,17.576994
3.833000,X_outbound,12.882428,29.426576,12.402058,17.024518
3.834000,X_outbound,12.887802,28.685542,12.345169,16.340373
3.835000,X_outbound,12.893177,27.944508,12.288194,15.656314
3.836000,X_outbound,12.898552,27.203474,12.231134,14.972340
3.837000,X_outbound,12.903926,26.462440,12.173990,14.288450
3.838000,X_outbound,12.909301,25.721407,12.116762,13.604644
3.839000,X_outbound,12.914676,24.980373,12.059450,12.920922
3.840000,X_outbound,12.920050,24.265190,12.002056,12.263134
3.841000,X_outbound,12.925425,23.630996,11.944579,11.686417
3.842000,X_outbound,12.930800,22.996802,11.887020,11.109783
3.843000,X_outbound,12.936175,22.362608,11.829379,10.533229
3.844000,X_outbound,12.941549,21.728414,11.771658,9.956757
3.845000,X_outbound,12.946924,21.094221,11.713856,9.380365
3.846000,X_outbound,12.952299,20.460027,11.655974,8.804053
3.847000,X_outbound,12.957673,19.825833,11.598013,8.227820
3.848000,X_outbound,12.963048,20.199621,11.539972,8.659648
3.849000,X_outbound,12.968423,21.040412,11.481854,9.558558
3.850000,X_outbound,12.973797,21.881203,11.423657,10.457546
3.851000,X_outbound,12.979172,22.721995,11.365383,11.356612
3.852000,X_outbound,12.984547,23.562786,11.307032,12.255754
3.853000,X_outbound,12.989921,24.403577,11.248605,13.154973
3.854000,X_outbound,12.995296,25.244369,11.190102,14.054267
3.855000,X_outbound,13.000000,26.145274,11.131523,15.013751
3.856000,X_outbound,13.000000,27.467725,11.072870,16.394855
3.857000,X_outbound,13.000000,28.790175,11.014142,17.776033
3.858000,X_outbound,13.000000,30.112626,10.955340,19.157286
3.859000,X_outbound,13.000000,31.435077,10.896466,20.538611
3.860000,X_outbound,13.000000,32.757528,10.837518,21.920010
3.861000,X_outbound,13.000000,34.079979,10.778498,23.301481
3.862000,X_outbound,13.000000,35.402430,10.719407,24.683023
3.863000,far_end_turn,13.000000,35.806261,10.660244,25.146017
3.864000,far_end_turn,13.000000,35.506359,10.601010,24.905349
3.865000,far_end_turn,13.000000,35.206457,10.541706,24.664750
3.866000,far_end_turn,13.000000,34.906555,10.482333,24.424222
3.867000,far_end_turn,13.000000,34.606653,10.422890,24.183762
3.868000,far_end_turn,13.000000,34.306751,10.363379,23.943371
3.869000,far_end_turn,13.000000,34.006849,10.303800,23.703049
3.870000,far_end_turn,13.000000,33.702710,10.244153,23.458557
3.871000,far_end_turn,13.000000,32.848851,10.184439,22.664412
3.872000,far_end_turn,13.000000,31.994993,10.124659,21.870334
3.873000,far_end_turn,13.000000,31.141134,10.064812,21.076322
3.874000,far_end_turn,13.000000,30.287276,10.004900,20.282376
3.875000,far_end_turn,13.000000,29.433417,9.944923,19.488494
3.876000,far_end_turn,13.000000,28.579559,9.884882,18.694677
3.877000,far_end_turn,13.000000,27.725700,9.824776,17.900924
3.878000,far_end_turn,13.000000,27.372810,9.764608,17.608202
3.879000,far_end_turn,13.000000,27.634522,9.704376,17.930146
3.880000,far_end_turn,13.000000,27.896234,9.644082,18.252152
3.881000,far_end_turn,13.000000,28.157946,9.583726,18.574219
3.882000,far_end_turn,13.000000,28.419657,9.523309,18.896348
3.883000,far_end_turn,13.000000,28.681369,9.462832,19.218537
3.884000,far_end_turn,13.000000,28.943081,9.402294,19.540787
3.885000,far_end_turn,13.000000,29.204793,9.341696,19.863097
3.886000,far_end_turn,13.000000,29.868520,9.281039,20.587481
3.887000,far_end_turn,13.000000,30.581687,9.220324,21.361363
3.888000,far_end_turn,13.000000,31.294853,9.159550,22.135302
3.889000,far_end_turn,13.000000,32.008019,9.098719,22.909300
3.890000,far_end_turn,13.000000,32.721185,9.037831,23.683354
3.891000,far_end_turn,13.000000,33.434352,8.976887,24.457465
3.892000,far_end_turn,13.000000,34.147518,8.915886,25.231631
3.893000,far_end_turn,13.000000,34.389433,8.854830,25.534603
3.894000,far_end_turn,13.000000,33.682792,8.793720,24.889072
3.895000,far_end_turn,13.000000,32.976150,8.732554,24.243595
3.896000,far_end_turn,13.000000,32.269508,8.671335,23.598172
3.897000,far_end_turn,13.000000,31.562866,8.610063,22.952803
3.898000,far_end_turn,13.000000,30.856224,8.548738,22.307486
3.899000,far_end_turn,13.000000,30.149582,8.487361,21.662221
3.900000,far_end_turn,13.000000,29.442940,8.425932,21.017008
3.901000,far_end_turn,13.000000,29.870088,8.364452,21.505636
3.902000,far_end_turn,13.000000,30.629556,8.302922,22.326634
3.903000,far_end_turn,13.000000,31.389024,8.241341,23.147683
3.904000,far_end_turn,13.000000,32.148491,8.179711,23.968780
3.905000,far_end_turn,13.000000,32.907959,8.118032,24.789927
3.906000,far_end_turn,13.000000,33.667427,8.056304,25.611122
3.907000,far_end_turn,13.000000,34.426894,7.994529,26.432365
3.908000,far_end_turn,13.000000,35.353183,7.932706,27.420477
3.909000,far_end_turn,13.000000,36.889451,7.870837,29.018614
3.910000,far_end_turn,13.000000,38.425720,7.808921,30.616799
3.911000,far_end_turn,13.000000,39.961988,7.746960,32.215029
3.912000,far_end_turn,13.000000,41.498257,7.684953,33.813304
3.913000,far_end_turn,13.000000,43.034525,7.622902,35.411623
3.914000,far_end_turn,13.000000,44.570793,7.560806,37.009987
3.915000,far_end_turn,13.000000,46.107062,7.498667,38.608394
3.916000,far_end_turn,13.000000,46.950920,7.436486,39.514435
3.917000,far_end_turn,13.000000,47.431967,7.374261,40.057705
3.918000,far_end_turn,13.000000,47.913013,7.311995,40.601018
3.919000,far_end_turn,13.000000,48.394059,7.249687,41.144372
3.920000,far_end_turn,13.000000,48.875106,7.187339,41.687767
3.921000,far_end_turn,13.000000,49.356152,7.124950,42.231202
3.922000,far_end_turn,13.000000,49.837199,7.062522,42.774677
3.923000,far_end_turn,13.000000,50.175523,7.000054,43.175468
3.924000,far_end_turn,13.000000,49.194188,6.937548,42.256640
3.925000,far_end_turn,13.000000,48.212853,6.875004,41.337849
3.926000,far_end_turn,13.000000,47.231518,6.812422,40.419096
3.927000,far_end_turn,13.000000,46.250184,6.749803,39.500380
3.928000,far_end_turn,13.000000,45.268849,6.687148,38.581701
3.929000,far_end_turn,13.000000,44.287514,6.624457,37.663057
3.930000,far_end_turn,13.000000,43.306179,6.561731,36.744449
3.931000,far_end_turn,13.000000,42.926787,6.498970,36.427817
3.932000,far_end_turn,13.000000,43.062192,6.436174,36.626018
3.933000,far_end_turn,13.000000,43.197597,6.373345,36.824252
3.934000,far_end_turn,13.000000,43.333002,6.310483,37.022519
3.935000,far_end_turn,13.000000,43.468407,6.247588,37.220819
3.936000,far_end_turn,13.000000,43.603812,6.184661,37.419151
3.937000,far_end_turn,13.000000,43.739217,6.121703,37.617514
3.938000,far_end_turn,13.000000,43.874622,6.058714,37.815908
3.939000,far_end_turn,13.000000,44.398339,5.995694,38.402645
3.940000,far_end_turn,13.000000,44.929803,5.932645,38.997159
3.941000,far_end_turn,13.000000,45.461268,5.869566,39.591702
3.942000,far_end_turn,13.000000,45.992732,5.806459,40.186273
3.943000,far_end_turn,13.000000,46.524197,5.743323,40.780873
3.944000,far_end_turn,13.000000,47.055661,5.680160,41.375501
3.945000,far_end_turn,13.000000,47.587125,5.616970,41.970155
3.946000,far_end_turn,13.000000,47.509898,5.553753,41.956145
3.947000,far_end_turn,13.000000,46.598484,5.490511,41.107974
3.948000,far_end_turn,13.000000,45.687071,5.427243,40.259828
3.949000,far_end_turn,13.000000,44.775657,5.363950,39.411707
3.950000,far_end_turn,13.000000,43.864244,5.300633,38.563611
3.951000,far_end_turn,13.000000,42.952830,5.237292,37.715538
3.952000,far_end_turn,13.000000,42.041417,5.173928,36.867489
3.953000,far_end_turn,13.000000,41.130003,5.110541,36.019462
3.954000,far_end_turn,13.000000,39.926376,5.047133,34.879243
3.955000,far_end_turn,13.000000,38.676469,4.983702,33.692767
3.956000,far_end_turn,13.000000,37.426563,4.920251,32.506312
3.957000,far_end_turn,13.000000,36.176657,4.856780,31.319877
3.958000,far_end_turn,13.000000,34.926751,4.793288,30.133462
3.959000,far_end_turn,13.000000,33.676844,4.729778,28.947067
3.960000,far_end_turn,13.000000,32.426938,4.666249,27.760690
3.961000,far_end_turn,13.000000,31.756257,4.602701,27.153556
3.962000,far_end_turn,13.000000,32.407305,4.539136,27.868169
3.963000,far_end_turn,13.000000,33.058353,4.475554,28.582799
3.964000,far_end_turn,13.000000,33.709401,4.411955,29.297446
3.965000,far_end_turn,13.000000,34.360449,4.348341,30.012108
3.966000,far_end_turn,13.000000,35.011497,4.284711,30.726786
3.967000,far_end_turn,13.000000,35.662545,4.221066,31.441479
3.968000,far_end_turn,13.000000,36.313593,4.157407,32.156186
3.969000,far_end_turn,13.000000,36.670765,4.093734,32.577031
3.970000,far_end_turn,13.000000,36.927943,4.030048,32.897894
3.971000,far_end_turn,13.000000,37.185121,3.966350,33.218771
3.972000,far_end_turn,13.000000,37.442298,3.902640,33.539659
3.973000,far_end_turn,13.000000,37.699476,3.838918,33.860559
3.974000,far_end_turn,13.000000,37.956654,3.775185,34.181469
3.975000,far_end_turn,13.000000,38.213832,3.711442,34.502390
3.976000,far_end_turn,13.000000,38.268360,3.647689,34.620672
3.977000,far_end_turn,13.000000,37.444999,3.583927,33.861072
3.978000,far_end_turn,13.000000,36.621637,3.520156,33.101481
3.979000,far_end_turn,13.000000,35.798275,3.456377,32.341899
3.980000,far_end_turn,13.000000,34.974914,3.392590,31.582324
3.981000,far_end_turn,13.000000,34.151552,3.328797,30.822755
3.982000,far_end_turn,13.000000,33.328190,3.264997,30.063194
3.983000,far_end_turn,13.000000,32.504829,3.201191,29.303638
3.984000,far_end_turn,13.000000,31.874095,3.137380,28.736716
3.985000,far_end_turn,13.000000,31.356995,3.073564,28.283432
3.986000,far_end_turn,13.000000,30.839896,3.009744,27.830152
3.987000,far_end_turn,13.000000,30.322796,2.945920,27.376876
3.988000,far_end_turn,13.000000,29.805696,2.882093,26.923603
3.989000,far_end_turn,13.000000,29.288596,2.818264,26.470333
3.990000,far_end_turn,13.000000,28.771497,2.754433,26.017064
3.991000,far_end_turn,13.000000,28.311221,2.690600,25.620621
3.992000,far_end_turn,13.000000,28.601435,2.626766,25.974669
3.993000,far_end_turn,13.000000,28.891650,2.562932,26.328717
3.994000,far_end_turn,13.000000,29.181864,2.499099,26.682765
3.995000,far_end_turn,13.000000,29.472078,2.435266,27.036812
3.996000,far_end_turn,13.000000,29.762292,2.371435,27.390857
3.997000,far_end_turn,13.000000,30.052507,2.307606,27.744901
3.998000,far_end_turn,13.000000,30.342721,2.243779,28.098942
3.999000,far_end_turn,13.000000,30.334757,2.179955,28.154802
4.000000,far_end_turn,13.000000,30.042374,2.116135,27.926239
4.001000,far_end_turn,13.000000,29.749990,2.052319,27.697671
4.002000,far_end_turn,13.000000,29.457607,1.988508,27.469099
4.003000,far_end_turn,13.000000,29.165223,1.924702,27.240521
4.004000,far_end_turn,13.000000,28.872840,1.860902,27.011938
4.005000,far_end_turn,13.000000,28.580457,1.797109,26.783348
4.006000,far_end_turn,13.000000,28.288073,1.733322,26.554751
4.007000,far_end_turn,13.000000,26.812980,1.669543,25.143437
4.008000,far_end_turn,13.000000,25.279856,1.605772,23.674084
4.009000,far_end_turn,13.000000,23.746733,1.542010,22.204723
4.010000,far_end_turn,13.000000,22.213609,1.478257,20.735352
4.011000,far_end_turn,13.000000,20.680486,1.414514,19.265972
4.012000,far_end_turn,13.000000,19.147362,1.350781,17.796581
4.013000,far_end_turn,13.000000,17.614238,1.287059,16.327179
4.014000,far_end_turn,13.000000,16.386942,1.223349,15.163593
4.015000,far_end_turn,13.000000,15.628749,1.159650,14.469098
4.016000,far_end_turn,13.000000,14.870556,1.095964,13.774591
4.017000,far_end_turn,13.000000,14.112363,1.032292,13.080071
4.018000,far_end_turn,13.000000,13.354170,0.968633,12.385537
4.019000,far_end_turn,13.000000,12.595977,0.904988,11.690989
4.020000,far_end_turn,13.000000,11.837784,0.841358,10.996426
4.021000,far_end_turn,13.000000,11.079591,0.777744,10.301848
4.022000,far_end_turn,13.000000,9.726609,0.714145,9.012464
4.023000,far_end_turn,13.000000,8.257006,0.650563,7.606443
4.024000,far_end_turn,13.000000,6.787403,0.586998,6.200406
4.025000,far_end_turn,13.000000,5.317801,0.523450,4.794350
4.026000,far_end_turn,13.000000,3.848198,0.459921,3.388277
4.027000,far_end_turn,13.000000,2.378595,0.396410,1.982185
4.028000,far_end_turn,13.000000,0.908992,0.332919,0.576073
4.029000,far_end_turn,13.000000,-0.560610,0.269447,-0.830058
4.030000,far_end_turn,13.000000,-2.030213,0.205996,-2.236209
4.031000,far_end_turn,13.000000,-3.499816,0.142566,-3.642382
4.032000,far_end_turn,13.000000,-4.969418,0.079158,-5.048576
4.033000,far_end_turn,13.000000,-6.439021,0.015771,-6.454792
4.034000,far_end_turn,13.000000,-7.908624,-0.047593,-7.861031
4.035000,far_end_turn,13.000000,-9.378227,-0.110934,-9.267293
4.036000,far_end_turn,13.000000,-10.847829,-0.174251,-10.673578
4.037000,far_end_turn,13.000000,-12.314283,-0.237544,-12.076739
4.038000,far_end_turn,13.000000,-13.779506,-0.300812,-13.478694
4.039000,far_end_turn,13.000000,-15.244729,-0.364054,-14.880674
4.040000,far_end_turn,13.000000,-16.709952,-0.427271,-16.282680
4.041000,far_end_turn,13.000000,-18.175174,-0.490461,-17.684713
4.042000,far_end_turn,13.000000,-19.640397,-0.553624,-19.086773
4.043000,far_end_turn,13.000000,-21.105620,-0.616760,-20.488860
4.044000,far_end_turn,13.000000,-22.397658,-0.679867,-21.717791
4.045000,far_end_turn,13.000000,-22.782738,-0.742946,-22.039792
4.046000,far_end_turn,13.000000,-23.167819,-0.805995,-22.361823
4.047000,far_end_turn,13.000000,-23.552899,-0.869015,-22.683884
4.048000,far_end_turn,13.000000,-23.937980,-0.932004,-23.005976
4.049000,far_end_turn,13.000000,-24.323060,-0.994962,-23.328098
4.050000,far_end_turn,13.000000,-24.708141,-1.057889,-23.650251
4.051000,far_end_turn,13.000000,-25.093221,-1.120784,-23.972437
4.052000,far_end_turn,13.000000,-25.740161,-1.183646,-24.556515
4.053000,far_end_turn,13.000000,-26.560401,-1.246475,-25.313926
4.054000,far_end_turn,13.000000,-27.380640,-1.309271,-26.071370
4.055000,far_end_turn,13.000000,-28.200880,-1.372032,-26.828848
4.056000,far_end_turn,13.000000,-29.021119,-1.434758,-27.586361
4.057000,far_end_turn,13.000000,-29.841359,-1.497449,-28.343910
4.058000,far_end_turn,13.000000,-30.661599,-1.560105,-29.101494
4.059000,X_return,12.999764,-31.481957,-1.622723,-29.859233
4.060000,X_return,12.994304,-32.304945,-1.685305,-30.619640
4.061000,X_return,12.988844,-33.127934,-1.747849,-31.380085
4.062000,X_return,12.983384,-33.950922,-1.810356,-32.140567
4.063000,X_return,12.977924,-34.773911,-1.872823,-32.901088
4.064000,X_return,12.972464,-35.596899,-1.935251,-33.661648
4.065000,X_return,12.967004,-36.419888,-1.997640,-34.422248
4.066000,X_return,12.961544,-37.242877,-2.059989,-35.182888
4.067000,X_return,12.956084,-37.846951,-2.122296,-35.724655
4.068000,X_return,12.950624,-38.218197,-2.184562,-36.033634
4.069000,X_return,12.945164,-38.589442,-2.246787,-36.342656
4.070000,X_return,12.939704,-38.960688,-2.308969,-36.651720
4.071000,X_return,12.934244,-39.331934,-2.371108,-36.960826
4.072000,X_return,12.928784,-39.703180,-2.433203,-37.269977
4.073000,X_return,12.923324,-40.074425,-2.495254,-37.579171
4.074000,X_return,12.917864,-40.445671,-2.557261,-37.888410
4.075000,X_return,12.912404,-40.730619,-2.619222,-38.111397
4.076000,X_return,12.906944,-41.008673,-2.681138,-38.327535
4.077000,X_return,12.901484,-41.286726,-2.743008,-38.543719
4.078000,X_return,12.896024,-41.564780,-2.804830,-38.759950
4.079000,X_return,12.890564,-41.842834,-2.866606,-38.976228
4.080000,X_return,12.885104,-42.120887,-2.928333,-39.192554
4.081000,X_return,12.879644,-42.398941,-2.990012,-39.408929
4.082000,X_return,12.874184,-43.051060,-3.051642,-39.999418
4.083000,X_return,12.868724,-44.347141,-3.113223,-41.233919
4.084000,X_return,12.863264,-45.643223,-3.174753,-42.468470
4.085000,X_return,12.857804,-46.939304,-3.236233,-43.703071
4.086000,X_return,12.852344,-48.235386,-3.297662,-44.937724
4.087000,X_return,12.846884,-49.531468,-3.359039,-46.172428
4.088000,X_return,12.841424,-50.827549,-3.420364,-47.407185
4.089000,X_return,12.835964,-52.123631,-3.481637,-48.641994
4.090000,X_return,12.830504,-53.047439,-3.542856,-49.504584
4.091000,X_return,12.825044,-53.883279,-3.604021,-50.279258
4.092000,X_return,12.819584,-54.719118,-3.665132,-51.053986
4.093000,X_return,12.814124,-55.554957,-3.726188,-51.828770
4.094000,X_return,12.808664,-56.390796,-3.787188,-52.603608
4.095000,X_return,12.803204,-57.226636,-3.848133,-53.378503
4.096000,X_return,12.797744,-58.062475,-3.909021,-54.153454
4.097000,X_return,12.792284,-58.768504,-3.969852,-54.798652
4.098000,X_return,12.786824,-59.085691,-4.030625,-55.055066
4.099000,X_return,12.781364,-59.402878,-4.091341,-55.311538
4.100000,X_return,12.775904,-59.720065,-4.151997,-55.568068
4.101000,X_return,12.770444,-60.037253,-4.212595,-55.824658
4.102000,X_return,12.764984,-60.354440,-4.273133,-56.081307
4.103000,X_return,12.759524,-60.671627,-4.333611,-56.338016
4.104000,X_return,12.754064,-60.988814,-4.394028,-56.594786
4.105000,X_return,12.748604,-61.392641,-4.454383,-56.938257
4.106000,X_return,12.743144,-61.835083,-4.514677,-57.320405
4.107000,X_return,12.737684,-62.277525,-4.574909,-57.702616
4.108000,X_return,12.732224,-62.719967,-4.635078,-58.084889
4.109000,X_return,12.726764,-63.162409,-4.695183,-58.467226
4.110000,X_return,12.721304,-63.604851,-4.755224,-58.849627
4.111000,X_return,12.715844,-64.047293,-4.815201,-59.232092
4.112000,X_return,12.710384,-64.624752,-4.875113,-59.749639
4.113000,X_return,12.704924,-66.081401,-4.934960,-61.146441
4.114000,X_return,12.699464,-67.538050,-4.994740,-62.543309
4.115000,X_return,12.694004,-68.994698,-5.054454,-63.940244
4.116000,X_return,12.688544,-70.451347,-5.114101,-65.337246
4.117000,X_return,12.683084,-71.907996,-5.173680,-66.734315
4.118000,X_return,12.677624,-73.364644,-5.233192,-68.131453
4.119000,X_return,12.672164,-74.821293,-5.292634,-69.528659
4.120000,X_return,12.666704,-75.986328,-5.352008,-70.634320
4.121000,X_return,12.661244,-76.935422,-5.411311,-71.524111
4.122000,X_return,12.655784,-77.884517,-5.470545,-72.413972
4.123000,X_return,12.650324,-78.833611,-5.529708,-73.303903
4.124000,X_return,12.644864,-79.782706,-5.588799,-74.193906
4.125000,X_return,12.639404,-80.731800,-5.647819,-75.083981
4.126000,X_return,12.633944,-81.680895,-5.706767,-75.974128
4.127000,X_return,12.628542,-82.620766,-5.765642,-76.855124
4.128000,X_return,12.626722,-82.992280,-5.824443,-77.167837
4.129000,X_return,12.624902,-83.363793,-5.883171,-77.480623
4.130000,X_return,12.623082,-83.735307,-5.941824,-77.793483
4.131000,X_return,12.621262,-84.106821,-6.000403,-78.106418
4.132000,X_return,12.619442,-84.478335,-6.058906,-78.419429
4.133000,X_return,12.617622,-84.849848,-6.117333,-78.732515
4.134000,X_return,12.615802,-85.221362,-6.175684,-79.045678
4.135000,X_return,12.613982,-85.592876,-6.233958,-79.358918
4.136000,X_return,12.612162,-85.964389,-6.292155,-79.672235
4.137000,X_return,12.610342,-86.335903,-6.350273,-79.985630
4.138000,X_return,12.608522,-86.707417,-6.408314,-80.299103
4.139000,X_return,12.606702,-87.078931,-6.466275,-80.612656
4.140000,X_return,12.604882,-87.450444,-6.524157,-80.926287
4.141000,X_return,12.603062,-87.821958,-6.581959,-81.239999
4.142000,X_return,12.601242,-88.193472,-6.639680,-81.553791
4.143000,X_return,12.599422,-88.564985,-6.697321,-81.867665
4.144000,X_return,12.597602,-88.936499,-6.754880,-82.181619
4.145000,X_return,12.595782,-89.308013,-6.812357,-82.495656
4.146000,X_return,12.593962,-89.679527,-6.869752,-82.809775
4.147000,X_return,12.592142,-90.051040,-6.927063,-83.123977
4.148000,X_return,12.590322,-90.422554,-6.984291,-83.438263
4.149000,X_return,12.588502,-90.794068,-7.041436,-83.752632
4.150000,X_return,12.585444,-90.941806,-7.098495,-83.843311
4.151000,X_return,12.579984,-90.655605,-7.155470,-83.500135
4.152000,X_return,12.574524,-90.369403,-7.212359,-83.157044
4.153000,X_return,12.569064,-90.083202,-7.269162,-82.814039
4.154000,X_return,12.563604,-89.797000,-7.325879,-82.471121
4.155000,X_return,12.558144,-89.510799,-7.382509,-82.128290
4.156000,X_return,12.552684,-89.224597,-7.439051,-81.785546
4.157000,X_return,12.547224,-88.938396,-7.495506,-81.442891
4.158000,X_return,12.541764,-88.446372,-7.551871,-80.894500
4.159000,X_return,12.536304,-87.896853,-7.608148,-80.288705
4.160000,X_return,12.530844,-87.347334,-7.664336,-79.682998
4.161000,X_return,12.525384,-86.797815,-7.720433,-79.077382
4.162000,X_return,12.519924,-86.248296,-7.776440,-78.471856
4.163000,X_return,12.514464,-85.698777,-7.832356,-77.866421
4.164000,X_return,12.509004,-85.149258,-7.888181,-77.261077
4.165000,X_return,12.503544,-84.614764,-7.943914,-76.670850
4.166000,X_return,12.498084,-84.132596,-7.999554,-76.133041
4.167000,X_return,12.492624,-83.650427,-8.055102,-75.595326
4.168000,X_return,12.487164,-83.168259,-8.110556,-75.057703
4.169000,X_return,12.481704,-82.686091,-8.165916,-74.520175
4.170000,X_return,12.476244,-82.203923,-8.221182,-73.982741
4.171000,X_return,12.470784,-81.721755,-8.276353,-73.445402
4.172000,X_return,12.465324,-81.239587,-8.331429,-72.908158
4.173000,X_return,12.459864,-81.596888,-8.386409,-73.210479
4.174000,X_return,12.454404,-82.378039,-8.441293,-73.936746
4.175000,X_return,12.448944,-83.159190,-8.496080,-74.663110
4.176000,X_return,12.443484,-83.940341,-8.550770,-75.389571
4.177000,X_return,12.438024,-84.721491,-8.605362,-76.116130
4.178000,X_return,12.432564,-85.502642,-8.659855,-76.842787
4.179000,X_return,12.427104,-86.283793,-8.714251,-77.569542
4.180000,X_return,12.421644,-87.064536,-8.768547,-78.295989
4.181000,X_return,12.416184,-87.841839,-8.822743,-79.019096
4.182000,X_return,12.410724,-88.619143,-8.876839,-79.742304
4.183000,X_return,12.405264,-89.396446,-8.930835,-80.465611
4.184000,X_return,12.399804,-90.173750,-8.984730,-81.189020
4.185000,X_return,12.394344,-90.951053,-9.038523,-81.912530
4.186000,X_return,12.388884,-91.728356,-9.092214,-82.636143
4.187000,X_return,12.383424,-92.505660,-9.145802,-83.359857
4.188000,X_return,12.377964,-93.157960,-9.199288,-83.958672
4.189000,X_return,12.372504,-93.706880,-9.252671,-84.454209
4.190000,X_return,12.367044,-94.255799,-9.305949,-84.949850
4.191000,X_return,12.361584,-94.804718,-9.359123,-85.445595
4.192000,X_return,12.356124,-95.353638,-9.412192,-85.941445
4.193000,X_return,12.350664,-95.902557,-9.465156,-86.437401
4.194000,X_return,12.345204,-96.451477,-9.518015,-86.933462
4.195000,X_return,12.339744,-97.000396,-9.570767,-87.429629
4.196000,X_return,12.334284,-96.928667,-9.623412,-87.305255
4.197000,X_return,12.328824,-96.849883,-9.675951,-87.173932
4.198000,X_return,12.323364,-96.771098,-9.728381,-87.042717
4.199000,X_return,12.317904,-96.692313,-9.780704,-86.911609
4.200000,X_return,12.312444,-96.613529,-9.832918,-86.780610
4.201000,X_return,12.306984,-96.534744,-9.885024,-86.649720
4.202000,X_return,12.301524,-96.455959,-9.937019,-86.518940
4.203000,X_return,12.296064,-96.834533,-9.988905,-86.845627
4.204000,X_return,12.290604,-97.818927,-10.040681,-87.778246
4.205000,X_return,12.285144,-98.803321,-10.092346,-88.710975
4.206000,X_return,12.279684,-99.787715,-10.143899,-89.643815
4.207000,X_return,12.274224,-100.772109,-10.195341,-90.576768
4.208000,X_return,12.268764,-101.756503,-10.246671,-91.509832
4.209000,X_return,12.263304,-102.740897,-10.297888,-92.443009
4.210000,X_return,12.257844,-103.725291,-10.348993,-93.376298
4.211000,X_return,12.252384,-104.083963,-10.399983,-93.683979
4.212000,X_return,12.246924,-104.350457,-10.450860,-93.899597
4.213000,X_return,12.241464,-104.616951,-10.501622,-94.115329
4.214000,X_return,12.236004,-104.883445,-10.552270,-94.331175
4.215000,X_return,12.230544,-105.149939,-10.602802,-94.547137
4.216000,X_return,12.225084,-105.416434,-10.653219,-94.763215
4.217000,X_return,12.219624,-105.682928,-10.703519,-94.979409
4.218000,X_return,12.214164,-105.825208,-10.753703,-95.071505
4.219000,X_return,12.208704,-105.694881,-10.803770,-94.891112
4.220000,X_return,12.203244,-105.564555,-10.853719,-94.710836
4.221000,X_return,12.197784,-105.434228,-10.903551,-94.530677
4.222000,X_return,12.192324,-105.303901,-10.953264,-94.350638
4.223000,X_return,12.186864,-105.173575,-11.002858,-94.170717
4.224000,X_return,12.181404,-105.043248,-11.052333,-93.990915
4.225000,X_return,12.175944,-104.912921,-11.101689,-93.811233
4.226000,X_return,12.170484,-104.461541,-11.150924,-93.310617
4.227000,X_return,12.165024,-103.905664,-11.200039,-92.705625
4.228000,X_return,12.159564,-103.349787,-11.249033,-92.100754
4.229000,X_return,12.154104,-102.793910,-11.297905,-91.496005
4.230000,X_return,12.148644,-102.238033,-11.346656,-90.891377
4.231000,X_return,12.143184,-101.682156,-11.395284,-90.286872
4.232000,X_return,12.137724,-101.126279,-11.443790,-89.682489
4.233000,X_return,12.132264,-100.901459,-11.492173,-89.409286
4.234000,X_return,12.126804,-102.035814,-11.540432,-90.495382
4.235000,X_return,12.121344,-103.170169,-11.588568,-91.581602
4.236000,X_return,12.115884,-104.304524,-11.636579,-92.667945
4.237000,X_return,12.110424,-105.438879,-11.684465,-93.754414
4.238000,X_return,12.104964,-106.573234,-11.732226,-94.841008
4.239000,X_return,12.099504,-107.707589,-11.779861,-95.927728
4.240000,X_return,12.094044,-108.841944,-11.827371,-97.014573
4.241000,X_return,12.088584,-109.714605,-11.874754,-97.839852
4.242000,X_return,12.083124,-110.438324,-11.922010,-98.516314
4.243000,X_return,12.077664,-111.162042,-11.969138,-99.192903
4.244000,X_return,12.072204,-111.885760,-12.016139,-99.869621
4.245000,X_return,12.066744,-112.609478,-12.063012,-100.546466
4.246000,X_return,12.061284,-113.333196,-12.109757,-101.223439
4.247000,X_return,12.055824,-114.056914,-12.156373,-101.900542
4.248000,X_return,12.050364,-114.701477,-12.202859,-102.498618
4.249000,X_return,12.044904,-114.419493,-12.249215,-102.170278
4.250000,X_return,12.039444,-114.137509,-12.295442,-101.842067
4.251000,X_return,12.033984,-113.855525,-12.341537,-101.513988
4.252000,X_return,12.028524,-113.573541,-12.387502,-101.186039
4.253000,X_return,12.023064,-113.291558,-12.433336,-100.858222
4.254000,X_return,12.017604,-113.009574,-12.479038,-100.530536
4.255000,X_return,12.012144,-112.727590,-12.524607,-100.202983
4.256000,X_return,12.006684,-112.974269,-12.570044,-100.404225
4.257000,X_return,12.001224,-113.708694,-12.615348,-101.093345
4.258000,X_return,11.995764,-114.443118,-12.660519,-101.782599
4.259000,X_return,11.990304,-115.177543,-12.705556,-102.471987
4.260000,X_return,11.984844,-115.911967,-12.750459,-103.161508
4.261000,X_return,11.979384,-116.646391,-12.795227,-103.851164
4.262000,X_return,11.973924,-117.380816,-12.839860,-104.540956
4.263000,X_return,11.968464,-118.115240,-12.884358,-105.230882
4.264000,X_return,11.963004,-119.098902,-12.928721,-106.170181
4.265000,X_return,11.957544,-120.092530,-12.972947,-107.119583
4.266000,X_return,11.952084,-121.086158,-13.017037,-108.069121
4.267000,X_return,11.946624,-122.079786,-13.060990,-109.018796
4.268000,X_return,11.941164,-123.073414,-13.104805,-109.968609
4.269000,X_return,11.935704,-124.067042,-13.148483,-110.918559
4.270000,X_return,11.930244,-125.060670,-13.192023,-111.868647
4.271000,X_return,11.924784,-125.376183,-13.235425,-112.140759
4.272000,X_return,11.919324,-124.687022,-13.278687,-111.408334
4.273000,X_return,11.913864,-123.997860,-13.321811,-110.676049
4.274000,X_return,11.908404,-123.308699,-13.364795,-109.943904
4.275000,X_return,11.902944,-122.619537,-13.407639,-109.211898
4.276000,X_return,11.897484,-121.930376,-13.450343,-108.480033
4.277000,X_return,11.892024,-121.241214,-13.492906,-107.748308
4.278000,X_return,11.886564,-120.552053,-13.535328,-107.016725
4.279000,X_return,11.881104,-119.336898,-13.577609,-105.759290
4.280000,X_return,11.875644,-118.024812,-13.619748,-104.405064
4.281000,X_return,11.870184,-116.712725,-13.661744,-103.050981
4.282000,X_return,11.864724,-115.400639,-13.703598,-101.697040
4.283000,X_return,11.859264,-114.088552,-13.745310,-100.343243
4.284000,X_return,11.853804,-112.776466,-13.786878,-98.989588
4.285000,X_return,11.848344,-111.464379,-13.828302,-97.636077
4.286000,X_return,11.842884,-110.374639,-13.869583,-96.505056
4.287000,X_return,11.837424,-109.840494,-13.910719,-95.929776
4.288000,X_return,11.831964,-109.306350,-13.951710,-95.354640
4.289000,X_return,11.826504,-108.772205,-13.992556,-94.779649
4.290000,X_return,11.821044,-108.238060,-14.033257,-94.204803
4.291000,X_return,11.815584,-107.703915,-14.073812,-93.630103
4.292000,X_return,11.810124,-107.169771,-14.114221,-93.055550
4.293000,X_return,11.804664,-106.635626,-14.154483,-92.481143
4.294000,X_return,11.799204,-106.372740,-14.194599,-92.178141
4.295000,X_return,11.793744,-106.211595,-14.234567,-91.977027
4.296000,X_return,11.788284,-106.050450,-14.274388,-91.776061
4.297000,X_return,11.782824,-105.889305,-14.314061,-91.575243
4.298000,X_return,11.777364,-105.728160,-14.353586,-91.374574
4.299000,X_return,11.771904,-105.567015,-14.392962,-91.174053
4.300000,X_return,11.766444,-105.405870,-14.432189,-90.973680
4.301000,X_return,11.760984,-105.149109,-14.471267,-90.677842
4.302000,X_return,11.755524,-104.421037,-14.510195,-89.910842
4.303000,X_return,11.750064,-103.692965,-14.548974,-89.143991
4.304000,X_return,11.744604,-102.964892,-14.587602,-88.377291
4.305000,X_return,11.739144,-102.236820,-14.626079,-87.610741
4.306000,X_return,11.733684,-101.508748,-14.664405,-86.844342
4.307000,X_return,11.728224,-100.780675,-14.702580,-86.078095
4.308000,X_return,11.722764,-100.052603,-14.740604,-85.311999
4.309000,X_return,11.717304,-99.313093,-14.778475,-84.534618
4.310000,X_return,11.711844,-98.566273,-14.816194,-83.750079
4.311000,X_return,11.706384,-97.819452,-14.853761,-82.965692
4.312000,X_return,11.700924,-97.072632,-14.891174,-82.181458
4.313000,X_return,11.695464,-96.325812,-14.928434,-81.397378
4.314000,X_return,11.690004,-95.578991,-14.965541,-80.613451
4.315000,X_return,11.684544,-94.832171,-15.002493,-79.829678
4.316000,X_return,11.679084,-94.153895,-15.039292,-79.114604
4.317000,X_return,11.673624,-94.738092,-15.075935,-79.662157
4.318000,X_return,11.668164,-95.322289,-15.112424,-80.209865
4.319000,X_return,11.662704,-95.906486,-15.148757,-80.757728
4.320000,X_return,11.657244,-96.490683,-15.184935,-81.305747
4.321000,X_return,11.651784,-97.074880,-15.220957,-81.853922
4.322000,X_return,11.646324,-97.659077,-15.256823,-82.402253
4.323000,X_return,11.640864,-98.243273,-15.292533,-82.950741
4.324000,X_return,11.635404,-98.723956,-15.328085,-83.395871
4.325000,X_return,11.629944,-99.098151,-15.363481,-83.734671
4.326000,X_return,11.624484,-99.472346,-15.398718,-84.073628
4.327000,X_return,11.619024,-99.846541,-15.433799,-84.412742
4.328000,X_return,11.613564,-100.220736,-15.468721,-84.752015
4.329000,X_return,11.608104,-100.594931,-15.503485,-85.091446
4.330000,X_return,11.602644,-100.969126,-15.538090,-85.431036
4.331000,X_return,11.597184,-101.343321,-15.572536,-85.770785
4.332000,X_return,11.591724,-100.503526,-15.606823,-84.896704
4.333000,X_return,11.586264,-99.578419,-15.640950,-83.937470
4.334000,X_return,11.580804,-98.653313,-15.674917,-82.978396
4.335000,X_return,11.575344,-97.728206,-15.708724,-82.019482
4.336000,X_return,11.569884,-96.803099,-15.742371,-81.060728
4.337000,X_return,11.564424,-95.877992,-15.775857,-80.102136
4.338000,X_return,11.558964,-94.952886,-15.809182,-79.143704
4.339000,X_return,11.554530,-94.194873,-15.842345,-78.352528
4.340000,X_return,11.551800,-93.714448,-15.875347,-77.839101
4.341000,X_return,11.549070,-93.234023,-15.908187,-77.325836
4.342000,X_return,11.546340,-92.753598,-15.940865,-76.812734
4.343000,X_return,11.543610,-92.273173,-15.973380,-76.299793
4.344000,X_return,11.540880,-91.792748,-16.005732,-75.787016
4.345000,X_return,11.538150,-91.312323,-16.037922,-75.274402
4.346000,X_return,11.535420,-90.831898,-16.069948,-74.761951
4.347000,X_return,11.532690,-90.351473,-16.101810,-74.249663
4.348000,X_return,11.529960,-89.871048,-16.133508,-73.737540
4.349000,X_return,11.527230,-89.390623,-16.165043,-73.225581
4.350000,X_return,11.524500,-88.910198,-16.196412,-72.713786
4.351000,X_return,11.521770,-88.429773,-16.227617,-72.202156
4.352000,X_return,11.519040,-87.949348,-16.258657,-71.690691
4.353000,X_return,11.516310,-87.468923,-16.289532,-71.179391
4.354000,X_return,11.512874,-86.864203,-16.320241,-70.543962
4.355000,X_return,11.507414,-85.903137,-16.350784,-69.552352
4.356000,X_return,11.501954,-84.942071,-16.381162,-68.560909
4.357000,X_return,11.496494,-83.981005,-16.411372,-67.569633
4.358000,X_return,11.491034,-83.019939,-16.441416,-66.578523
4.359000,X_return,11.485574,-82.058873,-16.471294,-65.587579
4.360000,X_return,11.480114,-81.097807,-16.501004,-64.596803
4.361000,X_return,11.474654,-80.136741,-16.530547,-63.606195
4.362000,X_return,11.469194,-78.557857,-16.559922,-61.997935
4.363000,X_return,11.463734,-76.714225,-16.589129,-60.125096
4.364000,X_return,11.458274,-74.870593,-16.618167,-58.252425
4.365000,X_return,11.452814,-73.026961,-16.647038,-56.379923
4.366000,X_return,11.447354,-71.183329,-16.675740,-54.507589
4.367000,X_return,11.441894,-69.339697,-16.704272,-52.635424
4.368000,X_return,11.436434,-67.496065,-16.732636,-50.763429
4.369000,X_return,11.430974,-65.883105,-16.760830,-49.122275
4.370000,X_return,11.425514,-65.670288,-16.788854,-48.881434
4.371000,X_return,11.420054,-65.457472,-16.816709,-48.640763
4.372000,X_return,11.414594,-65.244655,-16.844393,-48.400261
4.373000,X_return,11.409134,-65.031838,-16.871907,-48.159931
4.374000,X_return,11.403674,-64.819021,-16.899250,-47.919770
4.375000,X_return,11.398214,-64.606204,-16.926423,-47.679781
4.376000,X_return,11.392754,-64.393387,-16.953424,-47.439963
4.377000,X_return,11.387294,-64.943836,-16.980253,-47.963582
4.378000,X_return,11.381834,-66.040520,-17.006912,-49.033609
4.379000,X_return,11.376374,-67.137205,-17.033398,-50.103807
4.380000,X_return,11.370914,-68.233890,-17.059712,-51.174178
4.381000,X_return,11.365454,-69.330574,-17.085854,-52.244721
4.382000,X_return,11.359994,-70.427259,-17.111823,-53.315436
4.383000,X_return,11.354534,-71.523944,-17.137620,-54.386324
4.384000,X_return,11.349074,-72.607371,-17.163243,-55.444128
4.385000,X_return,11.343614,-73.158223,-17.188693,-55.969529
4.386000,X_return,11.338154,-73.709075,-17.213970,-56.495105
4.387000,X_return,11.332694,-74.259927,-17.239074,-57.020853
4.388000,X_return,11.327234,-74.810779,-17.264003,-57.546776
4.389000,X_return,11.321774,-75.361631,-17.288758,-58.072873
4.390000,X_return,11.316314,-75.912482,-17.313339,-58.599144
4.391000,X_return,11.310854,-76.463334,-17.337745,-59.125589
4.392000,X_return,11.305394,-76.649443,-17.361977,-59.287466
4.393000,X_return,11.299934,-76.417096,-17.386033,-59.031063
4.394000,X_return,11.294474,-76.184750,-17.409915,-58.774835
4.395000,X_return,11.289014,-75.952403,-17.433621,-58.518783
4.396000,X_return,11.283554,-75.720057,-17.457151,-58.262905
4.397000,X_return,11.278094,-75.487710,-17.480506,-58.007204
4.398000,X_return,11.272634,-75.255363,-17.503684,-57.751679
4.399000,X_return,11.267174,-75.023017,-17.526687,-57.496330
4.400000,X_return,11.261714,-75.774759,-17.549513,-58.225246
4.401000,X_return,11.256254,-76.627249,-17.572162,-59.055087
4.402000,X_return,11.250794,-77.479739,-17.594635,-59.885105
4.403000,X_return,11.245334,-78.332229,-17.616930,-60.715299
4.404000,X_return,11.239874,-79.184719,-17.639049,-61.545671
4.405000,X_return,11.234414,-80.037210,-17.660990,-62.376220
4.406000,X_return,11.228954,-80.889700,-17.682753,-63.206947
4.407000,X_return,11.223494,-81.529137,-17.704339,-63.824799
4.408000,X_return,11.218034,-81.770378,-17.725746,-64.044632
4.409000,X_return,11.212574,-82.011619,-17.746976,-64.264643
4.410000,X_return,11.207114,-82.252860,-17.768027,-64.484833
4.411000,X_return,11.201654,-82.494100,-17.788899,-64.705201
4.412000,X_return,11.196194,-82.735341,-17.809593,-64.925748
4.413000,X_return,11.190734,-82.976582,-17.830108,-65.146474
4.414000,X_return,11.185274,-83.217823,-17.850444,-65.367379
4.415000,X_return,11.179814,-81.559543,-17.870601,-63.688942
4.416000,X_return,11.174354,-79.396246,-17.890578,-61.505668
4.417000,X_return,11.168894,-77.232950,-17.910376,-59.322574
4.418000,X_return,11.163434,-75.069653,-17.929993,-57.139660
4.419000,X_return,11.157974,-72.906356,-17.949431,-54.956925
4.420000,X_return,11.152514,-70.743060,-17.968689,-52.774371
4.421000,X_return,11.147054,-68.579763,-17.987767,-50.591997
4.422000,X_return,11.141594,-66.629586,-18.006664,-48.622922
4.423000,X_return,11.136134,-65.387311,-18.025380,-47.361931
4.424000,X_return,11.130674,-64.145035,-18.043916,-46.101120
4.425000,X_return,11.125214,-62.902760,-18.062270,-44.840490
4.426000,X_return,11.119754,-61.660485,-18.080444,-43.580041
4.427000,X_return,11.114294,-60.418209,-18.098436,-42.319773
4.428000,X_return,11.108834,-59.175934,-18.116247,-41.059687
4.429000,X_return,11.103374,-57.933659,-18.133876,-39.799782
4.430000,X_return,11.097914,-57.887919,-18.151324,-39.736595
4.431000,X_return,11.092454,-58.424043,-18.168590,-40.255453
4.432000,X_return,11.086994,-58.960167,-18.185673,-40.774494
4.433000,X_return,11.081534,-59.496291,-18.202575,-41.293717
4.434000,X_return,11.076074,-60.032416,-18.219294,-41.813122
4.435000,X_return,11.070614,-60.568540,-18.235830,-42.332709
4.436000,X_return,11.065154,-61.104664,-18.252184,-42.852480
4.437000,X_return,11.059694,-61.593652,-18.268356,-43.325296
4.438000,X_return,11.054234,-61.717157,-18.284344,-43.432813
4.439000,X_return,11.048774,-61.840663,-18.300149,-43.540513
4.440000,X_return,11.043314,-61.964168,-18.315771,-43.648397
4.441000,X_return,11.037854,-62.087673,-18.331210,-43.756463
4.442000,X_return,11.032394,-62.211178,-18.346465,-43.864713
4.443000,X_return,11.026934,-62.334684,-18.361537,-43.973147
4.444000,X_return,11.021474,-62.458189,-18.376425,-44.081764
4.445000,X_return,11.018036,-62.720668,-18.391129,-44.329539
4.446000,X_return,11.016216,-63.094280,-18.405649,-44.688631
4.447000,X_return,11.014396,-63.467892,-18.419985,-45.047907
4.448000,X_return,11.012576,-63.841504,-18.434137,-45.407367
4.449000,X_return,11.010756,-64.215116,-18.448104,-45.767012
4.450000,X_return,11.008936,-64.588728,-18.461887,-46.126841
4.451000,X_return,11.007116,-64.962340,-18.475485,-46.486855
4.452000,X_return,11.005296,-65.335952,-18.488898,-46.847053
4.453000,X_return,11.003476,-65.709564,-18.502127,-47.207436
4.454000,X_return,11.001656,-66.083176,-18.515171,-47.568005
4.455000,X_return,10.999836,-66.456787,-18.528029,-47.928758
4.456000,X_return,10.998016,-66.830399,-18.540703,-48.289697
4.457000,X_return,10.996196,-67.204011,-18.553191,-48.650820
4.458000,X_return,10.994376,-67.577623,-18.565494,-49.012130
4.459000,X_return,10.992556,-67.951235,-18.577611,-49.373624
4.460000,X_return,10.990736,-68.324847,-18.589542,-49.735305
4.461000,X_return,10.988916,-68.698459,-18.601288,-50.097171
4.462000,X_return,10.987096,-69.072071,-18.612848,-50.459223
4.463000,X_return,10.985276,-69.445683,-18.624222,-50.821461
4.464000,X_return,10.983456,-69.819295,-18.635410,-51.183885
4.465000,X_return,10.981636,-70.192907,-18.646412,-51.546495
4.466000,X_return,10.979816,-70.566519,-18.657228,-51.909291
4.467000,X_return,10.977996,-70.940131,-18.667857,-52.272273
4.468000,X_return,10.972973,-70.196833,-18.678300,-51.518532
4.469000,X_return,10.967513,-69.301116,-18.688557,-50.612559
4.470000,X_return,10.962053,-68.405398,-18.698626,-49.706772
4.471000,X_return,10.956593,-67.509681,-18.708509,-48.801172
4.472000,X_return,10.951133,-66.613964,-18.718206,-47.895759
4.473000,X_return,10.945673,-65.718247,-18.727715,-46.990532
4.474000,X_return,10.940213,-64.822530,-18.737038,-46.085493
4.475000,X_return,10.934753,-64.134546,-18.746173,-45.388373
4.476000,X_return,10.929293,-63.885281,-18.755122,-45.130160
4.477000,X_return,10.923833,-63.636017,-18.763883,-44.872134
4.478000,X_return,10.918373,-63.386752,-18.772457,-44.614295
4.479000,X_return,10.912913,-63.137487,-18.780844,-44.356643
4.480000,X_return,10.907453,-62.888222,-18.789043,-44.099179
4.481000,X_return,10.901993,-62.638957,-18.797055,-43.841903
4.482000,X_return,10.896533,-62.389693,-18.804879,-43.584814
4.483000,X_return,10.891073,-62.841846,-18.812515,-44.029330
4.484000,X_return,10.885613,-63.512155,-18.819964,-44.692191
4.485000,X_return,10.880153,-64.182464,-18.827225,-45.355239
4.486000,X_return,10.874693,-64.852774,-18.834299,-46.018475
4.487000,X_return,10.869233,-65.523083,-18.841184,-46.681899
4.488000,X_return,10.863773,-66.193392,-18.847882,-47.345511
4.489000,X_return,10.858313,-66.863702,-18.854391,-48.009310
4.490000,X_return,10.852853,-67.384774,-18.860713,-48.524062
4.491000,X_return,10.847393,-67.324195,-18.866846,-48.457349
4.492000,X_return,10.841933,-67.263615,-18.872791,-48.390824
4.493000,X_return,10.836473,-67.203036,-18.878548,-48.324487
4.494000,X_return,10.831013,-67.142456,-18.884117,-48.258339
4.495000,X_return,10.825553,-67.081876,-18.889497,-48.192379
4.496000,X_return,10.820093,-67.021297,-18.894689,-48.126608
4.497000,X_return,10.814633,-66.960717,-18.899693,-48.061024
4.498000,X_return,10.809173,-66.120366,-18.904508,-47.215858
4.499000,X_return,10.803713,-64.851973,-18.909135,-45.942838
4.500000,X_return,10.798253,-63.583580,-18.913573,-44.670007
4.501000,X_return,10.792793,-62.315187,-18.917823,-43.397365
4.502000,X_return,10.787333,-61.046794,-18.921884,-42.124911
4.503000,X_return,10.781873,-59.778401,-18.925756,-40.852645
4.504000,X_return,10.776413,-58.510008,-18.929440,-39.580569
4.505000,X_return,10.770953,-57.338627,-18.932934,-38.405693
4.506000,X_return,10.765493,-57.184956,-18.936241,-38.248715
4.507000,X_return,10.760033,-57.031285,-18.939358,-38.091926
4.508000,X_return,10.754573,-56.877613,-18.942287,-37.935327
4.509000,X_return,10.749113,-56.723942,-18.945027,-37.778915
4.510000,X_return,10.743653,-56.570271,-18.947577,-37.622693
4.511000,X_return,10.738193,-56.416599,-18.949940,-37.466660
4.512000,X_return,10.732733,-56.262928,-18.952113,-37.310815
4.513000,X_return,10.727273,-55.917940,-18.954097,-36.963843
4.514000,X_return,10.721813,-55.402234,-18.955892,-36.446342
4.515000,X_return,10.716353,-54.886529,-18.957499,-35.929030
4.516000,X_return,10.710893,-54.370823,-18.958916,-35.411907
4.517000,X_return,10.705433,-53.855117,-18.960145,-34.894973
4.518000,X_return,10.699973,-53.339412,-18.961184,-34.378227
4.519000,X_return,10.694513,-52.823706,-18.962035,-33.861671
4.520000,X_return,10.689053,-52.308000,-18.962696,-33.345304
4.521000,X_return,10.683593,-50.013765,-18.963169,-31.050596
4.522000,X_return,10.678133,-47.664277,-18.963452,-28.700825
4.523000,X_return,10.672673,-45.314789,-18.963547,-26.351242
4.524000,X_return,10.667213,-42.965302,-18.963547,-24.001755
4.525000,X_return,10.661753,-40.615814,-18.963547,-21.652267
4.526000,X_return,10.656293,-38.266326,-18.963547,-19.302779
4.527000,X_return,10.650833,-35.916839,-18.963547,-16.953292
4.528000,X_return,10.645373,-33.829384,-18.963547,-14.865837
4.529000,X_return,10.639913,-32.116996,-18.963547,-13.153449
4.530000,X_return,10.634453,-30.404607,-18.963547,-11.441060
4.531000,X_return,10.628993,-28.692218,-18.963547,-9.728672
4.532000,X_return,10.623533,-26.979830,-18.963547,-8.016283
4.533000,X_return,10.618073,-25.267441,-18.963547,-6.303895
4.534000,X_return,10.612613,-23.555053,-18.963547,-4.591506
4.535000,X_return,10.607153,-21.842664,-18.963547,-2.879117
4.536000,X_return,10.601693,-21.549414,-18.963547,-2.585867
4.537000,X_return,10.596233,-21.501290,-18.963547,-2.537743
4.538000,X_return,10.590773,-21.453165,-18.963547,-2.489618
4.539000,X_return,10.585313,-21.405040,-18.963547,-2.441494
4.540000,X_return,10.579853,-21.356916,-18.963547,-2.393369
4.541000,X_return,10.574393,-21.308791,-18.963547,-2.345244
4.542000,X_return,10.568933,-21.260667,-18.963547,-2.297120
4.543000,X_return,10.563473,-21.022193,-18.963547,-2.058646
4.544000,X_return,10.558013,-20.326915,-18.963547,-1.363368
4.545000,X_return,10.552553,-19.631637,-18.963547,-0.668091
4.546000,X_return,10.547093,-18.936360,-18.963547,0.027187
4.547000,X_return,10.541633,-18.241082,-18.963547,0.722465
4.548000,X_return,10.536173,-17.545804,-18.963547,1.417742
4.549000,X_return,10.530713,-16.850527,-18.963547,2.113020
4.550000,X_return,10.525253,-16.155249,-18.963547,2.808298
4.551000,X_return,10.521801,-15.699972,-18.963547,3.263574
4.552000,X_return,10.519071,-15.330980,-18.963547,3.632567
4.553000,X_return,10.516341,-14.961988,-18.963547,4.001559
4.554000,X_return,10.513611,-14.592996,-18.963547,4.370551
4.555000,X_return,10.510881,-14.224004,-18.963547,4.739543
4.556000,X_return,10.508151,-13.855012,-18.963547,5.108535
4.557000,X_return,10.505421,-13.486020,-18.963547,5.477527
4.558000,X_return,10.502691,-13.117028,-18.963547,5.846519
4.559000,X_return,10.499961,-12.748036,-18.963547,6.215511
4.560000,X_return,10.497231,-12.379044,-18.963547,6.584503
4.561000,X_return,10.494501,-12.010052,-18.963547,6.953495
4.562000,X_return,10.491771,-11.641060,-18.963547,7.322487
4.563000,X_return,10.489041,-11.272068,-18.963547,7.691479
4.564000,X_return,10.486311,-10.903076,-18.963547,8.060471
4.565000,X_return,10.483581,-10.534084,-18.963547,8.429463
4.566000,X_return,10.479163,-11.423230,-18.963547,7.540317
4.567000,X_return,10.473703,-13.088753,-18.963547,5.874794
4.568000,X_return,10.468243,-14.754276,-18.963547,4.209270
4.569000,X_return,10.462783,-16.419800,-18.963547,2.543747
4.570000,X_return,10.457323,-18.085323,-18.963547,0.878224
4.571000,X_return,10.451863,-19.750846,-18.963547,-0.787299
4.572000,X_return,10.446403,-21.416369,-18.963547,-2.452822
4.573000,X_return,10.440943,-22.964088,-18.963547,-4.000541
4.574000,X_return,10.435483,-22.660243,-18.963547,-3.696696
4.575000,X_return,10.430023,-22.356399,-18.963547,-3.392852
4.576000,X_return,10.424563,-22.052554,-18.963547,-3.089007
4.577000,X_return,10.419103,-21.748710,-18.963547,-2.785163
4.578000,X_return,10.413643,-21.444865,-18.963547,-2.481318
4.579000,X_return,10.408183,-21.141021,-18.963547,-2.177474
4.580000,X_return,10.402723,-20.837176,-18.963547,-1.873629
4.581000,X_return,10.397263,-20.739329,-18.963547,-1.775782
4.582000,X_return,10.391803,-20.846461,-18.963547,-1.882914
4.583000,X_return,10.386343,-20.953592,-18.963547,-1.990045
4.584000,X_return,10.380883,-21.060724,-18.963547,-2.097177
4.585000,X_return,10.375423,-21.167856,-18.963547,-2.204309
4.586000,X_return,10.369963,-21.274987,-18.963547,-2.311440
4.587000,X_return,10.364503,-21.382119,-18.963547,-2.418572
4.588000,X_return,10.359043,-21.489251,-18.963547,-2.525704
4.589000,X_return,10.353583,-22.602245,-18.963547,-3.638698
4.590000,X_return,10.348123,-23.776423,-18.963547,-4.812876
4.591000,X_return,10.342663,-24.950601,-18.963547,-5.987054
4.592000,X_return,10.337203,-26.124779,-18.963547,-7.161232
4.593000,X_return,10.331743,-27.298957,-18.963547,-8.335410
4.594000,X_return,10.326283,-28.473135,-18.963547,-9.509588
4.595000,X_return,10.320823,-29.647313,-18.963547,-10.683766
4.596000,X_return,10.315363,-30.483446,-18.963547,-11.519899
4.597000,X_return,10.309903,-30.777487,-18.963547,-11.813940
4.598000,X_return,10.304443,-31.071527,-18.963547,-12.107980
4.599000,X_return,10.298983,-31.365568,-18.963547,-12.402021
4.600000,X_return,10.293523,-31.659608,-18.963547,-12.696061
4.601000,X_return,10.288063,-31.953649,-18.963547,-12.990102
4.602000,X_return,10.282603,-32.247689,-18.963547,-13.284142
4.603000,X_return,10.277143,-32.541730,-18.963547,-13.578183
4.604000,X_return,10.271683,-31.553059,-18.963547,-12.589512
4.605000,X_return,10.266223,-30.293245,-18.963547,-11.329698
4.606000,X_return,10.260763,-29.033432,-18.963547,-10.069885
4.607000,X_return,10.255303,-27.773618,-18.963547,-8.810071
4.608000,X_return,10.249843,-26.513805,-18.963547,-7.550258
4.609000,X_return,10.244383,-25.253991,-18.963547,-6.290444
4.610000,X_return,10.238923,-23.994178,-18.963547,-5.030631
4.611000,X_return,10.233463,-23.316484,-18.963547,-4.352937
4.612000,X_return,10.228003,-24.237512,-18.963547,-5.273965
4.613000,X_return,10.222543,-25.158541,-18.963547,-6.194994
4.614000,X_return,10.217083,-26.079570,-18.963547,-7.116023
4.615000,X_return,10.211623,-27.000599,-18.963547,-8.037052
4.616000,X_return,10.206163,-27.921627,-18.963547,-8.958080
4.617000,X_return,10.200703,-28.842656,-18.963547,-9.879109
4.618000,X_return,10.195243,-29.763685,-18.963547,-10.800138
4.619000,X_return,10.189783,-30.773119,-18.963547,-11.809572
4.620000,X_return,10.184323,-31.818954,-18.963547,-12.855407
4.621000,X_return,10.178863,-32.864788,-18.963547,-13.901241
4.622000,X_return,10.173403,-33.910623,-18.963547,-14.947076
4.623000,X_return,10.167943,-34.956457,-18.963547,-15.992910
4.624000,X_return,10.162483,-36.002292,-18.963547,-17.038745
4.625000,X_return,10.157023,-37.048126,-18.963547,-18.084579
4.626000,X_return,10.151563,-37.902422,-18.963547,-18.938875
4.627000,X_return,10.146103,-37.669341,-18.963547,-18.705794
4.628000,X_return,10.140643,-37.436259,-18.963547,-18.472713
4.629000,X_return,10.135183,-37.203178,-18.963547,-18.239631
4.630000,X_return,10.129723,-36.970097,-18.963547,-18.006550
4.631000,X_return,10.124263,-36.737015,-18.963547,-17.773469
4.632000,X_return,10.118803,-36.503934,-18.963547,-17.540387
4.633000,X_return,10.113343,-36.270853,-18.963547,-17.307306
4.634000,X_return,10.107883,-36.460617,-18.963547,-17.497070
4.635000,X_return,10.102423,-36.942783,-18.963547,-17.979237
4.636000,X_return,10.096963,-37.424950,-18.963547,-18.461403
4.637000,X_return,10.091503,-37.907116,-18.963547,-18.943569
4.638000,X_return,10.086043,-38.389283,-18.963547,-19.425736
4.639000,X_return,10.080583,-38.871449,-18.963547,-19.907902
4.640000,X_return,10.075123,-39.353615,-18.963547,-20.390068
4.641000,X_return,10.069663,-39.861165,-18.963547,-20.897618
4.642000,X_return,10.064203,-41.121752,-18.963547,-22.158205
4.643000,X_return,10.058743,-42.382339,-18.963547,-23.418792
4.644000,X_return,10.053283,-43.642926,-18.963547,-24.679379
4.645000,X_return,10.047823,-44.903513,-18.963547,-25.939966
4.646000,X_return,10.042363,-46.164099,-18.963547,-27.200553
4.647000,X_return,10.036903,-47.424686,-18.963547,-28.461139
4.648000,X_return,10.031443,-48.685273,-18.963547,-29.721726
4.649000,X_return,10.025983,-49.566857,-18.963547,-30.603310
4.650000,X_return,10.020523,-50.027911,-18.963547,-31.064364
4.651000,X_return,10.015063,-50.488965,-18.963547,-31.525418
4.652000,X_return,10.009603,-50.950019,-18.963547,-31.986472
4.653000,X_return,10.004143,-51.411073,-18.963547,-32.447526
4.654000,X_return,9.998683,-51.872127,-18.963547,-32.908580
4.655000,X_return,9.993223,-52.333181,-18.963547,-33.369634
4.656000,X_return,9.987763,-52.794235,-18.963547,-33.830688
4.657000,X_return,9.985635,-52.775776,-18.963547,-33.812229
4.658000,X_return,9.983815,-52.713030,-18.963547,-33.749483
4.659000,X_return,9.981995,-52.650284,-18.963547,-33.686737
4.660000,X_return,9.980175,-52.587538,-18.963547,-33.623991
4.661000,X_return,9.978355,-52.524792,-18.963547,-33.561246
4.662000,X_return,9.976535,-52.462047,-18.963547,-33.498500
4.663000,X_return,9.974715,-52.399301,-18.963547,-33.435754
4.664000,X_return,9.972895,-52.336555,-18.963547,-33.373008
4.665000,X_return,9.971075,-52.273809,-18.963547,-33.310262
4.666000,X_return,9.969255,-52.211063,-18.963547,-33.247516
4.667000,X_return,9.967435,-52.148317,-18.963547,-33.184770
4.668000,X_return,9.965615,-52.085571,-18.963547,-33.122025
4.669000,X_return,9.963795,-52.022826,-18.963547,-33.059279
4.670000,X_return,9.961975,-51.960080,-18.963547,-32.996533
4.671000,X_return,9.960155,-51.897334,-18.963547,-32.933787
4.672000,X_return,9.958335,-51.834588,-18.963547,-32.871041
4.673000,X_return,9.956515,-51.771842,-18.963547,-32.808295
4.674000,X_return,9.954695,-51.709096,-18.963547,-32.745549
4.675000,X_return,9.952875,-51.646350,-18.963547,-32.682804
4.676000,X_return,9.951055,-51.583605,-18.963547,-32.620058
4.677000,X_return,9.949235,-51.520859,-18.963547,-32.557312
4.678000,X_return,9.947415,-51.458113,-18.963547,-32.494566
4.679000,X_return,9.944723,-51.232572,-18.963547,-32.269025
4.680000,X_return,9.939263,-50.490705,-18.963547,-31.527158
4.681000,X_return,9.933803,-49.748838,-18.963547,-30.785291
4.682000,X_return,9.928343,-49.006971,-18.963547,-30.043424
4.683000,X_return,9.922883,-48.265104,-18.963547,-29.301557
4.684000,X_return,9.917423,-47.523237,-18.963547,-28.559690
4.685000,X_return,9.911963,-46.781370,-18.963547,-27.817823
4.686000,X_return,9.906503,-46.039503,-18.963547,-27.075956
4.687000,X_return,9.901043,-46.079867,-18.963547,-27.116320
4.688000,X_return,9.895583,-46.486420,-18.963547,-27.522874
4.689000,X_return,9.890123,-46.892974,-18.963547,-27.929427
4.690000,X_return,9.884663,-47.299528,-18.963547,-28.335981
4.691000,X_return,9.879203,-47.706081,-18.963547,-28.742534
4.692000,X_return,9.873743,-48.112635,-18.963547,-29.149088
4.693000,X_return,9.868283,-48.519188,-18.963547,-29.555641
4.694000,X_return,9.862823,-48.958058,-18.963547,-29.994511
4.695000,X_return,9.857363,-49.628296,-18.963547,-30.664749
4.696000,X_return,9.851903,-50.298533,-18.963547,-31.334986
4.697000,X_return,9.846443,-50.968771,-18.963547,-32.005224
4.698000,X_return,9.840983,-51.639009,-18.963547,-32.675462
4.699000,X_return,9.835523,-52.309246,-18.963547,-33.345700
4.700000,X_return,9.830063,-52.979484,-18.963547,-34.015937
4.701000,X_return,9.824603,-53.649722,-18.963547,-34.686175
4.702000,X_return,9.819143,-53.910837,-18.963547,-34.947290
4.703000,X_return,9.813683,-53.855653,-18.963547,-34.892106
4.704000,X_return,9.808223,-53.800469,-18.963547,-34.836922
4.705000,X_return,9.802763,-53.745285,-18.963547,-34.781738
4.706000,X_return,9.797303,-53.690100,-18.963547,-34.726554
4.707000,X_return,9.791843,-53.634916,-18.963547,-34.671369
4.708000,X_return,9.786383,-53.579732,-18.963547,-34.616185
4.709000,X_return,9.780923,-53.523908,-18.963547,-34.560361
4.710000,X_return,9.775463,-53.350217,-18.963547,-34.386671
4.711000,X_return,9.770003,-53.176527,-18.963547,-34.212980
4.712000,X_return,9.764543,-53.002837,-18.963547,-34.039290
4.713000,X_return,9.759083,-52.829146,-18.963547,-33.865599
4.714000,X_return,9.753623,-52.655456,-18.963547,-33.691909
4.715000,X_return,9.748163,-52.481765,-18.963547,-33.518218
4.716000,X_return,9.742703,-52.308075,-18.963547,-33.344528
4.717000,X_return,9.737243,-52.250009,-18.963547,-33.286463
4.718000,X_return,9.731783,-52.335092,-18.963547,-33.371545
4.719000,X_return,9.726323,-52.420175,-18.963547,-33.456628
4.720000,X_return,9.720863,-52.505258,-18.963547,-33.541711
4.721000,X_return,9.715403,-52.590340,-18.963547,-33.626793
4.722000,X_return,9.709943,-52.675423,-18.963547,-33.711876
4.723000,X_return,9.704483,-52.760506,-18.963547,-33.796959
4.724000,X_return,9.699023,-52.845589,-18.963547,-33.882042
4.725000,X_return,9.693563,-52.317745,-18.963547,-33.354198
4.726000,X_return,9.688103,-51.712783,-18.963547,-32.749236
4.727000,X_return,9.682643,-51.107821,-18.963547,-32.144274
4.728000,X_return,9.677183,-50.502859,-18.963547,-31.539312
4.729000,X_return,9.671723,-49.897897,-18.963547,-30.934350
4.730000,X_return,9.666263,-49.292935,-18.963547,-30.329388
4.731000,X_return,9.660803,-48.687973,-18.963547,-29.724426
4.732000,X_return,9.655343,-48.346783,-18.963547,-29.383236
4.733000,X_return,9.649883,-48.541947,-18.963547,-29.578400
4.734000,X_return,9.644423,-48.737111,-18.963547,-29.773564
4.735000,X_return,9.638963,-48.932275,-18.963547,-29.968728
4.736000,X_return,9.633503,-49.127439,-18.963547,-30.163892
4.737000,X_return,9.628043,-49.322602,-18.963547,-30.359056
4.738000,X_return,9.622583,-49.517766,-18.963547,-30.554219
4.739000,X_return,9.617123,-49.712930,-18.963547,-30.749383
4.740000,X_return,9.611663,-49.611290,-18.963547,-30.647743
4.741000,X_return,9.606203,-49.421537,-18.963547,-30.457990
4.742000,X_return,9.600743,-49.231783,-18.963547,-30.268236
4.743000,X_return,9.595283,-49.042029,-18.963547,-30.078482
4.744000,X_return,9.589823,-48.852276,-18.963547,-29.888729
4.745000,X_return,9.584363,-48.662522,-18.963547,-29.698975
4.746000,X_return,9.578903,-48.472769,-18.963547,-29.509222
4.747000,X_return,9.573443,-48.095895,-18.963547,-29.132348
4.748000,X_return,9.567983,-47.025600,-18.963547,-28.062053
4.749000,X_return,9.562523,-45.955305,-18.963547,-26.991758
4.750000,X_return,9.557063,-44.885010,-18.963547,-25.921463
4.751000,X_return,9.551603,-43.814715,-18.963547,-24.851168
4.752000,X_return,9.546143,-42.744420,-18.963547,-23.780873
4.753000,X_return,9.540683,-41.674125,-18.963547,-22.710578
4.754000,X_return,9.535223,-40.603830,-18.963547,-21.640283
4.755000,X_return,9.529763,-39.948161,-18.963547,-20.984614
4.756000,X_return,9.524303,-39.511921,-18.963547,-20.548374
4.757000,X_return,9.518843,-39.075680,-18.963547,-20.112134
4.758000,X_return,9.513383,-38.639440,-18.963547,-19.675893
4.759000,X_return,9.507923,-38.203200,-18.963547,-19.239653
4.760000,X_return,9.502463,-37.766960,-18.963547,-18.803413
4.761000,X_return,9.497003,-37.330720,-18.963547,-18.367173
4.762000,X_return,9.491543,-36.916601,-18.963547,-17.953054
4.763000,X_return,9.486083,-36.712363,-18.963547,-17.748816
4.764000,X_return,9.480623,-36.508125,-18.963547,-17.544578
4.765000,X_return,9.475163,-36.303887,-18.963547,-17.340340
4.766000,X_return,9.469703,-36.099649,-18.963547,-17.136102
4.767000,X_return,9.464243,-35.895411,-18.963547,-16.931864
4.768000,X_return,9.458783,-35.691173,-18.963547,-16.727626
4.769000,X_return,9.453323,-35.486934,-18.963547,-16.523388
4.770000,X_return,9.447863,-35.365421,-18.963547,-16.401874
4.771000,X_return,9.442403,-35.315298,-18.963547,-16.351751
4.772000,X_return,9.436943,-35.265175,-18.963547,-16.301629
4.773000,X_return,9.431483,-35.215053,-18.963547,-16.251506
4.774000,X_return,9.426023,-35.164930,-18.963547,-16.201383
4.775000,X_return,9.420563,-35.114807,-18.963547,-16.151260
4.776000,X_return,9.415103,-35.064685,-18.963547,-16.101138
4.777000,X_return,9.409643,-35.014562,-18.963547,-16.051015
4.778000,X_return,9.404183,-34.594481,-18.963547,-15.630934
4.779000,X_return,9.398723,-34.166151,-18.963547,-15.202604
4.780000,X_return,9.393263,-33.737822,-18.963547,-14.774275
4.781000,X_return,9.387803,-33.309492,-18.963547,-14.345945
4.782000,X_return,9.382343,-32.881163,-18.963547,-13.917616
4.783000,X_return,9.376883,-32.452833,-18.963547,-13.489286
4.784000,X_return,9.371423,-32.024504,-18.963547,-13.060957
4.785000,X_return,9.365963,-31.935468,-18.963547,-12.971921
4.786000,X_return,9.360503,-32.315728,-18.963547,-13.352181
4.787000,X_return,9.355043,-32.695988,-18.963547,-13.732441
4.788000,X_return,9.349583,-33.076249,-18.963547,-14.112702
4.789000,X_return,9.344123,-33.456509,-18.963547,-14.492962
4.790000,X_return,9.338663,-33.836769,-18.963547,-14.873222
4.791000,X_return,9.333203,-34.217030,-18.963547,-15.253483
4.792000,X_return,9.327743,-34.597290,-18.963547,-15.633743
4.793000,X_return,9.322283,-34.748076,-18.963547,-15.784529
4.794000,X_return,9.316823,-34.861826,-18.963547,-15.898279
4.795000,X_return,9.311363,-34.975576,-18.963547,-16.012029
4.796000,X_return,9.305903,-35.089326,-18.963547,-16.125779
4.797000,X_return,9.300443,-35.203076,-18.963547,-16.239529
4.798000,X_return,9.294983,-35.316825,-18.963547,-16.353279
4.799000,X_return,9.289523,-35.430575,-18.963547,-16.467028
4.800000,X_return,9.284063,-35.412656,-18.963547,-16.449109
4.801000,X_return,9.278603,-35.091067,-18.963547,-16.127520
4.802000,X_return,9.273143,-34.769479,-18.963547,-15.805932
4.803000,X_return,9.267683,-34.447891,-18.963547,-15.484344
4.804000,X_return,9.262223,-34.126303,-18.963547,-15.162756
4.805000,X_return,9.256763,-33.804714,-18.963547,-14.841168
4.806000,X_return,9.251303,-33.483126,-18.963547,-14.519579
4.807000,X_return,9.245843,-33.161538,-18.963547,-14.197991
4.808000,X_return,9.240383,-32.489155,-18.963547,-13.525608
4.809000,X_return,9.234923,-31.695990,-18.963547,-12.732443
4.810000,X_return,9.229463,-30.902824,-18.963547,-11.939277
4.811000,X_return,9.224003,-30.109659,-18.963547,-11.146112
4.812000,X_return,9.218543,-29.316493,-18.963547,-10.352946
4.813000,X_return,9.213083,-28.523328,-18.963547,-9.559781
4.814000,X_return,9.207623,-27.730162,-18.963547,-8.766615
4.815000,X_return,9.202163,-26.935706,-18.963547,-7.972159
4.816000,X_return,9.196703,-26.135572,-18.963547,-7.172025
4.817000,X_return,9.191243,-25.335438,-18.963547,-6.371891
4.818000,X_return,9.185783,-24.535304,-18.963547,-5.571758
4.819000,X_return,9.180323,-23.735171,-18.963547,-4.771624
4.820000,X_return,9.174863,-22.935037,-18.963547,-3.971490
4.821000,X_return,9.169403,-22.134903,-18.963547,-3.171356
4.822000,X_return,9.163943,-21.334770,-18.963547,-2.371223
4.823000,X_return,9.158483,-20.041765,-18.963547,-1.078218
4.824000,X_return,9.153023,-18.455198,-18.963547,0.508349
4.825000,X_return,9.147563,-16.868631,-18.963547,2.094916
4.826000,X_return,9.142103,-15.282064,-18.963547,3.681483
4.827000,X_return,9.136643,-13.695497,-18.963547,5.268049
4.828000,X_return,9.131183,-12.108931,-18.963547,6.854616
4.829000,X_return,9.125723,-10.522364,-18.963547,8.441183
4.830000,X_return,9.120263,-9.025320,-18.963547,9.938227
4.831000,X_return,9.114803,-8.752590,-18.963547,10.210957
4.832000,X_return,9.109343,-8.479860,-18.963547,10.483687
4.833000,X_return,9.103883,-8.207129,-18.963547,10.756417
4.834000,X_return,9.098423,-7.934399,-18.963547,11.029148
4.835000,X_return,9.092963,-7.661669,-18.963547,11.301878
4.836000,X_return,9.087503,-7.388939,-18.963547,11.574608
4.837000,X_return,9.082043,-7.116208,-18.963547,11.847338
4.838000,X_return,9.076583,-6.804743,-18.963547,12.158803
4.839000,X_return,9.071123,-6.455997,-18.963547,12.507550
4.840000,X_return,9.065663,-6.107251,-18.963547,12.856296
4.841000,X_return,9.060203,-5.758505,-18.963547,13.205042
4.842000,X_return,9.054743,-5.409758,-18.963547,13.553788
4.843000,X_return,9.049283,-5.061012,-18.963547,13.902535
4.844000,X_return,9.043823,-4.712266,-18.963547,14.251281
4.845000,X_return,9.038363,-4.363520,-18.963547,14.600027
4.846000,X_return,9.032903,-4.412171,-18.963547,14.551376
4.847000,X_return,9.027443,-4.481307,-18.963547,14.482240
4.848000,X_return,9.021983,-4.550442,-18.963547,14.413105
4.849000,X_return,9.016523,-4.619578,-18.963547,14.343969
4.850000,X_return,9.011063,-4.688714,-18.963547,14.274833
4.851000,X_return,9.005603,-4.757849,-18.963547,14.205698
4.852000,X_return,9.000143,-4.826985,-18.963547,14.136562
4.853000,X_return,8.994683,-5.215033,-18.963547,13.748513
4.854000,X_return,8.989223,-6.096889,-18.963547,12.866658
4.855000,X_return,8.983763,-6.978744,-18.963547,11.984802
4.856000,X_return,8.978303,-7.860600,-18.963547,11.102947
4.857000,X_return,8.972843,-8.742455,-18.963547,10.221091
4.858000,X_return,8.967383,-9.624311,-18.963547,9.339236
4.859000,X_return,8.961923,-10.506167,-18.963547,8.457380
4.860000,X_return,8.956463,-11.388022,-18.963547,7.575525
4.861000,X_return,8.951003,-12.566226,-18.963547,6.397321
4.862000,X_return,8.945543,-13.803491,-18.963547,5.160056
4.863000,X_return,8.940083,-15.040756,-18.963547,3.922791
4.864000,X_return,8.934623,-16.278021,-18.963547,2.685526
4.865000,X_return,8.929163,-17.515286,-18.963547,1.448260
4.866000,X_return,8.923703,-18.752551,-18.963547,0.210995
4.867000,X_return,8.918243,-19.989816,-18.963547,-1.026270
4.868000,X_return,8.913534,-20.922045,-18.963547,-1.958498
4.869000,X_return,8.910804,-21.051071,-18.963547,-2.087524
4.870000,X_return,8.908074,-21.180097,-18.963547,-2.216550
4.871000,X_return,8.905344,-21.309123,-18.963547,-2.345576
4.872000,X_return,8.902614,-21.438148,-18.963547,-2.474602
4.873000,X_return,8.899884,-21.567174,-18.963547,-2.603628
4.874000,X_return,8.897154,-21.696200,-18.963547,-2.732653
4.875000,X_return,8.894424,-21.825226,-18.963547,-2.861679
4.876000,X_return,8.891694,-21.954252,-18.963547,-2.990705
4.877000,X_return,8.888964,-22.083278,-18.963547,-3.119731
4.878000,X_return,8.886234,-22.212304,-18.963547,-3.248757
4.879000,X_return,8.883504,-22.341330,-18.963547,-3.377783
4.880000,X_return,8.880774,-22.470356,-18.963547,-3.506809
4.881000,X_return,8.878044,-22.599382,-18.963547,-3.635835
4.882000,X_return,8.875314,-22.728408,-18.963547,-3.764861
4.883000,X_return,8.872153,-22.907571,-18.963547,-3.944025
4.884000,X_return,8.866693,-23.353749,-18.963547,-4.390202
4.885000,X_return,8.861233,-23.799926,-18.963547,-4.836379
4.886000,X_return,8.855773,-24.246104,-18.963547,-5.282557
4.887000,X_return,8.850313,-24.692281,-18.963547,-5.728734
4.888000,X_return,8.844853,-25.138458,-18.963547,-6.174912
4.889000,X_return,8.839393,-25.584636,-18.963547,-6.621089
4.890000,X_return,8.833933,-26.030813,-18.963547,-7.067266
4.891000,X_return,8.828473,-26.141740,-18.963547,-7.178194
4.892000,X_return,8.823013,-26.028709,-18.963547,-7.065162
4.893000,X_return,8.817553,-25.915678,-18.963547,-6.952131
4.894000,X_return,8.812093,-25.802646,-18.963547,-6.839099
4.895000,X_return,8.806633,-25.689615,-18.963547,-6.726068
4.896000,X_return,8.801173,-25.576584,-18.963547,-6.613037
4.897000,X_return,8.795713,-25.463552,-18.963547,-6.500005
4.898000,X_return,8.790253,-25.362312,-18.963547,-6.398765
4.899000,X_return,8.784793,-25.537365,-18.963547,-6.573818
4.900000,X_return,8.779333,-25.712418,-18.963547,-6.748871
4.901000,X_return,8.773873,-25.887471,-18.963547,-6.923924
4.902000,X_return,8.768413,-26.062524,-18.963547,-7.098977
4.903000,X_return,8.762953,-26.237577,-18.963547,-7.274031
4.904000,X_return,8.757493,-26.412630,-18.963547,-7.449084
4.905000,X_return,8.752033,-26.587684,-18.963547,-7.624137
4.906000,X_return,8.746573,-26.950201,-18.963547,-7.986655
4.907000,X_return,8.741113,-27.513903,-18.963547,-8.550356
4.908000,X_return,8.735653,-28.077605,-18.963547,-9.114058
4.909000,X_return,8.730193,-28.641307,-18.963547,-9.677760
4.910000,X_return,8.724733,-29.205009,-18.963547,-10.241462
4.911000,X_return,8.719273,-29.768710,-18.963547,-10.805163
4.912000,X_return,8.713813,-30.332412,-18.963547,-11.368865
4.913000,X_return,8.708353,-30.896114,-18.963547,-11.932567
4.914000,X_return,8.702893,-31.102701,-18.963547,-12.139154
4.915000,X_return,8.697433,-31.279819,-18.963547,-12.316272
4.916000,X_return,8.691973,-31.456937,-18.963547,-12.493390
4.917000,X_return,8.686513,-31.634055,-18.963547,-12.670508
4.918000,X_return,8.681053,-31.811173,-18.963547,-12.847626
4.919000,X_return,8.675593,-31.988291,-18.963547,-13.024744
4.920000,X_return,8.670133,-32.165409,-18.963547,-13.201862
4.921000,X_return,8.664673,-32.349956,-18.963547,-13.386409
4.922000,X_return,8.659213,-32.547419,-18.963547,-13.583872
4.923000,X_return,8.653753,-32.744881,-18.963547,-13.781334
4.924000,X_return,8.648293,-32.942343,-18.963547,-13.978797
4.925000,X_return,8.642833,-33.139806,-18.963547,-14.176259
4.926000,X_return,8.637373,-33.337268,-18.963547,-14.373721
4.927000,X_return,8.631913,-33.534731,-18.963547,-14.571184
4.928000,X_return,8.626453,-33.732193,-18.963547,-14.768646
4.929000,X_return,8.620993,-34.182020,-18.963547,-15.218474
4.930000,X_return,8.615533,-34.692352,-18.963547,-15.728805
4.931000,X_return,8.610073,-35.202684,-18.963547,-16.239137
4.932000,X_return,8.604613,-35.713016,-18.963547,-16.749469
4.933000,X_return,8.599153,-36.223348,-18.963547,-17.259801
4.934000,X_return,8.593693,-36.733680,-18.963547,-17.770133
4.935000,X_return,8.588233,-37.244012,-18.963547,-18.280465
4.936000,X_return,8.582773,-37.671067,-18.963547,-18.707520
4.937000,X_return,8.577313,-37.845653,-18.963547,-18.882106
4.938000,X_return,8.571853,-38.020239,-18.963547,-19.056693
4.939000,X_return,8.566393,-38.194826,-18.963547,-19.231279
4.940000,X_return,8.560933,-38.369412,-18.963547,-19.405865
4.941000,X_return,8.555473,-38.543998,-18.963547,-19.580451
4.942000,X_return,8.550013,-38.718585,-18.963547,-19.755038
4.943000,X_return,8.544553,-38.893171,-18.963547,-19.929624
4.944000,X_return,8.539093,-38.500770,-18.963547,-19.537223
4.945000,X_return,8.533633,-37.852987,-18.963547,-18.889440
4.946000,X_return,8.528173,-37.205205,-18.963547,-18.241658
4.947000,X_return,8.522713,-36.557422,-18.963547,-17.593875
4.948000,X_return,8.517253,-35.909639,-18.963547,-16.946093
4.949000,X_return,8.511793,-35.261857,-18.963547,-16.298310
4.950000,X_return,8.506333,-34.614074,-18.963547,-15.650527
4.951000,X_return,8.500873,-34.111136,-18.963547,-15.147589
4.952000,X_return,8.495413,-34.570070,-18.963547,-15.606523
4.953000,X_return,8.489953,-35.029003,-18.963547,-16.065456
4.954000,X_return,8.484493,-35.487937,-18.963547,-16.524390
4.955000,X_return,8.479033,-35.946871,-18.963547,-16.983324
4.956000,X_return,8.473573,-36.405804,-18.963547,-17.442257
4.957000,X_return,8.468113,-36.864738,-18.963547,-17.901191
4.958000,X_return,8.462653,-37.323672,-18.963547,-18.360125
4.959000,X_return,8.457193,-38.036194,-18.963547,-19.072647
4.960000,X_return,8.451733,-38.938234,-18.963547,-19.974687
4.961000,X_return,8.446273,-39.840274,-18.963547,-20.876727
4.962000,X_return,8.440813,-40.742313,-18.963547,-21.778767
4.963000,X_return,8.435353,-41.644353,-18.963547,-22.680806
4.964000,X_return,8.429893,-42.546393,-18.963547,-23.582846
4.965000,X_return,8.424433,-43.448433,-18.963547,-24.484886
4.966000,X_return,8.418973,-44.330710,-18.963547,-25.367163
4.967000,X_return,8.413513,-43.792328,-18.963547,-24.828781
4.968000,X_return,8.408053,-43.253947,-18.963547,-24.290400
4.969000,X_return,8.402593,-42.715565,-18.963547,-23.752018
4.970000,X_return,8.397133,-42.177183,-18.963547,-23.213637
4.971000,X_return,8.391673,-41.638802,-18.963547,-22.675255
4.972000,X_return,8.386213,-41.100420,-18.963547,-22.136873
4.973000,X_return,8.380753,-40.562039,-18.963547,-21.598492
4.974000,X_return,8.376949,-40.240938,-18.963547,-21.277391
4.975000,X_return,8.375129,-40.179950,-18.963547,-21.216403
4.976000,X_return,8.373309,-40.118961,-18.963547,-21.155414
4.977000,X_return,8.371489,-40.057972,-18.963547,-21.094425
4.978000,X_return,8.369669,-39.996983,-18.963547,-21.033436
4.979000,X_return,8.367849,-39.935994,-18.963547,-20.972448
4.980000,X_return,8.366029,-39.875006,-18.963547,-20.911459
4.981000,X_return,8.364209,-39.814017,-18.963547,-20.850470
4.982000,X_return,8.362389,-39.753028,-18.963547,-20.789481
4.983000,X_return,8.360569,-39.692039,-18.963547,-20.728493
4.984000,X_return,8.358749,-39.631051,-18.963547,-20.667504
4.985000,X_return,8.356929,-39.570062,-18.963547,-20.606515
4.986000,X_return,8.355109,-39.509073,-18.963547,-20.545526
4.987000,X_return,8.353289,-39.448084,-18.963547,-20.484537
4.988000,X_return,8.351469,-39.387096,-18.963547,-20.423549
4.989000,X_return,8.349649,-39.326107,-18.963547,-20.362560
4.990000,X_return,8.347829,-39.265118,-18.963547,-20.301571
4.991000,X_return,8.346009,-39.204129,-18.963547,-20.240582
4.992000,X_return,8.344189,-39.143141,-18.963547,-20.179594
4.993000,X_return,8.342369,-39.082152,-18.963547,-20.118605
4.994000,X_return,8.340549,-39.021163,-18.963547,-20.057616
4.995000,X_return,8.338729,-38.960174,-18.963547,-19.996627
4.996000,X_return,8.336909,-38.899185,-18.963547,-19.935639
4.997000,X_return,8.332252,-38.367137,-18.963547,-19.403590
4.998000,X_return,8.326792,-37.701765,-18.963547,-18.738218
4.999000,X_return,8.321332,-37.036392,-18.963547,-18.072845
5.000000,X_return,8.315872,-36.371020,-18.963547,-17.407473
5.001000,X_return,8.310412,-35.705647,-18.963547,-16.742100
5.002000,X_return,8.304952,-35.040274,-18.963547,-16.076728
5.003000,X_return,8.299492,-34.374902,-18.963547,-15.411355
5.004000,X_return,8.294032,-33.919160,-18.963547,-14.955613
5.005000,X_return,8.288572,-34.203091,-18.963547,-15.239544
5.006000,X_return,8.283112,-34.487021,-18.963547,-15.523475
5.007000,X_return,8.277652,-34.770952,-18.963547,-15.807405
5.008000,X_return,8.272192,-35.054883,-18.963547,-16.091336
5.009000,X_return,8.266732,-35.338813,-18.963547,-16.375266
5.010000,X_return,8.261272,-35.622744,-18.963547,-16.659197
5.011000,X_return,8.255812,-35.906675,-18.963547,-16.943128
5.012000,X_return,8.250352,-35.908140,-18.963547,-16.944594
5.013000,X_return,8.244892,-35.765546,-18.963547,-16.802000
5.014000,X_return,8.239432,-35.622952,-18.963547,-16.659406
5.015000,X_return,8.233972,-35.480358,-18.963547,-16.516811
5.016000,X_return,8.228512,-35.337764,-18.963547,-16.374217
5.017000,X_return,8.223052,-35.195170,-18.963547,-16.231623
5.018000,X_return,8.217592,-35.052576,-18.963547,-16.089029
5.019000,X_return,8.212132,-34.813254,-18.963547,-15.849707
5.020000,X_return,8.206672,-33.737608,-18.963547,-14.774061
5.021000,X_return,8.201212,-32.661962,-18.963547,-13.698415
5.022000,X_return,8.195752,-31.586316,-18.963547,-12.622769
5.023000,X_return,8.190292,-30.510670,-18.963547,-11.547123
5.024000,X_return,8.184832,-29.435024,-18.963547,-10.471477
5.025000,X_return,8.179372,-28.359378,-18.963547,-9.395831
5.026000,X_return,8.173912,-27.283732,-18.963547,-8.320185
5.027000,X_return,8.168452,-26.269402,-18.963547,-7.305855
5.028000,X_return,8.162992,-25.306244,-18.963547,-6.342697
5.029000,X_return,8.157532,-24.343087,-18.963547,-5.379540
5.030000,X_return,8.152072,-23.379929,-18.963547,-4.416382
5.031000,X_return,8.146612,-22.416771,-18.963547,-3.453225
5.032000,X_return,8.141152,-21.453614,-18.963547,-2.490067
5.033000,X_return,8.135692,-20.490456,-18.963547,-1.526909
5.034000,X_return,8.130232,-19.527299,-18.963547,-0.563752
5.035000,X_return,8.124772,-19.985370,-18.963547,-1.021823
5.036000,X_return,8.119312,-20.462875,-18.963547,-1.499328
5.037000,X_return,8.113852,-20.940380,-18.963547,-1.976833
5.038000,X_return,8.108392,-21.417885,-18.963547,-2.454338
5.039000,X_return,8.102932,-21.895389,-18.963547,-2.931843
5.040000,X_return,8.097472,-22.372894,-18.963547,-3.409347
5.041000,X_return,8.092012,-22.850399,-18.963547,-3.886852
5.042000,X_return,8.086552,-22.788622,-18.963547,-3.825075
5.043000,X_return,8.081092,-22.005920,-18.963547,-3.042373
5.044000,X_return,8.075632,-21.223219,-18.963547,-2.259672
5.045000,X_return,8.070172,-20.440517,-18.963547,-1.476971
5.046000,X_return,8.064712,-19.657816,-18.963547,-0.694269
5.047000,X_return,8.059252,-18.875115,-18.963547,0.088432
5.048000,X_return,8.053792,-18.092413,-18.963547,0.871134
5.049000,X_return,8.048332,-17.309712,-18.963547,1.653835
5.050000,X_return,8.042872,-16.473550,-18.963547,2.489997
5.051000,X_return,8.037412,-15.629354,-18.963547,3.334193
5.052000,X_return,8.031952,-14.785158,-18.963547,4.178389
5.053000,X_return,8.026492,-13.940962,-18.963547,5.022585
5.054000,X_return,8.021032,-13.096765,-18.963547,5.866781
5.055000,X_return,8.015572,-12.252569,-18.963547,6.710978
5.056000,X_return,8.010112,-11.408373,-18.963547,7.555174
5.057000,X_return,8.004652,-10.533990,-18.963547,8.429557
5.058000,X_return,7.999192,-9.592660,-18.963547,9.370887
5.059000,X_return,7.993732,-8.651330,-18.963547,10.312217
5.060000,X_return,7.988272,-7.709999,-18.963547,11.253548
5.061000,X_return,7.982812,-6.768669,-18.963547,12.194878
5.062000,X_return,7.977352,-5.827339,-18.963547,13.136208
5.063000,X_return,7.971892,-4.886008,-18.963547,14.077539
5.064000,X_return,7.966432,-3.944678,-18.963547,15.018869
5.065000,X_return,7.960972,-3.003828,-18.963547,15.959719
5.066000,X_return,7.955512,-2.063136,-18.963547,16.900411
5.067000,X_return,7.950052,-1.122445,-18.963547,17.841102
5.068000,X_return,7.944592,-0.181753,-18.963547,18.781794
5.069000,X_return,7.939132,0.758939,-18.963547,19.722486
5.070000,X_return,7.933672,1.699631,-18.963547,20.663177
5.071000,X_return,7.928212,2.640322,-18.963547,21.603869
5.072000,X_return,7.922752,3.653338,-18.963547,22.616885
5.073000,X_return,7.917292,4.967574,-18.963547,23.931121
5.074000,X_return,7.911832,6.281810,-18.963547,25.245356
5.075000,X_return,7.906372,7.596045,-18.963547,26.559592
5.076000,X_return,7.900912,8.910281,-18.963547,27.873828
5.077000,X_return,7.895452,10.224516,-18.963547,29.188063
5.078000,X_return,7.889992,11.538752,-18.963547,30.502299
5.079000,X_return,7.884532,12.852988,-18.963547,31.816534
5.080000,X_return,7.879072,13.376542,-18.963547,32.340089
5.081000,X_return,7.873612,13.445685,-18.963547,32.409232
5.082000,X_return,7.868152,13.514828,-18.963547,32.478375
5.083000,X_return,7.862692,13.583971,-18.963547,32.547518
5.084000,X_return,7.857232,13.653114,-18.963547,32.616661
5.085000,X_return,7.851772,13.722257,-18.963547,32.685804
5.086000,X_return,7.846312,13.791400,-18.963547,32.754947
5.087000,X_return,7.840852,13.803634,-18.963547,32.767181
5.088000,X_return,7.835392,13.128467,-18.963547,32.092014
5.089000,X_return,7.829932,12.453300,-18.963547,31.416846
5.090000,X_return,7.824472,11.778132,-18.963547,30.741679
5.091000,X_return,7.819012,11.102965,-18.963547,30.066512
5.092000,X_return,7.813552,10.427798,-18.963547,29.391344
5.093000,X_return,7.808092,9.752630,-18.963547,28.716177
5.094000,X_return,7.802632,9.077463,-18.963547,28.041010
5.095000,X_return,7.797172,8.431224,-18.963547,27.394771
5.096000,X_return,7.791712,7.811916,-18.963547,26.775463
5.097000,X_return,7.786252,7.192608,-18.963547,26.156155
5.098000,X_return,7.780792,6.573300,-18.963547,25.536847
5.099000,X_return,7.775332,5.953992,-18.963547,24.917538
5.100000,X_return,7.769872,5.334683,-18.963547,24.298230
5.101000,X_return,7.764412,4.715375,-18.963547,23.678922
5.102000,X_return,7.758952,4.096067,-18.963547,23.059614
5.103000,X_return,7.753492,3.648957,-18.963547,22.612504
5.104000,X_return,7.748032,3.209153,-18.963547,22.172700
5.105000,X_return,7.742572,2.769349,-18.963547,21.732896
5.106000,X_return,7.737112,2.329545,-18.963547,21.293091
5.107000,X_return,7.731652,1.889740,-18.963547,20.853287
5.108000,X_return,7.726192,1.449936,-18.963547,20.413483
5.109000,X_return,7.720732,1.010132,-18.963547,19.973679
5.110000,X_return,7.715272,0.764930,-18.963547,19.728477
5.111000,X_return,7.709812,0.810757,-18.963547,19.774303
5.112000,X_return,7.704352,0.856583,-18.963547,19.820130
5.113000,X_return,7.698892,0.902409,-18.963547,19.865956
5.114000,X_return,7.693432,0.948235,-18.963547,19.911782
5.115000,X_return,7.687972,0.994061,-18.963547,19.957608
5.116000,X_return,7.682512,1.039887,-18.963547,20.003434
5.117000,X_return,7.677052,1.085714,-18.963547,20.049260
5.118000,X_return,7.671592,0.953075,-18.963547,19.916622
5.119000,X_return,7.666132,0.786984,-18.963547,19.750531
5.120000,X_return,7.660672,0.620893,-18.963547,19.584440
5.121000,X_return,7.655212,0.454802,-18.963547,19.418348
5.122000,X_return,7.649752,0.288710,-18.963547,19.252257
5.123000,X_return,7.644292,0.122619,-18.963547,19.086166
5.124000,X_return,7.638832,-0.043472,-18.963547,18.920075
5.125000,X_return,7.633372,-0.038048,-18.963547,18.925499
5.126000,X_return,7.627912,0.400713,-18.963547,19.364260
5.127000,X_return,7.622452,0.839474,-18.963547,19.803021
5.128000,X_return,7.616992,1.278236,-18.963547,20.241783
5.129000,X_return,7.611532,1.716997,-18.963547,20.680544
5.130000,X_return,7.606072,2.155758,-18.963547,21.119305
5.131000,X_return,7.600612,2.594520,-18.963547,21.558066
5.132000,X_return,7.595152,3.033281,-18.963547,21.996828
5.133000,X_return,7.589692,3.298401,-18.963547,22.261948
5.134000,X_return,7.584232,3.497653,-18.963547,22.461200
5.135000,X_return,7.578772,3.696905,-18.963547,22.660452
5.136000,X_return,7.573312,3.896157,-18.963547,22.859704
5.137000,X_return,7.567852,4.095409,-18.963547,23.058956
5.138000,X_return,7.562392,4.294661,-18.963547,23.258208
5.139000,X_return,7.556932,4.493913,-18.963547,23.457460
5.140000,X_return,7.551472,4.563474,-18.963547,23.527021
5.141000,X_return,7.546012,3.983370,-18.963547,22.946917
5.142000,X_return,7.540552,3.403267,-18.963547,22.366813
5.143000,X_return,7.535092,2.823163,-18.963547,21.786710
5.144000,X_return,7.529632,2.243059,-18.963547,21.206606
5.145000,X_return,7.524172,1.662955,-18.963547,20.626502
5.146000,X_return,7.518712,1.082851,-18.963547,20.046398
5.147000,X_return,7.513252,0.502747,-18.963547,19.466294
5.148000,X_return,7.507792,0.125451,-18.963547,19.088998
5.149000,X_return,7.502332,-0.120993,-18.963547,18.842553
5.150000,X_return,7.496872,-0.367438,-18.963547,18.596109
5.151000,X_return,7.491412,-0.613883,-18.963547,18.349664
5.152000,X_return,7.485952,-0.860327,-18.963547,18.103220
5.153000,X_return,7.480492,-1.106772,-18.963547,17.856775
5.154000,X_return,7.475032,-1.353216,-18.963547,17.610331
5.155000,X_return,7.469572,-1.643873,-18.963547,17.319674
5.156000,X_return,7.464112,-2.788039,-18.963547,16.175508
5.157000,X_return,7.458652,-3.932205,-18.963547,15.031342
5.158000,X_return,7.453192,-5.076371,-18.963547,13.887176
5.159000,X_return,7.447732,-6.220536,-18.963547,12.743010
5.160000,X_return,7.442272,-7.364702,-18.963547,11.598845
5.161000,X_return,7.436812,-8.508868,-18.963547,10.454679
5.162000,X_return,7.431352,-9.653034,-18.963547,9.310513
5.163000,X_return,7.425892,-11.029006,-18.963547,7.934541
5.164000,X_return,7.420432,-12.645599,-18.963547,6.317948
5.165000,X_return,7.414972,-14.262192,-18.963547,4.701354
5.166000,X_return,7.409512,-15.878786,-18.963547,3.084761
5.167000,X_return,7.404052,-17.495379,-18.963547,1.468168
5.168000,X_return,7.398592,-19.111972,-18.963547,-0.148425
5.169000,X_return,7.393132,-20.728565,-18.963547,-1.765019
5.170000,X_return,7.387672,-22.345159,-18.963547,-3.381612
5.171000,X_return,7.382212,-22.693011,-18.963547,-3.729465
5.172000,X_return,7.376752,-22.948430,-18.963547,-3.984883
5.173000,X_return,7.371292,-23.203848,-18.963547,-4.240301
5.174000,X_return,7.365832,-23.459266,-18.963547,-4.495719
5.175000,X_return,7.360372,-23.714684,-18.963547,-4.751137
5.176000,X_return,7.354912,-23.970102,-18.963547,-5.006555
5.177000,X_return,7.349452,-24.225520,-18.963547,-5.261974
5.178000,X_return,7.343992,-24.336637,-18.963547,-5.373090
5.179000,X_return,7.338532,-24.205720,-18.963547,-5.242173
5.180000,X_return,7.333072,-24.074802,-18.963547,-5.111255
5.181000,X_return,7.327612,-23.943885,-18.963547,-4.980338
5.182000,X_return,7.322152,-23.812967,-18.963547,-4.849420
5.183000,X_return,7.316692,-23.682050,-18.963547,-4.718503
5.184000,X_return,7.311232,-23.551133,-18.963547,-4.587586
5.185000,X_return,7.305772,-23.420215,-18.963547,-4.456668
5.186000,X_return,7.300312,-23.901586,-18.963547,-4.938039
5.187000,X_return,7.294852,-24.522003,-18.963547,-5.558456
5.188000,X_return,7.289392,-25.142420,-18.963547,-6.178873
5.189000,X_return,7.283932,-25.762837,-18.963547,-6.799290
5.190000,X_return,7.278472,-26.383254,-18.963547,-7.419708
5.191000,X_return,7.273012,-27.003672,-18.963547,-8.040125
5.192000,X_return,7.267552,-27.624089,-18.963547,-8.660542
5.193000,X_return,7.262092,-28.105563,-18.963547,-9.142016
5.194000,X_return,7.256632,-28.183987,-18.963547,-9.220440
5.195000,X_return,7.251172,-28.262411,-18.963547,-9.298864
5.196000,X_return,7.245712,-28.340834,-18.963547,-9.377288
5.197000,X_return,7.240252,-28.419258,-18.963547,-9.455711
5.198000,X_return,7.234792,-28.497682,-18.963547,-9.534135
5.199000,X_return,7.229332,-28.576106,-18.963547,-9.612559
5.200000,X_return,7.223872,-28.654530,-18.963547,-9.690983
5.201000,X_return,7.218412,-28.295755,-18.963547,-9.332208
5.202000,X_return,7.212952,-27.747619,-18.963547,-8.784072
5.203000,X_return,7.207492,-27.199483,-18.963547,-8.235936
5.204000,X_return,7.202032,-26.651347,-18.963547,-7.687800
5.205000,X_return,7.196572,-26.103210,-18.963547,-7.139664
5.206000,X_return,7.191112,-25.555074,-18.963547,-6.591527
5.207000,X_return,7.185652,-25.006938,-18.963547,-6.043391
5.208000,X_return,7.180192,-24.400006,-18.963547,-5.436459
5.209000,X_return,7.174732,-23.429477,-18.963547,-4.465930
5.210000,X_return,7.169272,-22.458948,-18.963547,-3.495402
5.211000,X_return,7.163812,-21.488420,-18.963547,-2.524873
5.212000,X_return,7.158352,-20.517891,-18.963547,-1.554344
5.213000,X_return,7.152892,-19.547362,-18.963547,-0.583815
5.214000,X_return,7.147432,-18.576834,-18.963547,0.386713
5.215000,X_return,7.141972,-17.606305,-18.963547,1.357242
5.216000,X_return,7.136512,-17.504131,-18.963547,1.459416
5.217000,X_return,7.131052,-18.029168,-18.963547,0.934379
5.218000,X_return,7.125592,-18.554205,-18.963547,0.409342
5.219000,X_return,7.120132,-19.079243,-18.963547,-0.115696
5.220000,X_return,7.114672,-19.604280,-18.963547,-0.640733
5.221000,X_return,7.109212,-20.129317,-18.963547,-1.165770
5.222000,X_return,7.103752,-20.654355,-18.963547,-1.690808
5.223000,X_return,7.098292,-21.164823,-18.963547,-2.201277
5.224000,X_return,7.092832,-21.028864,-18.963547,-2.065317
5.225000,X_return,7.087372,-20.892904,-18.963547,-1.929357
5.226000,X_return,7.081912,-20.756944,-18.963547,-1.793397
5.227000,X_return,7.076452,-20.620984,-18.963547,-1.657437
5.228000,X_return,7.070992,-20.485024,-18.963547,-1.521477
5.229000,X_return,7.065532,-20.349064,-18.963547,-1.385518
5.230000,X_return,7.060072,-20.213105,-18.963547,-1.249558
5.231000,X_return,7.054612,-19.563278,-18.963547,-0.599731
5.232000,X_return,7.049152,-18.318561,-18.963547,0.644986
5.233000,X_return,7.043692,-17.073844,-18.963547,1.889703
5.234000,X_return,7.038232,-15.829127,-18.963547,3.134420
5.235000,X_return,7.032772,-14.584409,-18.963547,4.379138
5.236000,X_return,7.027312,-13.339692,-18.963547,5.623855
5.237000,X_return,7.021852,-12.094975,-18.963547,6.868572
5.238000,X_return,7.016392,-10.850258,-18.963547,8.113289
5.239000,X_return,7.010932,-10.259057,-18.963547,8.704489
5.240000,X_return,7.005472,-9.736552,-18.963547,9.226995
5.241000,X_return,7.000012,-9.214047,-18.963547,9.749500
5.242000,X_return,6.994552,-8.691541,-18.963547,10.272006
5.243000,X_return,6.989092,-8.169036,-18.963547,10.794511
5.244000,X_return,6.983632,-7.646530,-18.963547,11.317016
5.245000,X_return,6.978172,-7.124025,-18.963547,11.839522
5.246000,X_return,6.972712,-7.141860,-18.963547,11.821687
5.247000,X_return,6.967252,-8.179660,-18.963547,10.783886
5.248000,X_return,6.961792,-9.217461,-18.963547,9.746086
5.249000,X_return,6.956332,-10.255262,-18.963547,8.708285
5.250000,X_return,6.950872,-11.293063,-18.963547,7.670484
5.251000,X_return,6.945412,-12.330863,-18.963547,6.632684
5.252000,X_return,6.939952,-13.368664,-18.963547,5.594883
5.253000,X_return,6.934492,-14.406465,-18.963547,4.557082
5.254000,X_return,6.929032,-15.148184,-18.963547,3.815363
5.255000,X_return,6.923572,-15.810115,-18.963547,3.153432
5.256000,X_return,6.918112,-16.472047,-18.963547,2.491500
5.257000,X_return,6.912652,-17.133978,-18.963547,1.829569
5.258000,X_return,6.907192,-17.795910,-18.963547,1.167637
5.259000,X_return,6.901732,-18.457841,-18.963547,0.505706
5.260000,X_return,6.896272,-19.119772,-18.963547,-0.156226
5.261000,X_return,6.890812,-19.539746,-18.963547,-0.576199
5.262000,X_return,6.885352,-19.145767,-18.963547,-0.182221
5.263000,X_return,6.879892,-18.751789,-18.963547,0.211758
5.264000,X_return,6.874432,-18.357810,-18.963547,0.605737
5.265000,X_return,6.868972,-17.963832,-18.963547,0.999715
5.266000,X_return,6.863512,-17.569853,-18.963547,1.393694
5.267000,X_return,6.858052,-17.175874,-18.963547,1.787673
5.268000,X_return,6.852592,-16.781896,-18.963547,2.181651
5.269000,X_return,6.847132,-16.573747,-18.963547,2.389800
5.270000,X_return,6.841672,-16.456892,-18.963547,2.506655
5.271000,X_return,6.836212,-16.340037,-18.963547,2.623510
5.272000,X_return,6.830752,-16.223182,-18.963547,2.740365
5.273000,X_return,6.825292,-16.106327,-18.963547,2.857220
5.274000,X_return,6.819832,-15.989472,-18.963547,2.974075
5.275000,X_return,6.814372,-15.872617,-18.963547,3.090930
5.276000,X_return,6.808912,-15.842918,-18.963547,3.120629
5.277000,X_return,6.803452,-16.504327,-18.963547,2.459220
5.278000,X_return,6.797992,-17.165735,-18.963547,1.797811
5.279000,X_return,6.792532,-17.827144,-18.963547,1.136403
5.280000,X_return,6.787072,-18.488553,-18.963547,0.474994
5.281000,X_return,6.781612,-19.149961,-18.963547,-0.186414
5.282000,X_return,6.776152,-19.811370,-18.963547,-0.847823
5.283000,X_return,6.770692,-20.472778,-18.963547,-1.509231
5.284000,X_return,6.765232,-20.988823,-18.963547,-2.025276
5.285000,X_return,6.759772,-21.387562,-18.963547,-2.424015
5.286000,X_return,6.754312,-21.786300,-18.963547,-2.822754
5.287000,X_return,6.748852,-22.185039,-18.963547,-3.221492
5.288000,X_return,6.743392,-22.583778,-18.963547,-3.620231
5.289000,X_return,6.737932,-22.982517,-18.963547,-4.018970
5.290000,X_return,6.732472,-23.381256,-18.963547,-4.417709
5.291000,X_return,6.727012,-23.779995,-18.963547,-4.816448
5.292000,X_return,6.724268,-23.516987,-18.963547,-4.553440
5.293000,X_return,6.721538,-23.250541,-18.963547,-4.286994
5.294000,X_return,6.718808,-22.984095,-18.963547,-4.020548
5.295000,X_return,6.716078,-22.717649,-18.963547,-3.754102
5.296000,X_return,6.713348,-22.451203,-18.963547,-3.487656
5.297000,X_return,6.710618,-22.184757,-18.963547,-3.221210
5.298000,X_return,6.707888,-21.918311,-18.963547,-2.954764
5.299000,X_return,6.705158,-21.651865,-18.963547,-2.688318
5.300000,X_return,6.702428,-21.385419,-18.963547,-2.421872
5.301000,X_return,6.699698,-21.118973,-18.963547,-2.155426
5.302000,X_return,6.696968,-20.852527,-18.963547,-1.888980
5.303000,X_return,6.694238,-20.586081,-18.963547,-1.622534
5.304000,X_return,6.691508,-20.319635,-18.963547,-1.356088
5.305000,X_return,6.688778,-20.053189,-18.963547,-1.089642
5.306000,X_return,6.686048,-19.786743,-18.963547,-0.823196
5.307000,X_return,6.680922,-20.048486,-18.963547,-1.084939
5.308000,X_return,6.675462,-20.383846,-18.963547,-1.420300
5.309000,X_return,6.670002,-20.719207,-18.963547,-1.755660
5.310000,X_return,6.664542,-21.054567,-18.963547,-2.091020
5.311000,X_return,6.659082,-21.389927,-18.963547,-2.426380
5.312000,X_return,6.653622,-21.725287,-18.963547,-2.761741
5.313000,X_return,6.648162,-22.060648,-18.963547,-3.097101
5.314000,X_return,6.642702,-22.646720,-18.963547,-3.683173
5.315000,X_return,6.637242,-23.767777,-18.963547,-4.804230
5.316000,X_return,6.631782,-24.888834,-18.963547,-5.925287
5.317000,X_return,6.626322,-26.009891,-18.963547,-7.046344
5.318000,X_return,6.620862,-27.130948,-18.963547,-8.167401
5.319000,X_return,6.615402,-28.252005,-18.963547,-9.288458
5.320000,X_return,6.609942,-29.373062,-18.963547,-10.409515
5.321000,X_return,6.604482,-30.494119,-18.963547,-11.530572
5.322000,X_return,6.599022,-30.857264,-18.963547,-11.893717
5.323000,X_return,6.593562,-30.981743,-18.963547,-12.018197
5.324000,X_return,6.588102,-31.106223,-18.963547,-12.142676
5.325000,X_return,6.582642,-31.230703,-18.963547,-12.267156
5.326000,X_return,6.577182,-31.355183,-18.963547,-12.391636
5.327000,X_return,6.571722,-31.479663,-18.963547,-12.516116
5.328000,X_return,6.566262,-31.604143,-18.963547,-12.640596
5.329000,X_return,6.560802,-31.685832,-18.963547,-12.722285
5.330000,X_return,6.555342,-31.598411,-18.963547,-12.634864
5.331000,X_return,6.549882,-31.510990,-18.963547,-12.547443
5.332000,X_return,6.544422,-31.423569,-18.963547,-12.460022
5.333000,X_return,6.538962,-31.336148,-18.963547,-12.372601
5.334000,X_return,6.533502,-31.248727,-18.963547,-12.285180
5.335000,X_return,6.528042,-31.161306,-18.963547,-12.197759
5.336000,X_return,6.522582,-31.073885,-18.963547,-12.110338
5.337000,X_return,6.517122,-31.375004,-18.963547,-12.411457
5.338000,X_return,6.511662,-31.891508,-18.963547,-12.927961
5.339000,X_return,6.506202,-32.408013,-18.963547,-13.444466
5.340000,X_return,6.500742,-32.924517,-18.963547,-13.960970
5.341000,X_return,6.495282,-33.441021,-18.963547,-14.477474
5.342000,X_return,6.489822,-33.957526,-18.963547,-14.993979
5.343000,X_return,6.484362,-34.474030,-18.963547,-15.510483
5.344000,X_return,6.478902,-34.971446,-18.963547,-16.007899
5.345000,X_return,6.473442,-35.262793,-18.963547,-16.299246
5.346000,X_return,6.467982,-35.554141,-18.963547,-16.590594
5.347000,X_return,6.462522,-35.845488,-18.963547,-16.881941
5.348000,X_return,6.457062,-36.136836,-18.963547,-17.173289
5.349000,X_return,6.451602,-36.428183,-18.963547,-17.464636
5.350000,X_return,6.446142,-36.719531,-18.963547,-17.755984
5.351000,X_return,6.440682,-37.010878,-18.963547,-18.047331
5.352000,X_return,6.435222,-36.872746,-18.963547,-17.909199
5.353000,X_return,6.429762,-36.347903,-18.963547,-17.384356
5.354000,X_return,6.424302,-35.823061,-18.963547,-16.859514
5.355000,X_return,6.418842,-35.298218,-18.963547,-16.334671
5.356000,X_return,6.413382,-34.773376,-18.963547,-15.809829
5.357000,X_return,6.407922,-34.248533,-18.963547,-15.284986
5.358000,X_return,6.402462,-33.723691,-18.963547,-14.760144
5.359000,X_return,6.397002,-33.198848,-18.963547,-14.235301
5.360000,X_return,6.391542,-31.771846,-18.963547,-12.808299
5.361000,X_return,6.386082,-30.314656,-18.963547,-11.351109
5.362000,X_return,6.380622,-28.857467,-18.963547,-9.893920
5.363000,X_return,6.375162,-27.400277,-18.963547,-8.436730
5.364000,X_return,6.369702,-25.943087,-18.963547,-6.979540
5.365000,X_return,6.364242,-24.485897,-18.963547,-5.522350
5.366000,X_return,6.358782,-23.028707,-18.963547,-4.065161
5.367000,X_return,6.353322,-21.733504,-18.963547,-2.769957
5.368000,X_return,6.347862,-20.672326,-18.963547,-1.708779
5.369000,X_return,6.342402,-19.611148,-18.963547,-0.647602
5.370000,X_return,6.336942,-18.549971,-18.963547,0.413576
5.371000,X_return,6.331482,-17.488793,-18.963547,1.474754
5.372000,X_return,6.326022,-16.427616,-18.963547,2.535931
5.373000,X_return,6.320562,-15.366438,-18.963547,3.597109
5.374000,X_return,6.315102,-14.305260,-18.963547,4.658286
5.375000,X_return,6.309642,-14.077567,-18.963547,4.885980
5.376000,X_return,6.304182,-13.996423,-18.963547,4.967124
5.377000,X_return,6.298722,-13.915280,-18.963547,5.048267
5.378000,X_return,6.293262,-13.834136,-18.963547,5.129411
5.379000,X_return,6.287802,-13.752993,-18.963547,5.210554
5.380000,X_return,6.282342,-13.671849,-18.963547,5.291698
5.381000,X_return,6.276882,-13.590705,-18.963547,5.372841
5.382000,X_return,6.271422,-13.299040,-18.963547,5.664507
5.383000,X_return,6.265962,-12.496649,-18.963547,6.466898
5.384000,X_return,6.260502,-11.694258,-18.963547,7.269289
5.385000,X_return,6.255042,-10.891867,-18.963547,8.071680
5.386000,X_return,6.249582,-10.089476,-18.963547,8.874071
5.387000,X_return,6.244122,-9.287085,-18.963547,9.676462
5.388000,X_return,6.238662,-8.484694,-18.963547,10.478853
5.389000,X_return,6.233202,-7.682303,-18.963547,11.281244
5.390000,X_return,6.227742,-6.538298,-18.963547,12.425249
5.391000,X_return,6.222282,-5.270052,-18.963547,13.693495
5.392000,X_return,6.216822,-4.001805,-18.963547,14.961741
5.393000,X_return,6.211362,-2.733559,-18.963547,16.229987
5.394000,X_return,6.205902,-1.465313,-18.963547,17.498234
5.395000,X_return,6.200442,-0.197067,-18.963547,18.766480
5.396000,X_return,6.194982,1.071179,-18.963547,20.034726
5.397000,X_return,6.190158,2.107936,-18.963547,21.071483
5.398000,X_return,6.188338,2.051327,-18.963547,21.014874
5.399000,X_return,6.186518,1.994719,-18.963547,20.958266
5.400000,X_return,6.184698,1.938110,-18.963547,20.901657
5.401000,X_return,6.182878,1.881501,-18.963547,20.845048
5.402000,X_return,6.181058,1.824893,-18.963547,20.788439
5.403000,X_return,6.179238,1.768284,-18.963547,20.731831
5.404000,X_return,6.177418,1.711675,-18.963547,20.675222
5.405000,X_return,6.175598,1.655066,-18.963547,20.618613
5.406000,X_return,6.173778,1.598458,-18.963547,20.562005
5.407000,X_return,6.171958,1.541849,-18.963547,20.505396
5.408000,X_return,6.170138,1.485240,-18.963547,20.448787
5.409000,X_return,6.168318,1.428632,-18.963547,20.392179
5.410000,X_return,6.166498,1.372023,-18.963547,20.335570
5.411000,X_return,6.164678,1.315414,-18.963547,20.278961
5.412000,X_return,6.162858,1.258806,-18.963547,20.222353
5.413000,X_return,6.161038,1.202197,-18.963547,20.165744
5.414000,X_return,6.159218,1.145588,-18.963547,20.109135
5.415000,X_return,6.157398,1.088980,-18.963547,20.052526
5.416000,X_return,6.155578,1.032371,-18.963547,19.995918
5.417000,X_return,6.153758,0.975762,-18.963547,19.939309
5.418000,X_return,6.151938,0.919153,-18.963547,19.882700
5.419000,X_return,6.150118,0.862545,-18.963547,19.826092
5.420000,X_return,6.146482,0.938225,-18.963547,19.901771
5.421000,X_return,6.141022,1.146728,-18.963547,20.110275
5.422000,X_return,6.135562,1.355231,-18.963547,20.318778
5.423000,X_return,6.130102,1.563734,-18.963547,20.527281
5.424000,X_return,6.124642,1.772237,-18.963547,20.735784
5.425000,X_return,6.119182,1.980740,-18.963547,20.944287
5.426000,X_return,6.113722,2.189243,-18.963547,21.152790
5.427000,X_return,6.108262,2.397746,-18.963547,21.361293
5.428000,X_return,6.102802,1.443265,-18.963547,20.406812
5.429000,X_return,6.097342,0.415093,-18.963547,19.378640
5.430000,X_return,6.091882,-0.613078,-18.963547,18.350469
5.431000,X_return,6.086422,-1.641250,-18.963547,17.322297
5.432000,X_return,6.080962,-2.669422,-18.963547,16.294125
5.433000,X_return,6.075502,-3.697593,-18.963547,15.265953
5.434000,X_return,6.070042,-4.725765,-18.963547,14.237782
5.435000,X_return,6.064582,-5.880239,-18.963547,13.083308
5.436000,X_return,6.059122,-7.239190,-18.963547,11.724357
5.437000,X_return,6.053662,-8.598140,-18.963547,10.365407
5.438000,X_return,6.048202,-9.957090,-18.963547,9.006457
5.439000,X_return,6.042742,-11.316040,-18.963547,7.647507
5.440000,X_return,6.037282,-12.674990,-18.963547,6.288556
5.441000,X_return,6.031822,-14.033941,-18.963547,4.929606
5.442000,X_return,6.026362,-15.392891,-18.963547,3.570656
5.443000,X_return,6.020902,-15.332721,-18.963547,3.630826
5.444000,X_return,6.015442,-14.967879,-18.963547,3.995668
5.445000,X_return,6.009982,-14.603037,-18.963547,4.360510
5.446000,X_return,6.004522,-14.238195,-18.963547,4.725352
5.447000,X_return,5.999062,-13.873353,-18.963547,5.090194
5.448000,X_return,5.993602,-13.508511,-18.963547,5.455036
5.449000,X_return,5.988142,-13.143669,-18.963547,5.819878
5.450000,X_return,5.982682,-12.857778,-18.963547,6.105769
5.451000,X_return,5.977222,-12.791232,-18.963547,6.172315
5.452000,X_return,5.971762,-12.724686,-18.963547,6.238861
5.453000,X_return,5.966302,-12.658140,-18.963547,6.305407
5.454000,X_return,5.960842,-12.591594,-18.963547,6.371953
5.455000,X_return,5.955382,-12.525048,-18.963547,6.438499
5.456000,X_return,5.949922,-12.458502,-18.963547,6.505045
5.457000,X_return,5.944462,-12.391955,-18.963547,6.571591
5.458000,X_return,5.939002,-12.532841,-18.963547,6.430706
5.459000,X_return,5.933542,-12.760067,-18.963547,6.203480
5.460000,X_return,5.928082,-12.987293,-18.963547,5.976254
5.461000,X_return,5.922622,-13.214518,-18.963547,5.749029
5.462000,X_return,5.917162,-13.441744,-18.963547,5.521803
5.463000,X_return,5.911702,-13.668970,-18.963547,5.294577
5.464000,X_return,5.906242,-13.896196,-18.963547,5.067351
5.465000,X_return,5.900782,-14.035163,-18.963547,4.928384
5.466000,X_return,5.895322,-13.664098,-18.963547,5.299449
5.467000,X_return,5.889862,-13.293034,-18.963547,5.670513
5.468000,X_return,5.884402,-12.921969,-18.963547,6.041578
5.469000,X_return,5.878942,-12.550905,-18.963547,6.412642
5.470000,X_return,5.873482,-12.179840,-18.963547,6.783707
5.471000,X_return,5.868022,-11.808776,-18.963547,7.154771
5.472000,X_return,5.862562,-11.437711,-18.963547,7.525836
5.473000,X_return,5.857102,-10.898836,-18.963547,8.064711
5.474000,X_return,5.851642,-10.242834,-18.963547,8.720713
5.475000,X_return,5.846182,-9.586832,-18.963547,9.376715
5.476000,X_return,5.840722,-8.930830,-18.963547,10.032717
5.477000,X_return,5.835262,-8.274828,-18.963547,10.688719
5.478000,X_return,5.829802,-7.618826,-18.963547,11.344721
5.479000,X_return,5.824342,-6.962824,-18.963547,12.000723
5.480000,X_return,5.818882,-6.344043,-18.963547,12.619504
5.481000,X_return,5.813422,-6.913985,-18.963547,12.049562
5.482000,X_return,5.807962,-7.483926,-18.963547,11.479621
5.483000,X_return,5.802502,-8.053868,-18.963547,10.909679
5.484000,X_return,5.797042,-8.623810,-18.963547,10.339737
5.485000,X_return,5.791582,-9.193751,-18.963547,9.769796
5.486000,X_return,5.786122,-9.763693,-18.963547,9.199854
5.487000,X_return,5.780662,-10.333634,-18.963547,8.629912
5.488000,X_return,5.775202,-10.685565,-18.963547,8.277982
5.489000,X_return,5.769742,-10.793405,-18.963547,8.170141
5.490000,X_return,5.764282,-10.901246,-18.963547,8.062301
5.491000,X_return,5.758822,-11.009086,-18.963547,7.954461
5.492000,X_return,5.753362,-11.116927,-18.963547,7.846620
5.493000,X_return,5.747902,-11.224767,-18.963547,7.738780
5.494000,X_return,5.742442,-11.332607,-18.963547,7.630939
5.495000,X_return,5.736982,-11.440448,-18.963547,7.523099
5.496000,X_return,5.731522,-10.809169,-18.963547,8.154378
5.497000,X_return,5.726062,-10.107639,-18.963547,8.855908
5.498000,X_return,5.720602,-9.406108,-18.963547,9.557438
5.499000,X_return,5.715142,-8.704578,-18.963547,10.258968
5.500000,X_return,5.709682,-8.003048,-18.963547,10.960499
5.501000,X_return,5.704222,-7.301518,-18.963547,11.662029
5.502000,X_return,5.698762,-6.599988,-18.963547,12.363559
5.503000,X_return,5.693302,-6.069741,-18.963547,12.893806
5.504000,X_return,5.687842,-5.851210,-18.963547,13.112336
5.505000,X_return,5.682382,-5.632680,-18.963547,13.330867
5.506000,X_return,5.676922,-5.414149,-18.963547,13.549398
5.507000,X_return,5.671462,-5.195618,-18.963547,13.767929
5.508000,X_return,5.666002,-4.977087,-18.963547,13.986460
5.509000,X_return,5.660542,-4.758556,-18.963547,14.204991
5.510000,X_return,5.655082,-4.540025,-18.963547,14.423522
5.511000,X_return,5.649622,-4.763289,-18.963547,14.200258
5.512000,X_return,5.644162,-5.099745,-18.963547,13.863802
5.513000,X_return,5.638702,-5.436201,-18.963547,13.527346
5.514000,X_return,5.633242,-5.772657,-18.963547,13.190890
5.515000,X_return,5.627782,-6.109112,-18.963547,12.854434
5.516000,X_return,5.622322,-6.445568,-18.963547,12.517978
5.517000,X_return,5.616862,-6.782024,-18.963547,12.181523
5.518000,X_return,5.611402,-6.839942,-18.963547,12.123605
5.519000,X_return,5.605942,-6.003442,-18.963547,12.960105
5.520000,X_return,5.600482,-5.166942,-18.963547,13.796605
5.521000,X_return,5.595022,-4.330441,-18.963547,14.633105
5.522000,X_return,5.589562,-3.493941,-18.963547,15.469606
5.523000,X_return,5.584102,-2.657441,-18.963547,16.306106
5.524000,X_return,5.578642,-1.820941,-18.963547,17.142606
5.525000,X_return,5.573182,-0.984440,-18.963547,17.979106
5.526000,X_return,5.567722,-0.237263,-18.963547,18.726284
5.527000,X_return,5.562262,0.467665,-18.963547,19.431212
5.528000,X_return,5.556802,1.172593,-18.963547,20.136140
5.529000,X_return,5.551342,1.877522,-18.963547,20.841068
5.530000,X_return,5.545882,2.582450,-18.963547,21.545997
5.531000,X_return,5.540422,3.287378,-18.963547,22.250925
5.532000,X_return,5.534962,3.992306,-18.963547,22.955853
5.533000,X_return,5.529502,4.559829,-18.963547,23.523376
5.534000,X_return,5.524042,4.122652,-18.963547,23.086199
5.535000,X_return,5.518582,3.685476,-18.963547,22.649023
5.536000,X_return,5.513122,3.248300,-18.963547,22.211847
5.537000,X_return,5.507662,2.811124,-18.963547,21.774671
5.538000,X_return,5.502202,2.373947,-18.963547,21.337494
5.539000,X_return,5.496742,1.936771,-18.963547,20.900318
5.540000,X_return,5.491282,1.499595,-18.963547,20.463142
5.541000,X_return,5.485822,1.248950,-18.963547,20.212497
5.542000,X_return,5.480362,1.143838,-18.963547,20.107385
5.543000,X_return,5.474902,1.038727,-18.963547,20.002274
5.544000,X_return,5.469442,0.933616,-18.963547,19.897163
5.545000,X_return,5.463982,0.828504,-18.963547,19.792051
5.546000,X_return,5.458522,0.723393,-18.963547,19.686940
5.547000,X_return,5.453062,0.618282,-18.963547,19.581828
5.548000,X_return,5.447602,0.514668,-18.963547,19.478215
5.549000,X_return,5.442142,0.884862,-18.963547,19.848409
5.550000,X_return,5.436682,1.255056,-18.963547,20.218603
5.551000,X_return,5.431222,1.625250,-18.963547,20.588796
5.552000,X_return,5.425762,1.995443,-18.963547,20.958990
5.553000,X_return,5.420302,2.365637,-18.963547,21.329184
5.554000,X_return,5.414842,2.735831,-18.963547,21.699378
5.555000,X_return,5.409382,3.106025,-18.963547,22.069572
5.556000,X_return,5.403922,3.347799,-18.963547,22.311346
5.557000,X_return,5.398462,3.429133,-18.963547,22.392680
5.558000,X_return,5.393002,3.510466,-18.963547,22.474013
5.559000,X_return,5.387542,3.591799,-18.963547,22.555346
5.560000,X_return,5.382082,3.673133,-18.963547,22.636680
5.561000,X_return,5.376622,3.754466,-18.963547,22.718013
5.562000,X_return,5.371162,3.835800,-18.963547,22.799346
5.563000,X_return,5.365702,3.917133,-18.963547,22.880680
5.564000,X_return,5.360242,3.498568,-18.963547,22.462115
5.565000,X_return,5.354782,3.015677,-18.963547,21.979224
5.566000,X_return,5.349322,2.532787,-18.963547,21.496334
5.567000,X_return,5.343862,2.049897,-18.963547,21.013444
5.568000,X_return,5.338402,1.567007,-18.963547,20.530554
5.569000,X_return,5.332942,1.084117,-18.963547,20.047663
5.570000,X_return,5.327482,0.601226,-18.963547,19.564773
5.571000,X_return,5.322022,0.084745,-18.963547,19.048292
5.572000,X_return,5.316562,-0.500740,-18.963547,18.462806
5.573000,X_return,5.311102,-1.086226,-18.963547,17.877321
5.574000,X_return,5.305642,-1.671711,-18.963547,17.291836
5.575000,X_return,5.300182,-2.257197,-18.963547,16.706350
5.576000,X_return,5.294722,-2.842682,-18.963547,16.120865
5.577000,X_return,5.289262,-3.428167,-18.963547,15.535380
5.578000,X_return,5.283802,-4.013653,-18.963547,14.949894
5.579000,X_return,5.278342,-4.579286,-18.963547,14.384260
5.580000,X_return,5.272882,-5.138952,-18.963547,13.824595
5.581000,X_return,5.267422,-5.698617,-18.963547,13.264930
5.582000,X_return,5.261962,-6.258282,-18.963547,12.705265
5.583000,X_return,5.256502,-6.817947,-18.963547,12.145600
5.584000,X_return,5.251042,-7.377612,-18.963547,11.585934
5.585000,X_return,5.245582,-7.937278,-18.963547,11.026269
5.586000,X_return,5.240122,-8.486737,-18.963547,10.476810
5.587000,X_return,5.234662,-8.997862,-18.963547,9.965685
5.588000,X_return,5.229202,-9.508987,-18.963547,9.454560
5.589000,X_return,5.223742,-10.020111,-18.963547,8.943435
5.590000,X_return,5.218282,-10.531236,-18.963547,8.432311
5.591000,X_return,5.212822,-11.042361,-18.963547,7.921186
5.592000,X_return,5.207362,-11.553486,-18.963547,7.410061
5.593000,X_return,5.201902,-12.064611,-18.963547,6.898936
5.594000,X_return,5.196442,-12.868296,-18.963547,6.095251
5.595000,X_return,5.190982,-13.828355,-18.963547,5.135192
5.596000,X_return,5.185522,-14.788413,-18.963547,4.175134
5.597000,X_return,5.180062,-15.748472,-18.963547,3.215075
5.598000,X_return,5.174602,-16.708530,-18.963547,2.255017
5.599000,X_return,5.169142,-17.668589,-18.963547,1.294958
5.600000,X_return,5.163682,-18.628647,-18.963547,0.334900
5.601000,X_return,5.158222,-19.502215,-18.963547,-0.538668
5.602000,X_return,5.152762,-19.533262,-18.963547,-0.569716
5.603000,X_return,5.147302,-19.564310,-18.963547,-0.600763
5.604000,X_return,5.141842,-19.595357,-18.963547,-0.631810
5.605000,X_return,5.136382,-19.626405,-18.963547,-0.662858
5.606000,X_return,5.130922,-19.657452,-18.963547,-0.693905
5.607000,X_return,5.125462,-19.688499,-18.963547,-0.724952
5.608000,X_return,5.120002,-19.719547,-18.963547,-0.756000
5.609000,X_return,5.116001,-19.687856,-18.963547,-0.724309
5.610000,X_return,5.113271,-19.601531,-18.963547,-0.637984
5.611000,X_return,5.110541,-19.515206,-18.963547,-0.551659
5.612000,X_return,5.107811,-19.428881,-18.963547,-0.465335
5.613000,X_return,5.105081,-19.342557,-18.963547,-0.379010
5.614000,X_return,5.102351,-19.256232,-18.963547,-0.292685
5.615000,X_return,5.099621,-19.169907,-18.963547,-0.206360
5.616000,X_return,5.096891,-19.083582,-18.963547,-0.120035
5.617000,X_return,5.094161,-18.997257,-18.963547,-0.033710
5.618000,X_return,5.091431,-18.910932,-18.963547,0.052615
5.619000,X_return,5.088701,-18.824607,-18.963547,0.138939
5.620000,X_return,5.085971,-18.738283,-18.963547,0.225264
5.621000,X_return,5.083241,-18.651958,-18.963547,0.311589
5.622000,X_return,5.080511,-18.565633,-18.963547,0.397914
5.623000,X_return,5.077781,-18.479308,-18.963547,0.484239
5.624000,X_return,5.073912,-18.162371,-18.963547,0.801175
5.625000,X_return,5.068452,-17.523502,-18.963547,1.440045
5.626000,X_return,5.062992,-16.884633,-18.963547,2.078914
5.627000,X_return,5.057532,-16.245763,-18.963547,2.717784
5.628000,X_return,5.052072,-15.606894,-18.963547,3.356653
5.629000,X_return,5.046612,-14.968024,-18.963547,3.995522
5.630000,X_return,5.041152,-14.329155,-18.963547,4.634392
5.631000,X_return,5.035692,-13.690286,-18.963547,5.273261
5.632000,X_return,5.030232,-13.357525,-18.963547,5.606022
5.633000,X_return,5.024772,-13.075099,-18.963547,5.888448
5.634000,X_return,5.019312,-12.792673,-18.963547,6.170874
5.635000,X_return,5.013852,-12.510247,-18.963547,6.453300
5.636000,X_return,5.008392,-12.227822,-18.963547,6.735725
5.637000,X_return,5.002932,-11.945396,-18.963547,7.018151
5.638000,X_return,4.997472,-11.662970,-18.963547,7.300577
5.639000,X_return,4.992012,-11.262809,-18.963547,7.700738
5.640000,X_return,4.986552,-10.588202,-18.963547,8.375345
5.641000,X_return,4.981092,-9.913594,-18.963547,9.049952
5.642000,X_return,4.975632,-9.238987,-18.963547,9.724560
5.643000,X_return,4.970172,-8.564380,-18.963547,10.399167
5.644000,X_return,4.964712,-7.889772,-18.963547,11.073775
5.645000,X_return,4.959252,-7.215165,-18.963547,11.748382
5.646000,X_return,4.953792,-6.540557,-18.963547,12.422989
5.647000,X_return,4.948332,-5.205671,-18.963547,13.757876
5.648000,X_return,4.942872,-3.640752,-18.963547,15.322795
5.649000,X_return,4.937412,-2.075833,-18.963547,16.887714
5.650000,X_return,4.931952,-0.510914,-18.963547,18.452632
5.651000,X_return,4.926492,1.054005,-18.963547,20.017551
5.652000,X_return,4.921032,2.618923,-18.963547,21.582470
5.653000,X_return,4.915572,4.183842,-18.963547,23.147389
5.654000,X_return,4.910112,5.652821,-18.963547,24.616368
5.655000,X_return,4.904652,6.693612,-18.963547,25.657159
5.656000,X_return,4.899192,7.734403,-18.963547,26.697950
5.657000,X_return,4.893732,8.775194,-18.963547,27.738741
5.658000,X_return,4.888272,9.815985,-18.963547,28.779532
5.659000,X_return,4.882812,10.856776,-18.963547,29.820323
5.660000,X_return,4.877352,11.897567,-18.963547,30.861114
5.661000,X_return,4.871892,12.938358,-18.963547,31.901905
5.662000,X_return,4.866432,13.294780,-18.963547,32.258327
5.663000,X_return,4.860972,13.239651,-18.963547,32.203198
5.664000,X_return,4.855512,13.184521,-18.963547,32.148068
5.665000,X_return,4.850052,13.129392,-18.963547,32.092939
5.666000,X_return,4.844592,13.074262,-18.963547,32.037809
5.667000,X_return,4.839132,13.019133,-18.963547,31.982680
5.668000,X_return,4.833672,12.964003,-18.963547,31.927550
5.669000,X_return,4.828212,12.919721,-18.963547,31.883267
5.670000,X_return,4.822752,13.029209,-18.963547,31.992756
5.671000,X_return,4.817292,13.138697,-18.963547,32.102244
5.672000,X_return,4.811832,13.248186,-18.963547,32.211733
5.673000,X_return,4.806372,13.357674,-18.963547,32.321221
5.674000,X_return,4.800912,13.467162,-18.963547,32.430709
5.675000,X_return,4.795452,13.576651,-18.963547,32.540198
5.676000,X_return,4.789992,13.686139,-18.963547,32.649686
5.677000,X_return,4.784532,13.938597,-18.963547,32.902143
5.678000,X_return,4.779072,14.329902,-18.963547,33.293449
5.679000,X_return,4.773612,14.721207,-18.963547,33.684754
5.680000,X_return,4.768152,15.112513,-18.963547,34.076060
5.681000,X_return,4.762692,15.503818,-18.963547,34.467365
5.682000,X_return,4.757232,15.895124,-18.963547,34.858670
5.683000,X_return,4.751772,16.286429,-18.963547,35.249976
5.684000,X_return,4.746312,16.677734,-18.963547,35.641281
5.685000,X_return,4.740852,16.501815,-18.963547,35.465362
5.686000,X_return,4.735392,16.295244,-18.963547,35.258791
5.687000,X_return,4.729932,16.088673,-18.963547,35.052220
5.688000,X_return,4.724472,15.882102,-18.963547,34.845649
5.689000,X_return,4.719012,15.675531,-18.963547,34.639078
5.690000,X_return,4.713552,15.468960,-18.963547,34.432507
5.691000,X_return,4.708092,15.262389,-18.963547,34.225936
5.692000,X_return,4.702632,14.441901,-18.963547,33.405448
5.693000,X_return,4.697172,12.661807,-18.963547,31.625354
5.694000,X_return,4.691712,10.881713,-18.963547,29.845260
5.695000,X_return,4.686252,9.101619,-18.963547,28.065165
5.696000,X_return,4.680792,7.321524,-18.963547,26.285071
5.697000,X_return,4.675332,5.541430,-18.963547,24.504977
5.698000,X_return,4.669872,3.761336,-18.963547,22.724883
5.699000,X_return,4.664412,1.981242,-18.963547,20.944789
5.700000,X_return,4.658952,1.365900,-18.963547,20.329447
5.701000,X_return,4.653492,0.986464,-18.963547,19.950011
5.702000,X_return,4.648032,0.607028,-18.963547,19.570575
5.703000,X_return,4.642572,0.227592,-18.963547,19.191139
5.704000,X_return,4.637112,-0.151844,-18.963547,18.811703
5.705000,X_return,4.631652,-0.531280,-18.963547,18.432267
5.706000,X_return,4.626192,-0.910716,-18.963547,18.052831
5.707000,X_return,4.620732,-1.036554,-18.963547,17.926993
5.708000,X_return,4.615272,-0.487047,-18.963547,18.476500
5.709000,X_return,4.609812,0.062459,-18.963547,19.026006
5.710000,X_return,4.604352,0.611966,-18.963547,19.575513
5.711000,X_return,4.598892,1.161473,-18.963547,20.125019
5.712000,X_return,4.593432,1.710979,-18.963547,20.674526
5.713000,X_return,4.587972,2.260486,-18.963547,21.224033
5.714000,X_return,4.582512,2.809992,-18.963547,21.773539
5.715000,X_return,4.577052,3.181417,-18.963547,22.144964
5.716000,X_return,4.571592,3.481655,-18.963547,22.445202
5.717000,X_return,4.566132,3.781893,-18.963547,22.745440
5.718000,X_return,4.560672,4.082131,-18.963547,23.045677
5.719000,X_return,4.555212,4.382368,-18.963547,23.345915
5.720000,X_return,4.549752,4.682606,-18.963547,23.646153
5.721000,X_return,4.544292,4.982844,-18.963547,23.946391
5.722000,X_return,4.538832,5.042685,-18.963547,24.006232
5.723000,X_return,4.533372,3.800324,-18.963547,22.763871
5.724000,X_return,4.527912,2.557963,-18.963547,21.521510
5.725000,X_return,4.522452,1.315601,-18.963547,20.279148
5.726000,X_return,4.516992,0.073240,-18.963547,19.036787
5.727000,X_return,4.511532,-1.169121,-18.963547,17.794425
5.728000,X_return,4.506072,-2.411483,-18.963547,16.552064
5.729000,X_return,4.500612,-3.653844,-18.963547,15.309703
5.730000,X_return,4.495152,-4.409860,-18.963547,14.553687
5.731000,X_return,4.489692,-4.837925,-18.963547,14.125622
5.732000,X_return,4.484232,-5.265991,-18.963547,13.697556
5.733000,X_return,4.478772,-5.694057,-18.963547,13.269490
5.734000,X_return,4.473312,-6.122123,-18.963547,12.841424
5.735000,X_return,4.467852,-6.550189,-18.963547,12.413358
5.736000,X_return,4.462392,-6.978255,-18.963547,11.985292
5.737000,X_return,4.456932,-7.398648,-18.963547,11.564898
5.738000,X_return,4.451472,-7.628376,-18.963547,11.335171
5.739000,X_return,4.446012,-7.858104,-18.963547,11.105443
5.740000,X_return,4.440552,-8.087832,-18.963547,10.875715
5.741000,X_return,4.435092,-8.317560,-18.963547,10.645987
5.742000,X_return,4.429632,-8.547288,-18.963547,10.416259
5.743000,X_return,4.424172,-8.777016,-18.963547,10.186531
5.744000,X_return,4.418712,-9.006744,-18.963547,9.956803
5.745000,X_return,4.413252,-9.288803,-18.963547,9.674744
5.746000,X_return,4.407792,-9.627530,-18.963547,9.336016
5.747000,X_return,4.402332,-9.966258,-18.963547,8.997289
5.748000,X_return,4.396872,-10.304986,-18.963547,8.658561
5.749000,X_return,4.391412,-10.643714,-18.963547,8.319833
5.750000,X_return,4.385952,-10.982442,-18.963547,7.981105
5.751000,X_return,4.380492,-11.321170,-18.963547,7.642377
5.752000,X_return,4.375032,-11.659898,-18.963547,7.303649
5.753000,X_return,4.369572,-12.627421,-18.963547,6.336126
5.754000,X_return,4.364112,-13.648492,-18.963547,5.315055
5.755000,X_return,4.358652,-14.669564,-18.963547,4.293983
5.756000,X_return,4.353192,-15.690635,-18.963547,3.272912
5.757000,X_return,4.347732,-16.711706,-18.963547,2.251841
5.758000,X_return,4.342272,-17.732777,-18.963547,1.230770
5.759000,X_return,4.336812,-18.753849,-18.963547,0.209698
5.760000,X_return,4.331352,-19.559024,-18.963547,-0.595477
5.761000,X_return,4.325892,-19.985250,-18.963547,-1.021703
5.762000,X_return,4.320432,-20.411476,-18.963547,-1.447929
5.763000,X_return,4.314972,-20.837702,-18.963547,-1.874155
5.764000,X_return,4.309512,-21.263928,-18.963547,-2.300381
5.765000,X_return,4.304052,-21.690153,-18.963547,-2.726607
5.766000,X_return,4.298592,-22.116379,-18.963547,-3.152833
5.767000,X_return,4.293132,-22.542605,-18.963547,-3.579058
5.768000,X_return,4.287672,-22.379660,-18.963547,-3.416113
5.769000,X_return,4.282212,-22.073419,-18.963547,-3.109872
5.770000,X_return,4.276752,-21.767178,-18.963547,-2.803631
5.771000,X_return,4.271292,-21.460937,-18.963547,-2.497390
5.772000,X_return,4.265832,-21.154696,-18.963547,-2.191149
5.773000,X_return,4.260372,-20.848455,-18.963547,-1.884908
5.774000,X_return,4.254912,-20.542214,-18.963547,-1.578667
5.775000,X_return,4.249452,-20.120071,-18.963547,-1.156524
5.776000,X_return,4.243992,-19.342275,-18.963547,-0.378728
5.777000,X_return,4.238532,-18.564479,-18.963547,0.399068
5.778000,X_return,4.233072,-17.786683,-18.963547,1.176864
5.779000,X_return,4.227612,-17.008887,-18.963547,1.954660
5.780000,X_return,4.222152,-16.231091,-18.963547,2.732456
5.781000,X_return,4.216692,-15.453295,-18.963547,3.510251
5.782000,X_return,4.211232,-14.675500,-18.963547,4.288047
5.783000,X_return,4.205772,-14.651498,-18.963547,4.312049
5.784000,X_return,4.200312,-14.970595,-18.963547,3.992952
5.785000,X_return,4.194852,-15.289692,-18.963547,3.673854
5.786000,X_return,4.189392,-15.608790,-18.963547,3.354757
5.787000,X_return,4.183932,-15.927887,-18.963547,3.035660
5.788000,X_return,4.178472,-16.246984,-18.963547,2.716562
5.789000,X_return,4.173012,-16.566082,-18.963547,2.397465
5.790000,X_return,4.167552,-16.843127,-18.963547,2.120420
5.791000,X_return,4.162092,-16.835298,-18.963547,2.128249
5.792000,X_return,4.156632,-16.827470,-18.963547,2.136077
5.793000,X_return,4.151172,-16.819641,-18.963547,2.143906
5.794000,X_return,4.145712,-16.811813,-18.963547,2.151734
5.795000,X_return,4.140252,-16.803984,-18.963547,2.159563
5.796000,X_return,4.134792,-16.796156,-18.963547,2.167391
5.797000,X_return,4.129332,-16.788327,-18.963547,2.175220
5.798000,X_return,4.123872,-16.393250,-18.963547,2.570297
5.799000,X_return,4.118412,-15.706098,-18.963547,3.257449
5.800000,X_return,4.112952,-15.018946,-18.963547,3.944601
5.801000,X_return,4.107492,-14.331794,-18.963547,4.631753
5.802000,X_return,4.102032,-13.644642,-18.963547,5.318905
5.803000,X_return,4.096572,-12.957490,-18.963547,6.006057
5.804000,X_return,4.091112,-12.270338,-18.963547,6.693209
5.805000,X_return,4.085652,-11.586206,-18.963547,7.377341
5.806000,X_return,4.080192,-11.162334,-18.963547,7.801213
5.807000,X_return,4.074732,-10.738462,-18.963547,8.225084
5.808000,X_return,4.069272,-10.314591,-18.963547,8.648956
5.809000,X_return,4.063812,-9.890719,-18.963547,9.072828
5.810000,X_return,4.058352,-9.466847,-18.963547,9.496700
5.811000,X_return,4.052892,-9.042976,-18.963547,9.920571
5.812000,X_return,4.047432,-8.619104,-18.963547,10.344443
5.813000,X_return,4.041972,-8.768990,-18.963547,10.194556
5.814000,X_return,4.036512,-9.611992,-18.963547,9.351555
5.815000,X_return,4.031052,-10.454994,-18.963547,8.508553
5.816000,X_return,4.025592,-11.297996,-18.963547,7.665551
5.817000,X_return,4.020132,-12.140998,-18.963547,6.822549
5.818000,X_return,4.014672,-12.984000,-18.963547,5.979547
5.819000,X_return,4.009212,-13.827001,-18.963547,5.136546
5.820000,X_return,4.003752,-14.670003,-18.963547,4.293544
5.821000,X_return,3.998292,-15.089087,-18.963547,3.874460
5.822000,X_return,3.992832,-15.458073,-18.963547,3.505474
5.823000,X_return,3.987372,-15.827060,-18.963547,3.136487
5.824000,X_return,3.981912,-16.196047,-18.963547,2.767500
5.825000,X_return,3.976452,-16.565034,-18.963547,2.398513
5.826000,X_return,3.970992,-16.934020,-18.963547,2.029527
5.827000,X_return,3.965532,-17.303007,-18.963547,1.660540
5.828000,X_return,3.960072,-17.137706,-18.963547,1.825841
5.829000,X_return,3.954612,-15.915297,-18.963547,3.048250
5.830000,X_return,3.949152,-14.692888,-18.963547,4.270659
5.831000,X_return,3.943692,-13.470479,-18.963547,5.493068
5.832000,X_return,3.938232,-12.248070,-18.963547,6.715477
5.833000,X_return,3.932772,-11.025661,-18.963547,7.937886
5.834000,X_return,3.927312,-9.803252,-18.963547,9.160295
5.835000,X_return,3.921852,-8.580843,-18.963547,10.382704
5.836000,X_return,3.916392,-8.614696,-18.963547,10.348851
5.837000,X_return,3.910932,-9.008772,-18.963547,9.954774
5.838000,X_return,3.905472,-9.402849,-18.963547,9.560698
5.839000,X_return,3.900012,-9.796925,-18.963547,9.166622
5.840000,X_return,3.894552,-10.191002,-18.963547,8.772545
5.841000,X_return,3.889092,-10.585078,-18.963547,8.378469
5.842000,X_return,3.883632,-10.979154,-18.963547,7.984393
5.843000,X_return,3.878172,-11.435768,-18.963547,7.527779
5.844000,X_return,3.872712,-12.115956,-18.963547,6.847591
5.845000,X_return,3.867252,-12.796144,-18.963547,6.167403
5.846000,X_return,3.861792,-13.476332,-18.963547,5.487215
5.847000,X_return,3.856332,-14.156519,-18.963547,4.807027
5.848000,X_return,3.850872,-14.836707,-18.963547,4.126840
5.849000,X_return,3.845412,-15.516895,-18.963547,3.446652
5.850000,X_return,3.839952,-16.197083,-18.963547,2.766464
5.851000,X_return,3.834492,-16.050276,-18.963547,2.913271
5.852000,X_return,3.829032,-15.477440,-18.963547,3.486107
5.853000,X_return,3.823572,-14.904603,-18.963547,4.058943
5.854000,X_return,3.818112,-14.331767,-18.963547,4.631780
5.855000,X_return,3.812652,-13.758931,-18.963547,5.204616
5.856000,X_return,3.807192,-13.186094,-18.963547,5.777452
5.857000,X_return,3.801732,-12.613258,-18.963547,6.350289
5.858000,X_return,3.796272,-12.045694,-18.963547,6.917853
5.859000,X_return,3.790812,-11.524845,-18.963547,7.438702
5.860000,X_return,3.785352,-11.003996,-18.963547,7.959551
5.861000,X_return,3.779892,-10.483147,-18.963547,8.480400
5.862000,X_return,3.774432,-9.962298,-18.963547,9.001249
5.863000,X_return,3.768972,-9.441448,-18.963547,9.522098
5.864000,X_return,3.763512,-8.920599,-18.963547,10.042948
5.865000,X_return,3.758052,-8.399750,-18.963547,10.563797
5.866000,X_return,3.752592,-9.000998,-18.963547,9.962549
5.867000,X_return,3.747132,-10.547229,-18.963547,8.416318
5.868000,X_return,3.741672,-12.093460,-18.963547,6.870087
5.869000,X_return,3.736212,-13.639692,-18.963547,5.323855
5.870000,X_return,3.730752,-15.185923,-18.963547,3.777624
5.871000,X_return,3.725292,-16.732154,-18.963547,2.231393
5.872000,X_return,3.719832,-18.278386,-18.963547,0.685161
5.873000,X_return,3.714372,-19.824617,-18.963547,-0.861070
5.874000,X_return,3.708912,-20.789746,-18.963547,-1.826199
5.875000,X_return,3.703452,-21.745583,-18.963547,-2.782036
5.876000,X_return,3.697992,-22.701420,-18.963547,-3.737873
5.877000,X_return,3.692532,-23.657258,-18.963547,-4.693711
5.878000,X_return,3.687072,-24.613095,-18.963547,-5.649548
5.879000,X_return,3.681612,-25.568932,-18.963547,-6.605385
5.880000,X_return,3.676152,-26.524770,-18.963547,-7.561223
5.881000,X_return,3.670692,-26.886186,-18.963547,-7.922639
5.882000,X_return,3.665232,-26.445632,-18.963547,-7.482085
5.883000,X_return,3.659772,-26.005078,-18.963547,-7.041531
5.884000,X_return,3.654312,-25.564523,-18.963547,-6.600977
5.885000,X_return,3.648852,-25.123969,-18.963547,-6.160422
5.886000,X_return,3.643392,-24.683415,-18.963547,-5.719868
5.887000,X_return,3.637932,-24.242861,-18.963547,-5.279314
5.888000,X_return,3.632472,-23.802307,-18.963547,-4.838760
5.889000,X_return,3.627012,-24.690350,-18.963547,-5.726803
5.890000,X_return,3.621552,-25.782018,-18.963547,-6.818471
5.891000,X_return,3.616092,-26.873686,-18.963547,-7.910139
5.892000,X_return,3.610632,-27.965355,-18.963547,-9.001808
5.893000,X_return,3.605172,-29.057023,-18.963547,-10.093476
5.894000,X_return,3.599712,-30.148691,-18.963547,-11.185144
5.895000,X_return,3.594252,-31.240359,-18.963547,-12.276812
5.896000,X_return,3.588792,-32.220519,-18.963547,-13.256972
5.897000,X_return,3.583332,-32.950766,-18.963547,-13.987219
5.898000,X_return,3.577872,-33.681012,-18.963547,-14.717465
5.899000,X_return,3.572412,-34.411259,-18.963547,-15.447712
5.900000,X_return,3.566952,-35.141506,-18.963547,-16.177959
5.901000,X_return,3.561492,-35.871752,-18.963547,-16.908205
5.902000,X_return,3.556032,-36.601999,-18.963547,-17.638452
5.903000,X_return,3.550572,-37.332245,-18.963547,-18.368698
5.904000,X_return,3.545112,-36.844417,-18.963547,-17.880870
5.905000,X_return,3.539652,-35.950449,-18.963547,-16.986902
5.906000,X_return,3.534192,-35.056482,-18.963547,-16.092935
5.907000,X_return,3.528732,-34.162514,-18.963547,-15.198967
5.908000,X_return,3.523272,-33.268547,-18.963547,-14.305000
5.909000,X_return,3.517812,-32.374579,-18.963547,-13.411032
5.910000,X_return,3.512352,-31.480611,-18.963547,-12.517064
5.911000,X_return,3.506892,-30.367767,-18.963547,-11.404220
5.912000,X_return,3.501432,-28.330056,-18.963547,-9.366509
5.913000,X_return,3.495972,-26.292344,-18.963547,-7.328797
5.914000,X_return,3.490512,-24.254632,-18.963547,-5.291086
5.915000,X_return,3.485052,-22.216921,-18.963547,-3.253374
5.916000,X_return,3.479592,-20.179209,-18.963547,-1.215662
5.917000,X_return,3.474132,-18.141498,-18.963547,0.822049
5.918000,X_return,3.468672,-16.103786,-18.963547,2.859761
5.919000,X_return,3.463212,-15.040205,-18.963547,3.923342
5.920000,X_return,3.457752,-14.541915,-18.963547,4.421631
5.921000,X_return,3.452292,-14.043626,-18.963547,4.919921
5.922000,X_return,3.446832,-13.545337,-18.963547,5.418210
5.923000,X_return,3.441372,-13.047047,-18.963547,5.916500
5.924000,X_return,3.435912,-12.548758,-18.963547,6.414789
5.925000,X_return,3.430452,-12.050468,-18.963547,6.913079
5.926000,X_return,3.425194,-11.507594,-18.963547,7.455953
5.927000,X_return,3.422464,-10.408516,-18.963547,8.555031
5.928000,X_return,3.419734,-9.309439,-18.963547,9.654108
5.929000,X_return,3.417004,-8.210361,-18.963547,10.753186
5.930000,X_return,3.414274,-7.111284,-18.963547,11.852263
5.931000,X_return,3.411544,-6.012206,-18.963547,12.951341
5.932000,X_return,3.408814,-4.913128,-18.963547,14.050418
5.933000,X_return,3.406084,-3.814051,-18.963547,15.149496
5.934000,X_return,3.403354,-2.714973,-18.963547,16.248574
5.935000,X_return,3.400624,-1.615896,-18.963547,17.347651
5.936000,X_return,3.397894,-0.516818,-18.963547,18.446729
5.937000,X_return,3.395164,0.582260,-18.963547,19.545806
5.938000,X_return,3.392434,1.681337,-18.963547,20.644884
5.939000,X_return,3.389704,2.780415,-18.963547,21.743962
5.940000,X_return,3.386974,3.879492,-18.963547,22.843039
5.941000,X_return,3.384244,4.978570,-18.963547,23.942117
5.942000,X_return,3.378901,5.408323,-18.963547,24.371870
5.943000,X_return,3.373441,5.808042,-18.963547,24.771588
5.944000,X_return,3.367981,6.207760,-18.963547,25.171307
5.945000,X_return,3.362521,6.607478,-18.963547,25.571025
5.946000,X_return,3.357061,7.007196,-18.963547,25.970743
5.947000,X_return,3.351601,7.406914,-18.963547,26.370461
5.948000,X_return,3.346141,7.806633,-18.963547,26.770179
5.949000,X_return,3.340681,7.517285,-18.963547,26.480832
5.950000,X_return,3.335221,6.187744,-18.963547,25.151291
5.951000,X_return,3.329761,4.858203,-18.963547,23.821750
5.952000,X_return,3.324301,3.528662,-18.963547,22.492209
5.953000,X_return,3.318841,2.199121,-18.963547,21.162668
5.954000,X_return,3.313381,0.869580,-18.963547,19.833127
5.955000,X_return,3.307921,-0.459961,-18.963547,18.503586
5.956000,X_return,3.302461,-1.789502,-18.963547,17.174045
5.957000,X_return,3.297001,-2.159133,-18.963547,16.804414
5.958000,X_return,3.291541,-2.345781,-18.963547,16.617766
5.959000,X_return,3.286081,-2.532429,-18.963547,16.431118
5.960000,X_return,3.280621,-2.719077,-18.963547,16.244470
5.961000,X_return,3.275161,-2.905725,-18.963547,16.057822
5.962000,X_return,3.269701,-3.092373,-18.963547,15.871174
5.963000,X_return,3.264241,-3.279021,-18.963547,15.684525
5.964000,X_return,3.258781,-3.330620,-18.963547,15.632927
5.965000,X_return,3.253321,-3.037204,-18.963547,15.926343
5.966000,X_return,3.247861,-2.743788,-18.963547,16.219759
5.967000,X_return,3.242401,-2.450372,-18.963547,16.513175
5.968000,X_return,3.236941,-2.156956,-18.963547,16.806590
5.969000,X_return,3.231481,-1.863541,-18.963547,17.100006
5.970000,X_return,3.226021,-1.570125,-18.963547,17.393422
5.971000,X_return,3.220561,-1.276709,-18.963547,17.686838
5.972000,X_return,3.215101,-1.494595,-18.963547,17.468952
5.973000,X_return,3.209641,-1.908629,-18.963547,17.054918
5.974000,X_return,3.204181,-2.322664,-18.963547,16.640883
5.975000,X_return,3.198721,-2.736698,-18.963547,16.226849
5.976000,X_return,3.193261,-3.150733,-18.963547,15.812814
5.977000,X_return,3.187801,-3.564767,-18.963547,15.398779
5.978000,X_return,3.182341,-3.978802,-18.963547,14.984745
5.979000,X_return,3.176881,-4.383487,-18.963547,14.580060
5.980000,X_return,3.171421,-4.740568,-18.963547,14.222979
5.981000,X_return,3.165961,-5.097649,-18.963547,13.865898
5.982000,X_return,3.160501,-5.454730,-18.963547,13.508817
5.983000,X_return,3.155041,-5.811811,-18.963547,13.151736
5.984000,X_return,3.149581,-6.168892,-18.963547,12.794655
5.985000,X_return,3.144121,-6.525973,-18.963547,12.437574
5.986000,X_return,3.138661,-6.883054,-18.963547,12.080493
5.987000,X_return,3.133201,-7.439675,-18.963547,11.523872
5.988000,X_return,3.127741,-8.126259,-18.963547,10.837288
5.989000,X_return,3.122281,-8.812842,-18.963547,10.150705
5.990000,X_return,3.116821,-9.499426,-18.963547,9.464121
5.991000,X_return,3.111361,-10.186009,-18.963547,8.777538
5.992000,X_return,3.105901,-10.872593,-18.963547,8.090954
5.993000,X_return,3.100441,-11.559176,-18.963547,7.404371
5.994000,X_return,3.094981,-12.212299,-18.963547,6.751248
5.995000,X_return,3.089521,-12.186979,-18.963547,6.776568
5.996000,X_return,3.084061,-12.161658,-18.963547,6.801889
5.997000,X_return,3.078601,-12.136338,-18.963547,6.827209
5.998000,X_return,3.073141,-12.111017,-18.963547,6.852530
5.999000,X_return,3.067681,-12.085696,-18.963547,6.877851
6.000000,X_return,3.062221,-12.060376,-18.963547,6.903171
6.001000,X_return,3.056761,-12.035055,-18.963547,6.928492
6.002000,X_return,3.051301,-12.069644,-18.963547,6.893902
6.003000,X_return,3.045841,-12.166984,-18.963547,6.796563
6.004000,X_return,3.040381,-12.264323,-18.963547,6.699224
6.005000,X_return,3.034921,-12.361662,-18.963547,6.601885
6.006000,X_return,3.029461,-12.459002,-18.963547,6.504545
6.007000,X_return,3.024001,-12.556341,-18.963547,6.407206
6.008000,X_return,3.018541,-12.653680,-18.963547,6.309867
6.009000,X_return,3.013081,-12.751019,-18.963547,6.212527
6.010000,X_return,3.007621,-12.760720,-18.963547,6.202827
6.011000,X_return,3.002161,-12.763808,-18.963547,6.199739
6.012000,X_return,2.996701,-12.766896,-18.963547,6.196651
6.013000,X_return,2.991241,-12.769984,-18.963547,6.193563
6.014000,X_return,2.985781,-12.773072,-18.963547,6.190474
6.015000,X_return,2.980321,-12.776161,-18.963547,6.187386
6.016000,X_return,2.974861,-12.779249,-18.963547,6.184298
6.017000,X_return,2.969401,-13.035392,-18.963547,5.928155
6.018000,X_return,2.963941,-13.720082,-18.963547,5.243465
6.019000,X_return,2.958481,-14.404772,-18.963547,4.558775
6.020000,X_return,2.953021,-15.089462,-18.963547,3.874085
6.021000,X_return,2.947561,-15.774152,-18.963547,3.189395
6.022000,X_return,2.942101,-16.458842,-18.963547,2.504705
6.023000,X_return,2.936641,-17.143532,-18.963547,1.820015
6.024000,X_return,2.931181,-17.828222,-18.963547,1.135325
6.025000,X_return,2.925721,-18.302728,-18.963547,0.660819
6.026000,X_return,2.920261,-18.728788,-18.963547,0.234758
6.027000,X_return,2.914801,-19.154849,-18.963547,-0.191302
6.028000,X_return,2.909341,-19.580910,-18.963547,-0.617363
6.029000,X_return,2.903881,-20.006970,-18.963547,-1.043423
6.030000,X_return,2.898421,-20.433031,-18.963547,-1.469484
6.031000,X_return,2.892961,-20.859092,-18.963547,-1.895545
6.032000,X_return,2.888426,-21.302459,-18.963547,-2.338912
6.033000,X_return,2.886606,-21.796626,-18.963547,-2.833079
6.034000,X_return,2.884786,-22.290794,-18.963547,-3.327247
6.035000,X_return,2.882966,-22.784961,-18.963547,-3.821414
6.036000,X_return,2.881146,-23.279129,-18.963547,-4.315582
6.037000,X_return,2.879326,-23.773296,-18.963547,-4.809749
6.038000,X_return,2.877506,-24.267464,-18.963547,-5.303917
6.039000,X_return,2.875686,-24.761631,-18.963547,-5.798084
6.040000,X_return,2.873866,-25.255799,-18.963547,-6.292252
6.041000,X_return,2.872046,-25.749966,-18.963547,-6.786420
6.042000,X_return,2.870226,-26.244134,-18.963547,-7.280587
6.043000,X_return,2.868406,-26.738302,-18.963547,-7.774755
6.044000,X_return,2.866586,-27.232469,-18.963547,-8.268922
6.045000,X_return,2.864766,-27.726637,-18.963547,-8.763090
6.046000,X_return,2.862946,-28.220804,-18.963547,-9.257257
6.047000,X_return,2.861126,-28.714972,-18.963547,-9.751425
6.048000,X_return,2.859306,-29.209139,-18.963547,-10.245592
6.049000,X_return,2.857486,-29.703307,-18.963547,-10.739760
6.050000,X_return,2.855666,-30.197474,-18.963547,-11.233927
6.051000,X_return,2.853846,-30.691642,-18.963547,-11.728095
6.052000,X_return,2.852026,-31.185809,-18.963547,-12.222262
6.053000,X_return,2.850206,-31.679977,-18.963547,-12.716430
6.054000,X_return,2.848386,-32.174144,-18.963547,-13.210597
6.055000,X_return,2.844461,-32.319611,-18.963547,-13.356064
6.056000,X_return,2.839001,-32.210877,-18.963547,-13.247330
6.057000,X_return,2.833541,-32.102142,-18.963547,-13.138595
6.058000,X_return,2.828081,-31.993408,-18.963547,-13.029861
6.059000,X_return,2.822621,-31.884673,-18.963547,-12.921126
6.060000,X_return,2.817161,-31.775939,-18.963547,-12.812392
6.061000,X_return,2.811701,-31.667204,-18.963547,-12.703657
6.062000,X_return,2.806241,-31.537722,-18.963547,-12.574175
6.063000,X_return,2.800781,-30.380681,-18.963547,-11.417134
6.064000,X_return,2.795321,-29.223640,-18.963547,-10.260093
6.065000,X_return,2.789861,-28.066599,-18.963547,-9.103052
6.066000,X_return,2.784401,-26.909558,-18.963547,-7.946011
6.067000,X_return,2.778941,-25.752517,-18.963547,-6.788970
6.068000,X_return,2.773481,-24.595476,-18.963547,-5.631929
6.069000,X_return,2.768021,-23.438435,-18.963547,-4.474889
6.070000,X_return,2.762561,-22.527759,-18.963547,-3.564212
6.071000,X_return,2.757101,-21.904885,-18.963547,-2.941338
6.072000,X_return,2.751641,-21.282010,-18.963547,-2.318463
6.073000,X_return,2.746181,-20.659136,-18.963547,-1.695589
6.074000,X_return,2.740721,-20.036261,-18.963547,-1.072714
6.075000,X_return,2.735261,-19.413387,-18.963547,-0.449840
6.076000,X_return,2.729801,-18.790512,-18.963547,0.173035
6.077000,X_return,2.724341,-18.167638,-18.963547,0.795909
6.078000,X_return,2.718881,-18.990734,-18.963547,-0.027187
6.079000,X_return,2.713421,-19.969804,-18.963547,-1.006257
6.080000,X_return,2.707961,-20.948875,-18.963547,-1.985328
6.081000,X_return,2.702501,-21.927945,-18.963547,-2.964398
6.082000,X_return,2.697041,-22.907015,-18.963547,-3.943468
6.083000,X_return,2.691581,-23.886086,-18.963547,-4.922539
6.084000,X_return,2.686121,-24.865156,-18.963547,-5.901609
6.085000,X_return,2.680661,-25.515917,-18.963547,-6.552370
6.086000,X_return,2.675201,-25.540755,-18.963547,-6.577208
6.087000,X_return,2.669741,-25.565593,-18.963547,-6.602046
6.088000,X_return,2.664281,-25.590431,-18.963547,-6.626884
6.089000,X_return,2.658821,-25.615269,-18.963547,-6.651722
6.090000,X_return,2.653361,-25.640107,-18.963547,-6.676560
6.091000,X_return,2.647901,-25.664945,-18.963547,-6.701398
6.092000,X_return,2.642441,-25.689783,-18.963547,-6.726236
6.093000,X_return,2.636981,-24.807839,-18.963547,-5.844292
6.094000,X_return,2.631521,-23.678243,-18.963547,-4.714696
6.095000,X_return,2.626061,-22.548646,-18.963547,-3.585099
6.096000,X_return,2.620601,-21.419050,-18.963547,-2.455503
6.097000,X_return,2.615141,-20.289453,-18.963547,-1.325906
6.098000,X_return,2.609681,-19.159857,-18.963547,-0.196310
6.099000,X_return,2.604221,-18.030260,-18.963547,0.933286
6.100000,X_return,2.598761,-17.333057,-18.963547,1.630490
6.101000,X_return,2.593301,-18.109130,-18.963547,0.854417
6.102000,X_return,2.587841,-18.885203,-18.963547,0.078344
6.103000,X_return,2.582381,-19.661276,-18.963547,-0.697729
6.104000,X_return,2.576921,-20.437349,-18.963547,-1.473802
6.105000,X_return,2.571461,-21.213422,-18.963547,-2.249875
6.106000,X_return,2.566001,-21.989494,-18.963547,-3.025948
6.107000,X_return,2.560541,-22.765567,-18.963547,-3.802021
6.108000,X_return,2.555081,-23.767738,-18.963547,-4.804191
6.109000,X_return,2.549621,-24.882119,-18.963547,-5.918572
6.110000,X_return,2.544161,-25.996499,-18.963547,-7.032953
6.111000,X_return,2.538701,-27.110880,-18.963547,-8.147333
6.112000,X_return,2.533241,-28.225261,-18.963547,-9.261714
6.113000,X_return,2.527781,-29.339642,-18.963547,-10.376095
6.114000,X_return,2.522321,-30.454022,-18.963547,-11.490475
6.115000,X_return,2.516861,-31.364154,-18.963547,-12.400607
6.116000,X_return,2.511401,-30.617331,-18.963547,-11.653784
6.117000,X_return,2.505941,-29.870509,-18.963547,-10.906962
6.118000,X_return,2.500481,-29.123686,-18.963547,-10.160139
6.119000,X_return,2.495021,-28.376864,-18.963547,-9.413317
6.120000,X_return,2.489561,-27.630041,-18.963547,-8.666494
6.121000,X_return,2.484101,-26.883219,-18.963547,-7.919672
6.122000,X_return,2.478641,-26.136396,-18.963547,-7.172849
6.123000,X_return,2.473181,-25.075230,-18.963547,-6.111683
6.124000,X_return,2.467721,-23.758077,-18.963547,-4.794530
6.125000,X_return,2.462261,-22.440924,-18.963547,-3.477377
6.126000,X_return,2.456801,-21.123772,-18.963547,-2.160225
6.127000,X_return,2.451341,-19.806619,-18.963547,-0.843072
6.128000,X_return,2.445881,-18.489466,-18.963547,0.474081
6.129000,X_return,2.440421,-17.172313,-18.963547,1.791233
6.130000,X_return,2.434961,-15.855161,-18.963547,3.108386
6.131000,X_return,2.429501,-17.222673,-18.963547,1.740874
6.132000,X_return,2.424041,-18.610247,-18.963547,0.353300
6.133000,X_return,2.418581,-19.997821,-18.963547,-1.034275
6.134000,X_return,2.413121,-21.385395,-18.963547,-2.421849
6.135000,X_return,2.407661,-22.772970,-18.963547,-3.809423
6.136000,X_return,2.402201,-24.160544,-18.963547,-5.196997
6.137000,X_return,2.396741,-25.548118,-18.963547,-6.584571
6.138000,X_return,2.391281,-26.764176,-18.963547,-7.800629
6.139000,X_return,2.385821,-27.756556,-18.963547,-8.793009
6.140000,X_return,2.380361,-28.748936,-18.963547,-9.785389
6.141000,X_return,2.374901,-29.741316,-18.963547,-10.777769
6.142000,X_return,2.369441,-30.733696,-18.963547,-11.770149
6.143000,X_return,2.363981,-31.726076,-18.963547,-12.762529
6.144000,X_return,2.358521,-32.718456,-18.963547,-13.754909
6.145000,X_return,2.353061,-33.710836,-18.963547,-14.747289
6.146000,X_return,2.347601,-33.220516,-18.963547,-14.256970
6.147000,X_return,2.342141,-32.519206,-18.963547,-13.555659
6.148000,X_return,2.336681,-31.817895,-18.963547,-12.854349
6.149000,X_return,2.331221,-31.116585,-18.963547,-12.153038
6.150000,X_return,2.325761,-30.415274,-18.963547,-11.451728
6.151000,X_return,2.320301,-29.713964,-18.963547,-10.750417
6.152000,X_return,2.314841,-29.012653,-18.963547,-10.049106
6.153000,X_return,2.309381,-28.324792,-18.963547,-9.361245
6.154000,X_return,2.303921,-27.665927,-18.963547,-8.702380
6.155000,X_return,2.298461,-27.007062,-18.963547,-8.043515
6.156000,X_return,2.293001,-26.348197,-18.963547,-7.384650
6.157000,X_return,2.287541,-25.689332,-18.963547,-6.725785
6.158000,X_return,2.282081,-25.030467,-18.963547,-6.066921
6.159000,X_return,2.276621,-24.371603,-18.963547,-5.408056
6.160000,X_return,2.271161,-23.712738,-18.963547,-4.749191
6.161000,X_return,2.265701,-24.390528,-18.963547,-5.426981
6.162000,X_return,2.260241,-25.494438,-18.963547,-6.530891
6.163000,X_return,2.254781,-26.598348,-18.963547,-7.634801
6.164000,X_return,2.249321,-27.702258,-18.963547,-8.738711
6.165000,X_return,2.243861,-28.806167,-18.963547,-9.842621
6.166000,X_return,2.238401,-29.910077,-18.963547,-10.946530
6.167000,X_return,2.232941,-31.013987,-18.963547,-12.050440
6.168000,X_return,2.227481,-31.928128,-18.963547,-12.964581
6.169000,X_return,2.222021,-32.081714,-18.963547,-13.118167
6.170000,X_return,2.216561,-32.235300,-18.963547,-13.271753
6.171000,X_return,2.211101,-32.388886,-18.963547,-13.425339
6.172000,X_return,2.205641,-32.542472,-18.963547,-13.578925
6.173000,X_return,2.200181,-32.696058,-18.963547,-13.732511
6.174000,X_return,2.194721,-32.849644,-18.963547,-13.886097
6.175000,X_return,2.189261,-33.003230,-18.963547,-14.039684
6.176000,X_return,2.183801,-32.188191,-18.963547,-13.224644
6.177000,X_return,2.178341,-30.830919,-18.963547,-11.867372
6.178000,X_return,2.172881,-29.473647,-18.963547,-10.510100
6.179000,X_return,2.167421,-28.116375,-18.963547,-9.152828
6.180000,X_return,2.161961,-26.759104,-18.963547,-7.795557
6.181000,X_return,2.156501,-25.401832,-18.963547,-6.438285
6.182000,X_return,2.151041,-24.044560,-18.963547,-5.081013
6.183000,X_return,2.145581,-22.713056,-18.963547,-3.749509
6.184000,X_return,2.140121,-21.668000,-18.963547,-2.704454
6.185000,X_return,2.134661,-20.622945,-18.963547,-1.659398
6.186000,X_return,2.129201,-19.577890,-18.963547,-0.614343
6.187000,X_return,2.123741,-18.532834,-18.963547,0.430713
6.188000,X_return,2.118281,-17.487779,-18.963547,1.475768
6.189000,X_return,2.112821,-16.442723,-18.963547,2.520823
6.190000,X_return,2.107361,-15.397668,-18.963547,3.565879
6.191000,X_return,2.101901,-14.914352,-18.963547,4.049194
6.192000,X_return,2.096441,-14.941417,-18.963547,4.022130
6.193000,X_return,2.090981,-14.968482,-18.963547,3.995065
6.194000,X_return,2.085521,-14.995546,-18.963547,3.968001
6.195000,X_return,2.080061,-15.022611,-18.963547,3.940936
6.196000,X_return,2.074601,-15.049676,-18.963547,3.913871
6.197000,X_return,2.069141,-15.076740,-18.963547,3.886807
6.198000,X_return,2.063681,-15.103805,-18.963547,3.859742
6.199000,X_return,2.058221,-14.618007,-18.963547,4.345540
6.200000,X_return,2.052761,-14.113813,-18.963547,4.849734
6.201000,X_return,2.047301,-13.609620,-18.963547,5.353927
6.202000,X_return,2.041841,-13.105426,-18.963547,5.858121
6.203000,X_return,2.036381,-12.601232,-18.963547,6.362315
6.204000,X_return,2.030921,-12.097039,-18.963547,6.866508
6.205000,X_return,2.025461,-11.592845,-18.963547,7.370702
6.206000,X_return,2.020001,-10.993987,-18.963547,7.969560
6.207000,X_return,2.014541,-10.257085,-18.963547,8.706462
6.208000,X_return,2.009081,-9.520184,-18.963547,9.443363
6.209000,X_return,2.003621,-8.783282,-18.963547,10.180265
6.210000,X_return,1.998161,-8.046380,-18.963547,10.917167
6.211000,X_return,1.992701,-7.309478,-18.963547,11.654068
6.212000,X_return,1.987241,-6.572577,-18.963547,12.390970
6.213000,X_return,1.981781,-5.835675,-18.963547,13.127872
6.214000,X_return,1.976321,-5.684835,-18.963547,13.278712
6.215000,X_return,1.970861,-5.638867,-18.963547,13.324680
6.216000,X_return,1.965401,-5.592900,-18.963547,13.370647
6.217000,X_return,1.959941,-5.546932,-18.963547,13.416615
6.218000,X_return,1.954481,-5.500965,-18.963547,13.462582
6.219000,X_return,1.949021,-5.454997,-18.963547,13.508549
6.220000,X_return,1.943561,-5.409030,-18.963547,13.554517
6.221000,X_return,1.938101,-5.590720,-18.963547,13.372827
6.222000,X_return,1.932641,-6.330760,-18.963547,12.632787
6.223000,X_return,1.927181,-7.070801,-18.963547,11.892746
6.224000,X_return,1.921721,-7.810841,-18.963547,11.152706
6.225000,X_return,1.916261,-8.550882,-18.963547,10.412665
6.226000,X_return,1.910801,-9.290922,-18.963547,9.672625
6.227000,X_return,1.905341,-10.030963,-18.963547,8.932584
6.228000,X_return,1.899881,-10.771003,-18.963547,8.192544
6.229000,X_return,1.894421,-11.635681,-18.963547,7.327866
6.230000,X_return,1.888961,-12.546211,-18.963547,6.417336
6.231000,X_return,1.883501,-13.456741,-18.963547,5.506806
6.232000,X_return,1.878041,-14.367270,-18.963547,4.596277
6.233000,X_return,1.872581,-15.277800,-18.963547,3.685747
6.234000,X_return,1.867121,-16.188330,-18.963547,2.775217
6.235000,X_return,1.861661,-17.098860,-18.963547,1.864687
6.236000,X_return,1.856201,-17.926622,-18.963547,1.036924
6.237000,X_return,1.850741,-18.357287,-18.963547,0.606260
6.238000,X_return,1.845281,-18.787952,-18.963547,0.175595
6.239000,X_return,1.839821,-19.218617,-18.963547,-0.255070
6.240000,X_return,1.834361,-19.649282,-18.963547,-0.685735
6.241000,X_return,1.828901,-20.079947,-18.963547,-1.116400
6.242000,X_return,1.823441,-20.510612,-18.963547,-1.547065
6.243000,X_return,1.817981,-20.941277,-18.963547,-1.977730
6.244000,X_return,1.814197,-21.356637,-18.963547,-2.393090
6.245000,X_return,1.811467,-21.762370,-18.963547,-2.798823
6.246000,X_return,1.808737,-22.168104,-18.963547,-3.204557
6.247000,X_return,1.806007,-22.573838,-18.963547,-3.610291
6.248000,X_return,1.803277,-22.979571,-18.963547,-4.016024
6.249000,X_return,1.800547,-23.385305,-18.963547,-4.421758
6.250000,X_return,1.797817,-23.791038,-18.963547,-4.827491
6.251000,X_return,1.795087,-24.196772,-18.963547,-5.233225
6.252000,X_return,1.792357,-24.602506,-18.963547,-5.638959
6.253000,X_return,1.789627,-25.008239,-18.963547,-6.044692
6.254000,X_return,1.786897,-25.413973,-18.963547,-6.450426
6.255000,X_return,1.784167,-25.819706,-18.963547,-6.856159
6.256000,X_return,1.781437,-26.225440,-18.963547,-7.261893
6.257000,X_return,1.778707,-26.631174,-18.963547,-7.667627
6.258000,X_return,1.775977,-27.036907,-18.963547,-8.073360
6.259000,X_return,1.771891,-27.635889,-18.963547,-8.672342
6.260000,X_return,1.766431,-28.430653,-18.963547,-9.467106
6.261000,X_return,1.760971,-29.225418,-18.963547,-10.261871
6.262000,X_return,1.755511,-30.020182,-18.963547,-11.056635
6.263000,X_return,1.750051,-30.814946,-18.963547,-11.851399
6.264000,X_return,1.744591,-31.609710,-18.963547,-12.646163
6.265000,X_return,1.739131,-32.404475,-18.963547,-13.440928
6.266000,X_return,1.733671,-33.199239,-18.963547,-14.235692
6.267000,X_return,1.728211,-33.393574,-18.963547,-14.430027
6.268000,X_return,1.722751,-33.548334,-18.963547,-14.584787
6.269000,X_return,1.717291,-33.703094,-18.963547,-14.739547
6.270000,X_return,1.711831,-33.857853,-18.963547,-14.894307
6.271000,X_return,1.706371,-34.012613,-18.963547,-15.049066
6.272000,X_return,1.700911,-34.167373,-18.963547,-15.203826
6.273000,X_return,1.695451,-34.322133,-18.963547,-15.358586
6.274000,X_return,1.689991,-34.355391,-18.963547,-15.391845
6.275000,X_return,1.684531,-34.190061,-18.963547,-15.226514
6.276000,X_return,1.679071,-34.024731,-18.963547,-15.061184
6.277000,X_return,1.673611,-33.859401,-18.963547,-14.895854
6.278000,X_return,1.668151,-33.694070,-18.963547,-14.730524
6.279000,X_return,1.662691,-33.528740,-18.963547,-14.565193
6.280000,X_return,1.657231,-33.363410,-18.963547,-14.399863
6.281000,X_return,1.651771,-33.198080,-18.963547,-14.234533
6.282000,X_return,1.646311,-33.776331,-18.963547,-14.812784
6.283000,X_return,1.640851,-34.516695,-18.963547,-15.553148
6.284000,X_return,1.635391,-35.257060,-18.963547,-16.293513
6.285000,X_return,1.629931,-35.997424,-18.963547,-17.033877
6.286000,X_return,1.624471,-36.737789,-18.963547,-17.774242
6.287000,X_return,1.619011,-37.478153,-18.963547,-18.514606
6.288000,X_return,1.613551,-38.218518,-18.963547,-19.254971
6.289000,X_return,1.608091,-38.890717,-18.963547,-19.927171
6.290000,X_return,1.602631,-39.371335,-18.963547,-20.407789
6.291000,X_return,1.597171,-39.851953,-18.963547,-20.888406
6.292000,X_return,1.591711,-40.332571,-18.963547,-21.369024
6.293000,X_return,1.586251,-40.813189,-18.963547,-21.849642
6.294000,X_return,1.580791,-41.293807,-18.963547,-22.330260
6.295000,X_return,1.575331,-41.774425,-18.963547,-22.810878
6.296000,X_return,1.569871,-42.255043,-18.963547,-23.291496
6.297000,X_return,1.564411,-42.323518,-18.963547,-23.359971
6.298000,X_return,1.558951,-42.218580,-18.963547,-23.255033
6.299000,X_return,1.553491,-42.113642,-18.963547,-23.150095
6.300000,X_return,1.548031,-42.008704,-18.963547,-23.045157
6.301000,X_return,1.542571,-41.903766,-18.963547,-22.940219
6.302000,X_return,1.537111,-41.798828,-18.963547,-22.835282
6.303000,X_return,1.531651,-41.693891,-18.963547,-22.730344
6.304000,X_return,1.526191,-41.673329,-18.963547,-22.709782
6.305000,X_return,1.520731,-42.149213,-18.963547,-23.185666
6.306000,X_return,1.515271,-42.625097,-18.963547,-23.661551
6.307000,X_return,1.509811,-43.100982,-18.963547,-24.137435
6.308000,X_return,1.504351,-43.576866,-18.963547,-24.613319
6.309000,X_return,1.498891,-44.052750,-18.963547,-25.089203
6.310000,X_return,1.493431,-44.528635,-18.963547,-25.565088
6.311000,X_return,1.487971,-45.004519,-18.963547,-26.040972
6.312000,X_return,1.482511,-45.793992,-18.963547,-26.830446
6.313000,X_return,1.477051,-46.804381,-18.963547,-27.840835
6.314000,X_return,1.471591,-47.814770,-18.963547,-28.851223
6.315000,X_return,1.466131,-48.825159,-18.963547,-29.861612
6.316000,X_return,1.460671,-49.835548,-18.963547,-30.872001
6.317000,X_return,1.455211,-50.845937,-18.963547,-31.882390
6.318000,X_return,1.449751,-51.856326,-18.963547,-32.892779
6.319000,X_return,1.444291,-52.854307,-18.963547,-33.890760
6.320000,X_return,1.438831,-53.423332,-18.963547,-34.459785
6.321000,X_return,1.433371,-53.992356,-18.963547,-35.028809
6.322000,X_return,1.427911,-54.561381,-18.963547,-35.597834
6.323000,X_return,1.422451,-55.130406,-18.963547,-36.166859
6.324000,X_return,1.416991,-55.699430,-18.963547,-36.735883
6.325000,X_return,1.411531,-56.268455,-18.963547,-37.304908
6.326000,X_return,1.406071,-56.837480,-18.963547,-37.873933
6.327000,X_return,1.400611,-56.996236,-18.963547,-38.032689
6.328000,X_return,1.395151,-56.691483,-18.963547,-37.727936
6.329000,X_return,1.389691,-56.386730,-18.963547,-37.423183
6.330000,X_return,1.384231,-56.081977,-18.963547,-37.118430
6.331000,X_return,1.378771,-55.777224,-18.963547,-36.813677
6.332000,X_return,1.373311,-55.472471,-18.963547,-36.508924
6.333000,X_return,1.367851,-55.167718,-18.963547,-36.204171
6.334000,X_return,1.362391,-54.862965,-18.963547,-35.899418
6.335000,X_return,1.356931,-54.949325,-18.963547,-35.985778
6.336000,X_return,1.351471,-55.073915,-18.963547,-36.110369
6.337000,X_return,1.346011,-55.198506,-18.963547,-36.234959
6.338000,X_return,1.340551,-55.323097,-18.963547,-36.359550
6.339000,X_return,1.335091,-55.447687,-18.963547,-36.484140
6.340000,X_return,1.329631,-55.572278,-18.963547,-36.608731
6.341000,X_return,1.324171,-55.696868,-18.963547,-36.733321
6.342000,X_return,1.318711,-56.078153,-18.963547,-37.114606
6.343000,X_return,1.313251,-56.931208,-18.963547,-37.967661
6.344000,X_return,1.307791,-57.784264,-18.963547,-38.820717
6.345000,X_return,1.302331,-58.637320,-18.963547,-39.673773
6.346000,X_return,1.296871,-59.490375,-18.963547,-40.526828
6.347000,X_return,1.291411,-60.343431,-18.963547,-41.379884
6.348000,X_return,1.285951,-61.196487,-18.963547,-42.232940
6.349000,X_return,1.280491,-62.049542,-18.963547,-43.085995
6.350000,X_return,1.277920,-61.991318,-18.963547,-43.027771
6.351000,X_return,1.276100,-61.696373,-18.963547,-42.732826
6.352000,X_return,1.274280,-61.401428,-18.963547,-42.437881
6.353000,X_return,1.272460,-61.106483,-18.963547,-42.142936
6.354000,X_return,1.270640,-60.811538,-18.963547,-41.847991
6.355000,X_return,1.268820,-60.516593,-18.963547,-41.553046
6.356000,X_return,1.267000,-60.221647,-18.963547,-41.258101
6.357000,X_return,1.265180,-59.926702,-18.963547,-40.963155
6.358000,X_return,1.263360,-59.631757,-18.963547,-40.668210
6.359000,X_return,1.261540,-59.336812,-18.963547,-40.373265
6.360000,X_return,1.259720,-59.041867,-18.963547,-40.078320
6.361000,X_return,1.257900,-58.746922,-18.963547,-39.783375
6.362000,X_return,1.256080,-58.451977,-18.963547,-39.488430
6.363000,X_return,1.254260,-58.157032,-18.963547,-39.193485
6.364000,X_return,1.252440,-57.862086,-18.963547,-38.898540
6.365000,X_return,1.250620,-57.567141,-18.963547,-38.603594
6.366000,X_return,1.248800,-57.272196,-18.963547,-38.308649
6.367000,X_return,1.246980,-56.977251,-18.963547,-38.013704
6.368000,X_return,1.245160,-56.682306,-18.963547,-37.718759
6.369000,X_return,1.243340,-56.387361,-18.963547,-37.423814
6.370000,X_return,1.241520,-56.092416,-18.963547,-37.128869
6.371000,X_return,1.239700,-55.797471,-18.963547,-36.833924
6.372000,X_return,1.237451,-55.564067,-18.963547,-36.600520
6.373000,X_return,1.231991,-55.790394,-18.963547,-36.826847
6.374000,X_return,1.226531,-56.016720,-18.963547,-37.053173
6.375000,X_return,1.221071,-56.243046,-18.963547,-37.279499
6.376000,X_return,1.215611,-56.469373,-18.963547,-37.505826
6.377000,X_return,1.210151,-56.695699,-18.963547,-37.732152
6.378000,X_return,1.204691,-56.922025,-18.963547,-37.958478
6.379000,X_return,1.199231,-57.148351,-18.963547,-38.184805
6.380000,X_return,1.193771,-56.239167,-18.963547,-37.275620
6.381000,X_return,1.188311,-54.435918,-18.963547,-35.472372
6.382000,X_return,1.182851,-52.632670,-18.963547,-33.669123
6.383000,X_return,1.177391,-50.829421,-18.963547,-31.865874
6.384000,X_return,1.171931,-49.026172,-18.963547,-30.062626
6.385000,X_return,1.166471,-47.222924,-18.963547,-28.259377
6.386000,X_return,1.161011,-45.419675,-18.963547,-26.456128
6.387000,X_return,1.155551,-43.615232,-18.963547,-24.651685
6.388000,X_return,1.150091,-40.489404,-18.963547,-21.525857
6.389000,X_return,1.144631,-37.363575,-18.963547,-18.400029
6.390000,X_return,1.139171,-34.237747,-18.963547,-15.274200
6.391000,X_return,1.133711,-31.111919,-18.963547,-12.148372
6.392000,X_return,1.128251,-27.986091,-18.963547,-9.022544
6.393000,X_return,1.122791,-24.860262,-18.963547,-5.896716
6.394000,X_return,1.117331,-21.734434,-18.963547,-2.770887
6.395000,X_return,1.111871,-18.758360,-18.963547,0.205187
6.396000,X_return,1.106411,-15.971092,-18.963547,2.992455
6.397000,X_return,1.100951,-13.183824,-18.963547,5.779723
6.398000,X_return,1.095491,-10.396557,-18.963547,8.566990
6.399000,X_return,1.090031,-7.609289,-18.963547,11.354258
6.400000,X_return,1.084571,-4.822021,-18.963547,14.141526
6.401000,X_return,1.079111,-2.034754,-18.963547,16.928793
6.402000,X_return,1.073651,0.752514,-18.963547,19.716061
6.403000,X_return,1.068191,0.720720,-18.963547,19.684267
6.404000,X_return,1.062731,0.318086,-18.963547,19.281633
6.405000,X_return,1.057271,-0.084548,-18.963547,18.878999
6.406000,X_return,1.051811,-0.487182,-18.963547,18.476365
6.407000,X_return,1.046351,-0.889816,-18.963547,18.073730
6.408000,X_return,1.040891,-1.292451,-18.963547,17.671096
6.409000,X_return,1.035431,-1.695085,-18.963547,17.268462
6.410000,X_return,1.029971,-2.142402,-18.963547,16.821145
6.411000,X_return,1.024511,-2.682453,-18.963547,16.281094
6.412000,X_return,1.019051,-3.222504,-18.963547,15.741043
6.413000,X_return,1.013591,-3.762555,-18.963547,15.200992
6.414000,X_return,1.008131,-4.302606,-18.963547,14.660941
6.415000,X_return,1.002671,-4.842657,-18.963547,14.120890
6.416000,X_return,0.997211,-5.382708,-18.963547,13.580839
6.417000,X_return,0.991751,-5.922759,-18.963547,13.040788
6.418000,X_return,0.986291,-7.452689,-18.963547,11.510858
6.419000,X_return,0.980831,-9.284019,-18.963547,9.679528
6.420000,X_return,0.975371,-11.115349,-18.963547,7.848198
6.421000,X_return,0.969911,-12.946679,-18.963547,6.016868
6.422000,X_return,0.964451,-14.778008,-18.963547,4.185538
6.423000,X_return,0.958991,-16.609338,-18.963547,2.354209
6.424000,X_return,0.953531,-18.440668,-18.963547,0.522879
6.425000,X_return,0.948071,-20.312507,-18.963547,-1.348960
6.426000,X_return,0.942611,-22.338582,-18.963547,-3.375035
6.427000,X_return,0.937151,-24.364657,-18.963547,-5.401110
6.428000,X_return,0.931691,-26.390732,-18.963547,-7.427185
6.429000,X_return,0.926231,-28.416807,-18.963547,-9.453261
6.430000,X_return,0.920771,-30.442883,-18.963547,-11.479336
6.431000,X_return,0.915311,-32.468958,-18.963547,-13.505411
6.432000,X_return,0.909851,-34.495033,-18.963547,-15.531486
6.433000,X_return,0.904391,-35.639288,-18.963547,-16.675742
6.434000,X_return,0.898931,-36.307528,-18.963547,-17.343981
6.435000,X_return,0.893471,-36.975768,-18.963547,-18.012221
6.436000,X_return,0.888011,-37.644007,-18.963547,-18.680460
6.437000,X_return,0.882551,-38.312247,-18.963547,-19.348700
6.438000,X_return,0.877091,-38.980487,-18.963547,-20.016940
6.439000,X_return,0.871631,-39.648726,-18.963547,-20.685179
6.440000,X_return,0.866171,-40.033629,-18.963547,-21.070082
6.441000,X_return,0.860711,-37.583190,-18.963547,-18.619643
6.442000,X_return,0.855251,-35.132751,-18.963547,-16.169204
6.443000,X_return,0.849791,-32.682311,-18.963547,-13.718765
6.444000,X_return,0.844331,-30.231872,-18.963547,-11.268325
6.445000,X_return,0.838871,-27.781433,-18.963547,-8.817886
6.446000,X_return,0.833411,-25.330994,-18.963547,-6.367447
6.447000,X_return,0.827951,-22.880554,-18.963547,-3.917007
6.448000,X_return,0.822491,-20.248355,-18.963547,-1.284808
6.449000,X_return,0.817031,-17.456436,-18.963547,1.507111
6.450000,X_return,0.811571,-14.664517,-18.963547,4.299030
6.451000,X_return,0.806111,-11.872598,-18.963547,7.090949
6.452000,X_return,0.800651,-9.080679,-18.963547,9.882868
6.453000,X_return,0.795191,-6.288760,-18.963547,12.674787
6.454000,X_return,0.789731,-3.496841,-18.963547,15.466706
6.455000,X_return,0.784271,-0.704922,-18.963547,18.258624
6.456000,X_return,0.778811,-0.619992,-18.963547,18.343554
6.457000,X_return,0.773351,-0.608197,-18.963547,18.355350
6.458000,X_return,0.767891,-0.596401,-18.963547,18.367146
6.459000,X_return,0.762431,-0.584605,-18.963547,18.378942
6.460000,X_return,0.756971,-0.572810,-18.963547,18.390737
6.461000,X_return,0.751511,-0.561014,-18.963547,18.402533
6.462000,X_return,0.746051,-0.549218,-18.963547,18.414329
6.463000,X_return,0.740591,-0.754240,-18.963547,18.209307
6.464000,X_return,0.735131,-1.264753,-18.963547,17.698794
6.465000,X_return,0.729671,-1.775265,-18.963547,17.188282
6.466000,X_return,0.724211,-2.285777,-18.963547,16.677770
6.467000,X_return,0.718751,-2.796289,-18.963547,16.167258
6.468000,X_return,0.713291,-3.306801,-18.963547,15.656746
6.469000,X_return,0.707831,-3.817314,-18.963547,15.146233
6.470000,X_return,0.702371,-4.327826,-18.963547,14.635721
6.471000,X_return,0.696911,-5.359087,-18.963547,13.604460
6.472000,X_return,0.691451,-6.477570,-18.963547,12.485977
6.473000,X_return,0.685991,-7.596053,-18.963547,11.367494
6.474000,X_return,0.680531,-8.714536,-18.963547,10.249011
6.475000,X_return,0.675071,-9.833019,-18.963547,9.130528
6.476000,X_return,0.669611,-10.951502,-18.963547,8.012045
6.477000,X_return,0.664151,-12.069985,-18.963547,6.893562
6.478000,X_return,0.658691,-13.239730,-18.963547,5.723817
6.479000,X_return,0.653231,-14.530255,-18.963547,4.433292
6.480000,X_return,0.647771,-15.820781,-18.963547,3.142766
6.481000,X_return,0.642311,-17.111307,-18.963547,1.852240
6.482000,X_return,0.636851,-18.401833,-18.963547,0.561714
6.483000,X_return,0.631391,-19.692358,-18.963547,-0.728811
6.484000,X_return,0.625931,-20.982884,-18.963547,-2.019337
6.485000,X_return,0.620471,-22.273410,-18.963547,-3.309863
6.486000,X_return,0.615011,-22.782356,-18.963547,-3.818809
6.487000,X_return,0.609551,-23.015806,-18.963547,-4.052259
6.488000,X_return,0.604091,-23.249256,-18.963547,-4.285709
6.489000,X_return,0.598631,-23.482706,-18.963547,-4.519159
6.490000,X_return,0.593171,-23.716156,-18.963547,-4.752609
6.491000,X_return,0.587711,-23.949606,-18.963547,-4.986059
6.492000,X_return,0.582251,-24.183056,-18.963547,-5.219509
6.493000,X_return,0.576791,-23.910906,-18.963547,-4.947359
6.494000,X_return,0.571331,-21.347894,-18.963547,-2.384347
6.495000,X_return,0.565871,-18.784882,-18.963547,0.178665
6.496000,X_return,0.560411,-16.221870,-18.963547,2.741677
6.497000,X_return,0.554951,-13.658858,-18.963547,5.304688
6.498000,X_return,0.549491,-11.095846,-18.963547,7.867700
6.499000,X_return,0.544031,-8.532835,-18.963547,10.430712
6.500000,X_return,0.538571,-5.969823,-18.963547,12.993724
6.501000,X_return,0.533111,-3.917867,-18.963547,15.045680
6.502000,X_return,0.527651,-2.176196,-18.963547,16.787351
6.503000,X_return,0.522191,-0.434526,-18.963547,18.529021
6.504000,X_return,0.516731,1.307145,-18.963547,20.270692
6.505000,X_return,0.511271,3.048815,-18.963547,22.012362
6.506000,X_return,0.505811,4.790486,-18.963547,23.754033
6.507000,X_return,0.500351,6.532157,-18.963547,25.495703
6.508000,X_return,0.494891,8.137883,-18.963547,27.101430
6.509000,X_return,0.489431,7.743487,-18.963547,26.707034
6.510000,X_return,0.483971,7.349092,-18.963547,26.312639
6.511000,X_return,0.478511,6.954696,-18.963547,25.918243
6.512000,X_return,0.473051,6.560301,-18.963547,25.523847
6.513000,X_return,0.467591,6.165905,-18.963547,25.129452
6.514000,X_return,0.462131,5.771509,-18.963547,24.735056
6.515000,X_return,0.456671,5.377114,-18.963547,24.340661
6.516000,X_return,0.451211,4.980472,-18.963547,23.944018
6.517000,X_return,0.445751,4.581628,-18.963547,23.545175
6.518000,X_return,0.440291,4.182785,-18.963547,23.146331
6.519000,X_return,0.434831,3.783941,-18.963547,22.747488
6.520000,X_return,0.429371,3.385097,-18.963547,22.348644
6.521000,X_return,0.423911,2.986254,-18.963547,21.949801
6.522000,X_return,0.418451,2.587410,-18.963547,21.550957
6.523000,X_return,0.412991,2.188567,-18.963547,21.152114
6.524000,X_return,0.407531,1.926784,-18.963547,20.890331
6.525000,X_return,0.402071,1.672750,-18.963547,20.636297
6.526000,X_return,0.396611,1.418717,-18.963547,20.382264
6.527000,X_return,0.391151,1.164683,-18.963547,20.128230
6.528000,X_return,0.385691,0.910650,-18.963547,19.874197
6.529000,X_return,0.380231,0.656616,-18.963547,19.620163
6.530000,X_return,0.374771,0.402583,-18.963547,19.366130
6.531000,X_return,0.369311,-0.309686,-18.963547,18.653861
6.532000,X_return,0.363851,-1.745026,-18.963547,17.218521
6.533000,X_return,0.358391,-3.180367,-18.963547,15.783180
6.534000,X_return,0.352931,-4.615707,-18.963547,14.347840
6.535000,X_return,0.347471,-6.051047,-18.963547,12.912500
6.536000,X_return,0.342011,-7.486387,-18.963547,11.477160
6.537000,X_return,0.336551,-8.921727,-18.963547,10.041820
6.538000,X_return,0.331091,-10.357067,-18.963547,8.606479
6.539000,X_return,0.325631,-11.504984,-18.963547,7.458563
6.540000,X_return,0.320171,-12.593750,-18.963547,6.369797
6.541000,X_return,0.314711,-13.682516,-18.963547,5.281031
6.542000,X_return,0.309251,-14.771282,-18.963547,4.192265
6.543000,X_return,0.303791,-15.860048,-18.963547,3.103499
6.544000,X_return,0.298331,-16.948814,-18.963547,2.014733
6.545000,X_return,0.292871,-18.037580,-18.963547,0.925967
6.546000,X_return,0.287411,-18.457949,-18.963547,0.505598
6.547000,X_return,0.281951,-17.078011,-18.963547,1.885536
6.548000,X_return,0.276491,-15.698073,-18.963547,3.265474
6.549000,X_return,0.271031,-14.318135,-18.963547,4.645412
6.550000,X_return,0.265571,-12.938197,-18.963547,6.025349
6.551000,X_return,0.260111,-11.558260,-18.963547,7.405287
6.552000,X_return,0.254651,-10.178322,-18.963547,8.785225
6.553000,X_return,0.249191,-8.798384,-18.963547,10.165163
6.554000,X_return,0.243731,-7.314977,-18.963547,11.648570
6.555000,X_return,0.238271,-5.789752,-18.963547,13.173795
6.556000,X_return,0.232811,-4.264526,-18.963547,14.699021
6.557000,X_return,0.227351,-2.739301,-18.963547,16.224246
6.558000,X_return,0.221891,-1.214075,-18.963547,17.749471
6.559000,X_return,0.216431,0.311150,-18.963547,19.274697
6.560000,X_return,0.210971,1.836375,-18.963547,20.799922
6.561000,X_return,0.205930,2.899782,-18.963547,21.863329
6.562000,X_return,0.203200,1.418193,-18.963547,20.381740
6.563000,X_return,0.200470,-0.063397,-18.963547,18.900150
6.564000,X_return,0.197740,-1.544987,-18.963547,17.418560
6.565000,X_return,0.195010,-3.026576,-18.963547,15.936970
6.566000,X_return,0.192280,-4.508166,-18.963547,14.455381
6.567000,X_return,0.189550,-5.989756,-18.963547,12.973791
6.568000,X_return,0.186820,-7.471346,-18.963547,11.492201
6.569000,X_return,0.184090,-8.952935,-18.963547,10.010612
6.570000,X_return,0.181360,-10.434525,-18.963547,8.529022
6.571000,X_return,0.178630,-11.916115,-18.963547,7.047432
6.572000,X_return,0.175900,-13.397704,-18.963547,5.565842
6.573000,X_return,0.173170,-14.879294,-18.963547,4.084253
6.574000,X_return,0.170440,-16.360884,-18.963547,2.602663
6.575000,X_return,0.167710,-17.842474,-18.926162,1.083689
6.576000,X_return,0.164880,-19.298078,-18.814251,-0.483828
6.577000,X_return,0.159420,-20.066440,-18.628538,-1.437903
6.578000,X_return,0.153960,-20.834803,-18.370228,-2.464574
6.579000,X_return,0.148500,-21.603165,-18.040997,-3.562168
6.580000,X_return,0.143040,-22.371527,-17.642980,-4.728547
6.581000,X_return,0.137580,-23.139889,-17.178757,-5.961131
6.582000,X_return,0.132120,-23.908251,-16.651341,-7.256910
6.583000,X_return,0.126660,-24.676613,-16.064150,-8.612463
6.584000,X_return,0.121200,-25.439981,-15.420994,-10.018987
6.585000,X_return,0.115740,-26.197891,-14.726043,-11.471849
6.586000,X_return,0.110280,-26.955802,-13.983804,-12.971998
6.587000,X_return,0.104820,-27.713712,-13.199092,-14.514621
6.588000,X_return,0.099360,-28.471623,-12.376995,-16.094628
6.589000,X_return,0.093900,-29.229534,-11.522845,-17.706689
6.590000,X_return,0.088440,-29.987444,-10.642181,-19.345263
6.591000,X_return,0.082980,-30.745355,-9.740715,-21.004640
6.592000,X_return,0.077520,-31.182215,-8.824293,-22.357922
6.593000,X_return,0.072060,-31.590883,-7.898859,-23.692024
6.594000,X_return,0.066600,-31.999551,-6.970414,-25.029136
6.595000,X_return,0.061140,-32.408218,-6.044980,-26.363238
6.596000,X_return,0.055680,-32.816886,-5.128558,-27.688327
6.597000,X_return,0.050220,-33.225554,-4.227093,-28.998461
6.598000,X_return,0.044760,-33.634221,-3.346429,-30.287792
6.599000,X_return,0.039300,-33.497033,-2.492279,-31.004754
6.600000,X_return,0.033840,-32.392360,-1.670182,-30.722178
6.601000,X_return,0.028380,-31.287687,-0.885469,-30.402218
6.602000,X_return,0.022920,-30.183014,-0.143231,-30.039783
6.603000,X_return,0.017460,-29.078341,0.551720,-29.630061
6.604000,X_return,0.012000,-27.973669,1.194876,-29.168545
6.605000,X_return,0.006540,-26.868996,1.782067,-28.651063
6.606000,X_return,0.001080,-25.764323,2.309484,-28.073807
6.607000,X_return,0.000000,-23.819019,2.773706,-26.592725
6.608000,X_return,0.000000,-21.666331,3.171724,-24.838054
6.609000,X_return,0.000000,-19.513643,3.500955,-23.014597
6.610000,X_return,0.000000,-17.360955,3.759264,-21.120219
6.611000,X_return,0.000000,-15.208267,3.944977,-19.153244
6.612000,X_return,0.000000,-13.055578,4.056889,-17.112467
6.613000,X_return,0.000000,-10.902890,4.094273,-14.997164
6.614000,post_stop,0.000000,-9.076864,4.094273,-13.171137
6.615000,post_stop,0.000000,-8.265488,4.094273,-12.359762
6.616000,post_stop,0.000000,-7.454113,4.094273,-11.548386
6.617000,post_stop,0.000000,-6.642737,4.094273,-10.737011
6.618000,post_stop,0.000000,-5.831362,4.094273,-9.925635
6.619000,post_stop,0.000000,-5.019986,4.094273,-9.114260
6.620000,post_stop,0.000000,-4.208611,4.094273,-8.302884
6.621000,post_stop,0.000000,-3.397235,4.094273,-7.491509
6.622000,post_stop,0.000000,-3.173737,4.094273,-7.268010
6.623000,post_stop,0.000000,-3.220627,4.094273,-7.314900
6.624000,post_stop,0.000000,-3.267517,4.094273,-7.361790
6.625000,post_stop,0.000000,-3.314406,4.094273,-7.408680
6.626000,post_stop,0.000000,-3.361296,4.094273,-7.455570
6.627000,post_stop,0.000000,-3.408186,4.094273,-7.502460
6.628000,post_stop,0.000000,-3.455076,4.094273,-7.549349
6.629000,post_stop,0.000000,-3.639077,4.094273,-7.733350
6.630000,post_stop,0.000000,-4.770868,4.094273,-8.865142
6.631000,post_stop,0.000000,-5.902660,4.094273,-9.996934
6.632000,post_stop,0.000000,-7.034452,4.094273,-11.128725
6.633000,post_stop,0.000000,-8.166243,4.094273,-12.260517
6.634000,post_stop,0.000000,-9.298035,4.094273,-13.392308
6.635000,post_stop,0.000000,-10.429826,4.094273,-14.524100
6.636000,post_stop,0.000000,-11.561618,4.094273,-15.655892
6.637000,post_stop,0.000000,-12.054227,4.094273,-16.148500
6.638000,post_stop,0.000000,-12.060305,4.094273,-16.154578
6.639000,post_stop,0.000000,-12.066383,4.094273,-16.160657
6.640000,post_stop,0.000000,-12.072461,4.094273,-16.166735
6.641000,post_stop,0.000000,-12.078539,4.094273,-16.172813
6.642000,post_stop,0.000000,-12.084618,4.094273,-16.178891
6.643000,post_stop,0.000000,-12.090696,4.094273,-16.184969
6.644000,post_stop,0.000000,-12.091158,4.094273,-16.185432
6.645000,post_stop,0.000000,-11.488404,4.094273,-15.582677
6.646000,post_stop,0.000000,-10.885650,4.094273,-14.979923
6.647000,post_stop,0.000000,-10.282896,4.094273,-14.377169
6.648000,post_stop,0.000000,-9.680141,4.094273,-13.774415
6.649000,post_stop,0.000000,-9.077387,4.094273,-13.171661
6.650000,post_stop,0.000000,-8.474633,4.094273,-12.568906
6.651000,post_stop,0.000000,-7.871879,4.094273,-11.966152
6.652000,post_stop,0.000000,-7.164437,4.094273,-11.258710
6.653000,post_stop,0.000000,-6.329376,4.094273,-10.423650
6.654000,post_stop,0.000000,-5.494315,4.094273,-9.588589
6.655000,post_stop,0.000000,-4.659255,4.094273,-8.753528
6.656000,post_stop,0.000000,-3.824194,4.094273,-7.918467
6.657000,post_stop,0.000000,-2.989133,4.094273,-7.083406
6.658000,post_stop,0.000000,-2.154072,4.094273,-6.248346
6.659000,post_stop,0.000000,-1.319011,4.094273,-5.413285
6.660000,post_stop,0.000000,-1.244734,4.094273,-5.339008
6.661000,post_stop,0.000000,-1.262507,4.094273,-5.356780
6.662000,post_stop,0.000000,-1.280280,4.094273,-5.374553
6.663000,post_stop,0.000000,-1.298052,4.094273,-5.392326
6.664000,post_stop,0.000000,-1.315825,4.094273,-5.410098
6.665000,post_stop,0.000000,-1.333598,4.094273,-5.427871
6.666000,post_stop,0.000000,-1.351370,4.094273,-5.445644
6.667000,post_stop,0.000000,-1.421933,4.094273,-5.516207
6.668000,post_stop,0.000000,-1.598003,4.094273,-5.692277
6.669000,post_stop,0.000000,-1.774074,4.094273,-5.868347
6.670000,post_stop,0.000000,-1.950144,4.094273,-6.044417
6.671000,post_stop,0.000000,-2.126214,4.094273,-6.220487
6.672000,post_stop,0.000000,-2.302284,4.094273,-6.396558
6.673000,post_stop,0.000000,-2.478354,4.094273,-6.572628
6.674000,post_stop,0.000000,-2.654424,4.094273,-6.748698
6.675000,post_stop,0.000000,-3.164847,4.094273,-7.259120
6.676000,post_stop,0.000000,-3.772390,4.094273,-7.866663
6.677000,post_stop,0.000000,-4.379933,4.094273,-8.474206
6.678000,post_stop,0.000000,-4.987476,4.094273,-9.081749
6.679000,post_stop,0.000000,-5.595019,4.094273,-9.689292
6.680000,post_stop,0.000000,-6.202562,4.094273,-10.296835
6.681000,post_stop,0.000000,-6.810105,4.094273,-10.904379
6.682000,post_stop,0.000000,-7.473471,4.094273,-11.567745
6.683000,post_stop,0.000000,-8.339060,4.094273,-12.433333
6.684000,post_stop,0.000000,-9.204649,4.094273,-13.298922
6.685000,post_stop,0.000000,-10.070238,4.094273,-14.164511
6.686000,post_stop,0.000000,-10.935827,4.094273,-15.030100
6.687000,post_stop,0.000000,-11.801416,4.094273,-15.895689
6.688000,post_stop,0.000000,-12.667004,4.094273,-16.761278
6.689000,post_stop,0.000000,-13.532593,4.094273,-17.626867
6.690000,post_stop,0.000000,-13.942669,4.094273,-18.036943
6.691000,post_stop,0.000000,-14.115727,4.094273,-18.210000
6.692000,post_stop,0.000000,-14.288784,4.094273,-18.383057
6.693000,post_stop,0.000000,-14.461841,4.094273,-18.556115
6.694000,post_stop,0.000000,-14.634899,4.094273,-18.729172
6.695000,post_stop,0.000000,-14.807956,4.094273,-18.902230
6.696000,post_stop,0.000000,-14.981014,4.094273,-19.075287
6.697000,post_stop,0.000000,-15.040318,4.094273,-19.134592
6.698000,post_stop,0.000000,-14.066348,4.094273,-18.160622
6.699000,post_stop,0.000000,-13.092378,4.094273,-17.186652
6.700000,post_stop,0.000000,-12.118408,4.094273,-16.212682
6.701000,post_stop,0.000000,-11.144438,4.094273,-15.238712
6.702000,post_stop,0.000000,-10.170468,4.094273,-14.264741
6.703000,post_stop,0.000000,-9.196498,4.094273,-13.290771
6.704000,post_stop,0.000000,-8.222528,4.094273,-12.316801
6.705000,post_stop,0.000000,-7.093674,4.094273,-11.187947
6.706000,post_stop,0.000000,-5.833195,4.094273,-9.927469
6.707000,post_stop,0.000000,-4.572717,4.094273,-8.666991
6.708000,post_stop,0.000000,-3.312239,4.094273,-7.406513
6.709000,post_stop,0.000000,-2.051761,4.094273,-6.146035
6.710000,post_stop,0.000000,-0.791283,4.094273,-4.885557
6.711000,post_stop,0.000000,0.469195,4.094273,-3.625079
6.712000,post_stop,0.000000,1.729673,4.094273,-2.364600
6.713000,post_stop,0.000000,1.971623,4.094273,-2.122650
6.714000,post_stop,0.000000,2.194919,4.094273,-1.899354
6.715000,post_stop,0.000000,2.418215,4.094273,-1.676058
6.716000,post_stop,0.000000,2.641511,4.094273,-1.452762
6.717000,post_stop,0.000000,2.864807,4.094273,-1.229466
6.718000,post_stop,0.000000,3.088103,4.094273,-1.006170
6.719000,post_stop,0.000000,3.311399,4.094273,-0.782874
6.720000,post_stop,0.000000,3.149167,4.094273,-0.945106
6.721000,post_stop,0.000000,2.461987,4.094273,-1.632287
6.722000,post_stop,0.000000,1.774806,4.094273,-2.319467
6.723000,post_stop,0.000000,1.087625,4.094273,-3.006648
6.724000,post_stop,0.000000,0.400445,4.094273,-3.693829
6.725000,post_stop,0.000000,-0.286736,4.094273,-4.381009
6.726000,post_stop,0.000000,-0.973917,4.094273,-5.068190
6.727000,post_stop,0.000000,-1.661097,4.094273,-5.755371
6.728000,post_stop,0.000000,-2.712101,4.094273,-6.806374
6.729000,post_stop,0.000000,-3.819956,4.094273,-7.914229
6.730000,post_stop,0.000000,-4.927810,4.094273,-9.022084
6.731000,post_stop,0.000000,-6.035665,4.094273,-10.129939
6.732000,post_stop,0.000000,-7.143520,4.094273,-11.237793
6.733000,post_stop,0.000000,-8.251375,4.094273,-12.345648
6.734000,post_stop,0.000000,-9.359230,4.094273,-13.453503
6.735000,post_stop,0.000000,-10.210707,4.094273,-14.304980
6.736000,post_stop,0.000000,-10.481487,4.094273,-14.575761
6.737000,post_stop,0.000000,-10.752268,4.094273,-14.846541
6.738000,post_stop,0.000000,-11.023048,4.094273,-15.117321
6.739000,post_stop,0.000000,-11.293828,4.094273,-15.388102
6.740000,post_stop,0.000000,-11.564608,4.094273,-15.658882
6.741000,post_stop,0.000000,-11.835389,4.094273,-15.929662
6.742000,post_stop,0.000000,-12.106169,4.094273,-16.200442
6.743000,post_stop,0.000000,-12.117644,4.094273,-16.211917
6.744000,post_stop,0.000000,-12.041620,4.094273,-16.135893
6.745000,post_stop,0.000000,-11.965596,4.094273,-16.059869
6.746000,post_stop,0.000000,-11.889572,4.094273,-15.983845
6.747000,post_stop,0.000000,-11.813548,4.094273,-15.907821
6.748000,post_stop,0.000000,-11.737524,4.094273,-15.831797
6.749000,post_stop,0.000000,-11.661500,4.094273,-15.755773
6.750000,post_stop,0.000000,-11.429140,4.094273,-15.523413
6.751000,post_stop,0.000000,-10.526466,4.094273,-14.620739
6.752000,post_stop,0.000000,-9.623792,4.094273,-13.718066
6.753000,post_stop,0.000000,-8.721119,4.094273,-12.815392
6.754000,post_stop,0.000000,-7.818445,4.094273,-11.912718
6.755000,post_stop,0.000000,-6.915771,4.094273,-11.010045
6.756000,post_stop,0.000000,-6.013098,4.094273,-10.107371
6.757000,post_stop,0.000000,-5.110424,4.094273,-9.204697
6.758000,post_stop,0.000000,-4.529251,4.094273,-8.623525
6.759000,post_stop,0.000000,-4.136458,4.094273,-8.230732
6.760000,post_stop,0.000000,-3.743665,4.094273,-7.837939
6.761000,post_stop,0.000000,-3.350873,4.094273,-7.445146
6.762000,post_stop,0.000000,-2.958080,4.094273,-7.052353
6.763000,post_stop,0.000000,-2.565287,4.094273,-6.659560
6.764000,post_stop,0.000000,-2.172494,4.094273,-6.266767
6.765000,post_stop,0.000000,-1.788742,4.094273,-5.883016
6.766000,post_stop,0.000000,-1.521591,4.094273,-5.615864
6.767000,post_stop,0.000000,-1.254439,4.094273,-5.348712
6.768000,post_stop,0.000000,-0.987287,4.094273,-5.081560
6.769000,post_stop,0.000000,-0.720135,4.094273,-4.814408
6.770000,post_stop,0.000000,-0.452983,4.094273,-4.547256
6.771000,post_stop,0.000000,-0.185831,4.094273,-4.280105
6.772000,post_stop,0.000000,0.081321,4.094273,-4.012953
6.773000,post_stop,0.000000,-0.083745,4.094273,-4.178019
6.774000,post_stop,0.000000,-0.658494,4.094273,-4.752767
6.775000,post_stop,0.000000,-1.233243,4.094273,-5.327516
6.776000,post_stop,0.000000,-1.807991,4.094273,-5.902265
6.777000,post_stop,0.000000,-2.382740,4.094273,-6.477013
6.778000,post_stop,0.000000,-2.957488,4.094273,-7.051762
6.779000,post_stop,0.000000,-3.532237,4.094273,-7.626511
6.780000,post_stop,0.000000,-4.106986,4.094273,-8.201259
6.781000,post_stop,0.000000,-4.681734,4.094273,-8.776008
6.782000,post_stop,0.000000,-5.256483,4.094273,-9.350756
6.783000,post_stop,0.000000,-5.831232,4.094273,-9.925505
6.784000,post_stop,0.000000,-6.405980,4.094273,-10.500254
6.785000,post_stop,0.000000,-6.980729,4.094273,-11.075002
6.786000,post_stop,0.000000,-7.555477,4.094273,-11.649751
6.787000,post_stop,0.000000,-8.130226,4.094273,-12.224500
6.788000,post_stop,0.000000,-8.712755,4.094273,-12.807029
6.789000,post_stop,0.000000,-9.307140,4.094273,-13.401414
6.790000,post_stop,0.000000,-9.901525,4.094273,-13.995799
6.791000,post_stop,0.000000,-10.495910,4.094273,-14.590184
6.792000,post_stop,0.000000,-11.090295,4.094273,-15.184569
6.793000,post_stop,0.000000,-11.684680,4.094273,-15.778954
6.794000,post_stop,0.000000,-12.279065,4.094273,-16.373339
6.795000,post_stop,0.000000,-12.873450,4.094273,-16.967724
6.796000,post_stop,0.000000,-12.532505,4.094273,-16.626778
6.797000,post_stop,0.000000,-12.010273,4.094273,-16.104547
6.798000,post_stop,0.000000,-11.488042,4.094273,-15.582315
6.799000,post_stop,0.000000,-10.965811,4.094273,-15.060084
6.800000,post_stop,0.000000,-10.443579,4.094273,-14.537853
6.801000,post_stop,0.000000,-9.921348,4.094273,-14.015622
6.802000,post_stop,0.000000,-9.399117,4.094273,-13.493390
6.803000,post_stop,0.000000,-8.733127,4.094273,-12.827400
6.804000,post_stop,0.000000,-7.695757,4.094273,-11.790031
6.805000,post_stop,0.000000,-6.658388,4.094273,-10.752661
6.806000,post_stop,0.000000,-5.621018,4.094273,-9.715292
6.807000,post_stop,0.000000,-4.583649,4.094273,-8.677922
6.808000,post_stop,0.000000,-3.546280,4.094273,-7.640553
6.809000,post_stop,0.000000,-2.508910,4.094273,-6.603184
6.810000,post_stop,0.000000,-1.471541,4.094273,-5.565814
6.811000,post_stop,0.000000,-0.758375,4.094273,-4.852648
6.812000,post_stop,0.000000,-0.170981,4.094273,-4.265255
6.813000,post_stop,0.000000,0.416412,4.094273,-3.677862
6.814000,post_stop,0.000000,1.003805,4.094273,-3.090469
6.815000,post_stop,0.000000,1.591198,4.094273,-2.503076
6.816000,post_stop,0.000000,2.178591,4.094273,-1.915682
6.817000,post_stop,0.000000,2.765984,4.094273,-1.328289
6.818000,post_stop,0.000000,3.176763,4.094273,-0.917511
6.819000,post_stop,0.000000,2.673343,4.094273,-1.420930
6.820000,post_stop,0.000000,2.169924,4.094273,-1.924350
6.821000,post_stop,0.000000,1.666504,4.094273,-2.427769
6.822000,post_stop,0.000000,1.163085,4.094273,-2.931189
6.823000,post_stop,0.000000,0.659665,4.094273,-3.434608
6.824000,post_stop,0.000000,0.156246,4.094273,-3.938028
6.825000,post_stop,0.000000,-0.347174,4.094273,-4.441447
6.826000,post_stop,0.000000,-0.933449,4.094273,-5.027722
6.827000,post_stop,0.000000,-1.574199,4.094273,-5.668472
6.828000,post_stop,0.000000,-2.214948,4.094273,-6.309222
6.829000,post_stop,0.000000,-2.855698,4.094273,-6.949971
6.830000,post_stop,0.000000,-3.496447,4.094273,-7.590721
6.831000,post_stop,0.000000,-4.137197,4.094273,-8.231470
6.832000,post_stop,0.000000,-4.777946,4.094273,-8.872220
6.833000,post_stop,0.000000,-5.408824,4.094273,-9.503097
6.834000,post_stop,0.000000,-5.828984,4.094273,-9.923257
6.835000,post_stop,0.000000,-6.249144,4.094273,-10.343417
6.836000,post_stop,0.000000,-6.669304,4.094273,-10.763577
6.837000,post_stop,0.000000,-7.089464,4.094273,-11.183737
6.838000,post_stop,0.000000,-7.509624,4.094273,-11.603897
6.839000,post_stop,0.000000,-7.929784,4.094273,-12.024057
6.840000,post_stop,0.000000,-8.349944,4.094273,-12.444217
6.841000,post_stop,0.000000,-8.671623,4.094273,-12.765897
6.842000,post_stop,0.000000,-8.889221,4.094273,-12.983494
6.843000,post_stop,0.000000,-9.106818,4.094273,-13.201091
6.844000,post_stop,0.000000,-9.324415,4.094273,-13.418689
6.845000,post_stop,0.000000,-9.542012,4.094273,-13.636286
6.846000,post_stop,0.000000,-9.759610,4.094273,-13.853883
6.847000,post_stop,0.000000,-9.977207,4.094273,-14.071480
6.848000,post_stop,0.000000,-10.194804,4.094273,-14.289078
6.849000,post_stop,0.000000,-10.135813,4.094273,-14.230086
6.850000,post_stop,0.000000,-10.055232,4.094273,-14.149505
6.851000,post_stop,0.000000,-9.974651,4.094273,-14.068925
6.852000,post_stop,0.000000,-9.894070,4.094273,-13.988344
6.853000,post_stop,0.000000,-9.813490,4.094273,-13.907763
6.854000,post_stop,0.000000,-9.732909,4.094273,-13.827182
6.855000,post_stop,0.000000,-9.652328,4.094273,-13.746601
6.856000,post_stop,0.000000,-9.443773,4.094273,-13.538046
6.857000,post_stop,0.000000,-9.016393,4.094273,-13.110667
6.858000,post_stop,0.000000,-8.589014,4.094273,-12.683287
6.859000,post_stop,0.000000,-8.161634,4.094273,-12.255907
6.860000,post_stop,0.000000,-7.734254,4.094273,-11.828528
6.861000,post_stop,0.000000,-7.306875,4.094273,-11.401148
6.862000,post_stop,0.000000,-6.879495,4.094273,-10.973769
6.863000,post_stop,0.000000,-6.452116,4.094273,-10.546389
6.864000,post_stop,0.000000,-6.091303,4.094273,-10.185576
6.865000,post_stop,0.000000,-5.746060,4.094273,-9.840333
6.866000,post_stop,0.000000,-5.400817,4.094273,-9.495090
6.867000,post_stop,0.000000,-5.055574,4.094273,-9.149847
6.868000,post_stop,0.000000,-4.710331,4.094273,-8.804604
6.869000,post_stop,0.000000,-4.365088,4.094273,-8.459361
6.870000,post_stop,0.000000,-4.019845,4.094273,-8.114118
6.871000,post_stop,0.000000,-3.786319,4.094273,-7.880592
6.872000,post_stop,0.000000,-3.884646,4.094273,-7.978919
6.873000,post_stop,0.000000,-3.982973,4.094273,-8.077246
6.874000,post_stop,0.000000,-4.081300,4.094273,-8.175573
6.875000,post_stop,0.000000,-4.179627,4.094273,-8.273900
6.876000,post_stop,0.000000,-4.277954,4.094273,-8.372227
6.877000,post_stop,0.000000,-4.376280,4.094273,-8.470554
6.878000,post_stop,0.000000,-4.474607,4.094273,-8.568881
6.879000,post_stop,0.000000,-4.782423,4.094273,-8.876697
6.880000,post_stop,0.000000,-5.182921,4.094273,-9.277195
6.881000,post_stop,0.000000,-5.583419,4.094273,-9.677692
6.882000,post_stop,0.000000,-5.983917,4.094273,-10.078190
6.883000,post_stop,0.000000,-6.384415,4.094273,-10.478688
6.884000,post_stop,0.000000,-6.784912,4.094273,-10.879186
6.885000,post_stop,0.000000,-7.185410,4.094273,-11.279684
6.886000,post_stop,0.000000,-7.601441,4.094273,-11.695714
6.887000,post_stop,0.000000,-8.117251,4.094273,-12.211525
6.888000,post_stop,0.000000,-8.633061,4.094273,-12.727335
6.889000,post_stop,0.000000,-9.148872,4.094273,-13.243145
6.890000,post_stop,0.000000,-9.664682,4.094273,-13.758956
6.891000,post_stop,0.000000,-10.180493,4.094273,-14.274766
6.892000,post_stop,0.000000,-10.696303,4.094273,-14.790577
6.893000,post_stop,0.000000,-11.212114,4.094273,-15.306387
6.894000,post_stop,0.000000,-11.145446,4.094273,-15.239719
6.895000,post_stop,0.000000,-10.650225,4.094273,-14.744498
6.896000,post_stop,0.000000,-10.155004,4.094273,-14.249278
6.897000,post_stop,0.000000,-9.659783,4.094273,-13.754057
6.898000,post_stop,0.000000,-9.164563,4.094273,-13.258836
6.899000,post_stop,0.000000,-8.669342,4.094273,-12.763615
6.900000,post_stop,0.000000,-8.174121,4.094273,-12.268395
6.901000,post_stop,0.000000,-7.680363,4.094273,-11.774636
6.902000,post_stop,0.000000,-7.268492,4.094273,-11.362765
6.903000,post_stop,0.000000,-6.856621,4.094273,-10.950895
6.904000,post_stop,0.000000,-6.444750,4.094273,-10.539024
6.905000,post_stop,0.000000,-6.032880,4.094273,-10.127153
6.906000,post_stop,0.000000,-5.621009,4.094273,-9.715282
6.907000,post_stop,0.000000,-5.209138,4.094273,-9.303412
6.908000,post_stop,0.000000,-4.797268,4.094273,-8.891541
6.909000,post_stop,0.000000,-4.530449,4.094273,-8.624722
6.910000,post_stop,0.000000,-4.434619,4.094273,-8.528892
6.911000,post_stop,0.000000,-4.338788,4.094273,-8.433062
6.912000,post_stop,0.000000,-4.242958,4.094273,-8.337232
6.913000,post_stop,0.000000,-4.147128,4.094273,-8.241402
6.914000,post_stop,0.000000,-4.051298,4.094273,-8.145572
6.915000,post_stop,0.000000,-3.955468,4.094273,-8.049742
6.916000,post_stop,0.000000,-3.859638,4.094273,-7.953912
6.917000,post_stop,0.000000,-4.355587,4.094273,-8.449860
6.918000,post_stop,0.000000,-4.917007,4.094273,-9.011280
6.919000,post_stop,0.000000,-5.478426,4.094273,-9.572700
6.920000,post_stop,0.000000,-6.039846,4.094273,-10.134120
6.921000,post_stop,0.000000,-6.601266,4.094273,-10.695539
6.922000,post_stop,0.000000,-7.162686,4.094273,-11.256959
6.923000,post_stop,0.000000,-7.724105,4.094273,-11.818379
6.924000,post_stop,0.000000,-8.147632,4.094273,-12.241906
6.925000,post_stop,0.000000,-8.305630,4.094273,-12.399903
6.926000,post_stop,0.000000,-8.463627,4.094273,-12.557901
6.927000,post_stop,0.000000,-8.621625,4.094273,-12.715898
6.928000,post_stop,0.000000,-8.779622,4.094273,-12.873895
6.929000,post_stop,0.000000,-8.937619,4.094273,-13.031893
6.930000,post_stop,0.000000,-9.095617,4.094273,-13.189890
6.931000,post_stop,0.000000,-9.253614,4.094273,-13.347888
6.932000,post_stop,0.000000,-9.468805,4.094273,-13.563079
6.933000,post_stop,0.000000,-9.699826,4.094273,-13.794099
6.934000,post_stop,0.000000,-9.930846,4.094273,-14.025120
6.935000,post_stop,0.000000,-10.161867,4.094273,-14.256140
6.936000,post_stop,0.000000,-10.392887,4.094273,-14.487161
6.937000,post_stop,0.000000,-10.623908,4.094273,-14.718181
6.938000,post_stop,0.000000,-10.854928,4.094273,-14.949202
6.939000,post_stop,0.000000,-10.937594,4.094273,-15.031867
6.940000,post_stop,0.000000,-10.508230,4.094273,-14.602503
6.941000,post_stop,0.000000,-10.078866,4.094273,-14.173139
6.942000,post_stop,0.000000,-9.649502,4.094273,-13.743775
6.943000,post_stop,0.000000,-9.220138,4.094273,-13.314411
6.944000,post_stop,0.000000,-8.790774,4.094273,-12.885047
6.945000,post_stop,0.000000,-8.361410,4.094273,-12.455683
6.946000,post_stop,0.000000,-7.932046,4.094273,-12.026320
6.947000,post_stop,0.000000,-7.469879,4.094273,-11.564152
6.948000,post_stop,0.000000,-6.991265,4.094273,-11.085539
6.949000,post_stop,0.000000,-6.512652,4.094273,-10.606925
6.950000,post_stop,0.000000,-6.034038,4.094273,-10.128312
6.951000,post_stop,0.000000,-5.555425,4.094273,-9.649698
6.952000,post_stop,0.000000,-5.076812,4.094273,-9.171085
6.953000,post_stop,0.000000,-4.598198,4.094273,-8.692472
6.954000,post_stop,0.000000,-4.111727,4.094273,-8.206000
6.955000,post_stop,0.000000,-3.560009,4.094273,-7.654283
6.956000,post_stop,0.000000,-3.008292,4.094273,-7.102565
6.957000,post_stop,0.000000,-2.456574,4.094273,-6.550847
6.958000,post_stop,0.000000,-1.904856,4.094273,-5.999130
6.959000,post_stop,0.000000,-1.353139,4.094273,-5.447412
6.960000,post_stop,0.000000,-0.801421,4.094273,-4.895694
6.961000,post_stop,0.000000,-0.249703,4.094273,-4.343977
6.962000,post_stop,0.000000,0.215975,4.094273,-3.878299
6.963000,post_stop,0.000000,0.610947,4.094273,-3.483326
6.964000,post_stop,0.000000,1.005920,4.094273,-3.088354
6.965000,post_stop,0.000000,1.400892,4.094273,-2.693381
6.966000,post_stop,0.000000,1.795865,4.094273,-2.298408
6.967000,post_stop,0.000000,2.190837,4.094273,-1.903436
6.968000,post_stop,0.000000,2.585810,4.094273,-1.508463
6.969000,post_stop,0.000000,2.980783,4.094273,-1.113491
6.970000,post_stop,0.000000,2.427751,4.094273,-1.666523
6.971000,post_stop,0.000000,1.865466,4.094273,-2.228807
6.972000,post_stop,0.000000,1.303182,4.094273,-2.791091
6.973000,post_stop,0.000000,0.740898,4.094273,-3.353376
6.974000,post_stop,0.000000,0.178614,4.094273,-3.915660
6.975000,post_stop,0.000000,-0.383671,4.094273,-4.477944
6.976000,post_stop,0.000000,-0.945955,4.094273,-5.040228
6.977000,post_stop,0.000000,-1.612172,4.094273,-5.706446
6.978000,post_stop,0.000000,-2.415178,4.094273,-6.509452
6.979000,post_stop,0.000000,-3.218185,4.094273,-7.312458
6.980000,post_stop,0.000000,-4.021191,4.094273,-8.115464
6.981000,post_stop,0.000000,-4.824197,4.094273,-8.918470
6.982000,post_stop,0.000000,-5.627203,4.094273,-9.721476
6.983000,post_stop,0.000000,-6.430209,4.094273,-10.524483
6.984000,post_stop,0.000000,-7.233215,4.094273,-11.327489
6.985000,post_stop,0.000000,-7.521033,4.094273,-11.615307
6.986000,post_stop,0.000000,-7.734023,4.094273,-11.828297
6.987000,post_stop,0.000000,-7.947013,4.094273,-12.041287
6.988000,post_stop,0.000000,-8.160003,4.094273,-12.254277
6.989000,post_stop,0.000000,-8.372994,4.094273,-12.467267
6.990000,post_stop,0.000000,-8.585984,4.094273,-12.680257
6.991000,post_stop,0.000000,-8.798974,4.094273,-12.893247
6.992000,post_stop,0.000000,-9.011964,4.094273,-13.106237
6.993000,post_stop,0.000000,-9.224954,4.094273,-13.319227
6.994000,post_stop,0.000000,-9.437944,4.094273,-13.532218
6.995000,post_stop,0.000000,-9.650934,4.094273,-13.745208
6.996000,post_stop,0.000000,-9.863924,4.094273,-13.958198
6.997000,post_stop,0.000000,-10.076914,4.094273,-14.171188
6.998000,post_stop,0.000000,-10.289904,4.094273,-14.384178
6.999000,post_stop,0.000000,-10.502895,4.094273,-14.597168
7.000000,post_stop,0.000000,-10.086741,4.094273,-14.181014
7.001000,post_stop,0.000000,-9.467551,4.094273,-13.561824
7.002000,post_stop,0.000000,-8.848361,4.094273,-12.942635
7.003000,post_stop,0.000000,-8.229172,4.094273,-12.323445
7.004000,post_stop,0.000000,-7.609982,4.094273,-11.704255
7.005000,post_stop,0.000000,-6.990792,4.094273,-11.085066
7.006000,post_stop,0.000000,-6.371602,4.094273,-10.465876
7.007000,post_stop,0.000000,-5.737887,4.094273,-9.832161
7.008000,post_stop,0.000000,-5.045129,4.094273,-9.139402
7.009000,post_stop,0.000000,-4.352371,4.094273,-8.446644
7.010000,post_stop,0.000000,-3.659613,4.094273,-7.753886
7.011000,post_stop,0.000000,-2.966854,4.094273,-7.061128
7.012000,post_stop,0.000000,-2.274096,4.094273,-6.368369
7.013000,post_stop,0.000000,-1.581338,4.094273,-5.675611
7.014000,post_stop,0.000000,-0.888580,4.094273,-4.982853
7.015000,post_stop,0.000000,-0.458669,4.094273,-4.552942
7.016000,post_stop,0.000000,-0.177342,4.094273,-4.271615
7.017000,post_stop,0.000000,0.103985,4.094273,-3.990288
7.018000,post_stop,0.000000,0.385312,4.094273,-3.708961
7.019000,post_stop,0.000000,0.666639,4.094273,-3.427634
7.020000,post_stop,0.000000,0.947966,4.094273,-3.146307
7.021000,post_stop,0.000000,1.229293,4.094273,-2.864980
7.022000,post_stop,0.000000,1.483438,4.094273,-2.610836
7.023000,post_stop,0.000000,1.426182,4.094273,-2.668092
7.024000,post_stop,0.000000,1.368926,4.094273,-2.725347
7.025000,post_stop,0.000000,1.311670,4.094273,-2.782603
7.026000,post_stop,0.000000,1.254414,4.094273,-2.839859
7.027000,post_stop,0.000000,1.197159,4.094273,-2.897115
7.028000,post_stop,0.000000,1.139903,4.094273,-2.954371
7.029000,post_stop,0.000000,1.082647,4.094273,-3.011627
7.030000,post_stop,0.000000,0.829842,4.094273,-3.264431
7.031000,post_stop,0.000000,0.397758,4.094273,-3.696515
7.032000,post_stop,0.000000,-0.034325,4.094273,-4.128598
7.033000,post_stop,0.000000,-0.466409,4.094273,-4.560682
7.034000,post_stop,0.000000,-0.898492,4.094273,-4.992765
7.035000,post_stop,0.000000,-1.330576,4.094273,-5.424849
7.036000,post_stop,0.000000,-1.762659,4.094273,-5.856932
7.037000,post_stop,0.000000,-2.194743,4.094273,-6.289016
7.038000,post_stop,0.000000,-2.316930,4.094273,-6.411203
7.039000,post_stop,0.000000,-2.427253,4.094273,-6.521526
7.040000,post_stop,0.000000,-2.537575,4.094273,-6.631849
7.041000,post_stop,0.000000,-2.647898,4.094273,-6.742171
7.042000,post_stop,0.000000,-2.758220,4.094273,-6.852494
7.043000,post_stop,0.000000,-2.868543,4.094273,-6.962816
7.044000,post_stop,0.000000,-2.978866,4.094273,-7.073139
7.045000,post_stop,0.000000,-3.185881,4.094273,-7.280154
7.046000,post_stop,0.000000,-3.535218,4.094273,-7.629492
7.047000,post_stop,0.000000,-3.884556,4.094273,-7.978829
7.048000,post_stop,0.000000,-4.233893,4.094273,-8.328167
7.049000,post_stop,0.000000,-4.583231,4.094273,-8.677504
7.050000,post_stop,0.000000,-4.932569,4.094273,-9.026842
7.051000,post_stop,0.000000,-5.281906,4.094273,-9.376179
7.052000,post_stop,0.000000,-5.631244,4.094273,-9.725517
7.053000,post_stop,0.000000,-5.669219,4.094273,-9.763492
7.054000,post_stop,0.000000,-5.650502,4.094273,-9.744776
7.055000,post_stop,0.000000,-5.631785,4.094273,-9.726059
7.056000,post_stop,0.000000,-5.613069,4.094273,-9.707342
7.057000,post_stop,0.000000,-5.594352,4.094273,-9.688625
7.058000,post_stop,0.000000,-5.575635,4.094273,-9.669908
7.059000,post_stop,0.000000,-5.556918,4.094273,-9.651191
7.060000,post_stop,0.000000,-5.421865,4.094273,-9.516139
7.061000,post_stop,0.000000,-4.998345,4.094273,-9.092619
7.062000,post_stop,0.000000,-4.574825,4.094273,-8.669098
7.063000,post_stop,0.000000,-4.151305,4.094273,-8.245578
7.064000,post_stop,0.000000,-3.727785,4.094273,-7.822058
7.065000,post_stop,0.000000,-3.304265,4.094273,-7.398538
7.066000,post_stop,0.000000,-2.880745,4.094273,-6.975018
7.067000,post_stop,0.000000,-2.457224,4.094273,-6.551498
7.068000,post_stop,0.000000,-2.455381,4.094273,-6.549655
7.069000,post_stop,0.000000,-2.610444,4.094273,-6.704717
7.070000,post_stop,0.000000,-2.765506,4.094273,-6.859780
7.071000,post_stop,0.000000,-2.920569,4.094273,-7.014842
7.072000,post_stop,0.000000,-3.075631,4.094273,-7.169905
7.073000,post_stop,0.000000,-3.230694,4.094273,-7.324967
7.074000,post_stop,0.000000,-3.385756,4.094273,-7.480030
7.075000,post_stop,0.000000,-3.511244,4.094273,-7.605517
7.076000,post_stop,0.000000,-3.492570,4.094273,-7.586843
7.077000,post_stop,0.000000,-3.473896,4.094273,-7.568170
7.078000,post_stop,0.000000,-3.455223,4.094273,-7.549496
7.079000,post_stop,0.000000,-3.436549,4.094273,-7.530823
7.080000,post_stop,0.000000,-3.417876,4.094273,-7.512149
7.081000,post_stop,0.000000,-3.399202,4.094273,-7.493475
7.082000,post_stop,0.000000,-3.380528,4.094273,-7.474802
7.083000,post_stop,0.000000,-3.270346,4.094273,-7.364620
7.084000,post_stop,0.000000,-3.102064,4.094273,-7.196338
7.085000,post_stop,0.000000,-2.933782,4.094273,-7.028056
7.086000,post_stop,0.000000,-2.765500,4.094273,-6.859774
7.087000,post_stop,0.000000,-2.597218,4.094273,-6.691492
7.088000,post_stop,0.000000,-2.428936,4.094273,-6.523210
7.089000,post_stop,0.000000,-2.260654,4.094273,-6.354928
7.090000,post_stop,0.000000,-2.073336,4.094273,-6.167610
7.091000,post_stop,0.000000,-1.546388,4.094273,-5.640661
7.092000,post_stop,0.000000,-1.019439,4.094273,-5.113712
7.093000,post_stop,0.000000,-0.492490,4.094273,-4.586763
7.094000,post_stop,0.000000,0.034459,4.094273,-4.059815
7.095000,post_stop,0.000000,0.561408,4.094273,-3.532866
7.096000,post_stop,0.000000,1.088356,4.094273,-3.005917
7.097000,post_stop,0.000000,1.615305,4.094273,-2.478968
7.098000,post_stop,0.000000,1.912419,4.094273,-2.181855
7.099000,post_stop,0.000000,1.974580,4.094273,-2.119694
7.100000,post_stop,0.000000,2.036741,4.094273,-2.057533
7.101000,post_stop,0.000000,2.098902,4.094273,-1.995372
7.102000,post_stop,0.000000,2.161062,4.094273,-1.933211
7.103000,post_stop,0.000000,2.223223,4.094273,-1.871050
7.104000,post_stop,0.000000,2.285384,4.094273,-1.808889
7.105000,post_stop,0.000000,2.347545,4.094273,-1.746728
7.106000,post_stop,0.000000,2.543770,4.094273,-1.550504
7.107000,post_stop,0.000000,2.749174,4.094273,-1.345100
7.108000,post_stop,0.000000,2.954578,4.094273,-1.139696
7.109000,post_stop,0.000000,3.159982,4.094273,-0.934291
7.110000,post_stop,0.000000,3.365386,4.094273,-0.728887
7.111000,post_stop,0.000000,3.570790,4.094273,-0.523483
7.112000,post_stop,0.000000,3.776194,4.094273,-0.318079
7.113000,post_stop,0.000000,3.719511,4.094273,-0.374762
7.114000,post_stop,0.000000,3.230345,4.094273,-0.863929
7.115000,post_stop,0.000000,2.741178,4.094273,-1.353095
7.116000,post_stop,0.000000,2.252012,4.094273,-1.842262
7.117000,post_stop,0.000000,1.762845,4.094273,-2.331428
7.118000,post_stop,0.000000,1.273679,4.094273,-2.820595
7.119000,post_stop,0.000000,0.784512,4.094273,-3.309761
7.120000,post_stop,0.000000,0.295346,4.094273,-3.798928
7.121000,post_stop,0.000000,-0.078120,4.094273,-4.172393
7.122000,post_stop,0.000000,-0.425973,4.094273,-4.520247
7.123000,post_stop,0.000000,-0.773827,4.094273,-4.868100
7.124000,post_stop,0.000000,-1.121681,4.094273,-5.215954
7.125000,post_stop,0.000000,-1.469534,4.094273,-5.563808
7.126000,post_stop,0.000000,-1.817388,4.094273,-5.911661
7.127000,post_stop,0.000000,-2.165242,4.094273,-6.259515
7.128000,post_stop,0.000000,-2.513153,4.094273,-6.607426
7.129000,post_stop,0.000000,-2.861227,4.094273,-6.955500
7.130000,post_stop,0.000000,-3.209301,4.094273,-7.303575
7.131000,post_stop,0.000000,-3.557376,4.094273,-7.651649
7.132000,post_stop,0.000000,-3.905450,4.094273,-7.999723
7.133000,post_stop,0.000000,-4.253524,4.094273,-8.347798
7.134000,post_stop,0.000000,-4.601599,4.094273,-8.695872
7.135000,post_stop,0.000000,-4.949673,4.094273,-9.043946
7.136000,post_stop,0.000000,-4.873169,4.094273,-8.967443
7.137000,post_stop,0.000000,-4.616087,4.094273,-8.710361
7.138000,post_stop,0.000000,-4.359006,4.094273,-8.453279
7.139000,post_stop,0.000000,-4.101924,4.094273,-8.196197
7.140000,post_stop,0.000000,-3.844842,4.094273,-7.939116
7.141000,post_stop,0.000000,-3.587760,4.094273,-7.682034
7.142000,post_stop,0.000000,-3.330679,4.094273,-7.424952
7.143000,post_stop,0.000000,-3.052259,4.094273,-7.146533
7.144000,post_stop,0.000000,-2.645987,4.094273,-6.740261
7.145000,post_stop,0.000000,-2.239715,4.094273,-6.333988
7.146000,post_stop,0.000000,-1.833443,4.094273,-5.927716
7.147000,post_stop,0.000000,-1.427171,4.094273,-5.521444
7.148000,post_stop,0.000000,-1.020898,4.094273,-5.115172
7.149000,post_stop,0.000000,-0.614626,4.094273,-4.708900
7.150000,post_stop,0.000000,-0.208354,4.094273,-4.302627
7.151000,post_stop,0.000000,0.393391,4.094273,-3.700883
7.152000,post_stop,0.000000,1.134122,4.094273,-2.960151
7.153000,post_stop,0.000000,1.874854,4.094273,-2.219420
7.154000,post_stop,0.000000,2.615585,4.094273,-1.478688
7.155000,post_stop,0.000000,3.356317,4.094273,-0.737957
7.156000,post_stop,0.000000,4.097048,4.094273,0.002775
7.157000,post_stop,0.000000,4.837780,4.094273,0.743506
7.158000,post_stop,0.000000,5.573684,4.094273,1.479411
7.159000,post_stop,0.000000,6.127794,4.094273,2.033520
7.160000,post_stop,0.000000,6.681903,4.094273,2.587629
7.161000,post_stop,0.000000,7.236012,4.094273,3.141739
7.162000,post_stop,0.000000,7.790121,4.094273,3.695848
7.163000,post_stop,0.000000,8.344231,4.094273,4.249957
7.164000,post_stop,0.000000,8.898340,4.094273,4.804067
7.165000,post_stop,0.000000,9.452449,4.094273,5.358176
7.166000,post_stop,0.000000,9.775977,4.094273,5.681704
7.167000,post_stop,0.000000,9.836637,4.094273,5.742364
7.168000,post_stop,0.000000,9.897297,4.094273,5.803024
7.169000,post_stop,0.000000,9.957957,4.094273,5.863684
7.170000,post_stop,0.000000,10.018617,4.094273,5.924344
7.171000,post_stop,0.000000,10.079277,4.094273,5.985004
7.172000,post_stop,0.000000,10.139937,4.094273,6.045664
7.173000,post_stop,0.000000,10.200597,4.094273,6.106324
7.174000,post_stop,0.000000,9.968756,4.094273,5.874483
7.175000,post_stop,0.000000,9.707529,4.094273,5.613256
7.176000,post_stop,0.000000,9.446302,4.094273,5.352028
7.177000,post_stop,0.000000,9.185074,4.094273,5.090801
7.178000,post_stop,0.000000,8.923847,4.094273,4.829573
7.179000,post_stop,0.000000,8.662620,4.094273,4.568346
7.180000,post_stop,0.000000,8.401392,4.094273,4.307119
7.181000,post_stop,0.000000,8.080841,4.094273,3.986568
7.182000,post_stop,0.000000,7.650180,4.094273,3.555907
7.183000,post_stop,0.000000,7.219519,4.094273,3.125246
7.184000,post_stop,0.000000,6.788858,4.094273,2.694585
7.185000,post_stop,0.000000,6.358197,4.094273,2.263924
7.186000,post_stop,0.000000,5.927536,4.094273,1.833263
7.187000,post_stop,0.000000,5.496875,4.094273,1.402602
7.188000,post_stop,0.000000,5.066214,4.094273,0.971941
7.189000,post_stop,0.000000,4.742520,4.094273,0.648246
7.190000,post_stop,0.000000,4.446995,4.094273,0.352722
7.191000,post_stop,0.000000,4.151470,4.094273,0.057197
7.192000,post_stop,0.000000,3.855946,4.094273,-0.238328
7.193000,post_stop,0.000000,3.560421,4.094273,-0.533853
7.194000,post_stop,0.000000,3.264896,4.094273,-0.829377
7.195000,post_stop,0.000000,2.969371,4.094273,-1.124902
7.196000,post_stop,0.000000,2.745455,4.094273,-1.348818
7.197000,post_stop,0.000000,2.757304,4.094273,-1.336970
7.198000,post_stop,0.000000,2.769152,4.094273,-1.325122
7.199000,post_stop,0.000000,2.781000,4.094273,-1.313273
7.200000,post_stop,0.000000,2.792848,4.094273,-1.301425
7.201000,post_stop,0.000000,2.804697,4.094273,-1.289577
7.202000,post_stop,0.000000,2.816545,4.094273,-1.277728
7.203000,post_stop,0.000000,2.828393,4.094273,-1.265880
7.204000,post_stop,0.000000,2.840242,4.094273,-1.254032
7.205000,post_stop,0.000000,2.852090,4.094273,-1.242183
7.206000,post_stop,0.000000,2.863938,4.094273,-1.230335
7.207000,post_stop,0.000000,2.875787,4.094273,-1.218487
7.208000,post_stop,0.000000,2.887635,4.094273,-1.206639
7.209000,post_stop,0.000000,2.899483,4.094273,-1.194790
7.210000,post_stop,0.000000,2.911331,4.094273,-1.182942
7.211000,post_stop,0.000000,2.940900,4.094273,-1.153374
7.212000,post_stop,0.000000,3.105752,4.094273,-0.988521
7.213000,post_stop,0.000000,3.270605,4.094273,-0.823669
7.214000,post_stop,0.000000,3.435457,4.094273,-0.658816
7.215000,post_stop,0.000000,3.600310,4.094273,-0.493964
7.216000,post_stop,0.000000,3.765162,4.094273,-0.329111
7.217000,post_stop,0.000000,3.930015,4.094273,-0.164259
7.218000,post_stop,0.000000,4.094867,4.094273,0.000594
7.219000,post_stop,0.000000,4.405591,4.094273,0.311317
7.220000,post_stop,0.000000,4.832221,4.094273,0.737948
7.221000,post_stop,0.000000,5.258851,4.094273,1.164578
7.222000,post_stop,0.000000,5.685482,4.094273,1.591208
7.223000,post_stop,0.000000,6.112112,4.094273,2.017839
7.224000,post_stop,0.000000,6.538742,4.094273,2.444469
7.225000,post_stop,0.000000,6.965373,4.094273,2.871099
7.226000,post_stop,0.000000,7.392003,4.094273,3.297729
7.227000,post_stop,0.000000,7.536652,4.094273,3.442378
7.228000,post_stop,0.000000,7.680921,4.094273,3.586647
7.229000,post_stop,0.000000,7.825190,4.094273,3.730917
7.230000,post_stop,0.000000,7.969459,4.094273,3.875186
7.231000,post_stop,0.000000,8.113728,4.094273,4.019455
7.232000,post_stop,0.000000,8.257997,4.094273,4.163724
7.233000,post_stop,0.000000,8.402266,4.094273,4.307993
7.234000,post_stop,0.000000,8.461001,4.094273,4.366727
7.235000,post_stop,0.000000,8.410906,4.094273,4.316633
7.236000,post_stop,0.000000,8.360812,4.094273,4.266538
7.237000,post_stop,0.000000,8.310718,4.094273,4.216444
7.238000,post_stop,0.000000,8.260623,4.094273,4.166350
7.239000,post_stop,0.000000,8.210529,4.094273,4.116255
7.240000,post_stop,0.000000,8.160434,4.094273,4.066161
7.241000,post_stop,0.000000,8.110340,4.094273,4.016067
7.242000,post_stop,0.000000,8.258712,4.094273,4.164439
7.243000,post_stop,0.000000,8.433764,4.094273,4.339491
7.244000,post_stop,0.000000,8.608817,4.094273,4.514544
7.245000,post_stop,0.000000,8.783869,4.094273,4.689596
7.246000,post_stop,0.000000,8.958922,4.094273,4.864648
7.247000,post_stop,0.000000,9.133974,4.094273,5.039701
7.248000,post_stop,0.000000,9.309027,4.094273,5.214753
7.249000,post_stop,0.000000,9.372305,4.094273,5.278031
7.250000,post_stop,0.000000,9.201218,4.094273,5.106945
7.251000,post_stop,0.000000,9.030131,4.094273,4.935858
7.252000,post_stop,0.000000,8.859045,4.094273,4.764771
7.253000,post_stop,0.000000,8.687958,4.094273,4.593685
7.254000,post_stop,0.000000,8.516872,4.094273,4.422598
7.255000,post_stop,0.000000,8.345785,4.094273,4.251512
7.256000,post_stop,0.000000,8.174698,4.094273,4.080425
7.257000,post_stop,0.000000,8.099032,4.094273,4.004759
7.258000,post_stop,0.000000,8.052786,4.094273,3.958512
7.259000,post_stop,0.000000,8.006539,4.094273,3.912266
7.260000,post_stop,0.000000,7.960292,4.094273,3.866019
7.261000,post_stop,0.000000,7.914046,4.094273,3.819773
7.262000,post_stop,0.000000,7.867799,4.094273,3.773526
7.263000,post_stop,0.000000,7.821553,4.094273,3.727280
7.264000,post_stop,0.000000,7.698312,4.094273,3.604038
7.265000,post_stop,0.000000,7.277871,4.094273,3.183597
7.266000,post_stop,0.000000,6.857430,4.094273,2.763156
7.267000,post_stop,0.000000,6.436988,4.094273,2.342715
7.268000,post_stop,0.000000,6.016547,4.094273,1.922274
7.269000,post_stop,0.000000,5.596106,4.094273,1.501833
7.270000,post_stop,0.000000,5.175665,4.094273,1.081392
7.271000,post_stop,0.000000,4.755224,4.094273,0.660950
7.272000,post_stop,0.000000,4.548070,4.094273,0.453797
7.273000,post_stop,0.000000,4.457192,4.094273,0.362919
7.274000,post_stop,0.000000,4.366314,4.094273,0.272041
7.275000,post_stop,0.000000,4.275436,4.094273,0.181163
7.276000,post_stop,0.000000,4.184558,4.094273,0.090284
7.277000,post_stop,0.000000,4.093680,4.094273,-0.000594
7.278000,post_stop,0.000000,4.002802,4.094273,-0.091472
7.279000,post_stop,0.000000,3.946816,4.094273,-0.147457
7.280000,post_stop,0.000000,4.249743,4.094273,0.155469
7.281000,post_stop,0.000000,4.552669,4.094273,0.458396
7.282000,post_stop,0.000000,4.855596,4.094273,0.761322
7.283000,post_stop,0.000000,5.158522,4.094273,1.064249
7.284000,post_stop,0.000000,5.461449,4.094273,1.367175
7.285000,post_stop,0.000000,5.764375,4.094273,1.670102
7.286000,post_stop,0.000000,6.067302,4.094273,1.973028
7.287000,post_stop,0.000000,6.487383,4.094273,2.393109
7.288000,post_stop,0.000000,7.011345,4.094273,2.917072
7.289000,post_stop,0.000000,7.535308,4.094273,3.441034
7.290000,post_stop,0.000000,8.059270,4.094273,3.964997
7.291000,post_stop,0.000000,8.583233,4.094273,4.488959
7.292000,post_stop,0.000000,9.107195,4.094273,5.012922
7.293000,post_stop,0.000000,9.631158,4.094273,5.536884
7.294000,post_stop,0.000000,10.155120,4.094273,6.060847
7.295000,post_stop,0.000000,10.526179,4.094273,6.431906
7.296000,post_stop,0.000000,10.892744,4.094273,6.798471
7.297000,post_stop,0.000000,11.259309,4.094273,7.165035
7.298000,post_stop,0.000000,11.625874,4.094273,7.531600
7.299000,post_stop,0.000000,11.992438,4.094273,7.898165
7.300000,post_stop,0.000000,12.359003,4.094273,8.264730
7.301000,post_stop,0.000000,12.725568,4.094273,8.631294
7.302000,post_stop,0.000000,12.999701,4.094273,8.905427
7.303000,post_stop,0.000000,13.142387,4.094273,9.048114
7.304000,post_stop,0.000000,13.285074,4.094273,9.190801
7.305000,post_stop,0.000000,13.427761,4.094273,9.333487
7.306000,post_stop,0.000000,13.570447,4.094273,9.476174
7.307000,post_stop,0.000000,13.713134,4.094273,9.618861
7.308000,post_stop,0.000000,13.855821,4.094273,9.761547
7.309000,post_stop,0.000000,13.998507,4.094273,9.904234
7.310000,post_stop,0.000000,14.141194,4.094273,10.046920
7.311000,post_stop,0.000000,14.283881,4.094273,10.189607
7.312000,post_stop,0.000000,14.426567,4.094273,10.332294
7.313000,post_stop,0.000000,14.569254,4.094273,10.474980
7.314000,post_stop,0.000000,14.711941,4.094273,10.617667
7.315000,post_stop,0.000000,14.854627,4.094273,10.760354
7.316000,post_stop,0.000000,14.997314,4.094273,10.903040
7.317000,post_stop,0.000000,15.080338,4.094273,10.986065
7.318000,post_stop,0.000000,15.021266,4.094273,10.926993
7.319000,post_stop,0.000000,14.962193,4.094273,10.867920
7.320000,post_stop,0.000000,14.903121,4.094273,10.808848
7.321000,post_stop,0.000000,14.844048,4.094273,10.749775
7.322000,post_stop,0.000000,14.784976,4.094273,10.690702
7.323000,post_stop,0.000000,14.725903,4.094273,10.631630
7.324000,post_stop,0.000000,14.666831,4.094273,10.572557
7.325000,post_stop,0.000000,14.342955,4.094273,10.248681
7.326000,post_stop,0.000000,13.924647,4.094273,9.830373
7.327000,post_stop,0.000000,13.506338,4.094273,9.412065
7.328000,post_stop,0.000000,13.088030,4.094273,8.993757
7.329000,post_stop,0.000000,12.669722,4.094273,8.575448
7.330000,post_stop,0.000000,12.251414,4.094273,8.157140
7.331000,post_stop,0.000000,11.833105,4.094273,7.738832
7.332000,post_stop,0.000000,11.426052,4.094273,7.331779
7.333000,post_stop,0.000000,11.070779,4.094273,6.976505
7.334000,post_stop,0.000000,10.715505,4.094273,6.621232
7.335000,post_stop,0.000000,10.360232,4.094273,6.265958
7.336000,post_stop,0.000000,10.004958,4.094273,5.910685
7.337000,post_stop,0.000000,9.649685,4.094273,5.555412
7.338000,post_stop,0.000000,9.294412,4.094273,5.200138
7.339000,post_stop,0.000000,8.939138,4.094273,4.844865
7.340000,post_stop,0.000000,8.884454,4.094273,4.790181
7.341000,post_stop,0.000000,9.014023,4.094273,4.919750
7.342000,post_stop,0.000000,9.143593,4.094273,5.049319
7.343000,post_stop,0.000000,9.273162,4.094273,5.178889
7.344000,post_stop,0.000000,9.402731,4.094273,5.308458
7.345000,post_stop,0.000000,9.532301,4.094273,5.438027
7.346000,post_stop,0.000000,9.661870,4.094273,5.567597
7.347000,post_stop,0.000000,9.793396,4.094273,5.699123
7.348000,post_stop,0.000000,9.954839,4.094273,5.860566
7.349000,post_stop,0.000000,10.116282,4.094273,6.022008
7.350000,post_stop,0.000000,10.277725,4.094273,6.183451
7.351000,post_stop,0.000000,10.439167,4.094273,6.344894
7.352000,post_stop,0.000000,10.600610,4.094273,6.506337
7.353000,post_stop,0.000000,10.762053,4.094273,6.667779
7.354000,post_stop,0.000000,10.923496,4.094273,6.829222
7.355000,post_stop,0.000000,11.214441,4.094273,7.120167
7.356000,post_stop,0.000000,11.633438,4.094273,7.539164
7.357000,post_stop,0.000000,12.052435,4.094273,7.958161
7.358000,post_stop,0.000000,12.471432,4.094273,8.377158
7.359000,post_stop,0.000000,12.890429,4.094273,8.796155
7.360000,post_stop,0.000000,13.309426,4.094273,9.215152
7.361000,post_stop,0.000000,13.728423,4.094273,9.634149
7.362000,post_stop,0.000000,14.147420,4.094273,10.053146
7.363000,post_stop,0.000000,14.184877,4.094273,10.090603
7.364000,post_stop,0.000000,14.199801,4.094273,10.105528
7.365000,post_stop,0.000000,14.214726,4.094273,10.120453
7.366000,post_stop,0.000000,14.229651,4.094273,10.135377
7.367000,post_stop,0.000000,14.244575,4.094273,10.150302
7.368000,post_stop,0.000000,14.259500,4.094273,10.165227
7.369000,post_stop,0.000000,14.274425,4.094273,10.180151
7.370000,post_stop,0.000000,14.362630,4.094273,10.268357
7.371000,post_stop,0.000000,14.567571,4.094273,10.473298
7.372000,post_stop,0.000000,14.772512,4.094273,10.678239
7.373000,post_stop,0.000000,14.977453,4.094273,10.883180
7.374000,post_stop,0.000000,15.182394,4.094273,11.088121
7.375000,post_stop,0.000000,15.387335,4.094273,11.293061
7.376000,post_stop,0.000000,15.592276,4.094273,11.498002
7.377000,post_stop,0.000000,15.797217,4.094273,11.702943
7.378000,post_stop,0.000000,15.563256,4.094273,11.468983
7.379000,post_stop,0.000000,15.237533,4.094273,11.143260
7.380000,post_stop,0.000000,14.911810,4.094273,10.817536
7.381000,post_stop,0.000000,14.586086,4.094273,10.491813
7.382000,post_stop,0.000000,14.260363,4.094273,10.166089
7.383000,post_stop,0.000000,13.934639,4.094273,9.840366
7.384000,post_stop,0.000000,13.608916,4.094273,9.514643
7.385000,post_stop,0.000000,13.330187,4.094273,9.235913
7.386000,post_stop,0.000000,13.179488,4.094273,9.085215
7.387000,post_stop,0.000000,13.028790,4.094273,8.934517
7.388000,post_stop,0.000000,12.878092,4.094273,8.783818
7.389000,post_stop,0.000000,12.727393,4.094273,8.633120
7.390000,post_stop,0.000000,12.576695,4.094273,8.482421
7.391000,post_stop,0.000000,12.425996,4.094273,8.331723
7.392000,post_stop,0.000000,12.275298,4.094273,8.181025
7.393000,post_stop,0.000000,12.235181,4.094273,8.140908
7.394000,post_stop,0.000000,12.240249,4.094273,8.145975
7.395000,post_stop,0.000000,12.245316,4.094273,8.151043
7.396000,post_stop,0.000000,12.250384,4.094273,8.156110
7.397000,post_stop,0.000000,12.255451,4.094273,8.161178
7.398000,post_stop,0.000000,12.260519,4.094273,8.166245
7.399000,post_stop,0.000000,12.265586,4.094273,8.171313
7.400000,post_stop,0.000000,12.226418,4.094273,8.132144
7.401000,post_stop,0.000000,11.939196,4.094273,7.844923
7.402000,post_stop,0.000000,11.651975,4.094273,7.557701
7.403000,post_stop,0.000000,11.364753,4.094273,7.270480
7.404000,post_stop,0.000000,11.077531,4.094273,6.983258
7.405000,post_stop,0.000000,10.790310,4.094273,6.696036
7.406000,post_stop,0.000000,10.503088,4.094273,6.408815
7.407000,post_stop,0.000000,10.215867,4.094273,6.121593
7.408000,post_stop,0.000000,10.025225,4.094273,5.930952
7.409000,post_stop,0.000000,9.900936,4.094273,5.806663
7.410000,post_stop,0.000000,9.776647,4.094273,5.682373
7.411000,post_stop,0.000000,9.652358,4.094273,5.558084
7.412000,post_stop,0.000000,9.528068,4.094273,5.433795
7.413000,post_stop,0.000000,9.403779,4.094273,5.309506
7.414000,post_stop,0.000000,9.279490,4.094273,5.185216
7.415000,post_stop,0.000000,9.162373,4.094273,5.068100
7.416000,post_stop,0.000000,9.247903,4.094273,5.153629
7.417000,post_stop,0.000000,9.333432,4.094273,5.239159
7.418000,post_stop,0.000000,9.418962,4.094273,5.324688
7.419000,post_stop,0.000000,9.504491,4.094273,5.410218
7.420000,post_stop,0.000000,9.590021,4.094273,5.495747
7.421000,post_stop,0.000000,9.675550,4.094273,5.581277
7.422000,post_stop,0.000000,9.761080,4.094273,5.666806
7.423000,post_stop,0.000000,9.839020,4.094273,5.744746
7.424000,post_stop,0.000000,9.908591,4.094273,5.814318
7.425000,post_stop,0.000000,9.978163,4.094273,5.883889
7.426000,post_stop,0.000000,10.047734,4.094273,5.953461
7.427000,post_stop,0.000000,10.117305,4.094273,6.023032
7.428000,post_stop,0.000000,10.186877,4.094273,6.092604
7.429000,post_stop,0.000000,10.256448,4.094273,6.162175
7.430000,post_stop,0.000000,10.326020,4.094273,6.231746
7.431000,post_stop,0.000000,10.617364,4.094273,6.523091
7.432000,post_stop,0.000000,10.928775,4.094273,6.834501
7.433000,post_stop,0.000000,11.240185,4.094273,7.145912
7.434000,post_stop,0.000000,11.551596,4.094273,7.457322
7.435000,post_stop,0.000000,11.863006,4.094273,7.768733
7.436000,post_stop,0.000000,12.174417,4.094273,8.080143
7.437000,post_stop,0.000000,12.485827,4.094273,8.391554
7.438000,post_stop,0.000000,12.787627,4.094273,8.693354
7.439000,post_stop,0.000000,13.072226,4.094273,8.977953
7.440000,post_stop,0.000000,13.356826,4.094273,9.262552
7.441000,post_stop,0.000000,13.641425,4.094273,9.547151
7.442000,post_stop,0.000000,13.926024,4.094273,9.831750
7.443000,post_stop,0.000000,14.210623,4.094273,10.116350
7.444000,post_stop,0.000000,14.495222,4.094273,10.400949
7.445000,post_stop,0.000000,14.779821,4.094273,10.685548
7.446000,post_stop,0.000000,14.833168,4.094273,10.738895
7.447000,post_stop,0.000000,14.828655,4.094273,10.734382
7.448000,post_stop,0.000000,14.824142,4.094273,10.729869
7.449000,post_stop,0.000000,14.819629,4.094273,10.725356
7.450000,post_stop,0.000000,14.815116,4.094273,10.720843
7.451000,post_stop,0.000000,14.810603,4.094273,10.716330
7.452000,post_stop,0.000000,14.806090,4.094273,10.711817
7.453000,post_stop,0.000000,14.792872,4.094273,10.698599
7.454000,post_stop,0.000000,14.752283,4.094273,10.658010
7.455000,post_stop,0.000000,14.711694,4.094273,10.617420
7.456000,post_stop,0.000000,14.671104,4.094273,10.576831
7.457000,post_stop,0.000000,14.630515,4.094273,10.536242
7.458000,post_stop,0.000000,14.589926,4.094273,10.495652
7.459000,post_stop,0.000000,14.549336,4.094273,10.455063
7.460000,post_stop,0.000000,14.508747,4.094273,10.414473
7.461000,post_stop,0.000000,14.086343,4.094273,9.992070
7.462000,post_stop,0.000000,13.486492,4.094273,9.392219
7.463000,post_stop,0.000000,12.886641,4.094273,8.792368
7.464000,post_stop,0.000000,12.286790,4.094273,8.192517
7.465000,post_stop,0.000000,11.686939,4.094273,7.592666
7.466000,post_stop,0.000000,11.087088,4.094273,6.992815
7.467000,post_stop,0.000000,10.487237,4.094273,6.392964
7.468000,post_stop,0.000000,9.933848,4.094273,5.839575
7.469000,post_stop,0.000000,9.708289,4.094273,5.614016
7.470000,post_stop,0.000000,9.482730,4.094273,5.388457
7.471000,post_stop,0.000000,9.257171,4.094273,5.162898
7.472000,post_stop,0.000000,9.031612,4.094273,4.937339
7.473000,post_stop,0.000000,8.806053,4.094273,4.711780
7.474000,post_stop,0.000000,8.580494,4.094273,4.486221
7.475000,post_stop,0.000000,8.354935,4.094273,4.260662
7.476000,post_stop,0.000000,8.200278,4.094273,4.106004
7.477000,post_stop,0.000000,8.100084,4.094273,4.005811
7.478000,post_stop,0.000000,7.999891,4.094273,3.905618
7.479000,post_stop,0.000000,7.899698,4.094273,3.805425
7.480000,post_stop,0.000000,7.799505,4.094273,3.705232
7.481000,post_stop,0.000000,7.699312,4.094273,3.605039
7.482000,post_stop,0.000000,7.599119,4.094273,3.504846
7.483000,post_stop,0.000000,7.501555,4.094273,3.407282
7.484000,post_stop,0.000000,7.778274,4.094273,3.684000
7.485000,post_stop,0.000000,8.054992,4.094273,3.960719
7.486000,post_stop,0.000000,8.331711,4.094273,4.237437
7.487000,post_stop,0.000000,8.608429,4.094273,4.514156
7.488000,post_stop,0.000000,8.885148,4.094273,4.790874
7.489000,post_stop,0.000000,9.161866,4.094273,5.067593
7.490000,post_stop,0.000000,9.438585,4.094273,5.344311
7.491000,post_stop,0.000000,9.618317,4.094273,5.524044
7.492000,post_stop,0.000000,9.678740,4.094273,5.584467
7.493000,post_stop,0.000000,9.739163,4.094273,5.644889
7.494000,post_stop,0.000000,9.799586,4.094273,5.705312
7.495000,post_stop,0.000000,9.860009,4.094273,5.765735
7.496000,post_stop,0.000000,9.920432,4.094273,5.826158
7.497000,post_stop,0.000000,9.980855,4.094273,5.886581
7.498000,post_stop,0.000000,10.041278,4.094273,5.947004
7.499000,post_stop,0.000000,10.370330,4.094273,6.276057
7.500000,post_stop,0.000000,10.732647,4.094273,6.638373
7.501000,post_stop,0.000000,11.094963,4.094273,7.000689
7.502000,post_stop,0.000000,11.457279,4.094273,7.363005
7.503000,post_stop,0.000000,11.819595,4.094273,7.725321
7.504000,post_stop,0.000000,12.181911,4.094273,8.087637
7.505000,post_stop,0.000000,12.544227,4.094273,8.449954
7.506000,post_stop,0.000000,12.848328,4.094273,8.754055
7.507000,post_stop,0.000000,13.034894,4.094273,8.940621
7.508000,post_stop,0.000000,13.221461,4.094273,9.127187
7.509000,post_stop,0.000000,13.408027,4.094273,9.313754
7.510000,post_stop,0.000000,13.594593,4.094273,9.500320
7.511000,post_stop,0.000000,13.781160,4.094273,9.686886
7.512000,post_stop,0.000000,13.967726,4.094273,9.873453
7.513000,post_stop,0.000000,14.154293,4.094273,10.060019
7.514000,post_stop,0.000000,14.091443,4.094273,9.997169
7.515000,post_stop,0.000000,13.955208,4.094273,9.860934
7.516000,post_stop,0.000000,13.818972,4.094273,9.724699
7.517000,post_stop,0.000000,13.682737,4.094273,9.588463
7.518000,post_stop,0.000000,13.546501,4.094273,9.452228
7.519000,post_stop,0.000000,13.410266,4.094273,9.315993
7.520000,post_stop,0.000000,13.274031,4.094273,9.179757
7.521000,post_stop,0.000000,13.137795,4.094273,9.043522
7.522000,post_stop,0.000000,13.001560,4.094273,8.907286
7.523000,post_stop,0.000000,12.865324,4.094273,8.771051
7.524000,post_stop,0.000000,12.729089,4.094273,8.634816
7.525000,post_stop,0.000000,12.592854,4.094273,8.498580
7.526000,post_stop,0.000000,12.456618,4.094273,8.362345
7.527000,post_stop,0.000000,12.320383,4.094273,8.226110
7.528000,post_stop,0.000000,12.184148,4.094273,8.089874
7.529000,post_stop,0.000000,11.953909,4.094273,7.859636
7.530000,post_stop,0.000000,11.674268,4.094273,7.579994
7.531000,post_stop,0.000000,11.394626,4.094273,7.300353
7.532000,post_stop,0.000000,11.114985,4.094273,7.020711
7.533000,post_stop,0.000000,10.835343,4.094273,6.741070
7.534000,post_stop,0.000000,10.555702,4.094273,6.461428
7.535000,post_stop,0.000000,10.276060,4.094273,6.181787
7.536000,post_stop,0.000000,10.013008,4.094273,5.918735
7.537000,post_stop,0.000000,9.904528,4.094273,5.810254
7.538000,post_stop,0.000000,9.796047,4.094273,5.701774
7.539000,post_stop,0.000000,9.687567,4.094273,5.593294
7.540000,post_stop,0.000000,9.579087,4.094273,5.484813
7.541000,post_stop,0.000000,9.470606,4.094273,5.376333
7.542000,post_stop,0.000000,9.362126,4.094273,5.267853
7.543000,post_stop,0.000000,9.253646,4.094273,5.159372
7.544000,post_stop,0.000000,9.196615,4.094273,5.102341
7.545000,post_stop,0.000000,9.183704,4.094273,5.089430
7.546000,post_stop,0.000000,9.170793,4.094273,5.076520
7.547000,post_stop,0.000000,9.157882,4.094273,5.063609
7.548000,post_stop,0.000000,9.144971,4.094273,5.050698
7.549000,post_stop,0.000000,9.132060,4.094273,5.037787
7.550000,post_stop,0.000000,9.119150,4.094273,5.024876
7.551000,post_stop,0.000000,9.106239,4.094273,5.011965
7.552000,post_stop,0.000000,9.129198,4.094273,5.034925
7.553000,post_stop,0.000000,9.152898,4.094273,5.058625
7.554000,post_stop,0.000000,9.176598,4.094273,5.082325
7.555000,post_stop,0.000000,9.200298,4.094273,5.106025
7.556000,post_stop,0.000000,9.223998,4.094273,5.129725
7.557000,post_stop,0.000000,9.247698,4.094273,5.153425
7.558000,post_stop,0.000000,9.271398,4.094273,5.177125
7.559000,post_stop,0.000000,9.412024,4.094273,5.317750
7.560000,post_stop,0.000000,9.713333,4.094273,5.619059
7.561000,post_stop,0.000000,10.014642,4.094273,5.920368
7.562000,post_stop,0.000000,10.315951,4.094273,6.221677
7.563000,post_stop,0.000000,10.617260,4.094273,6.522986
7.564000,post_stop,0.000000,10.918569,4.094273,6.824295
7.565000,post_stop,0.000000,11.219878,4.094273,7.125604
7.566000,post_stop,0.000000,11.521187,4.094273,7.426913
7.567000,post_stop,0.000000,11.686518,4.094273,7.592245
7.568000,post_stop,0.000000,11.830192,4.094273,7.735918
7.569000,post_stop,0.000000,11.973865,4.094273,7.879592
7.570000,post_stop,0.000000,12.117539,4.094273,8.023266
7.571000,post_stop,0.000000,12.261213,4.094273,8.166939
7.572000,post_stop,0.000000,12.404886,4.094273,8.310613
7.573000,post_stop,0.000000,12.548560,4.094273,8.454287
7.574000,post_stop,0.000000,12.716553,4.094273,8.622280
7.575000,post_stop,0.000000,12.940218,4.094273,8.845945
7.576000,post_stop,0.000000,13.163883,4.094273,9.069609
7.577000,post_stop,0.000000,13.387548,4.094273,9.293274
7.578000,post_stop,0.000000,13.611212,4.094273,9.516939
7.579000,post_stop,0.000000,13.834877,4.094273,9.740604
7.580000,post_stop,0.000000,14.058542,4.094273,9.964268
7.581000,post_stop,0.000000,14.282207,4.094273,10.187933
7.582000,post_stop,0.000000,14.434590,4.094273,10.340317
7.583000,post_stop,0.000000,14.562633,4.094273,10.468360
7.584000,post_stop,0.000000,14.690676,4.094273,10.596403
7.585000,post_stop,0.000000,14.818719,4.094273,10.724446
7.586000,post_stop,0.000000,14.946762,4.094273,10.852488
7.587000,post_stop,0.000000,15.074805,4.094273,10.980531
7.588000,post_stop,0.000000,15.202848,4.094273,11.108574
7.589000,post_stop,0.000000,15.263693,4.094273,11.169419
7.590000,post_stop,0.000000,15.032142,4.094273,10.937868
7.591000,post_stop,0.000000,14.800591,4.094273,10.706317
7.592000,post_stop,0.000000,14.569040,4.094273,10.474766
7.593000,post_stop,0.000000,14.337489,4.094273,10.243215
7.594000,post_stop,0.000000,14.105937,4.094273,10.011664
7.595000,post_stop,0.000000,13.874386,4.094273,9.780113
7.596000,post_stop,0.000000,13.642835,4.094273,9.548562
7.597000,post_stop,0.000000,13.383907,4.094273,9.289633
7.598000,post_stop,0.000000,13.108782,4.094273,9.014508
7.599000,post_stop,0.000000,12.833656,4.094273,8.739383
7.600000,post_stop,0.000000,12.558531,4.094273,8.464258
7.601000,post_stop,0.000000,12.283406,4.094273,8.189132
7.602000,post_stop,0.000000,12.008280,4.094273,7.914007
7.603000,post_stop,0.000000,11.733155,4.094273,7.638882
7.604000,post_stop,0.000000,11.463309,4.094273,7.369035
7.605000,post_stop,0.000000,11.263908,4.094273,7.169635
7.606000,post_stop,0.000000,11.064507,4.094273,6.970234
7.607000,post_stop,0.000000,10.865107,4.094273,6.770833
7.608000,post_stop,0.000000,10.665706,4.094273,6.571433
7.609000,post_stop,0.000000,10.466305,4.094273,6.372032
7.610000,post_stop,0.000000,10.266905,4.094273,6.172631
7.611000,post_stop,0.000000,10.067504,4.094273,5.973231
7.612000,post_stop,0.000000,9.913196,4.094273,5.818923
7.613000,post_stop,0.000000,9.802017,4.094273,5.707744
7.614000,post_stop,0.000000,9.690838,4.094273,5.596564
7.615000,post_stop,0.000000,9.579659,4.094273,5.485385
7.616000,post_stop,0.000000,9.468479,4.094273,5.374206
7.617000,post_stop,0.000000,9.357300,4.094273,5.263027
7.618000,post_stop,0.000000,9.246121,4.094273,5.151847
7.619000,post_stop,0.000000,9.134941,4.094273,5.040668
7.620000,post_stop,0.000000,9.283936,4.094273,5.189663
7.621000,post_stop,0.000000,9.445889,4.094273,5.351615
7.622000,post_stop,0.000000,9.607842,4.094273,5.513568
7.623000,post_stop,0.000000,9.769795,4.094273,5.675521
7.624000,post_stop,0.000000,9.931748,4.094273,5.837474
7.625000,post_stop,0.000000,10.093700,4.094273,5.999427
7.626000,post_stop,0.000000,10.255653,4.094273,6.161380
7.627000,post_stop,0.000000,10.392002,4.094273,6.297729
7.628000,post_stop,0.000000,10.488966,4.094273,6.394692
7.629000,post_stop,0.000000,10.585930,4.094273,6.491656
7.630000,post_stop,0.000000,10.682894,4.094273,6.588620
7.631000,post_stop,0.000000,10.779858,4.094273,6.685584
7.632000,post_stop,0.000000,10.876821,4.094273,6.782548
7.633000,post_stop,0.000000,10.973785,4.094273,6.879512
7.634000,post_stop,0.000000,11.070749,4.094273,6.976476
7.635000,post_stop,0.000000,11.189423,4.094273,7.095150
7.636000,post_stop,0.000000,11.312375,4.094273,7.218102
7.637000,post_stop,0.000000,11.435327,4.094273,7.341053
7.638000,post_stop,0.000000,11.558278,4.094273,7.464005
7.639000,post_stop,0.000000,11.681230,4.094273,7.586957
7.640000,post_stop,0.000000,11.804182,4.094273,7.709908
7.641000,post_stop,0.000000,11.927134,4.094273,7.832860
7.642000,post_stop,0.000000,12.078777,4.094273,7.984503
7.643000,post_stop,0.000000,12.305374,4.094273,8.211101
7.644000,post_stop,0.000000,12.531972,4.094273,8.437699
7.645000,post_stop,0.000000,12.758570,4.094273,8.664297
7.646000,post_stop,0.000000,12.985168,4.094273,8.890894
7.647000,post_stop,0.000000,13.211766,4.094273,9.117492
7.648000,post_stop,0.000000,13.438364,4.094273,9.344090
7.649000,post_stop,0.000000,13.664961,4.094273,9.570688
7.650000,post_stop,0.000000,13.612750,4.094273,9.518477
7.651000,post_stop,0.000000,13.451166,4.094273,9.356892
7.652000,post_stop,0.000000,13.289581,4.094273,9.195308
7.653000,post_stop,0.000000,13.127996,4.094273,9.033723
7.654000,post_stop,0.000000,12.966412,4.094273,8.872138
7.655000,post_stop,0.000000,12.804827,4.094273,8.710553
7.656000,post_stop,0.000000,12.643242,4.094273,8.548969
7.657000,post_stop,0.000000,12.484554,4.094273,8.390280
7.658000,post_stop,0.000000,12.341108,4.094273,8.246834
7.659000,post_stop,0.000000,12.197662,4.094273,8.103389
7.660000,post_stop,0.000000,12.054217,4.094273,7.959943
7.661000,post_stop,0.000000,11.910771,4.094273,7.816497
7.662000,post_stop,0.000000,11.767325,4.094273,7.673052
7.663000,post_stop,0.000000,11.623880,4.094273,7.529606
7.664000,post_stop,0.000000,11.480434,4.094273,7.386160
7.665000,post_stop,0.000000,11.088216,4.094273,6.993942
7.666000,post_stop,0.000000,10.530897,4.094273,6.436623
7.667000,post_stop,0.000000,9.973578,4.094273,5.879304
7.668000,post_stop,0.000000,9.416259,4.094273,5.321985
7.669000,post_stop,0.000000,8.858940,4.094273,4.764666
7.670000,post_stop,0.000000,8.301621,4.094273,4.207347
7.671000,post_stop,0.000000,7.744302,4.094273,3.650028
7.672000,post_stop,0.000000,7.217704,4.094273,3.123430
7.673000,post_stop,0.000000,7.383140,4.094273,3.288867
7.674000,post_stop,0.000000,7.548577,4.094273,3.454304
7.675000,post_stop,0.000000,7.714014,4.094273,3.619740
7.676000,post_stop,0.000000,7.879450,4.094273,3.785177
7.677000,post_stop,0.000000,8.044887,4.094273,3.950614
7.678000,post_stop,0.000000,8.210324,4.094273,4.116051
7.679000,post_stop,0.000000,8.375761,4.094273,4.281487
7.680000,post_stop,0.000000,8.353871,4.094273,4.259598
7.681000,post_stop,0.000000,8.132212,4.094273,4.037938
7.682000,post_stop,0.000000,7.910552,4.094273,3.816279
7.683000,post_stop,0.000000,7.688893,4.094273,3.594619
7.684000,post_stop,0.000000,7.467233,4.094273,3.372960
7.685000,post_stop,0.000000,7.245574,4.094273,3.151300
7.686000,post_stop,0.000000,7.023914,4.094273,2.929641
7.687000,post_stop,0.000000,6.802254,4.094273,2.707981
7.688000,post_stop,0.000000,6.813534,4.094273,2.719260
7.689000,post_stop,0.000000,6.843605,4.094273,2.749332
7.690000,post_stop,0.000000,6.873677,4.094273,2.779404
7.691000,post_stop,0.000000,6.903749,4.094273,2.809475
7.692000,post_stop,0.000000,6.933820,4.094273,2.839547
7.693000,post_stop,0.000000,6.963892,4.094273,2.869618
7.694000,post_stop,0.000000,6.993964,4.094273,2.899690
7.695000,post_stop,0.000000,7.045897,4.094273,2.951624
7.696000,post_stop,0.000000,7.135577,4.094273,3.041303
7.697000,post_stop,0.000000,7.225256,4.094273,3.130983
7.698000,post_stop,0.000000,7.314935,4.094273,3.220662
7.699000,post_stop,0.000000,7.404615,4.094273,3.310341
7.700000,post_stop,0.000000,7.494294,4.094273,3.400021
7.701000,post_stop,0.000000,7.583974,4.094273,3.489700
7.702000,post_stop,0.000000,7.673653,4.094273,3.579379
7.703000,post_stop,0.000000,7.888101,4.094273,3.793828
7.704000,post_stop,0.000000,8.132161,4.094273,4.037888
7.705000,post_stop,0.000000,8.376221,4.094273,4.281948
7.706000,post_stop,0.000000,8.620281,4.094273,4.526008
7.707000,post_stop,0.000000,8.864342,4.094273,4.770068
7.708000,post_stop,0.000000,9.108402,4.094273,5.014128
7.709000,post_stop,0.000000,9.352462,4.094273,5.258188
7.710000,post_stop,0.000000,9.522843,4.094273,5.428570
7.711000,post_stop,0.000000,9.471729,4.094273,5.377455
7.712000,post_stop,0.000000,9.420615,4.094273,5.326341
7.713000,post_stop,0.000000,9.369501,4.094273,5.275227
7.714000,post_stop,0.000000,9.318386,4.094273,5.224113
7.715000,post_stop,0.000000,9.267272,4.094273,5.172999
7.716000,post_stop,0.000000,9.216158,4.094273,5.121884
7.717000,post_stop,0.000000,9.165044,4.094273,5.070770
7.718000,post_stop,0.000000,9.171604,4.094273,5.077331
7.719000,post_stop,0.000000,9.203952,4.094273,5.109679
7.720000,post_stop,0.000000,9.236300,4.094273,5.142026
7.721000,post_stop,0.000000,9.268647,4.094273,5.174374
7.722000,post_stop,0.000000,9.300995,4.094273,5.206722
7.723000,post_stop,0.000000,9.333343,4.094273,5.239069
7.724000,post_stop,0.000000,9.365691,4.094273,5.271417
7.725000,post_stop,0.000000,9.379831,4.094273,5.285557
7.726000,post_stop,0.000000,9.274715,4.094273,5.180442
7.727000,post_stop,0.000000,9.169599,4.094273,5.075326
7.728000,post_stop,0.000000,9.064484,4.094273,4.970210
7.729000,post_stop,0.000000,8.959368,4.094273,4.865095
7.730000,post_stop,0.000000,8.854252,4.094273,4.759979
7.731000,post_stop,0.000000,8.749137,4.094273,4.654863
7.732000,post_stop,0.000000,8.644021,4.094273,4.549748
7.733000,post_stop,0.000000,8.538905,4.094273,4.444632
7.734000,post_stop,0.000000,8.433790,4.094273,4.339516
7.735000,post_stop,0.000000,8.328674,4.094273,4.234401
7.736000,post_stop,0.000000,8.223558,4.094273,4.129285
7.737000,post_stop,0.000000,8.118443,4.094273,4.024169
7.738000,post_stop,0.000000,8.013327,4.094273,3.919054
7.739000,post_stop,0.000000,7.908211,4.094273,3.813938
7.740000,post_stop,0.000000,7.802471,4.094273,3.708197
7.741000,post_stop,0.000000,7.656506,4.094273,3.562233
7.742000,post_stop,0.000000,7.510541,4.094273,3.416268
7.743000,post_stop,0.000000,7.364577,4.094273,3.270303
7.744000,post_stop,0.000000,7.218612,4.094273,3.124338
7.745000,post_stop,0.000000,7.072647,4.094273,2.978374
7.746000,post_stop,0.000000,6.926682,4.094273,2.832409
7.747000,post_stop,0.000000,6.780717,4.094273,2.686444
7.748000,post_stop,0.000000,6.612074,4.094273,2.517800
7.749000,post_stop,0.000000,6.416453,4.094273,2.322179
7.750000,post_stop,0.000000,6.220832,4.094273,2.126559
7.751000,post_stop,0.000000,6.025211,4.094273,1.930938
7.752000,post_stop,0.000000,5.829590,4.094273,1.735317
7.753000,post_stop,0.000000,5.633969,4.094273,1.539696
7.754000,post_stop,0.000000,5.438348,4.094273,1.344075
7.755000,post_stop,0.000000,5.242727,4.094273,1.148454
