t_s,phase,nominal_along_mm,e_vib_um
0.000000,pre_motion,0.000000,6.506193
0.001000,pre_motion,0.000000,6.308094
0.002000,pre_motion,0.000000,6.109994
0.003000,pre_motion,0.000000,5.911895
0.004000,pre_motion,0.000000,5.713796
0.005000,pre_motion,0.000000,5.515697
0.006000,pre_motion,0.000000,5.317597
0.007000,pre_motion,0.000000,5.119498
0.008000,pre_motion,0.000000,4.921399
0.009000,pre_motion,0.000000,4.723299
0.010000,pre_motion,0.000000,4.525200
0.011000,pre_motion,0.000000,4.327101
0.012000,pre_motion,0.000000,4.129001
0.013000,pre_motion,0.000000,3.930902
0.014000,pre_motion,0.000000,3.732803
0.015000,pre_motion,0.000000,3.534704
0.016000,pre_motion,0.000000,3.479396
0.017000,pre_motion,0.000000,3.443037
0.018000,pre_motion,0.000000,3.406678
0.019000,pre_motion,0.000000,3.370320
0.020000,pre_motion,0.000000,3.333961
0.021000,pre_motion,0.000000,3.297602
0.022000,pre_motion,0.000000,3.261244
0.023000,pre_motion,0.000000,3.131304
0.024000,pre_motion,0.000000,2.806351
0.025000,pre_motion,0.000000,2.481397
0.026000,pre_motion,0.000000,2.156444
0.027000,pre_motion,0.000000,1.831490
0.028000,pre_motion,0.000000,1.506537
0.029000,pre_motion,0.000000,1.181583
0.030000,pre_motion,0.000000,0.856630
0.031000,pre_motion,0.000000,0.848249
0.032000,pre_motion,0.000000,0.936746
0.033000,pre_motion,0.000000,1.025243
0.034000,pre_motion,0.000000,1.113739
0.035000,pre_motion,0.000000,1.202236
0.036000,pre_motion,0.000000,1.290733
0.037000,pre_motion,0.000000,1.379230
0.038000,pre_motion,0.000000,1.420320
0.039000,pre_motion,0.000000,1.279916
0.040000,pre_motion,0.000000,1.139512
0.041000,pre_motion,0.000000,0.999108
0.042000,pre_motion,0.000000,0.858704
0.043000,pre_motion,0.000000,0.718300
0.044000,pre_motion,0.000000,0.577896
0.045000,pre_motion,0.000000,0.437492
0.046000,pre_motion,0.000000,0.445943
0.047000,pre_motion,0.000000,0.535068
0.048000,pre_motion,0.000000,0.624192
0.049000,pre_motion,0.000000,0.713316
0.050000,pre_motion,0.000000,0.802441
0.051000,pre_motion,0.000000,0.891565
0.052000,pre_motion,0.000000,0.980689
0.053000,pre_motion,0.000000,1.060163
0.054000,pre_motion,0.000000,1.042002
0.055000,pre_motion,0.000000,1.023841
0.056000,pre_motion,0.000000,1.005679
0.057000,pre_motion,0.000000,0.987518
0.058000,pre_motion,0.000000,0.969357
0.059000,pre_motion,0.000000,0.951195
0.060000,pre_motion,0.000000,0.933034
0.061000,pre_motion,0.000000,0.847081
0.062000,pre_motion,0.000000,0.701340
0.063000,pre_motion,0.000000,0.555599
0.064000,pre_motion,0.000000,0.409858
0.065000,pre_motion,0.000000,0.264117
0.066000,pre_motion,0.000000,0.118377
0.067000,pre_motion,0.000000,-0.027364
0.068000,pre_motion,0.000000,-0.173105
0.069000,pre_motion,0.000000,-0.131472
0.070000,pre_motion,0.000000,-0.084597
0.071000,pre_motion,0.000000,-0.037723
0.072000,pre_motion,0.000000,0.009152
0.073000,pre_motion,0.000000,0.056026
0.074000,pre_motion,0.000000,0.102901
0.075000,pre_motion,0.000000,0.149775
0.076000,pre_motion,0.000000,0.121856
0.077000,pre_motion,0.000000,-0.011838
0.078000,pre_motion,0.000000,-0.145532
0.079000,pre_motion,0.000000,-0.279227
0.080000,pre_motion,0.000000,-0.412921
0.081000,pre_motion,0.000000,-0.546615
0.082000,pre_motion,0.000000,-0.680309
0.083000,pre_motion,0.000000,-0.814004
0.084000,pre_motion,0.000000,-0.912018
0.085000,pre_motion,0.000000,-1.004012
0.086000,pre_motion,0.000000,-1.096006
0.087000,pre_motion,0.000000,-1.188000
0.088000,pre_motion,0.000000,-1.279994
0.089000,pre_motion,0.000000,-1.371988
0.090000,pre_motion,0.000000,-1.463983
0.091000,pre_motion,0.000000,-1.527381
0.092000,pre_motion,0.000000,-1.523111
0.093000,pre_motion,0.000000,-1.518841
0.094000,pre_motion,0.000000,-1.514571
0.095000,pre_motion,0.000000,-1.510300
0.096000,pre_motion,0.000000,-1.506030
0.097000,pre_motion,0.000000,-1.501760
0.098000,pre_motion,0.000000,-1.497490
0.099000,pre_motion,0.000000,-1.644830
0.100000,pre_motion,0.000000,-1.845862
0.101000,pre_motion,0.000000,-2.046894
0.102000,pre_motion,0.000000,-2.247926
0.103000,pre_motion,0.000000,-2.448958
0.104000,pre_motion,0.000000,-2.649990
0.105000,pre_motion,0.000000,-2.851022
0.106000,pre_motion,0.000000,-3.006560
0.107000,pre_motion,0.000000,-2.954702
0.108000,pre_motion,0.000000,-2.902845
0.109000,pre_motion,0.000000,-2.850988
0.110000,pre_motion,0.000000,-2.799130
0.111000,pre_motion,0.000000,-2.747273
0.112000,pre_motion,0.000000,-2.695415
0.113000,pre_motion,0.000000,-2.643558
0.114000,pre_motion,0.000000,-2.469466
0.115000,pre_motion,0.000000,-2.220874
0.116000,pre_motion,0.000000,-1.972281
0.117000,pre_motion,0.000000,-1.723689
0.118000,pre_motion,0.000000,-1.475097
0.119000,pre_motion,0.000000,-1.226505
0.120000,pre_motion,0.000000,-0.977913
0.121000,pre_motion,0.000000,-0.740240
0.122000,pre_motion,0.000000,-0.665688
0.123000,pre_motion,0.000000,-0.591136
0.124000,pre_motion,0.000000,-0.516584
0.125000,pre_motion,0.000000,-0.442033
0.126000,pre_motion,0.000000,-0.367481
0.127000,pre_motion,0.000000,-0.292929
0.128000,pre_motion,0.000000,-0.218378
0.129000,pre_motion,0.000000,-0.166405
0.130000,pre_motion,0.000000,-0.136639
0.131000,pre_motion,0.000000,-0.106873
0.132000,pre_motion,0.000000,-0.077107
0.133000,pre_motion,0.000000,-0.047341
0.134000,pre_motion,0.000000,-0.017575
0.135000,pre_motion,0.000000,0.012191
0.136000,pre_motion,0.000000,0.041956
0.137000,pre_motion,0.000000,0.257692
0.138000,pre_motion,0.000000,0.484130
0.139000,pre_motion,0.000000,0.710568
0.140000,pre_motion,0.000000,0.937007
0.141000,pre_motion,0.000000,1.163445
0.142000,pre_motion,0.000000,1.389883
0.143000,pre_motion,0.000000,1.616321
0.144000,pre_motion,0.000000,1.764528
0.145000,pre_motion,0.000000,1.788818
0.146000,pre_motion,0.000000,1.813109
0.147000,pre_motion,0.000000,1.837399
0.148000,pre_motion,0.000000,1.861690
0.149000,pre_motion,0.000000,1.885981
0.150000,pre_motion,0.000000,1.910271
0.151000,pre_motion,0.000000,1.934562
0.152000,pre_motion,0.000000,1.851116
0.153000,pre_motion,0.000000,1.745357
0.154000,pre_motion,0.000000,1.639598
0.155000,pre_motion,0.000000,1.533838
0.156000,pre_motion,0.000000,1.428079
0.157000,pre_motion,0.000000,1.322320
0.158000,pre_motion,0.000000,1.216561
0.159000,pre_motion,0.000000,1.142545
0.160000,pre_motion,0.000000,1.154422
0.161000,pre_motion,0.000000,1.166298
0.162000,pre_motion,0.000000,1.178175
0.163000,pre_motion,0.000000,1.190051
0.164000,pre_motion,0.000000,1.201928
0.165000,pre_motion,0.000000,1.213804
0.166000,pre_motion,0.000000,1.225681
0.167000,pre_motion,0.000000,1.188552
0.168000,pre_motion,0.000000,1.131531
0.169000,pre_motion,0.000000,1.074509
0.170000,pre_motion,0.000000,1.017488
0.171000,pre_motion,0.000000,0.960466
0.172000,pre_motion,0.000000,0.903444
0.173000,pre_motion,0.000000,0.846423
0.174000,pre_motion,0.000000,0.825911
0.175000,pre_motion,0.000000,1.008004
0.176000,pre_motion,0.000000,1.190097
0.177000,pre_motion,0.000000,1.372190
0.178000,pre_motion,0.000000,1.554283
0.179000,pre_motion,0.000000,1.736376
0.180000,pre_motion,0.000000,1.918469
0.181000,pre_motion,0.000000,2.100561
0.182000,pre_motion,0.000000,2.204225
0.183000,pre_motion,0.000000,2.254305
0.184000,pre_motion,0.000000,2.304385
0.185000,pre_motion,0.000000,2.354465
0.186000,pre_motion,0.000000,2.404545
0.187000,pre_motion,0.000000,2.454626
0.188000,pre_motion,0.000000,2.504706
0.189000,pre_motion,0.000000,2.547142
0.190000,pre_motion,0.000000,2.382065
0.191000,pre_motion,0.000000,2.216987
0.192000,pre_motion,0.000000,2.051910
0.193000,pre_motion,0.000000,1.886833
0.194000,pre_motion,0.000000,1.721756
0.195000,pre_motion,0.000000,1.556679
0.196000,pre_motion,0.000000,1.391602
0.197000,pre_motion,0.000000,1.268869
0.198000,pre_motion,0.000000,1.192572
0.199000,pre_motion,0.000000,1.116275
0.200000,pre_motion,0.000000,1.039978
0.201000,pre_motion,0.000000,0.963681
0.202000,pre_motion,0.000000,0.887384
0.203000,pre_motion,0.000000,0.811087
0.204000,pre_motion,0.000000,0.734790
0.205000,pre_motion,0.000000,0.785185
0.206000,pre_motion,0.000000,0.846840
0.207000,pre_motion,0.000000,0.908495
0.208000,pre_motion,0.000000,0.970150
0.209000,pre_motion,0.000000,1.031806
0.210000,pre_motion,0.000000,1.093461
0.211000,pre_motion,0.000000,1.155116
0.212000,pre_motion,0.000000,1.175111
0.213000,pre_motion,0.000000,1.120976
0.214000,pre_motion,0.000000,1.066840
0.215000,pre_motion,0.000000,1.012705
0.216000,pre_motion,0.000000,0.958570
0.217000,pre_motion,0.000000,0.904435
0.218000,pre_motion,0.000000,0.850300
0.219000,pre_motion,0.000000,0.796164
0.220000,pre_motion,0.000000,0.742029
0.221000,pre_motion,0.000000,0.687894
0.222000,pre_motion,0.000000,0.633759
0.223000,pre_motion,0.000000,0.579624
0.224000,pre_motion,0.000000,0.525488
0.225000,pre_motion,0.000000,0.471353
0.226000,pre_motion,0.000000,0.417218
0.227000,pre_motion,0.000000,0.455096
0.228000,pre_motion,0.000000,0.780183
0.229000,pre_motion,0.000000,1.105270
0.230000,pre_motion,0.000000,1.430358
0.231000,pre_motion,0.000000,1.755445
0.232000,pre_motion,0.000000,2.080533
0.233000,pre_motion,0.000000,2.405620
0.234000,pre_motion,0.000000,2.730707
0.235000,pre_motion,0.000000,2.714955
0.236000,pre_motion,0.000000,2.541780
0.237000,pre_motion,0.000000,2.368605
0.238000,pre_motion,0.000000,2.195430
0.239000,pre_motion,0.000000,2.022255
0.240000,pre_motion,0.000000,1.849081
0.241000,pre_motion,0.000000,1.675906
0.242000,pre_motion,0.000000,1.546455
0.243000,pre_motion,0.000000,1.721743
0.244000,pre_motion,0.000000,1.897030
0.245000,pre_motion,0.000000,2.072318
0.246000,pre_motion,0.000000,2.247605
0.247000,pre_motion,0.000000,2.422893
0.248000,pre_motion,0.000000,2.598181
0.249000,pre_motion,0.000000,2.773468
0.250000,pre_motion,0.000000,2.792437
0.251000,pre_motion,0.000000,2.691981
0.252000,pre_motion,0.000000,2.591525
0.253000,pre_motion,0.000000,2.491069
0.254000,pre_motion,0.000000,2.390613
0.255000,pre_motion,0.000000,2.290157
0.256000,pre_motion,0.000000,2.189702
0.257000,pre_motion,0.000000,2.091534
0.258000,pre_motion,0.000000,2.266130
0.259000,pre_motion,0.000000,2.440725
0.260000,pre_motion,0.000000,2.615321
0.261000,pre_motion,0.000000,2.789917
0.262000,pre_motion,0.000000,2.964512
0.263000,pre_motion,0.000000,3.139108
0.264000,pre_motion,0.000000,3.313704
0.265000,pre_motion,0.000000,3.390282
0.266000,pre_motion,0.000000,3.346936
0.267000,pre_motion,0.000000,3.303590
0.268000,pre_motion,0.000000,3.260245
0.269000,pre_motion,0.000000,3.216899
0.270000,pre_motion,0.000000,3.173553
0.271000,pre_motion,0.000000,3.130207
0.272000,pre_motion,0.000000,3.086861
0.273000,pre_motion,0.000000,3.044329
0.274000,pre_motion,0.000000,3.001895
0.275000,pre_motion,0.000000,2.959461
0.276000,pre_motion,0.000000,2.917028
0.277000,pre_motion,0.000000,2.874594
0.278000,pre_motion,0.000000,2.832160
0.279000,pre_motion,0.000000,2.789727
0.280000,pre_motion,0.000000,2.715071
0.281000,pre_motion,0.000000,2.575754
0.282000,pre_motion,0.000000,2.436437
0.283000,pre_motion,0.000000,2.297120
0.284000,pre_motion,0.000000,2.157803
0.285000,pre_motion,0.000000,2.018485
0.286000,pre_motion,0.000000,1.879168
0.287000,pre_motion,0.000000,1.739851
0.288000,pre_motion,0.000000,1.802888
0.289000,pre_motion,0.000000,1.925007
0.290000,pre_motion,0.000000,2.047127
0.291000,pre_motion,0.000000,2.169247
0.292000,pre_motion,0.000000,2.291366
0.293000,pre_motion,0.000000,2.413486
0.294000,pre_motion,0.000000,2.535606
0.295000,pre_motion,0.000000,2.642599
0.296000,pre_motion,0.000000,2.694500
0.297000,pre_motion,0.000000,2.746401
0.298000,pre_motion,0.000000,2.798302
0.299000,pre_motion,0.000000,2.850204
0.300000,pre_motion,0.000000,2.902105
0.301000,pre_motion,0.000000,2.954006
0.302000,pre_motion,0.000000,3.005907
0.303000,pre_motion,0.000000,3.022054
0.304000,pre_motion,0.000000,3.019520
0.305000,pre_motion,0.000000,3.016987
0.306000,pre_motion,0.000000,3.014454
0.307000,pre_motion,0.000000,3.011921
0.308000,pre_motion,0.000000,3.009388
0.309000,pre_motion,0.000000,3.006855
0.310000,pre_motion,0.000000,3.003297
0.311000,pre_motion,0.000000,2.990341
0.312000,pre_motion,0.000000,2.977385
0.313000,pre_motion,0.000000,2.964429
0.314000,pre_motion,0.000000,2.951473
0.315000,pre_motion,0.000000,2.938517
0.316000,pre_motion,0.000000,2.925560
0.317000,pre_motion,0.000000,2.912604
0.318000,pre_motion,0.000000,2.903408
0.319000,pre_motion,0.000000,2.897418
0.320000,pre_motion,0.000000,2.891428
0.321000,pre_motion,0.000000,2.885439
0.322000,pre_motion,0.000000,2.879449
0.323000,pre_motion,0.000000,2.873460
0.324000,pre_motion,0.000000,2.867470
0.325000,pre_motion,0.000000,2.861480
0.326000,pre_motion,0.000000,2.885841
0.327000,pre_motion,0.000000,2.910785
0.328000,pre_motion,0.000000,2.935730
0.329000,pre_motion,0.000000,2.960675
0.330000,pre_motion,0.000000,2.985619
0.331000,pre_motion,0.000000,3.010564
0.332000,pre_motion,0.000000,3.035509
0.333000,pre_motion,0.000000,3.089775
0.334000,pre_motion,0.000000,3.184115
0.335000,pre_motion,0.000000,3.278455
0.336000,pre_motion,0.000000,3.372796
0.337000,pre_motion,0.000000,3.467136
0.338000,pre_motion,0.000000,3.561476
0.339000,pre_motion,0.000000,3.655816
0.340000,pre_motion,0.000000,3.750156
0.341000,pre_motion,0.000000,3.594906
0.342000,pre_motion,0.000000,3.400352
0.343000,pre_motion,0.000000,3.205798
0.344000,pre_motion,0.000000,3.011244
0.345000,pre_motion,0.000000,2.816691
0.346000,pre_motion,0.000000,2.622137
0.347000,pre_motion,0.000000,2.427583
0.348000,pre_motion,0.000000,2.203161
0.349000,pre_motion,0.000000,1.910797
0.350000,pre_motion,0.000000,1.618434
0.351000,pre_motion,0.000000,1.326071
0.352000,pre_motion,0.000000,1.033707
0.353000,pre_motion,0.000000,0.741344
0.354000,pre_motion,0.000000,0.448980
0.355000,pre_motion,0.000000,0.156617
0.356000,pre_motion,0.000000,-0.017257
0.357000,pre_motion,0.000000,-0.150955
0.358000,pre_motion,0.000000,-0.284654
0.359000,pre_motion,0.000000,-0.418353
0.360000,pre_motion,0.000000,-0.552052
0.361000,pre_motion,0.000000,-0.685751
0.362000,pre_motion,0.000000,-0.819449
0.363000,pre_motion,0.000000,-0.928703
0.364000,pre_motion,0.000000,-0.932524
0.365000,pre_motion,0.000000,-0.936346
0.366000,pre_motion,0.000000,-0.940167
0.367000,pre_motion,0.000000,-0.943989
0.368000,pre_motion,0.000000,-0.947810
0.369000,pre_motion,0.000000,-0.951632
0.370000,pre_motion,0.000000,-0.955453
0.371000,pre_motion,0.000000,-0.912569
0.372000,pre_motion,0.000000,-0.842211
0.373000,pre_motion,0.000000,-0.771853
0.374000,pre_motion,0.000000,-0.701495
0.375000,pre_motion,0.000000,-0.631138
0.376000,pre_motion,0.000000,-0.560780
0.377000,pre_motion,0.000000,-0.490422
0.378000,pre_motion,0.000000,-0.423774
0.379000,pre_motion,0.000000,-0.405623
0.380000,pre_motion,0.000000,-0.387471
0.381000,pre_motion,0.000000,-0.369320
0.382000,pre_motion,0.000000,-0.351169
0.383000,pre_motion,0.000000,-0.333017
0.384000,pre_motion,0.000000,-0.314866
0.385000,pre_motion,0.000000,-0.296714
0.386000,pre_motion,0.000000,-0.271434
0.387000,pre_motion,0.000000,-0.239371
0.388000,pre_motion,0.000000,-0.207308
0.389000,pre_motion,0.000000,-0.175246
0.390000,pre_motion,0.000000,-0.143183
0.391000,pre_motion,0.000000,-0.111120
0.392000,pre_motion,0.000000,-0.079057
0.393000,pre_motion,0.000000,-0.046995
0.394000,pre_motion,0.000000,-0.056058
0.395000,pre_motion,0.000000,-0.067109
0.396000,pre_motion,0.000000,-0.078160
0.397000,pre_motion,0.000000,-0.089210
0.398000,pre_motion,0.000000,-0.100261
0.399000,pre_motion,0.000000,-0.111312
0.400000,pre_motion,0.000000,-0.122363
0.401000,pre_motion,0.000000,-0.174065
0.402000,pre_motion,0.000000,-0.287947
0.403000,pre_motion,0.000000,-0.401829
0.404000,pre_motion,0.000000,-0.515711
0.405000,pre_motion,0.000000,-0.629593
0.406000,pre_motion,0.000000,-0.743475
0.407000,pre_motion,0.000000,-0.857357
0.408000,pre_motion,0.000000,-0.971239
0.409000,pre_motion,0.000000,-1.088083
0.410000,pre_motion,0.000000,-1.205504
0.411000,pre_motion,0.000000,-1.322926
0.412000,pre_motion,0.000000,-1.440348
0.413000,pre_motion,0.000000,-1.557770
0.414000,pre_motion,0.000000,-1.675191
0.415000,pre_motion,0.000000,-1.792613
0.416000,pre_motion,0.000000,-1.878876
0.417000,pre_motion,0.000000,-1.884283
0.418000,pre_motion,0.000000,-1.889690
0.419000,pre_motion,0.000000,-1.895097
0.420000,pre_motion,0.000000,-1.900504
0.421000,pre_motion,0.000000,-1.905911
0.422000,pre_motion,0.000000,-1.911318
0.423000,pre_motion,0.000000,-1.916724
0.424000,pre_motion,0.000000,-1.892757
0.425000,pre_motion,0.000000,-1.857343
0.426000,pre_motion,0.000000,-1.821929
0.427000,pre_motion,0.000000,-1.786515
0.428000,pre_motion,0.000000,-1.751101
0.429000,pre_motion,0.000000,-1.715687
0.430000,pre_motion,0.000000,-1.680273
0.431000,pre_motion,0.000000,-1.644859
0.432000,pre_motion,0.000000,-1.609445
0.433000,pre_motion,0.000000,-1.574031
0.434000,pre_motion,0.000000,-1.538617
0.435000,pre_motion,0.000000,-1.503203
0.436000,pre_motion,0.000000,-1.467788
0.437000,pre_motion,0.000000,-1.432374
0.438000,pre_motion,0.000000,-1.396960
0.439000,pre_motion,0.000000,-1.283967
0.440000,pre_motion,0.000000,-1.119776
0.441000,pre_motion,0.000000,-0.955584
0.442000,pre_motion,0.000000,-0.791393
0.443000,pre_motion,0.000000,-0.627201
0.444000,pre_motion,0.000000,-0.463010
0.445000,pre_motion,0.000000,-0.298818
0.446000,pre_motion,0.000000,-0.135509
0.447000,pre_motion,0.000000,0.008560
0.448000,pre_motion,0.000000,0.152629
0.449000,pre_motion,0.000000,0.296698
0.450000,pre_motion,0.000000,0.440767
0.451000,pre_motion,0.000000,0.584836
0.452000,pre_motion,0.000000,0.728905
0.453000,pre_motion,0.000000,0.872974
0.454000,pre_motion,0.000000,0.972878
0.455000,pre_motion,0.000000,1.025936
0.456000,pre_motion,0.000000,1.078993
0.457000,pre_motion,0.000000,1.132051
0.458000,pre_motion,0.000000,1.185109
0.459000,pre_motion,0.000000,1.238167
0.460000,pre_motion,0.000000,1.291224
0.461000,pre_motion,0.000000,1.344282
0.462000,pre_motion,0.000000,1.359158
0.463000,pre_motion,0.000000,1.371014
0.464000,pre_motion,0.000000,1.382870
0.465000,pre_motion,0.000000,1.394726
0.466000,pre_motion,0.000000,1.406582
0.467000,pre_motion,0.000000,1.418437
0.468000,pre_motion,0.000000,1.430293
0.469000,pre_motion,0.000000,1.377321
0.470000,pre_motion,0.000000,1.213068
0.471000,pre_motion,0.000000,1.048816
0.472000,pre_motion,0.000000,0.884563
0.473000,pre_motion,0.000000,0.720310
0.474000,pre_motion,0.000000,0.556057
0.475000,pre_motion,0.000000,0.391805
0.476000,pre_motion,0.000000,0.227552
0.477000,pre_motion,0.000000,0.072179
0.478000,pre_motion,0.000000,-0.081105
0.479000,pre_motion,0.000000,-0.234389
0.480000,pre_motion,0.000000,-0.387674
0.481000,pre_motion,0.000000,-0.540958
0.482000,pre_motion,0.000000,-0.694242
0.483000,pre_motion,0.000000,-0.847526
0.484000,pre_motion,0.000000,-0.928524
0.485000,pre_motion,0.000000,-0.793764
0.486000,pre_motion,0.000000,-0.659004
0.487000,pre_motion,0.000000,-0.524245
0.488000,pre_motion,0.000000,-0.389485
0.489000,pre_motion,0.000000,-0.254726
0.490000,pre_motion,0.000000,-0.119966
0.491000,pre_motion,0.000000,0.014794
0.492000,pre_motion,0.000000,-0.006007
0.493000,pre_motion,0.000000,-0.095924
0.494000,pre_motion,0.000000,-0.185841
0.495000,pre_motion,0.000000,-0.275758
0.496000,pre_motion,0.000000,-0.365674
0.497000,pre_motion,0.000000,-0.455591
0.498000,pre_motion,0.000000,-0.545508
0.499000,pre_motion,0.000000,-0.622587
0.500000,pre_motion,0.000000,-0.616560
0.501000,pre_motion,0.000000,-0.610533
0.502000,pre_motion,0.000000,-0.604506
0.503000,pre_motion,0.000000,-0.598479
0.504000,pre_motion,0.000000,-0.592452
0.505000,pre_motion,0.000000,-0.586425
0.506000,pre_motion,0.000000,-0.580398
0.507000,pre_motion,0.000000,-0.597828
0.508000,pre_motion,0.000000,-0.632579
0.509000,pre_motion,0.000000,-0.667331
0.510000,pre_motion,0.000000,-0.702083
0.511000,pre_motion,0.000000,-0.736834
0.512000,pre_motion,0.000000,-0.771586
0.513000,pre_motion,0.000000,-0.806338
0.514000,pre_motion,0.000000,-0.838464
0.515000,pre_motion,0.000000,-0.715484
0.516000,pre_motion,0.000000,-0.592504
0.517000,pre_motion,0.000000,-0.469523
0.518000,pre_motion,0.000000,-0.346543
0.519000,pre_motion,0.000000,-0.223562
0.520000,pre_motion,0.000000,-0.100582
0.521000,pre_motion,0.000000,0.022399
0.522000,pre_motion,0.000000,0.085029
0.523000,pre_motion,0.000000,0.076259
0.524000,pre_motion,0.000000,0.067488
0.525000,pre_motion,0.000000,0.058718
0.526000,pre_motion,0.000000,0.049948
0.527000,pre_motion,0.000000,0.041177
0.528000,pre_motion,0.000000,0.032407
0.529000,pre_motion,0.000000,0.023636
0.530000,pre_motion,0.000000,0.148073
0.531000,pre_motion,0.000000,0.287396
0.532000,pre_motion,0.000000,0.426718
0.533000,pre_motion,0.000000,0.566041
0.534000,pre_motion,0.000000,0.705363
0.535000,pre_motion,0.000000,0.844686
0.536000,pre_motion,0.000000,0.984008
0.537000,pre_motion,0.000000,0.997657
0.538000,pre_motion,0.000000,0.768333
0.539000,pre_motion,0.000000,0.539008
0.540000,pre_motion,0.000000,0.309683
0.541000,pre_motion,0.000000,0.080358
0.542000,pre_motion,0.000000,-0.148966
0.543000,pre_motion,0.000000,-0.378291
0.544000,pre_motion,0.000000,-0.607616
0.545000,pre_motion,0.000000,-0.786966
0.546000,pre_motion,0.000000,-0.952412
0.547000,pre_motion,0.000000,-1.117858
0.548000,pre_motion,0.000000,-1.283304
0.549000,pre_motion,0.000000,-1.448749
0.550000,pre_motion,0.000000,-1.614195
0.551000,pre_motion,0.000000,-1.779641
0.552000,pre_motion,0.000000,-1.871718
0.553000,pre_motion,0.000000,-1.709255
0.554000,pre_motion,0.000000,-1.546791
0.555000,pre_motion,0.000000,-1.384328
0.556000,pre_motion,0.000000,-1.221864
0.557000,pre_motion,0.000000,-1.059400
0.558000,pre_motion,0.000000,-0.896937
0.559000,pre_motion,0.000000,-0.734473
0.560000,pre_motion,0.000000,-0.675683
0.561000,pre_motion,0.000000,-0.669079
0.562000,pre_motion,0.000000,-0.662474
0.563000,pre_motion,0.000000,-0.655870
0.564000,pre_motion,0.000000,-0.649266
0.565000,pre_motion,0.000000,-0.642662
0.566000,pre_motion,0.000000,-0.636058
0.567000,pre_motion,0.000000,-0.623741
0.568000,pre_motion,0.000000,-0.563533
0.569000,pre_motion,0.000000,-0.503325
0.570000,pre_motion,0.000000,-0.443117
0.571000,pre_motion,0.000000,-0.382909
0.572000,pre_motion,0.000000,-0.322701
0.573000,pre_motion,0.000000,-0.262493
0.574000,pre_motion,0.000000,-0.202285
0.575000,pre_motion,0.000000,-0.092469
0.576000,pre_motion,0.000000,0.058262
0.577000,pre_motion,0.000000,0.208993
0.578000,pre_motion,0.000000,0.359723
0.579000,pre_motion,0.000000,0.510454
0.580000,pre_motion,0.000000,0.661185
0.581000,pre_motion,0.000000,0.811916
0.582000,pre_motion,0.000000,0.962646
0.583000,pre_motion,0.000000,0.897418
0.584000,pre_motion,0.000000,0.829883
0.585000,pre_motion,0.000000,0.762348
0.586000,pre_motion,0.000000,0.694813
0.587000,pre_motion,0.000000,0.627278
0.588000,pre_motion,0.000000,0.559743
0.589000,pre_motion,0.000000,0.492208
0.590000,pre_motion,0.000000,0.439056
0.591000,pre_motion,0.000000,0.404904
0.592000,pre_motion,0.000000,0.370752
0.593000,pre_motion,0.000000,0.336600
0.594000,pre_motion,0.000000,0.302448
0.595000,pre_motion,0.000000,0.268295
0.596000,pre_motion,0.000000,0.234143
0.597000,pre_motion,0.000000,0.199991
0.598000,pre_motion,0.000000,0.177548
0.599000,pre_motion,0.000000,0.156820
0.600000,pre_motion,0.000000,0.136091
0.601000,pre_motion,0.000000,0.115362
0.602000,pre_motion,0.000000,0.094634
0.603000,pre_motion,0.000000,0.073905
0.604000,pre_motion,0.000000,0.053176
0.605000,pre_motion,0.000000,0.058832
0.606000,pre_motion,0.000000,0.122211
0.607000,pre_motion,0.000000,0.185589
0.608000,pre_motion,0.000000,0.248968
0.609000,pre_motion,0.000000,0.312347
0.610000,pre_motion,0.000000,0.375726
0.611000,pre_motion,0.000000,0.439104
0.612000,pre_motion,0.000000,0.502483
0.613000,pre_motion,0.000000,0.260839
0.614000,pre_motion,0.000000,-0.079724
0.615000,pre_motion,0.000000,-0.420287
0.616000,pre_motion,0.000000,-0.760849
0.617000,pre_motion,0.000000,-1.101412
0.618000,pre_motion,0.000000,-1.441975
0.619000,pre_motion,0.000000,-1.782538
0.620000,pre_motion,0.000000,-2.034114
0.621000,pre_motion,0.000000,-1.921904
0.622000,pre_motion,0.000000,-1.809694
0.623000,pre_motion,0.000000,-1.697484
0.624000,pre_motion,0.000000,-1.585274
0.625000,pre_motion,0.000000,-1.473064
0.626000,pre_motion,0.000000,-1.360854
0.627000,pre_motion,0.000000,-1.248644
0.628000,pre_motion,0.000000,-1.162393
0.629000,pre_motion,0.000000,-1.090875
0.630000,pre_motion,0.000000,-1.019356
0.631000,pre_motion,0.000000,-0.947837
0.632000,pre_motion,0.000000,-0.876318
0.633000,pre_motion,0.000000,-0.804799
0.634000,pre_motion,0.000000,-0.733281
0.635000,pre_motion,0.000000,-0.658012
0.636000,pre_motion,0.000000,-0.539256
0.637000,pre_motion,0.000000,-0.420501
0.638000,pre_motion,0.000000,-0.301745
0.639000,pre_motion,0.000000,-0.182989
0.640000,pre_motion,0.000000,-0.064233
0.641000,pre_motion,0.000000,0.054523
0.642000,pre_motion,0.000000,0.173278
0.643000,pre_motion,0.000000,0.185173
0.644000,pre_motion,0.000000,0.098743
0.645000,pre_motion,0.000000,0.012313
0.646000,pre_motion,0.000000,-0.074117
0.647000,pre_motion,0.000000,-0.160548
0.648000,pre_motion,0.000000,-0.246978
0.649000,pre_motion,0.000000,-0.333408
0.650000,pre_motion,0.000000,-0.419838
0.651000,pre_motion,0.000000,-0.273411
0.652000,pre_motion,0.000000,-0.117843
0.653000,pre_motion,0.000000,0.037726
0.654000,pre_motion,0.000000,0.193295
0.655000,pre_motion,0.000000,0.348864
0.656000,pre_motion,0.000000,0.504433
0.657000,pre_motion,0.000000,0.660002
0.658000,pre_motion,0.000000,0.706827
0.659000,pre_motion,0.000000,0.592989
0.660000,pre_motion,0.000000,0.479152
0.661000,pre_motion,0.000000,0.365315
0.662000,pre_motion,0.000000,0.251477
0.663000,pre_motion,0.000000,0.137640
0.664000,pre_motion,0.000000,0.023803
0.665000,pre_motion,0.000000,-0.090034
0.666000,pre_motion,0.000000,-0.018635
0.667000,pre_motion,0.000000,0.086725
0.668000,pre_motion,0.000000,0.192086
0.669000,pre_motion,0.000000,0.297447
0.670000,pre_motion,0.000000,0.402807
0.671000,pre_motion,0.000000,0.508168
0.672000,pre_motion,0.000000,0.613529
0.673000,pre_motion,0.000000,0.611401
0.674000,pre_motion,0.000000,0.341564
0.675000,pre_motion,0.000000,0.071727
0.676000,pre_motion,0.000000,-0.198110
0.677000,pre_motion,0.000000,-0.467948
0.678000,pre_motion,0.000000,-0.737785
0.679000,pre_motion,0.000000,-1.007622
0.680000,pre_motion,0.000000,-1.277459
0.681000,pre_motion,0.000000,-1.402111
0.682000,pre_motion,0.000000,-1.472494
0.683000,pre_motion,0.000000,-1.542877
0.684000,pre_motion,0.000000,-1.613259
0.685000,pre_motion,0.000000,-1.683642
0.686000,pre_motion,0.000000,-1.754024
0.687000,pre_motion,0.000000,-1.824407
0.688000,pre_motion,0.000000,-1.874072
0.689000,pre_motion,0.000000,-1.822102
0.690000,pre_motion,0.000000,-1.770133
0.691000,pre_motion,0.000000,-1.718163
0.692000,pre_motion,0.000000,-1.666194
0.693000,pre_motion,0.000000,-1.614224
0.694000,pre_motion,0.000000,-1.562255
0.695000,pre_motion,0.000000,-1.510285
0.696000,pre_motion,0.000000,-1.529024
0.697000,pre_motion,0.000000,-1.592828
0.698000,pre_motion,0.000000,-1.656632
0.699000,pre_motion,0.000000,-1.720437
0.700000,pre_motion,0.000000,-1.784241
0.701000,pre_motion,0.000000,-1.848045
0.702000,pre_motion,0.000000,-1.911849
0.703000,pre_motion,0.000000,-1.968336
0.704000,pre_motion,0.000000,-1.891890
0.705000,pre_motion,0.000000,-1.815444
0.706000,pre_motion,0.000000,-1.738998
0.707000,pre_motion,0.000000,-1.662552
0.708000,pre_motion,0.000000,-1.586106
0.709000,pre_motion,0.000000,-1.509660
0.710000,pre_motion,0.000000,-1.433214
0.711000,pre_motion,0.000000,-1.451538
0.712000,pre_motion,0.000000,-1.567093
0.713000,pre_motion,0.000000,-1.682648
0.714000,pre_motion,0.000000,-1.798203
0.715000,pre_motion,0.000000,-1.913757
0.716000,pre_motion,0.000000,-2.029312
0.717000,pre_motion,0.000000,-2.144867
0.718000,pre_motion,0.000000,-2.260422
0.719000,pre_motion,0.000000,-2.045328
0.720000,pre_motion,0.000000,-1.807252
0.721000,pre_motion,0.000000,-1.569176
0.722000,pre_motion,0.000000,-1.331100
0.723000,pre_motion,0.000000,-1.093024
0.724000,pre_motion,0.000000,-0.854949
0.725000,pre_motion,0.000000,-0.616873
0.726000,pre_motion,0.000000,-0.489256
0.727000,pre_motion,0.000000,-0.544615
0.728000,pre_motion,0.000000,-0.599975
0.729000,pre_motion,0.000000,-0.655334
0.730000,pre_motion,0.000000,-0.710693
0.731000,pre_motion,0.000000,-0.766053
0.732000,pre_motion,0.000000,-0.821412
0.733000,pre_motion,0.000000,-0.876771
0.734000,pre_motion,0.000000,-0.863089
0.735000,pre_motion,0.000000,-0.834031
0.736000,pre_motion,0.000000,-0.804973
0.737000,pre_motion,0.000000,-0.775914
0.738000,pre_motion,0.000000,-0.746856
0.739000,pre_motion,0.000000,-0.717798
0.740000,pre_motion,0.000000,-0.688739
0.741000,pre_motion,0.000000,-0.669556
0.742000,pre_motion,0.000000,-0.678583
0.743000,pre_motion,0.000000,-0.687610
0.744000,pre_motion,0.000000,-0.696638
0.745000,pre_motion,0.000000,-0.705665
0.746000,pre_motion,0.000000,-0.714692
0.747000,pre_motion,0.000000,-0.723719
0.748000,pre_motion,0.000000,-0.732747
0.749000,pre_motion,0.000000,-0.741774
0.750000,pre_motion,0.000000,-0.750801
0.751000,pre_motion,0.000000,-0.759829
0.752000,pre_motion,0.000000,-0.768856
0.753000,pre_motion,0.000000,-0.777883
0.754000,pre_motion,0.000000,-0.786910
0.755000,pre_motion,0.000000,-0.795938
0.756000,pre_motion,0.000000,-0.794768
0.757000,pre_motion,0.000000,-0.732049
0.758000,pre_motion,0.000000,-0.669330
0.759000,pre_motion,0.000000,-0.606611
0.760000,pre_motion,0.000000,-0.543892
0.761000,pre_motion,0.000000,-0.481173
0.762000,pre_motion,0.000000,-0.418453
0.763000,pre_motion,0.000000,-0.355734
0.764000,pre_motion,0.000000,-0.304464
0.765000,pre_motion,0.000000,-0.261366
0.766000,pre_motion,0.000000,-0.218267
0.767000,pre_motion,0.000000,-0.175169
0.768000,pre_motion,0.000000,-0.132070
0.769000,pre_motion,0.000000,-0.088971
0.770000,pre_motion,0.000000,-0.045873
0.771000,pre_motion,0.000000,0.000000
0.772000,pre_motion,0.000000,0.154245
0.773000,pre_motion,0.000000,0.308490
0.774000,pre_motion,0.000000,0.462735
0.775000,pre_motion,0.000000,0.616981
0.776000,pre_motion,0.000000,0.771226
0.777000,pre_motion,0.000000,0.925471
0.778000,pre_motion,0.000000,1.079716
0.779000,pre_motion,0.000000,1.175541
0.780000,pre_motion,0.000000,1.204525
0.781000,pre_motion,0.000000,1.233508
0.782000,pre_motion,0.000000,1.262491
0.783000,pre_motion,0.000000,1.291475
0.784000,pre_motion,0.000000,1.320458
0.785000,pre_motion,0.000000,1.349442
0.786000,pre_motion,0.000000,1.378425
0.787000,pre_motion,0.000000,1.457851
0.788000,pre_motion,0.000000,1.542400
0.789000,pre_motion,0.000000,1.626949
0.790000,pre_motion,0.000000,1.711497
0.791000,pre_motion,0.000000,1.796046
0.792000,pre_motion,0.000000,1.880595
0.793000,pre_motion,0.000000,1.965144
0.794000,pre_motion,0.000000,2.006688
0.795000,pre_motion,0.000000,1.968092
0.796000,pre_motion,0.000000,1.929497
0.797000,pre_motion,0.000000,1.890901
0.798000,pre_motion,0.000000,1.852306
0.799000,pre_motion,0.000000,1.813710
0.800000,pre_motion,0.000000,1.775115
0.801000,pre_motion,0.000000,1.736519
0.802000,pre_motion,0.000000,1.849296
0.803000,pre_motion,0.000000,2.002155
0.804000,pre_motion,0.000000,2.155014
0.805000,pre_motion,0.000000,2.307873
0.806000,pre_motion,0.000000,2.460732
0.807000,pre_motion,0.000000,2.613591
0.808000,pre_motion,0.000000,2.766450
0.809000,pre_motion,0.000000,2.879447
0.810000,pre_motion,0.000000,2.860536
0.811000,pre_motion,0.000000,2.841625
0.812000,pre_motion,0.000000,2.822714
0.813000,pre_motion,0.000000,2.803803
0.814000,pre_motion,0.000000,2.784892
0.815000,pre_motion,0.000000,2.765981
0.816000,pre_motion,0.000000,2.747070
0.817000,pre_motion,0.000000,2.548708
0.818000,pre_motion,0.000000,2.263348
0.819000,pre_motion,0.000000,1.977988
0.820000,pre_motion,0.000000,1.692628
0.821000,pre_motion,0.000000,1.407268
0.822000,pre_motion,0.000000,1.121908
0.823000,pre_motion,0.000000,0.836547
0.824000,pre_motion,0.000000,0.563394
0.825000,pre_motion,0.000000,0.384260
0.826000,pre_motion,0.000000,0.205126
0.827000,pre_motion,0.000000,0.025992
0.828000,pre_motion,0.000000,-0.153142
0.829000,pre_motion,0.000000,-0.332276
0.830000,pre_motion,0.000000,-0.511410
0.831000,pre_motion,0.000000,-0.690544
0.832000,pre_motion,0.000000,-0.698613
0.833000,pre_motion,0.000000,-0.570258
0.834000,pre_motion,0.000000,-0.441903
0.835000,pre_motion,0.000000,-0.313548
0.836000,pre_motion,0.000000,-0.185194
0.837000,pre_motion,0.000000,-0.056839
0.838000,pre_motion,0.000000,0.071516
0.839000,pre_motion,0.000000,0.199871
0.840000,pre_motion,0.000000,0.039523
0.841000,pre_motion,0.000000,-0.121476
0.842000,pre_motion,0.000000,-0.282475
0.843000,pre_motion,0.000000,-0.443473
0.844000,pre_motion,0.000000,-0.604472
0.845000,pre_motion,0.000000,-0.765471
0.846000,pre_motion,0.000000,-0.926469
0.847000,pre_motion,0.000000,-0.988362
0.848000,pre_motion,0.000000,-0.923694
0.849000,pre_motion,0.000000,-0.859027
0.850000,pre_motion,0.000000,-0.794360
0.851000,pre_motion,0.000000,-0.729692
0.852000,pre_motion,0.000000,-0.665025
0.853000,pre_motion,0.000000,-0.600358
0.854000,pre_motion,0.000000,-0.535690
0.855000,pre_motion,0.000000,-0.369391
0.856000,pre_motion,0.000000,-0.189312
0.857000,pre_motion,0.000000,-0.009232
0.858000,pre_motion,0.000000,0.170848
0.859000,pre_motion,0.000000,0.350928
0.860000,pre_motion,0.000000,0.531008
0.861000,pre_motion,0.000000,0.711088
0.862000,pre_motion,0.000000,0.845090
0.863000,pre_motion,0.000000,0.882077
0.864000,pre_motion,0.000000,0.919065
0.865000,pre_motion,0.000000,0.956053
0.866000,pre_motion,0.000000,0.993041
0.867000,pre_motion,0.000000,1.030029
0.868000,pre_motion,0.000000,1.067017
0.869000,pre_motion,0.000000,1.104005
0.870000,pre_motion,0.000000,1.105577
0.871000,pre_motion,0.000000,1.096174
0.872000,pre_motion,0.000000,1.086772
0.873000,pre_motion,0.000000,1.077370
0.874000,pre_motion,0.000000,1.067967
0.875000,pre_motion,0.000000,1.058565
0.876000,pre_motion,0.000000,1.049163
0.877000,pre_motion,0.000000,1.008970
0.878000,pre_motion,0.000000,0.849270
0.879000,pre_motion,0.000000,0.689570
0.880000,pre_motion,0.000000,0.529869
0.881000,pre_motion,0.000000,0.370169
0.882000,pre_motion,0.000000,0.210468
0.883000,pre_motion,0.000000,0.050768
0.884000,pre_motion,0.000000,-0.108933
0.885000,pre_motion,0.000000,-0.133110
0.886000,pre_motion,0.000000,-0.083114
0.887000,pre_motion,0.000000,-0.033117
0.888000,pre_motion,0.000000,0.016880
0.889000,pre_motion,0.000000,0.066876
0.890000,pre_motion,0.000000,0.116873
0.891000,pre_motion,0.000000,0.166870
0.892000,pre_motion,0.000000,0.213994
0.893000,pre_motion,0.000000,0.231232
0.894000,pre_motion,0.000000,0.248470
0.895000,pre_motion,0.000000,0.265709
0.896000,pre_motion,0.000000,0.282947
0.897000,pre_motion,0.000000,0.300185
0.898000,pre_motion,0.000000,0.317424
0.899000,pre_motion,0.000000,0.334662
0.900000,pre_motion,0.000000,0.272218
0.901000,pre_motion,0.000000,0.138862
0.902000,pre_motion,0.000000,0.005506
0.903000,pre_motion,0.000000,-0.127850
0.904000,pre_motion,0.000000,-0.261205
0.905000,pre_motion,0.000000,-0.394561
0.906000,pre_motion,0.000000,-0.527917
0.907000,pre_motion,0.000000,-0.661273
0.908000,pre_motion,0.000000,-0.857241
0.909000,pre_motion,0.000000,-1.055110
0.910000,pre_motion,0.000000,-1.252979
0.911000,pre_motion,0.000000,-1.450848
0.912000,pre_motion,0.000000,-1.648717
0.913000,pre_motion,0.000000,-1.846586
0.914000,pre_motion,0.000000,-2.044454
0.915000,pre_motion,0.000000,-2.079336
0.916000,pre_motion,0.000000,-1.881571
0.917000,pre_motion,0.000000,-1.683805
0.918000,pre_motion,0.000000,-1.486040
0.919000,pre_motion,0.000000,-1.288275
0.920000,pre_motion,0.000000,-1.090509
0.921000,pre_motion,0.000000,-0.892744
0.922000,pre_motion,0.000000,-0.694978
0.923000,pre_motion,0.000000,-0.572442
0.924000,pre_motion,0.000000,-0.462830
0.925000,pre_motion,0.000000,-0.353217
0.926000,pre_motion,0.000000,-0.243605
0.927000,pre_motion,0.000000,-0.133993
0.928000,pre_motion,0.000000,-0.024381
0.929000,pre_motion,0.000000,0.085231
0.930000,pre_motion,0.000000,0.171984
0.931000,pre_motion,0.000000,0.204058
0.932000,pre_motion,0.000000,0.236131
0.933000,pre_motion,0.000000,0.268205
0.934000,pre_motion,0.000000,0.300279
0.935000,pre_motion,0.000000,0.332352
0.936000,pre_motion,0.000000,0.364426
0.937000,pre_motion,0.000000,0.396500
0.938000,pre_motion,0.000000,0.247793
0.939000,pre_motion,0.000000,0.034316
0.940000,pre_motion,0.000000,-0.179160
0.941000,pre_motion,0.000000,-0.392637
0.942000,pre_motion,0.000000,-0.606113
0.943000,pre_motion,0.000000,-0.819590
0.944000,pre_motion,0.000000,-1.033066
0.945000,pre_motion,0.000000,-1.185025
0.946000,pre_motion,0.000000,-1.052215
0.947000,pre_motion,0.000000,-0.919404
0.948000,pre_motion,0.000000,-0.786593
0.949000,pre_motion,0.000000,-0.653782
0.950000,pre_motion,0.000000,-0.520971
0.951000,pre_motion,0.000000,-0.388160
0.952000,pre_motion,0.000000,-0.255350
0.953000,pre_motion,0.000000,-0.306595
0.954000,pre_motion,0.000000,-0.471095
0.955000,pre_motion,0.000000,-0.635595
0.956000,pre_motion,0.000000,-0.800095
0.957000,pre_motion,0.000000,-0.964595
0.958000,pre_motion,0.000000,-1.129095
0.959000,pre_motion,0.000000,-1.293595
0.960000,pre_motion,0.000000,-1.437083
0.961000,pre_motion,0.000000,-1.254211
0.962000,pre_motion,0.000000,-1.071338
0.963000,pre_motion,0.000000,-0.888466
0.964000,pre_motion,0.000000,-0.705594
0.965000,pre_motion,0.000000,-0.522722
0.966000,pre_motion,0.000000,-0.339850
0.967000,pre_motion,0.000000,-0.156977
0.968000,pre_motion,0.000000,-0.253327
0.969000,pre_motion,0.000000,-0.626772
0.970000,pre_motion,0.000000,-1.000217
0.971000,pre_motion,0.000000,-1.373661
0.972000,pre_motion,0.000000,-1.747106
0.973000,pre_motion,0.000000,-2.120551
0.974000,pre_motion,0.000000,-2.493995
0.975000,pre_motion,0.000000,-2.867440
0.976000,pre_motion,0.000000,-2.741505
0.977000,pre_motion,0.000000,-2.585571
0.978000,pre_motion,0.000000,-2.429638
0.979000,pre_motion,0.000000,-2.273705
0.980000,pre_motion,0.000000,-2.117771
0.981000,pre_motion,0.000000,-1.961838
0.982000,pre_motion,0.000000,-1.805904
0.983000,pre_motion,0.000000,-1.634412
0.984000,pre_motion,0.000000,-1.438042
0.985000,pre_motion,0.000000,-1.241671
0.986000,pre_motion,0.000000,-1.045300
0.987000,pre_motion,0.000000,-0.848929
0.988000,pre_motion,0.000000,-0.652559
0.989000,pre_motion,0.000000,-0.456188
0.990000,pre_motion,0.000000,-0.259817
0.991000,pre_motion,0.000000,-0.118041
0.992000,pre_motion,0.000000,0.012249
0.993000,pre_motion,0.000000,0.142539
0.994000,pre_motion,0.000000,0.272828
0.995000,pre_motion,0.000000,0.403118
0.996000,pre_motion,0.000000,0.533408
0.997000,pre_motion,0.000000,0.663698
0.998000,pre_motion,0.000000,0.774267
0.999000,pre_motion,0.000000,0.830861
1.000000,pre_motion,0.000000,0.887455
1.001000,pre_motion,0.000000,0.944050
1.002000,pre_motion,0.000000,1.000644
1.003000,pre_motion,0.000000,1.057238
1.004000,pre_motion,0.000000,1.113833
1.005000,pre_motion,0.000000,1.170427
1.006000,pre_motion,0.000000,1.133544
1.007000,pre_motion,0.000000,1.058297
1.008000,pre_motion,0.000000,0.983051
1.009000,pre_motion,0.000000,0.907804
1.010000,pre_motion,0.000000,0.832558
1.011000,pre_motion,0.000000,0.757311
1.012000,pre_motion,0.000000,0.682065
1.013000,pre_motion,0.000000,0.602128
1.014000,pre_motion,0.000000,0.495706
1.015000,pre_motion,0.000000,0.389284
1.016000,pre_motion,0.000000,0.282862
1.017000,pre_motion,0.000000,0.176439
1.018000,pre_motion,0.000000,0.070017
1.019000,pre_motion,0.000000,-0.036405
1.020000,pre_motion,0.000000,-0.142827
1.021000,pre_motion,0.000000,-0.248403
1.022000,pre_motion,0.000000,-0.353395
1.023000,pre_motion,0.000000,-0.458388
1.024000,pre_motion,0.000000,-0.563380
1.025000,pre_motion,0.000000,-0.668373
1.026000,pre_motion,0.000000,-0.773365
1.027000,pre_motion,0.000000,-0.878358
1.028000,pre_motion,0.000000,-0.982853
1.029000,pre_motion,0.000000,-1.072899
1.030000,pre_motion,0.000000,-1.162946
1.031000,pre_motion,0.000000,-1.252993
1.032000,pre_motion,0.000000,-1.343039
1.033000,pre_motion,0.000000,-1.433086
1.034000,pre_motion,0.000000,-1.523132
1.035000,pre_motion,0.000000,-1.613179
1.036000,pre_motion,0.000000,-1.697326
1.037000,pre_motion,0.000000,-1.774946
1.038000,pre_motion,0.000000,-1.852566
1.039000,pre_motion,0.000000,-1.930186
1.040000,pre_motion,0.000000,-2.007806
1.041000,pre_motion,0.000000,-2.085426
1.042000,pre_motion,0.000000,-2.163046
1.043000,pre_motion,0.000000,-2.240665
1.044000,pre_motion,0.000000,-2.196450
1.045000,pre_motion,0.000000,-2.141081
1.046000,pre_motion,0.000000,-2.085711
1.047000,pre_motion,0.000000,-2.030342
1.048000,pre_motion,0.000000,-1.974972
1.049000,pre_motion,0.000000,-1.919602
1.050000,pre_motion,0.000000,-1.864233
1.051000,pre_motion,0.000000,-1.811360
1.052000,pre_motion,0.000000,-1.762972
1.053000,pre_motion,0.000000,-1.714584
1.054000,pre_motion,0.000000,-1.666197
1.055000,pre_motion,0.000000,-1.617809
1.056000,pre_motion,0.000000,-1.569422
1.057000,pre_motion,0.000000,-1.521034
1.058000,pre_motion,0.000000,-1.472646
1.059000,pre_motion,0.000000,-1.408665
1.060000,pre_motion,0.000000,-1.340760
1.061000,pre_motion,0.000000,-1.272855
1.062000,pre_motion,0.000000,-1.204950
1.063000,pre_motion,0.000000,-1.137045
1.064000,pre_motion,0.000000,-1.069140
1.065000,pre_motion,0.000000,-1.001235
1.066000,pre_motion,0.000000,-0.933330
1.067000,pre_motion,0.000000,-0.865425
1.068000,pre_motion,0.000000,-0.797520
1.069000,pre_motion,0.000000,-0.729615
1.070000,pre_motion,0.000000,-0.661710
1.071000,pre_motion,0.000000,-0.593805
1.072000,pre_motion,0.000000,-0.525900
1.073000,pre_motion,0.000000,-0.457994
1.074000,pre_motion,0.000000,-0.365324
1.075000,pre_motion,0.000000,-0.261096
1.076000,pre_motion,0.000000,-0.156867
1.077000,pre_motion,0.000000,-0.052639
1.078000,pre_motion,0.000000,0.051590
1.079000,pre_motion,0.000000,0.155818
1.080000,pre_motion,0.000000,0.260046
1.081000,pre_motion,0.000000,0.339419
1.082000,pre_motion,0.000000,0.241943
1.083000,pre_motion,0.000000,0.144467
1.084000,pre_motion,0.000000,0.046990
1.085000,pre_motion,0.000000,-0.050486
1.086000,pre_motion,0.000000,-0.147962
1.087000,pre_motion,0.000000,-0.245438
1.088000,pre_motion,0.000000,-0.342914
1.089000,pre_motion,0.000000,-0.502055
1.090000,pre_motion,0.000000,-0.708739
1.091000,pre_motion,0.000000,-0.915423
1.092000,pre_motion,0.000000,-1.122107
1.093000,pre_motion,0.000000,-1.328791
1.094000,pre_motion,0.000000,-1.535475
1.095000,pre_motion,0.000000,-1.742159
1.096000,pre_motion,0.000000,-1.948253
1.097000,pre_motion,0.000000,-2.057831
1.098000,pre_motion,0.000000,-2.167408
1.099000,pre_motion,0.000000,-2.276986
1.100000,pre_motion,0.000000,-2.386563
1.101000,pre_motion,0.000000,-2.496141
1.102000,pre_motion,0.000000,-2.605719
1.103000,pre_motion,0.000000,-2.715296
1.104000,pre_motion,0.000000,-2.780022
1.105000,pre_motion,0.000000,-2.789370
1.106000,pre_motion,0.000000,-2.798719
1.107000,pre_motion,0.000000,-2.808067
1.108000,pre_motion,0.000000,-2.817415
1.109000,pre_motion,0.000000,-2.826763
1.110000,pre_motion,0.000000,-2.836112
1.111000,pre_motion,0.000000,-2.845460
1.112000,pre_motion,0.000000,-2.719604
1.113000,pre_motion,0.000000,-2.576851
1.114000,pre_motion,0.000000,-2.434098
1.115000,pre_motion,0.000000,-2.291345
1.116000,pre_motion,0.000000,-2.148593
1.117000,pre_motion,0.000000,-2.005840
1.118000,pre_motion,0.000000,-1.863087
1.119000,pre_motion,0.000000,-1.687652
1.120000,pre_motion,0.000000,-1.445964
1.121000,pre_motion,0.000000,-1.204275
1.122000,pre_motion,0.000000,-0.962586
1.123000,pre_motion,0.000000,-0.720897
1.124000,pre_motion,0.000000,-0.479209
1.125000,pre_motion,0.000000,-0.237520
1.126000,pre_motion,0.000000,0.004169
1.127000,pre_motion,0.000000,-0.193595
1.128000,pre_motion,0.000000,-0.521325
1.129000,pre_motion,0.000000,-0.849055
1.130000,pre_motion,0.000000,-1.176785
1.131000,pre_motion,0.000000,-1.504514
1.132000,pre_motion,0.000000,-1.832244
1.133000,pre_motion,0.000000,-2.159974
1.134000,pre_motion,0.000000,-2.369810
1.135000,pre_motion,0.000000,-2.144509
1.136000,pre_motion,0.000000,-1.919209
1.137000,pre_motion,0.000000,-1.693908
1.138000,pre_motion,0.000000,-1.468608
1.139000,pre_motion,0.000000,-1.243307
1.140000,pre_motion,0.000000,-1.018006
1.141000,pre_motion,0.000000,-0.792706
1.142000,pre_motion,0.000000,-0.780165
1.143000,pre_motion,0.000000,-0.879888
1.144000,pre_motion,0.000000,-0.979610
1.145000,pre_motion,0.000000,-1.079332
1.146000,pre_motion,0.000000,-1.179055
1.147000,pre_motion,0.000000,-1.278777
1.148000,pre_motion,0.000000,-1.378500
1.149000,pre_motion,0.000000,-1.494401
1.150000,pre_motion,0.000000,-1.762614
1.151000,pre_motion,0.000000,-2.030827
1.152000,pre_motion,0.000000,-2.299040
1.153000,pre_motion,0.000000,-2.567253
1.154000,pre_motion,0.000000,-2.835467
1.155000,pre_motion,0.000000,-3.103680
1.156000,pre_motion,0.000000,-3.371893
1.157000,pre_motion,0.000000,-3.439590
1.158000,pre_motion,0.000000,-3.334710
1.159000,pre_motion,0.000000,-3.229831
1.160000,pre_motion,0.000000,-3.124951
1.161000,pre_motion,0.000000,-3.020071
1.162000,pre_motion,0.000000,-2.915191
1.163000,pre_motion,0.000000,-2.810311
1.164000,pre_motion,0.000000,-2.705431
1.165000,pre_motion,0.000000,-2.638410
1.166000,pre_motion,0.000000,-2.572207
1.167000,pre_motion,0.000000,-2.506003
1.168000,pre_motion,0.000000,-2.439800
1.169000,pre_motion,0.000000,-2.373596
1.170000,pre_motion,0.000000,-2.307393
1.171000,pre_motion,0.000000,-2.241190
1.172000,pre_motion,0.000000,-2.174986
1.173000,pre_motion,0.000000,-2.108783
1.174000,pre_motion,0.000000,-2.042579
1.175000,pre_motion,0.000000,-1.976376
1.176000,pre_motion,0.000000,-1.910173
1.177000,pre_motion,0.000000,-1.843969
1.178000,pre_motion,0.000000,-1.777766
1.179000,pre_motion,0.000000,-1.711562
1.180000,pre_motion,0.000000,-1.645359
1.181000,pre_motion,0.000000,-1.579155
1.182000,pre_motion,0.000000,-1.512952
1.183000,pre_motion,0.000000,-1.446749
1.184000,pre_motion,0.000000,-1.380545
1.185000,pre_motion,0.000000,-1.314342
1.186000,pre_motion,0.000000,-1.248138
1.187000,pre_motion,0.000000,-1.129563
1.188000,pre_motion,0.000000,-0.890586
1.189000,pre_motion,0.000000,-0.651609
1.190000,pre_motion,0.000000,-0.412632
1.191000,pre_motion,0.000000,-0.173655
1.192000,pre_motion,0.000000,0.065322
1.193000,pre_motion,0.000000,0.304299
1.194000,pre_motion,0.000000,0.543276
1.195000,pre_motion,0.000000,0.599927
1.196000,pre_motion,0.000000,0.594022
1.197000,pre_motion,0.000000,0.588118
1.198000,pre_motion,0.000000,0.582213
1.199000,pre_motion,0.000000,0.576308
1.200000,pre_motion,0.000000,0.570404
1.201000,pre_motion,0.000000,0.564499
1.202000,pre_motion,0.000000,0.558353
1.203000,pre_motion,0.000000,0.551152
1.204000,pre_motion,0.000000,0.543950
1.205000,pre_motion,0.000000,0.536749
1.206000,pre_motion,0.000000,0.529547
1.207000,pre_motion,0.000000,0.522346
1.208000,pre_motion,0.000000,0.515144
1.209000,pre_motion,0.000000,0.507943
1.210000,pre_motion,0.000000,0.474934
1.211000,pre_motion,0.000000,0.426599
1.212000,pre_motion,0.000000,0.378264
1.213000,pre_motion,0.000000,0.329929
1.214000,pre_motion,0.000000,0.281593
1.215000,pre_motion,0.000000,0.233258
1.216000,pre_motion,0.000000,0.184923
1.217000,pre_motion,0.000000,0.138842
1.218000,pre_motion,0.000000,0.123268
1.219000,pre_motion,0.000000,0.107695
1.220000,pre_motion,0.000000,0.092121
1.221000,pre_motion,0.000000,0.076547
1.222000,pre_motion,0.000000,0.060973
1.223000,pre_motion,0.000000,0.045399
1.224000,pre_motion,0.000000,0.029825
1.225000,pre_motion,0.000000,0.016872
1.226000,pre_motion,0.000000,0.006434
1.227000,pre_motion,0.000000,-0.004004
1.228000,pre_motion,0.000000,-0.014442
1.229000,pre_motion,0.000000,-0.024879
1.230000,pre_motion,0.000000,-0.035317
1.231000,pre_motion,0.000000,-0.045755
1.232000,pre_motion,0.000000,-0.056193
1.233000,pre_motion,0.000000,-0.019048
1.234000,pre_motion,0.000000,0.020514
1.235000,pre_motion,0.000000,0.060075
1.236000,pre_motion,0.000000,0.099637
1.237000,pre_motion,0.000000,0.139199
1.238000,pre_motion,0.000000,0.178761
1.239000,pre_motion,0.000000,0.218323
1.240000,pre_motion,0.000000,0.326545
1.241000,pre_motion,0.000000,0.540780
1.242000,pre_motion,0.000000,0.755016
1.243000,pre_motion,0.000000,0.969251
1.244000,pre_motion,0.000000,1.183487
1.245000,pre_motion,0.000000,1.397723
1.246000,pre_motion,0.000000,1.611958
1.247000,pre_motion,0.000000,1.826194
1.248000,pre_motion,0.000000,1.952323
1.249000,pre_motion,0.000000,2.060979
1.250000,pre_motion,0.000000,2.169634
1.251000,pre_motion,0.000000,2.278289
1.252000,pre_motion,0.000000,2.386945
1.253000,pre_motion,0.000000,2.495600
1.254000,pre_motion,0.000000,2.604255
1.255000,pre_motion,0.000000,2.685750
1.256000,pre_motion,0.000000,2.695970
1.257000,pre_motion,0.000000,2.706189
1.258000,pre_motion,0.000000,2.716408
1.259000,pre_motion,0.000000,2.726627
1.260000,pre_motion,0.000000,2.736846
1.261000,pre_motion,0.000000,2.747065
1.262000,pre_motion,0.000000,2.757284
1.263000,pre_motion,0.000000,2.742700
1.264000,pre_motion,0.000000,2.718342
1.265000,pre_motion,0.000000,2.693984
1.266000,pre_motion,0.000000,2.669626
1.267000,pre_motion,0.000000,2.645268
1.268000,pre_motion,0.000000,2.620910
1.269000,pre_motion,0.000000,2.596552
1.270000,pre_motion,0.000000,2.571781
1.271000,pre_motion,0.000000,2.544823
1.272000,pre_motion,0.000000,2.517866
1.273000,pre_motion,0.000000,2.490909
1.274000,pre_motion,0.000000,2.463951
1.275000,pre_motion,0.000000,2.436994
1.276000,pre_motion,0.000000,2.410036
1.277000,pre_motion,0.000000,2.383079
1.278000,pre_motion,0.000000,2.438486
1.279000,pre_motion,0.000000,2.548760
1.280000,pre_motion,0.000000,2.659035
1.281000,pre_motion,0.000000,2.769310
1.282000,pre_motion,0.000000,2.879585
1.283000,pre_motion,0.000000,2.989859
1.284000,pre_motion,0.000000,3.100134
1.285000,X_outbound,0.000224,3.205949
1.286000,X_outbound,0.005598,3.208873
1.287000,X_outbound,0.010973,3.211505
1.288000,X_outbound,0.016348,3.213846
1.289000,X_outbound,0.021722,3.215895
1.290000,X_outbound,0.027097,3.217652
1.291000,X_outbound,0.032472,3.219119
1.292000,X_outbound,0.037846,3.220294
1.293000,X_outbound,0.043221,3.324218
1.294000,X_outbound,0.048596,3.538135
1.295000,X_outbound,0.053970,3.751761
1.296000,X_outbound,0.059345,3.965095
1.297000,X_outbound,0.064720,4.178139
1.298000,X_outbound,0.070095,4.390891
1.299000,X_outbound,0.075469,4.603353
1.300000,X_outbound,0.080844,4.815524
1.301000,X_outbound,0.086219,5.154809
1.302000,X_outbound,0.091593,5.504216
1.303000,X_outbound,0.096968,5.853332
1.304000,X_outbound,0.102343,6.202159
1.305000,X_outbound,0.107717,6.550695
1.306000,X_outbound,0.113092,6.898940
1.307000,X_outbound,0.118467,7.246896
1.308000,X_outbound,0.123841,7.753174
1.309000,X_outbound,0.129216,8.534076
1.310000,X_outbound,0.134591,9.314688
1.311000,X_outbound,0.139965,10.095011
1.312000,X_outbound,0.145340,10.875045
1.313000,X_outbound,0.150715,11.654789
1.314000,X_outbound,0.156090,12.434245
1.315000,X_outbound,0.161464,13.213413
1.316000,X_outbound,0.166839,13.458781
1.317000,X_outbound,0.172214,13.576503
1.318000,X_outbound,0.177588,13.693937
1.319000,X_outbound,0.182963,13.811083
1.320000,X_outbound,0.188338,13.927942
1.321000,X_outbound,0.193712,14.044514
1.322000,X_outbound,0.199087,14.160798
1.323000,X_outbound,0.204462,14.187696
1.324000,X_outbound,0.209836,13.945156
1.325000,X_outbound,0.215211,13.702330
1.326000,X_outbound,0.220586,13.459218
1.327000,X_outbound,0.225960,13.215820
1.328000,X_outbound,0.231335,12.972137
1.329000,X_outbound,0.236710,12.728169
1.330000,X_outbound,0.242085,12.483917
1.331000,X_outbound,0.247459,12.635421
1.332000,X_outbound,0.252834,12.964465
1.333000,X_outbound,0.258209,13.293225
1.334000,X_outbound,0.263583,13.621702
1.335000,X_outbound,0.268958,13.949896
1.336000,X_outbound,0.274333,14.277807
1.337000,X_outbound,0.279707,14.605435
1.338000,X_outbound,0.285082,14.934643
1.339000,X_outbound,0.290457,15.275857
1.340000,X_outbound,0.295831,15.616789
1.341000,X_outbound,0.301206,15.957441
1.342000,X_outbound,0.306581,16.297812
1.343000,X_outbound,0.311955,16.637903
1.344000,X_outbound,0.317330,16.977714
1.345000,X_outbound,0.322705,17.317246
1.346000,X_outbound,0.328080,17.734456
1.347000,X_outbound,0.333454,18.209487
1.348000,X_outbound,0.338829,18.684240
1.349000,X_outbound,0.344204,19.158716
1.350000,X_outbound,0.349578,19.632914
1.351000,X_outbound,0.354953,20.106836
1.352000,X_outbound,0.360328,20.580481
1.353000,X_outbound,0.365702,21.051336
1.354000,X_outbound,0.371077,21.349694
1.355000,X_outbound,0.376452,21.647777
1.356000,X_outbound,0.381826,21.945586
1.357000,X_outbound,0.387201,22.243121
1.358000,X_outbound,0.392576,22.540382
1.359000,X_outbound,0.397950,22.837370
1.360000,X_outbound,0.403325,23.134086
1.361000,X_outbound,0.408700,23.722377
1.362000,X_outbound,0.414075,24.658826
1.363000,X_outbound,0.419449,25.595004
1.364000,X_outbound,0.424824,26.530912
1.365000,X_outbound,0.430199,27.466549
1.366000,X_outbound,0.435573,28.401918
1.367000,X_outbound,0.440948,29.337017
1.368000,X_outbound,0.446323,30.271849
1.369000,X_outbound,0.451697,30.903717
1.370000,X_outbound,0.457072,31.500648
1.371000,X_outbound,0.462447,32.097313
1.372000,X_outbound,0.467821,32.693713
1.373000,X_outbound,0.473196,33.289846
1.374000,X_outbound,0.478571,33.885716
1.375000,X_outbound,0.483945,34.481320
1.376000,X_outbound,0.488410,34.963360
1.377000,X_outbound,0.491097,35.223873
1.378000,X_outbound,0.493785,35.484125
1.379000,X_outbound,0.496472,35.744115
1.380000,X_outbound,0.499159,36.003843
1.381000,X_outbound,0.501847,36.263312
1.382000,X_outbound,0.504534,36.522520
1.383000,X_outbound,0.507221,36.781470
1.384000,X_outbound,0.509909,37.040161
1.385000,X_outbound,0.512596,37.298594
1.386000,X_outbound,0.515284,37.556770
1.387000,X_outbound,0.517971,37.814690
1.388000,X_outbound,0.520658,38.072354
1.389000,X_outbound,0.523346,38.329763
1.390000,X_outbound,0.526033,38.586918
1.391000,X_outbound,0.529315,38.893715
1.392000,X_outbound,0.534690,39.375628
1.393000,X_outbound,0.540065,39.857288
1.394000,X_outbound,0.545440,40.338697
1.395000,X_outbound,0.550814,40.819855
1.396000,X_outbound,0.556189,41.300763
1.397000,X_outbound,0.561564,41.781422
1.398000,X_outbound,0.566938,42.261833
1.399000,X_outbound,0.572313,42.851831
1.400000,X_outbound,0.577688,43.497433
1.401000,X_outbound,0.583062,44.142788
1.402000,X_outbound,0.588437,44.787897
1.403000,X_outbound,0.593812,45.432762
1.404000,X_outbound,0.599186,46.077382
1.405000,X_outbound,0.604561,46.721760
1.406000,X_outbound,0.609936,47.370815
1.407000,X_outbound,0.615310,48.061861
1.408000,X_outbound,0.620685,48.752667
1.409000,X_outbound,0.626060,49.443232
1.410000,X_outbound,0.631435,50.133558
1.411000,X_outbound,0.636809,50.823646
1.412000,X_outbound,0.642184,51.513497
1.413000,X_outbound,0.647559,52.203111
1.414000,X_outbound,0.652933,52.619925
1.415000,X_outbound,0.658308,52.809650
1.416000,X_outbound,0.663683,52.999141
1.417000,X_outbound,0.669057,53.188398
1.418000,X_outbound,0.674432,53.377423
1.419000,X_outbound,0.679807,53.566216
1.420000,X_outbound,0.685181,53.754779
1.421000,X_outbound,0.690556,53.943112
1.422000,X_outbound,0.695931,54.391236
1.423000,X_outbound,0.701305,54.842507
1.424000,X_outbound,0.706680,55.293552
1.425000,X_outbound,0.712055,55.744370
1.426000,X_outbound,0.717430,56.194963
1.427000,X_outbound,0.722804,56.645331
1.428000,X_outbound,0.728179,57.095476
1.429000,X_outbound,0.733554,57.476114
1.430000,X_outbound,0.738928,57.764163
1.431000,X_outbound,0.744303,58.051992
1.432000,X_outbound,0.749678,58.339600
1.433000,X_outbound,0.755052,58.626990
1.434000,X_outbound,0.760427,58.914162
1.435000,X_outbound,0.765802,59.201116
1.436000,X_outbound,0.771176,59.487855
1.437000,X_outbound,0.776551,59.878816
1.438000,X_outbound,0.781926,60.285165
1.439000,X_outbound,0.787300,60.691300
1.440000,X_outbound,0.792675,61.097224
1.441000,X_outbound,0.798050,61.502936
1.442000,X_outbound,0.803425,61.908438
1.443000,X_outbound,0.808799,62.313731
1.444000,X_outbound,0.814174,62.547722
1.445000,X_outbound,0.819549,62.403249
1.446000,X_outbound,0.824923,62.258570
1.447000,X_outbound,0.830298,62.113686
1.448000,X_outbound,0.835673,61.968597
1.449000,X_outbound,0.841047,61.823306
1.450000,X_outbound,0.846422,61.677812
1.451000,X_outbound,0.851797,61.532118
1.452000,X_outbound,0.857171,61.698207
1.453000,X_outbound,0.862546,61.966507
1.454000,X_outbound,0.867921,62.234610
1.455000,X_outbound,0.873295,62.502515
1.456000,X_outbound,0.878670,62.770225
1.457000,X_outbound,0.884045,63.037740
1.458000,X_outbound,0.889420,63.305062
1.459000,X_outbound,0.894794,63.682247
1.460000,X_outbound,0.900169,64.515639
1.461000,X_outbound,0.905544,65.348841
1.462000,X_outbound,0.910918,66.181853
1.463000,X_outbound,0.916293,67.014677
1.464000,X_outbound,0.921668,67.847314
1.465000,X_outbound,0.927042,68.679765
1.466000,X_outbound,0.932417,69.512032
1.467000,X_outbound,0.937792,70.100618
1.468000,X_outbound,0.943166,70.549487
1.469000,X_outbound,0.948541,70.998175
1.470000,X_outbound,0.953916,71.446682
1.471000,X_outbound,0.959290,71.895010
1.472000,X_outbound,0.964665,72.343160
1.473000,X_outbound,0.970040,72.791132
1.474000,X_outbound,0.975415,73.251104
1.475000,X_outbound,0.980789,73.856571
1.476000,X_outbound,0.986164,74.461866
1.477000,X_outbound,0.991539,75.066987
1.478000,X_outbound,0.996913,75.671937
1.479000,X_outbound,1.002288,76.276717
1.480000,X_outbound,1.007663,76.881328
1.481000,X_outbound,1.013037,77.485772
1.482000,X_outbound,1.016554,77.785693
1.483000,X_outbound,1.018346,77.802872
1.484000,X_outbound,1.020137,77.819887
1.485000,X_outbound,1.021929,77.836739
1.486000,X_outbound,1.023720,77.853429
1.487000,X_outbound,1.025512,77.869958
1.488000,X_outbound,1.027303,77.886327
1.489000,X_outbound,1.029095,77.902538
1.490000,X_outbound,1.030887,77.918592
1.491000,X_outbound,1.032678,77.934490
1.492000,X_outbound,1.034470,77.950233
1.493000,X_outbound,1.036261,77.965823
1.494000,X_outbound,1.038053,77.981260
1.495000,X_outbound,1.039844,77.996546
1.496000,X_outbound,1.041636,78.011683
1.497000,X_outbound,1.043427,78.026671
1.498000,X_outbound,1.045219,78.041511
1.499000,X_outbound,1.047011,78.056205
1.500000,X_outbound,1.048802,78.070754
1.501000,X_outbound,1.050594,78.085160
1.502000,X_outbound,1.052385,78.099423
1.503000,X_outbound,1.054177,78.113545
1.504000,X_outbound,1.055968,78.127527
1.505000,X_outbound,1.060780,78.124341
1.506000,X_outbound,1.066155,78.117843
1.507000,X_outbound,1.071529,78.111209
1.508000,X_outbound,1.076904,78.104439
1.509000,X_outbound,1.082279,78.097536
1.510000,X_outbound,1.087653,78.090501
1.511000,X_outbound,1.093028,78.083334
1.512000,X_outbound,1.098403,78.047113
1.513000,X_outbound,1.103777,77.937924
1.514000,X_outbound,1.109152,77.828608
1.515000,X_outbound,1.114527,77.719166
1.516000,X_outbound,1.119901,77.609600
1.517000,X_outbound,1.125276,77.499910
1.518000,X_outbound,1.130651,77.390098
1.519000,X_outbound,1.136026,77.280166
1.520000,X_outbound,1.141400,76.393007
1.521000,X_outbound,1.146775,75.211938
1.522000,X_outbound,1.152150,74.030752
1.523000,X_outbound,1.157524,72.849451
1.524000,X_outbound,1.162899,71.668035
1.525000,X_outbound,1.168274,70.486507
1.526000,X_outbound,1.173648,69.304867
1.527000,X_outbound,1.179023,68.118586
1.528000,X_outbound,1.184398,66.909605
1.529000,X_outbound,1.189772,65.700516
1.530000,X_outbound,1.195147,64.491321
1.531000,X_outbound,1.200522,63.282022
1.532000,X_outbound,1.205896,62.072619
1.533000,X_outbound,1.211271,60.863113
1.534000,X_outbound,1.216646,59.653507
1.535000,X_outbound,1.222021,58.772785
1.536000,X_outbound,1.227395,58.103628
1.537000,X_outbound,1.232770,57.434375
1.538000,X_outbound,1.238145,56.765025
1.539000,X_outbound,1.243519,56.095582
1.540000,X_outbound,1.248894,55.426046
1.541000,X_outbound,1.254269,54.756418
1.542000,X_outbound,1.259643,54.135989
1.543000,X_outbound,1.265018,54.453490
1.544000,X_outbound,1.270393,54.770904
1.545000,X_outbound,1.275767,55.088232
1.546000,X_outbound,1.281142,55.405476
1.547000,X_outbound,1.286517,55.722636
1.548000,X_outbound,1.291891,56.039714
1.549000,X_outbound,1.297266,56.356711
1.550000,X_outbound,1.302641,56.521269
1.551000,X_outbound,1.308016,56.528020
1.552000,X_outbound,1.313390,56.534695
1.553000,X_outbound,1.318765,56.541295
1.554000,X_outbound,1.324140,56.547821
1.555000,X_outbound,1.329514,56.554275
1.556000,X_outbound,1.334889,56.560658
1.557000,X_outbound,1.340264,56.566972
1.558000,X_outbound,1.345638,56.865801
1.559000,X_outbound,1.351013,57.185653
1.560000,X_outbound,1.356388,57.505439
1.561000,X_outbound,1.361762,57.825162
1.562000,X_outbound,1.367137,58.144823
1.563000,X_outbound,1.372512,58.464422
1.564000,X_outbound,1.377886,58.783961
1.565000,X_outbound,1.383261,59.174045
1.566000,X_outbound,1.388636,59.682151
1.567000,X_outbound,1.394011,60.190201
1.568000,X_outbound,1.399385,60.698198
1.569000,X_outbound,1.404760,61.206142
1.570000,X_outbound,1.410135,61.714034
1.571000,X_outbound,1.415509,62.221877
1.572000,X_outbound,1.420884,62.729671
1.573000,X_outbound,1.426259,63.282574
1.574000,X_outbound,1.431633,63.845640
1.575000,X_outbound,1.437008,64.408662
1.576000,X_outbound,1.442383,64.971641
1.577000,X_outbound,1.447757,65.534578
1.578000,X_outbound,1.453132,66.097476
1.579000,X_outbound,1.458507,66.660335
1.580000,X_outbound,1.463881,66.814556
1.581000,X_outbound,1.469256,65.787629
1.582000,X_outbound,1.474631,64.760669
1.583000,X_outbound,1.480006,63.733675
1.584000,X_outbound,1.485380,62.706650
1.585000,X_outbound,1.490755,61.679594
1.586000,X_outbound,1.496130,60.652511
1.587000,X_outbound,1.501504,59.625400
1.588000,X_outbound,1.506879,58.358273
1.589000,X_outbound,1.512254,56.987507
1.590000,X_outbound,1.517628,55.616718
1.591000,X_outbound,1.523003,54.245908
1.592000,X_outbound,1.528378,52.875078
1.593000,X_outbound,1.533752,51.504230
1.594000,X_outbound,1.539127,50.133364
1.595000,X_outbound,1.544126,49.012579
1.596000,X_outbound,1.546813,49.429740
1.597000,X_outbound,1.549501,49.846889
1.598000,X_outbound,1.552188,50.264027
1.599000,X_outbound,1.554875,50.681154
1.600000,X_outbound,1.557563,51.098273
1.601000,X_outbound,1.560250,51.515384
1.602000,X_outbound,1.562937,51.932490
1.603000,X_outbound,1.565625,52.349592
1.604000,X_outbound,1.568312,52.766690
1.605000,X_outbound,1.570999,53.183788
1.606000,X_outbound,1.573687,53.600885
1.607000,X_outbound,1.576374,54.017984
1.608000,X_outbound,1.579061,54.435085
1.609000,X_outbound,1.581749,54.852191
1.610000,X_outbound,1.584497,55.256013
1.611000,X_outbound,1.589872,55.087991
1.612000,X_outbound,1.595246,54.919978
1.613000,X_outbound,1.600621,54.751976
1.614000,X_outbound,1.605996,54.583984
1.615000,X_outbound,1.611371,54.416006
1.616000,X_outbound,1.616745,54.248042
1.617000,X_outbound,1.622120,54.080093
1.618000,X_outbound,1.627495,54.043037
1.619000,X_outbound,1.632869,54.157101
1.620000,X_outbound,1.638244,54.271186
1.621000,X_outbound,1.643619,54.385292
1.622000,X_outbound,1.648993,54.499420
1.623000,X_outbound,1.654368,54.613574
1.624000,X_outbound,1.659743,54.727752
1.625000,X_outbound,1.665117,54.841958
1.626000,X_outbound,1.670492,55.948259
1.627000,X_outbound,1.675867,57.158058
1.628000,X_outbound,1.681241,58.367888
1.629000,X_outbound,1.686616,59.577751
1.630000,X_outbound,1.691991,60.787648
1.631000,X_outbound,1.697366,61.997581
1.632000,X_outbound,1.702740,63.207551
1.633000,X_outbound,1.708115,64.164847
1.634000,X_outbound,1.713490,64.646571
1.635000,X_outbound,1.718864,65.128335
1.636000,X_outbound,1.724239,65.610143
1.637000,X_outbound,1.729614,66.091994
1.638000,X_outbound,1.734988,66.573891
1.639000,X_outbound,1.740363,67.055836
1.640000,X_outbound,1.745738,67.537828
1.641000,X_outbound,1.751112,67.050652
1.642000,X_outbound,1.756487,66.303393
1.643000,X_outbound,1.761862,65.556187
1.644000,X_outbound,1.767236,64.809035
1.645000,X_outbound,1.772611,64.061939
1.646000,X_outbound,1.777986,63.314899
1.647000,X_outbound,1.783361,62.567918
1.648000,X_outbound,1.788735,61.891667
1.649000,X_outbound,1.794110,61.452310
1.650000,X_outbound,1.799485,61.013017
1.651000,X_outbound,1.804859,60.573787
1.652000,X_outbound,1.810234,60.134622
1.653000,X_outbound,1.815609,59.695525
1.654000,X_outbound,1.820983,59.256495
1.655000,X_outbound,1.826358,58.817534
1.656000,X_outbound,1.831733,59.997745
1.657000,X_outbound,1.837107,61.971030
1.658000,X_outbound,1.842482,63.944388
1.659000,X_outbound,1.847857,65.917822
1.660000,X_outbound,1.853231,67.891332
1.661000,X_outbound,1.858606,69.864920
1.662000,X_outbound,1.863981,71.838587
1.663000,X_outbound,1.869356,73.641244
1.664000,X_outbound,1.874730,74.096443
1.665000,X_outbound,1.880105,74.551725
1.666000,X_outbound,1.885480,75.007092
1.667000,X_outbound,1.890854,75.462545
1.668000,X_outbound,1.896229,75.918085
1.669000,X_outbound,1.901604,76.373714
1.670000,X_outbound,1.906978,76.829433
1.671000,X_outbound,1.912353,76.930843
1.672000,X_outbound,1.917728,76.747129
1.673000,X_outbound,1.923102,76.563510
1.674000,X_outbound,1.928477,76.379985
1.675000,X_outbound,1.933852,76.196558
1.676000,X_outbound,1.939226,76.013229
1.677000,X_outbound,1.944601,75.829999
1.678000,X_outbound,1.949976,75.646871
1.679000,X_outbound,1.955351,75.690527
1.680000,X_outbound,1.960725,75.735311
1.681000,X_outbound,1.966100,75.780199
1.682000,X_outbound,1.971475,75.825194
1.683000,X_outbound,1.976849,75.870297
1.684000,X_outbound,1.982224,75.915508
1.685000,X_outbound,1.987599,75.960830
1.686000,X_outbound,1.992973,76.633061
1.687000,X_outbound,1.998348,78.113174
1.688000,X_outbound,2.003723,79.593402
1.689000,X_outbound,2.009097,81.073745
1.690000,X_outbound,2.014472,82.554205
1.691000,X_outbound,2.019847,84.034783
1.692000,X_outbound,2.025221,85.515480
1.693000,X_outbound,2.030596,86.996299
1.694000,X_outbound,2.033610,87.021936
1.695000,X_outbound,2.036298,86.846131
1.696000,X_outbound,2.038985,86.670452
1.697000,X_outbound,2.041672,86.494898
1.698000,X_outbound,2.044360,86.319471
1.699000,X_outbound,2.047047,86.144173
1.700000,X_outbound,2.049734,85.969005
1.701000,X_outbound,2.052422,85.793968
1.702000,X_outbound,2.055109,85.619063
1.703000,X_outbound,2.057797,85.444292
1.704000,X_outbound,2.060484,85.269655
1.705000,X_outbound,2.063171,85.095155
1.706000,X_outbound,2.065859,84.920793
1.707000,X_outbound,2.068546,84.746569
1.708000,X_outbound,2.071233,84.572484
1.709000,X_outbound,2.075966,84.936230
1.710000,X_outbound,2.081341,85.468809
1.711000,X_outbound,2.086716,86.001532
1.712000,X_outbound,2.092090,86.534401
1.713000,X_outbound,2.097465,87.067415
1.714000,X_outbound,2.102840,87.600577
1.715000,X_outbound,2.108214,88.133887
1.716000,X_outbound,2.113589,88.933981
1.717000,X_outbound,2.118964,90.783590
1.718000,X_outbound,2.124338,92.633351
1.719000,X_outbound,2.129713,94.483265
1.720000,X_outbound,2.135088,96.333335
1.721000,X_outbound,2.140462,98.183560
1.722000,X_outbound,2.145837,100.033943
1.723000,X_outbound,2.151212,101.884484
1.724000,X_outbound,2.156586,102.093853
1.725000,X_outbound,2.161961,101.396184
1.726000,X_outbound,2.167336,100.698677
1.727000,X_outbound,2.172711,100.001334
1.728000,X_outbound,2.178085,99.304154
1.729000,X_outbound,2.183460,98.607140
1.730000,X_outbound,2.188835,97.910293
1.731000,X_outbound,2.194209,97.221139
1.732000,X_outbound,2.199584,96.612684
1.733000,X_outbound,2.204959,96.004399
1.734000,X_outbound,2.210333,95.396286
1.735000,X_outbound,2.215708,94.788346
1.736000,X_outbound,2.221083,94.180579
1.737000,X_outbound,2.226457,93.572987
1.738000,X_outbound,2.231832,92.965571
1.739000,X_outbound,2.237207,93.106574
1.740000,X_outbound,2.242581,93.919669
1.741000,X_outbound,2.247956,94.732943
1.742000,X_outbound,2.253331,95.546399
1.743000,X_outbound,2.258706,96.360035
1.744000,X_outbound,2.264080,97.173855
1.745000,X_outbound,2.269455,97.987858
1.746000,X_outbound,2.274830,98.802046
1.747000,X_outbound,2.280204,99.646078
1.748000,X_outbound,2.285579,100.491268
1.749000,X_outbound,2.290954,101.336647
1.750000,X_outbound,2.296328,102.182215
1.751000,X_outbound,2.301703,103.027973
1.752000,X_outbound,2.307078,103.873923
1.753000,X_outbound,2.312452,104.720065
1.754000,X_outbound,2.317827,104.648537
1.755000,X_outbound,2.323202,103.254822
1.756000,X_outbound,2.328576,101.861302
1.757000,X_outbound,2.333951,100.467979
1.758000,X_outbound,2.339326,99.074853
1.759000,X_outbound,2.344701,97.681927
1.760000,X_outbound,2.350075,96.289201
1.761000,X_outbound,2.355450,94.896676
1.762000,X_outbound,2.360825,94.322253
1.763000,X_outbound,2.366199,93.891083
1.764000,X_outbound,2.371574,93.460118
1.765000,X_outbound,2.376949,93.029357
1.766000,X_outbound,2.382323,92.598803
1.767000,X_outbound,2.387698,92.168456
1.768000,X_outbound,2.393073,91.738317
1.769000,X_outbound,2.398447,91.627813
1.770000,X_outbound,2.403822,92.289932
1.771000,X_outbound,2.409197,92.952262
1.772000,X_outbound,2.414571,93.614804
1.773000,X_outbound,2.419946,94.277559
1.774000,X_outbound,2.425321,94.940528
1.775000,X_outbound,2.430696,95.603713
1.776000,X_outbound,2.436070,96.267113
1.777000,X_outbound,2.441445,96.141676
1.778000,X_outbound,2.446820,95.730475
1.779000,X_outbound,2.452194,95.319492
1.780000,X_outbound,2.457569,94.908729
1.781000,X_outbound,2.462944,94.498187
1.782000,X_outbound,2.468318,94.087867
1.783000,X_outbound,2.473693,93.677769
1.784000,X_outbound,2.479068,92.891948
1.785000,X_outbound,2.484442,90.338931
1.786000,X_outbound,2.489817,87.786139
1.787000,X_outbound,2.495192,85.233574
1.788000,X_outbound,2.500566,82.681235
1.789000,X_outbound,2.505941,80.129125
1.790000,X_outbound,2.511316,77.577244
1.791000,X_outbound,2.516691,75.025593
1.792000,X_outbound,2.522065,73.865652
1.793000,X_outbound,2.527440,73.570350
1.794000,X_outbound,2.532815,73.275281
1.795000,X_outbound,2.538189,72.980446
1.796000,X_outbound,2.543564,72.685844
1.797000,X_outbound,2.548939,72.391477
1.798000,X_outbound,2.554313,72.097347
1.799000,X_outbound,2.559688,71.822529
1.800000,X_outbound,2.565063,71.856408
1.801000,X_outbound,2.570437,71.890524
1.802000,X_outbound,2.575812,71.924880
1.803000,X_outbound,2.581187,71.959476
1.804000,X_outbound,2.586561,71.994313
1.805000,X_outbound,2.591936,72.029391
1.806000,X_outbound,2.597311,72.064712
1.807000,X_outbound,2.602686,71.224928
1.808000,X_outbound,2.608060,69.508862
1.809000,X_outbound,2.613435,67.793041
1.810000,X_outbound,2.618810,66.077465
1.811000,X_outbound,2.624184,64.362136
1.812000,X_outbound,2.629559,62.647054
1.813000,X_outbound,2.634934,60.932219
1.814000,X_outbound,2.640308,59.217633
1.815000,X_outbound,2.645683,57.563321
1.816000,X_outbound,2.651058,55.913016
1.817000,X_outbound,2.656432,54.262962
1.818000,X_outbound,2.661807,52.613160
1.819000,X_outbound,2.667182,50.963609
1.820000,X_outbound,2.672556,49.314312
1.821000,X_outbound,2.677931,47.665268
1.822000,X_outbound,2.683306,46.702831
1.823000,X_outbound,2.688681,46.848653
1.824000,X_outbound,2.694055,46.994730
1.825000,X_outbound,2.699430,47.141064
1.826000,X_outbound,2.704805,47.287655
1.827000,X_outbound,2.710179,47.434504
1.828000,X_outbound,2.715554,47.581611
1.829000,X_outbound,2.720929,47.728977
1.830000,X_outbound,2.726303,45.238022
1.831000,X_outbound,2.731678,42.183463
1.832000,X_outbound,2.737053,39.129165
1.833000,X_outbound,2.742427,36.075129
1.834000,X_outbound,2.747802,33.021356
1.835000,X_outbound,2.753177,29.967845
1.836000,X_outbound,2.758551,26.914598
1.837000,X_outbound,2.763926,23.596326
1.838000,X_outbound,2.769301,19.543833
1.839000,X_outbound,2.774676,15.491605
1.840000,X_outbound,2.780050,11.439643
1.841000,X_outbound,2.785425,7.387948
1.842000,X_outbound,2.790800,3.336520
1.843000,X_outbound,2.796174,-0.714641
1.844000,X_outbound,2.801549,-4.765533
1.845000,X_outbound,2.806924,-7.138837
1.846000,X_outbound,2.812298,-8.815972
1.847000,X_outbound,2.817673,-10.492837
1.848000,X_outbound,2.823048,-12.169431
1.849000,X_outbound,2.828422,-13.845754
1.850000,X_outbound,2.833797,-15.521806
1.851000,X_outbound,2.839172,-17.197586
1.852000,X_outbound,2.844546,-18.713893
1.853000,X_outbound,2.849921,-19.314832
1.854000,X_outbound,2.855296,-19.915498
1.855000,X_outbound,2.860671,-20.515890
1.856000,X_outbound,2.866045,-21.116007
1.857000,X_outbound,2.871420,-21.715849
1.858000,X_outbound,2.876795,-22.315416
1.859000,X_outbound,2.882169,-22.914707
1.860000,X_outbound,2.887544,-22.682648
1.861000,X_outbound,2.892919,-21.871859
1.862000,X_outbound,2.898293,-21.060794
1.863000,X_outbound,2.903668,-20.249451
1.864000,X_outbound,2.909043,-19.437830
1.865000,X_outbound,2.914417,-18.625930
1.866000,X_outbound,2.919792,-17.813751
1.867000,X_outbound,2.925167,-16.993929
1.868000,X_outbound,2.930541,-15.943898
1.869000,X_outbound,2.935916,-14.893587
1.870000,X_outbound,2.941291,-13.842995
1.871000,X_outbound,2.946666,-12.792122
1.872000,X_outbound,2.952040,-11.740968
1.873000,X_outbound,2.957415,-10.689532
1.874000,X_outbound,2.962790,-9.637814
1.875000,X_outbound,2.968164,-8.542767
1.876000,X_outbound,2.973539,-7.399372
1.877000,X_outbound,2.978914,-6.255694
1.878000,X_outbound,2.984288,-5.111732
1.879000,X_outbound,2.989663,-3.967486
1.880000,X_outbound,2.995038,-2.822956
1.881000,X_outbound,3.000412,-1.678142
1.882000,X_outbound,3.005787,-0.533043
1.883000,X_outbound,3.011162,0.114170
1.884000,X_outbound,3.016536,0.714721
1.885000,X_outbound,3.021911,1.315557
1.886000,X_outbound,3.027286,1.916679
1.887000,X_outbound,3.032661,2.518088
1.888000,X_outbound,3.038035,3.119782
1.889000,X_outbound,3.043410,3.721764
1.890000,X_outbound,3.048785,3.451316
1.891000,X_outbound,3.054159,1.597569
1.892000,X_outbound,3.059534,-0.255891
1.893000,X_outbound,3.064909,-2.109063
1.894000,X_outbound,3.070283,-3.961948
1.895000,X_outbound,3.075658,-5.814544
1.896000,X_outbound,3.081033,-7.666851
1.897000,X_outbound,3.086407,-9.518870
1.898000,X_outbound,3.091782,-11.646998
1.899000,X_outbound,3.097157,-13.845359
1.900000,X_outbound,3.102531,-16.043431
1.901000,X_outbound,3.107906,-18.241214
1.902000,X_outbound,3.113281,-20.438707
1.903000,X_outbound,3.118656,-22.635911
1.904000,X_outbound,3.124030,-24.832825
1.905000,X_outbound,3.128765,-26.273144
1.906000,X_outbound,3.131452,-25.293586
1.907000,X_outbound,3.134140,-24.313737
1.908000,X_outbound,3.136827,-23.333598
1.909000,X_outbound,3.139514,-22.353168
1.910000,X_outbound,3.142202,-21.372448
1.911000,X_outbound,3.144889,-20.391437
1.912000,X_outbound,3.147576,-19.410135
1.913000,X_outbound,3.150264,-18.428542
1.914000,X_outbound,3.152951,-17.446658
1.915000,X_outbound,3.155638,-16.464483
1.916000,X_outbound,3.158326,-15.482017
1.917000,X_outbound,3.161013,-14.499260
1.918000,X_outbound,3.163700,-13.516211
1.919000,X_outbound,3.166388,-12.532871
1.920000,X_outbound,3.169400,-11.500793
1.921000,X_outbound,3.174775,-10.116424
1.922000,X_outbound,3.180150,-8.731763
1.923000,X_outbound,3.185524,-7.346810
1.924000,X_outbound,3.190899,-5.961566
1.925000,X_outbound,3.196274,-4.576030
1.926000,X_outbound,3.201648,-3.190349
1.927000,X_outbound,3.207023,-1.804667
1.928000,X_outbound,3.212398,-1.020587
1.929000,X_outbound,3.217772,-0.704602
1.930000,X_outbound,3.223147,-0.388618
1.931000,X_outbound,3.228522,-0.072633
1.932000,X_outbound,3.233896,0.243351
1.933000,X_outbound,3.239271,0.559336
1.934000,X_outbound,3.244646,0.875320
1.935000,X_outbound,3.250021,1.194032
1.936000,X_outbound,3.255395,2.223391
1.937000,X_outbound,3.260770,3.252750
1.938000,X_outbound,3.266145,4.282109
1.939000,X_outbound,3.271519,5.311467
1.940000,X_outbound,3.276894,6.340826
1.941000,X_outbound,3.282269,7.370185
1.942000,X_outbound,3.287643,8.399544
1.943000,X_outbound,3.293018,9.047622
1.944000,X_outbound,3.298393,9.220642
1.945000,X_outbound,3.303767,9.393662
1.946000,X_outbound,3.309142,9.566683
1.947000,X_outbound,3.314517,9.739703
1.948000,X_outbound,3.319891,9.912723
1.949000,X_outbound,3.325266,10.085744
1.950000,X_outbound,3.330641,10.258764
1.951000,X_outbound,3.336016,9.781727
1.952000,X_outbound,3.341390,9.221600
1.953000,X_outbound,3.346765,8.661473
1.954000,X_outbound,3.352140,8.101346
1.955000,X_outbound,3.357514,7.541219
1.956000,X_outbound,3.362889,6.981092
1.957000,X_outbound,3.368264,6.420965
1.958000,X_outbound,3.373638,5.768612
1.959000,X_outbound,3.379013,4.927381
1.960000,X_outbound,3.384388,4.086150
1.961000,X_outbound,3.389762,3.244920
1.962000,X_outbound,3.395137,2.403689
1.963000,X_outbound,3.400512,1.562458
1.964000,X_outbound,3.405886,0.721228
1.965000,X_outbound,3.411261,-0.120003
1.966000,X_outbound,3.416636,0.902224
1.967000,X_outbound,3.422011,2.482614
1.968000,X_outbound,3.427385,4.063004
1.969000,X_outbound,3.432760,5.643394
1.970000,X_outbound,3.438135,7.223784
1.971000,X_outbound,3.443509,8.804173
1.972000,X_outbound,3.448884,10.384563
1.973000,X_outbound,3.454259,12.031726
1.974000,X_outbound,3.459633,13.928681
1.975000,X_outbound,3.465008,15.825636
1.976000,X_outbound,3.470383,17.722591
1.977000,X_outbound,3.475757,19.619546
1.978000,X_outbound,3.481132,21.516500
1.979000,X_outbound,3.486507,23.413455
1.980000,X_outbound,3.491881,25.310410
1.981000,X_outbound,3.497256,25.959906
1.982000,X_outbound,3.502631,25.944611
1.983000,X_outbound,3.508006,25.929315
1.984000,X_outbound,3.513380,25.914020
1.985000,X_outbound,3.518755,25.898724
1.986000,X_outbound,3.524130,25.883429
1.987000,X_outbound,3.529504,25.868133
1.988000,X_outbound,3.534879,25.782335
1.989000,X_outbound,3.540254,25.015194
1.990000,X_outbound,3.545628,24.248053
1.991000,X_outbound,3.551003,23.480911
1.992000,X_outbound,3.556378,22.713770
1.993000,X_outbound,3.561752,21.946629
1.994000,X_outbound,3.567127,21.179488
1.995000,X_outbound,3.572502,20.412346
1.996000,X_outbound,3.577876,19.939199
1.997000,X_outbound,3.583251,19.721381
1.998000,X_outbound,3.588626,19.503564
1.999000,X_outbound,3.594001,19.285746
2.000000,X_outbound,3.599375,19.067928
2.001000,X_outbound,3.604750,18.850110
2.002000,X_outbound,3.610125,18.632292
2.003000,X_outbound,3.615499,18.414474
2.004000,X_outbound,3.620874,18.154020
2.005000,X_outbound,3.626249,17.892544
2.006000,X_outbound,3.631623,17.631069
2.007000,X_outbound,3.636998,17.369594
2.008000,X_outbound,3.642373,17.108119
2.009000,X_outbound,3.647747,16.846644
2.010000,X_outbound,3.653122,16.585168
2.011000,X_outbound,3.658497,16.041832
2.012000,X_outbound,3.663871,15.106107
2.013000,X_outbound,3.669246,14.170381
2.014000,X_outbound,3.674621,13.234655
2.015000,X_outbound,3.679996,12.298929
2.016000,X_outbound,3.685370,11.363204
2.017000,X_outbound,3.690745,10.427478
2.018000,X_outbound,3.696120,9.491752
2.019000,X_outbound,3.701494,9.862164
2.020000,X_outbound,3.706869,10.446162
2.021000,X_outbound,3.712244,11.030160
2.022000,X_outbound,3.717618,11.614158
2.023000,X_outbound,3.722993,12.198156
2.024000,X_outbound,3.728368,12.782153
2.025000,X_outbound,3.733742,13.366151
2.026000,X_outbound,3.739117,14.142525
2.027000,X_outbound,3.744492,15.365905
2.028000,X_outbound,3.749867,16.589284
2.029000,X_outbound,3.755241,17.812664
2.030000,X_outbound,3.760616,19.036043
2.031000,X_outbound,3.765991,20.259422
2.032000,X_outbound,3.771365,21.482802
2.033000,X_outbound,3.776740,22.706181
2.034000,X_outbound,3.782115,22.663792
2.035000,X_outbound,3.787489,22.181972
2.036000,X_outbound,3.792864,21.700151
2.037000,X_outbound,3.798239,21.218331
2.038000,X_outbound,3.803613,20.736511
2.039000,X_outbound,3.808988,20.254691
2.040000,X_outbound,3.814363,19.772870
2.041000,X_outbound,3.819737,19.098770
2.042000,X_outbound,3.825112,17.570358
2.043000,X_outbound,3.830487,16.041946
2.044000,X_outbound,3.835862,14.513534
2.045000,X_outbound,3.841236,12.985122
2.046000,X_outbound,3.846611,11.456710
2.047000,X_outbound,3.851986,9.928298
2.048000,X_outbound,3.857360,8.399886
2.049000,X_outbound,3.862735,7.504992
2.050000,X_outbound,3.868110,6.989979
2.051000,X_outbound,3.873484,6.474966
2.052000,X_outbound,3.878859,5.959953
2.053000,X_outbound,3.884234,5.444940
2.054000,X_outbound,3.889608,4.929927
2.055000,X_outbound,3.894983,4.414914
2.056000,X_outbound,3.900358,3.928938
2.057000,X_outbound,3.905732,3.850160
2.058000,X_outbound,3.911107,3.771382
2.059000,X_outbound,3.916482,3.692605
2.060000,X_outbound,3.921857,3.613827
2.061000,X_outbound,3.927231,3.535049
2.062000,X_outbound,3.932606,3.456271
2.063000,X_outbound,3.937981,3.377494
2.064000,X_outbound,3.943355,2.775437
2.065000,X_outbound,3.948730,1.666552
2.066000,X_outbound,3.954105,0.557666
2.067000,X_outbound,3.959479,-0.551219
2.068000,X_outbound,3.964854,-1.660105
2.069000,X_outbound,3.970229,-2.768991
2.070000,X_outbound,3.975603,-3.877876
2.071000,X_outbound,3.980978,-4.986762
2.072000,X_outbound,3.986353,-5.006732
2.073000,X_outbound,3.991727,-4.968673
2.074000,X_outbound,3.997102,-4.930614
2.075000,X_outbound,4.002477,-4.892555
2.076000,X_outbound,4.007852,-4.854496
2.077000,X_outbound,4.013226,-4.816437
2.078000,X_outbound,4.018601,-4.778378
2.079000,X_outbound,4.023976,-3.887517
2.080000,X_outbound,4.029350,-1.667408
2.081000,X_outbound,4.034725,0.552700
2.082000,X_outbound,4.040100,2.772809
2.083000,X_outbound,4.045474,4.992917
2.084000,X_outbound,4.050849,7.213025
2.085000,X_outbound,4.056224,9.433134
2.086000,X_outbound,4.061598,11.653242
2.087000,X_outbound,4.066973,12.156397
2.088000,X_outbound,4.072348,12.313474
2.089000,X_outbound,4.077722,12.470550
2.090000,X_outbound,4.083097,12.627627
2.091000,X_outbound,4.088472,12.784704
2.092000,X_outbound,4.093847,12.941780
2.093000,X_outbound,4.099221,13.098857
2.094000,X_outbound,4.104596,13.014528
2.095000,X_outbound,4.109971,12.289496
2.096000,X_outbound,4.115345,11.564464
2.097000,X_outbound,4.120720,10.839433
2.098000,X_outbound,4.126095,10.114401
2.099000,X_outbound,4.131469,9.389369
2.100000,X_outbound,4.136844,8.664337
2.101000,X_outbound,4.142219,7.939306
2.102000,X_outbound,4.147593,7.346607
2.103000,X_outbound,4.152968,6.806634
2.104000,X_outbound,4.158343,6.266661
2.105000,X_outbound,4.163717,5.726687
2.106000,X_outbound,4.169092,5.186714
2.107000,X_outbound,4.174467,4.646740
2.108000,X_outbound,4.179842,4.106767
2.109000,X_outbound,4.185216,3.793540
2.110000,X_outbound,4.190591,4.702323
2.111000,X_outbound,4.195966,5.611106
2.112000,X_outbound,4.201340,6.519889
2.113000,X_outbound,4.206715,7.428671
2.114000,X_outbound,4.212090,8.337454
2.115000,X_outbound,4.217464,9.246237
2.116000,X_outbound,4.222839,10.155020
2.117000,X_outbound,4.226607,10.275936
2.118000,X_outbound,4.229294,9.867067
2.119000,X_outbound,4.231982,9.458198
2.120000,X_outbound,4.234669,9.049330
2.121000,X_outbound,4.237356,8.640461
2.122000,X_outbound,4.240044,8.231592
2.123000,X_outbound,4.242731,7.822723
2.124000,X_outbound,4.245418,7.413855
2.125000,X_outbound,4.248106,7.004986
2.126000,X_outbound,4.250793,6.596117
2.127000,X_outbound,4.253480,6.187248
2.128000,X_outbound,4.256168,5.778380
2.129000,X_outbound,4.258855,5.369511
2.130000,X_outbound,4.261542,4.960642
2.131000,X_outbound,4.264230,4.551774
2.132000,X_outbound,4.268209,4.390319
2.133000,X_outbound,4.273584,4.496065
2.134000,X_outbound,4.278958,4.601811
2.135000,X_outbound,4.284333,4.707557
2.136000,X_outbound,4.289708,4.813304
2.137000,X_outbound,4.295082,4.919050
2.138000,X_outbound,4.300457,5.024796
2.139000,X_outbound,4.305832,5.130542
2.140000,X_outbound,4.311207,5.925032
2.141000,X_outbound,4.316581,6.777630
2.142000,X_outbound,4.321956,7.630227
2.143000,X_outbound,4.327331,8.482825
2.144000,X_outbound,4.332705,9.335422
2.145000,X_outbound,4.338080,10.188020
2.146000,X_outbound,4.343455,11.040618
2.147000,X_outbound,4.348829,11.316261
2.148000,X_outbound,4.354204,10.582151
2.149000,X_outbound,4.359579,9.848040
2.150000,X_outbound,4.364953,9.113930
2.151000,X_outbound,4.370328,8.379820
2.152000,X_outbound,4.375703,7.645709
2.153000,X_outbound,4.381077,6.911599
2.154000,X_outbound,4.386452,6.177489
2.155000,X_outbound,4.391827,4.935605
2.156000,X_outbound,4.397202,3.570751
2.157000,X_outbound,4.402576,2.205897
2.158000,X_outbound,4.407951,0.841043
2.159000,X_outbound,4.413326,-0.523811
2.160000,X_outbound,4.418700,-1.888666
2.161000,X_outbound,4.424075,-3.253520
2.162000,X_outbound,4.429450,-4.073378
2.163000,X_outbound,4.434824,-3.226934
2.164000,X_outbound,4.440199,-2.380489
2.165000,X_outbound,4.445574,-1.534044
2.166000,X_outbound,4.450948,-0.687600
2.167000,X_outbound,4.456323,0.158845
2.168000,X_outbound,4.461698,1.005289
2.169000,X_outbound,4.467072,1.851734
2.170000,X_outbound,4.472447,2.690248
2.171000,X_outbound,4.477822,3.525163
2.172000,X_outbound,4.483197,4.360078
2.173000,X_outbound,4.488571,5.194994
2.174000,X_outbound,4.493946,6.029909
2.175000,X_outbound,4.499321,6.864824
2.176000,X_outbound,4.504695,7.699739
2.177000,X_outbound,4.510070,8.376616
2.178000,X_outbound,4.515445,7.989284
2.179000,X_outbound,4.520819,7.601952
2.180000,X_outbound,4.526194,7.214621
2.181000,X_outbound,4.531569,6.827289
2.182000,X_outbound,4.536943,6.439957
2.183000,X_outbound,4.542318,6.052625
2.184000,X_outbound,4.547693,5.665294
2.185000,X_outbound,4.553067,5.523277
2.186000,X_outbound,4.558442,5.565777
2.187000,X_outbound,4.563817,5.608276
2.188000,X_outbound,4.569192,5.650776
2.189000,X_outbound,4.574566,5.693276
2.190000,X_outbound,4.579941,5.735776
2.191000,X_outbound,4.585316,5.778275
2.192000,X_outbound,4.590690,5.835429
2.193000,X_outbound,4.596065,7.084552
2.194000,X_outbound,4.601440,8.333674
2.195000,X_outbound,4.606814,9.582797
2.196000,X_outbound,4.612189,10.831920
2.197000,X_outbound,4.617564,12.081043
2.198000,X_outbound,4.622938,13.330166
2.199000,X_outbound,4.628313,14.579289
2.200000,X_outbound,4.633688,15.348479
2.201000,X_outbound,4.639062,15.539468
2.202000,X_outbound,4.644437,15.730458
2.203000,X_outbound,4.649812,15.921447
2.204000,X_outbound,4.655187,16.112437
2.205000,X_outbound,4.660561,16.303426
2.206000,X_outbound,4.665936,16.494416
2.207000,X_outbound,4.671311,16.685405
2.208000,X_outbound,4.676685,15.368587
2.209000,X_outbound,4.682060,13.874850
2.210000,X_outbound,4.687435,12.381113
2.211000,X_outbound,4.692809,10.887376
2.212000,X_outbound,4.698184,9.393640
2.213000,X_outbound,4.703559,7.899903
2.214000,X_outbound,4.708933,6.406166
2.215000,X_outbound,4.714308,5.413046
2.216000,X_outbound,4.719683,5.407434
2.217000,X_outbound,4.725057,5.401822
2.218000,X_outbound,4.730432,5.396210
2.219000,X_outbound,4.735807,5.390598
2.220000,X_outbound,4.741182,5.384986
2.221000,X_outbound,4.746556,5.379374
2.222000,X_outbound,4.751931,5.373762
2.223000,X_outbound,4.755215,5.808603
2.224000,X_outbound,4.757903,6.369249
2.225000,X_outbound,4.760590,6.929896
2.226000,X_outbound,4.763277,7.490542
2.227000,X_outbound,4.765965,8.051189
2.228000,X_outbound,4.768652,8.611836
2.229000,X_outbound,4.771339,9.172482
2.230000,X_outbound,4.774027,9.733129
2.231000,X_outbound,4.776714,10.293776
2.232000,X_outbound,4.779401,10.854422
2.233000,X_outbound,4.782089,11.415069
2.234000,X_outbound,4.784776,11.975716
2.235000,X_outbound,4.787463,12.536362
2.236000,X_outbound,4.790151,13.097009
2.237000,X_outbound,4.792838,13.657655
2.238000,X_outbound,4.797301,13.636234
2.239000,X_outbound,4.802676,13.315857
2.240000,X_outbound,4.808050,12.995479
2.241000,X_outbound,4.813425,12.675101
2.242000,X_outbound,4.818800,12.354724
2.243000,X_outbound,4.824174,12.034346
2.244000,X_outbound,4.829549,11.713968
2.245000,X_outbound,4.834924,11.574700
2.246000,X_outbound,4.840298,13.028296
2.247000,X_outbound,4.845673,14.481892
2.248000,X_outbound,4.851048,15.935489
2.249000,X_outbound,4.856422,17.389085
2.250000,X_outbound,4.861797,18.842681
2.251000,X_outbound,4.867172,20.296277
2.252000,X_outbound,4.872547,21.749874
2.253000,X_outbound,4.877921,23.098102
2.254000,X_outbound,4.883296,24.357834
2.255000,X_outbound,4.888671,25.617566
2.256000,X_outbound,4.894045,26.877298
2.257000,X_outbound,4.899420,28.137030
2.258000,X_outbound,4.904795,29.396762
2.259000,X_outbound,4.910169,30.656494
2.260000,X_outbound,4.915544,31.916226
2.261000,X_outbound,4.920919,31.957962
2.262000,X_outbound,4.926293,31.981068
2.263000,X_outbound,4.931668,32.004174
2.264000,X_outbound,4.937043,32.027279
2.265000,X_outbound,4.942417,32.050385
2.266000,X_outbound,4.947792,32.073491
2.267000,X_outbound,4.953167,32.096597
2.268000,X_outbound,4.958542,31.861960
2.269000,X_outbound,4.963916,31.280542
2.270000,X_outbound,4.969291,30.699123
2.271000,X_outbound,4.974666,30.117705
2.272000,X_outbound,4.980040,29.536287
2.273000,X_outbound,4.985415,28.954868
2.274000,X_outbound,4.990790,28.373450
2.275000,X_outbound,4.996164,27.792032
2.276000,X_outbound,5.001539,27.898863
2.277000,X_outbound,5.006914,28.110563
2.278000,X_outbound,5.012288,28.322263
2.279000,X_outbound,5.017663,28.533962
2.280000,X_outbound,5.023038,28.745662
2.281000,X_outbound,5.028412,28.957362
2.282000,X_outbound,5.033787,29.169061
2.283000,X_outbound,5.039162,29.451605
2.284000,X_outbound,5.044537,29.892428
2.285000,X_outbound,5.049911,30.333250
2.286000,X_outbound,5.055286,30.774072
2.287000,X_outbound,5.060661,31.214895
2.288000,X_outbound,5.066035,31.655717
2.289000,X_outbound,5.071410,32.096539
2.290000,X_outbound,5.076785,32.537361
2.291000,X_outbound,5.082159,32.063875
2.292000,X_outbound,5.087534,31.286625
2.293000,X_outbound,5.092909,30.509376
2.294000,X_outbound,5.098283,29.732126
2.295000,X_outbound,5.103658,28.954877
2.296000,X_outbound,5.109033,28.177627
2.297000,X_outbound,5.114407,27.400378
2.298000,X_outbound,5.119782,26.589641
2.299000,X_outbound,5.125157,25.638018
2.300000,X_outbound,5.130532,24.686395
2.301000,X_outbound,5.135906,23.734772
2.302000,X_outbound,5.141281,22.783149
2.303000,X_outbound,5.146656,21.831526
2.304000,X_outbound,5.152030,20.879903
2.305000,X_outbound,5.157405,19.928280
2.306000,X_outbound,5.162780,19.229499
2.307000,X_outbound,5.168154,18.677019
2.308000,X_outbound,5.173529,18.124539
2.309000,X_outbound,5.178904,17.572058
2.310000,X_outbound,5.184278,17.019578
2.311000,X_outbound,5.189653,16.467098
2.312000,X_outbound,5.195028,15.914618
2.313000,X_outbound,5.200402,15.361338
2.314000,X_outbound,5.205777,14.798174
2.315000,X_outbound,5.211152,14.235010
2.316000,X_outbound,5.216527,13.671846
2.317000,X_outbound,5.221901,13.108683
2.318000,X_outbound,5.227276,12.545519
2.319000,X_outbound,5.232651,11.982355
2.320000,X_outbound,5.238025,11.419191
2.321000,X_outbound,5.243400,10.484315
2.322000,X_outbound,5.248775,9.201203
2.323000,X_outbound,5.254149,7.918091
2.324000,X_outbound,5.259524,6.634979
2.325000,X_outbound,5.264899,5.351867
2.326000,X_outbound,5.270273,4.068755
2.327000,X_outbound,5.275648,2.785643
2.328000,X_outbound,5.281023,1.502531
2.329000,X_outbound,5.286397,0.507028
2.330000,X_outbound,5.291772,-0.475779
2.331000,X_outbound,5.297147,-1.458586
2.332000,X_outbound,5.302522,-2.441393
2.333000,X_outbound,5.307896,-3.424201
2.334000,X_outbound,5.313271,-4.407008
2.335000,X_outbound,5.318646,-5.389815
2.336000,X_outbound,5.324020,-5.974747
2.337000,X_outbound,5.329395,-5.960739
2.338000,X_outbound,5.334770,-5.946732
2.339000,X_outbound,5.340144,-5.932724
2.340000,X_outbound,5.345519,-5.918717
2.341000,X_outbound,5.350894,-5.904709
2.342000,X_outbound,5.356268,-5.890702
2.343000,X_outbound,5.361643,-5.876694
2.344000,X_outbound,5.367018,-5.425631
2.345000,X_outbound,5.372392,-4.891671
2.346000,X_outbound,5.377767,-4.357711
2.347000,X_outbound,5.383142,-3.823752
2.348000,X_outbound,5.388517,-3.289792
2.349000,X_outbound,5.393891,-2.755832
2.350000,X_outbound,5.399266,-2.221872
2.351000,X_outbound,5.404641,-1.864005
2.352000,X_outbound,5.410015,-1.954514
2.353000,X_outbound,5.415390,-2.045022
2.354000,X_outbound,5.420765,-2.135530
2.355000,X_outbound,5.426139,-2.226038
2.356000,X_outbound,5.431514,-2.316546
2.357000,X_outbound,5.436889,-2.407055
2.358000,X_outbound,5.442263,-2.497563
2.359000,X_outbound,5.447638,-3.129263
2.360000,X_outbound,5.453013,-3.967884
2.361000,X_outbound,5.458387,-4.806504
2.362000,X_outbound,5.463762,-5.645124
2.363000,X_outbound,5.469137,-6.483745
2.364000,X_outbound,5.474512,-7.322365
2.365000,X_outbound,5.479886,-8.160986
2.366000,X_outbound,5.485261,-8.619419
2.367000,X_outbound,5.490636,-7.151523
2.368000,X_outbound,5.496010,-5.683627
2.369000,X_outbound,5.501385,-4.215731
2.370000,X_outbound,5.506760,-2.747835
2.371000,X_outbound,5.512134,-1.279939
2.372000,X_outbound,5.517509,0.187957
2.373000,X_outbound,5.522884,1.655853
2.374000,X_outbound,5.528258,2.755937
2.375000,X_outbound,5.533633,3.617135
2.376000,X_outbound,5.539008,4.478333
2.377000,X_outbound,5.544382,5.339531
2.378000,X_outbound,5.549757,6.200729
2.379000,X_outbound,5.555132,7.061926
2.380000,X_outbound,5.560507,7.923124
2.381000,X_outbound,5.565881,8.738927
2.382000,X_outbound,5.571256,8.647924
2.383000,X_outbound,5.576631,8.556921
2.384000,X_outbound,5.582005,8.465917
2.385000,X_outbound,5.587380,8.374914
2.386000,X_outbound,5.592755,8.283911
2.387000,X_outbound,5.598129,8.192908
2.388000,X_outbound,5.603504,8.101905
2.389000,X_outbound,5.608879,8.061238
2.390000,X_outbound,5.614253,8.073151
2.391000,X_outbound,5.619628,8.085064
2.392000,X_outbound,5.625003,8.096978
2.393000,X_outbound,5.630377,8.108891
2.394000,X_outbound,5.635752,8.120804
2.395000,X_outbound,5.641127,8.132718
2.396000,X_outbound,5.646502,8.144631
2.397000,X_outbound,5.651876,8.676909
2.398000,X_outbound,5.657251,9.248045
2.399000,X_outbound,5.662626,9.819180
2.400000,X_outbound,5.668000,10.390316
2.401000,X_outbound,5.673375,10.961451
2.402000,X_outbound,5.678750,11.532586
2.403000,X_outbound,5.684124,12.103722
2.404000,X_outbound,5.689499,12.348412
2.405000,X_outbound,5.694874,12.041860
2.406000,X_outbound,5.700248,11.735307
2.407000,X_outbound,5.705623,11.428755
2.408000,X_outbound,5.710998,11.122203
2.409000,X_outbound,5.716372,10.815650
2.410000,X_outbound,5.721747,10.509098
2.411000,X_outbound,5.727122,10.202545
2.412000,X_outbound,5.732497,9.384479
2.413000,X_outbound,5.737871,8.449036
2.414000,X_outbound,5.743246,7.513593
2.415000,X_outbound,5.748621,6.578150
2.416000,X_outbound,5.753995,5.642706
2.417000,X_outbound,5.759370,4.707263
2.418000,X_outbound,5.764745,3.771820
2.419000,X_outbound,5.770119,3.225548
2.420000,X_outbound,5.775494,3.817582
2.421000,X_outbound,5.780869,4.409617
2.422000,X_outbound,5.786243,5.001651
2.423000,X_outbound,5.791618,5.593686
2.424000,X_outbound,5.796993,6.185721
2.425000,X_outbound,5.802367,6.777755
2.426000,X_outbound,5.807742,7.369790
2.427000,X_outbound,5.813117,7.677316
2.428000,X_outbound,5.818492,7.860692
2.429000,X_outbound,5.823866,8.044068
2.430000,X_outbound,5.829241,8.227445
2.431000,X_outbound,5.834616,8.410821
2.432000,X_outbound,5.839990,8.594197
2.433000,X_outbound,5.845365,8.777573
2.434000,X_outbound,5.850370,8.840769
2.435000,X_outbound,5.853057,8.150879
2.436000,X_outbound,5.855745,7.460989
2.437000,X_outbound,5.858432,6.771100
2.438000,X_outbound,5.861119,6.081210
2.439000,X_outbound,5.863807,5.391320
2.440000,X_outbound,5.866494,4.701431
2.441000,X_outbound,5.869181,4.011541
2.442000,X_outbound,5.871869,3.321651
2.443000,X_outbound,5.874556,2.631762
2.444000,X_outbound,5.877243,1.941872
2.445000,X_outbound,5.879931,1.251982
2.446000,X_outbound,5.882618,0.562092
2.447000,X_outbound,5.885305,-0.127797
2.448000,X_outbound,5.887993,-0.817687
2.449000,X_outbound,5.890735,-1.498741
2.450000,X_outbound,5.896110,-1.756890
2.451000,X_outbound,5.901484,-2.015039
2.452000,X_outbound,5.906859,-2.273188
2.453000,X_outbound,5.912234,-2.531337
2.454000,X_outbound,5.917608,-2.789486
2.455000,X_outbound,5.922983,-3.047635
2.456000,X_outbound,5.928358,-3.305784
2.457000,X_outbound,5.933732,-3.936107
2.458000,X_outbound,5.939107,-5.000026
2.459000,X_outbound,5.944482,-6.063946
2.460000,X_outbound,5.949857,-7.127865
2.461000,X_outbound,5.955231,-8.191784
2.462000,X_outbound,5.960606,-9.255704
2.463000,X_outbound,5.965981,-10.319623
2.464000,X_outbound,5.971355,-11.383543
2.465000,X_outbound,5.976730,-12.370454
2.466000,X_outbound,5.982105,-13.349123
2.467000,X_outbound,5.987479,-14.327791
2.468000,X_outbound,5.992854,-15.306459
2.469000,X_outbound,5.998229,-16.285128
2.470000,X_outbound,6.003603,-17.263796
2.471000,X_outbound,6.008978,-18.242465
2.472000,X_outbound,6.014353,-18.719333
2.473000,X_outbound,6.019727,-18.242362
2.474000,X_outbound,6.025102,-17.765391
2.475000,X_outbound,6.030477,-17.288419
2.476000,X_outbound,6.035852,-16.811448
2.477000,X_outbound,6.041226,-16.334477
2.478000,X_outbound,6.046601,-15.857506
2.479000,X_outbound,6.051976,-15.380535
2.480000,X_outbound,6.057350,-15.640599
2.481000,X_outbound,6.062725,-16.101154
2.482000,X_outbound,6.068100,-16.561709
2.483000,X_outbound,6.073474,-17.022264
2.484000,X_outbound,6.078849,-17.482818
2.485000,X_outbound,6.084224,-17.943373
2.486000,X_outbound,6.089598,-18.403928
2.487000,X_outbound,6.094973,-18.999044
2.488000,X_outbound,6.100348,-20.050892
2.489000,X_outbound,6.105722,-21.102739
2.490000,X_outbound,6.111097,-22.154587
2.491000,X_outbound,6.116472,-23.206435
2.492000,X_outbound,6.121847,-24.258283
2.493000,X_outbound,6.127221,-25.310131
2.494000,X_outbound,6.132596,-26.361979
2.495000,X_outbound,6.137971,-26.463143
2.496000,X_outbound,6.143345,-26.093922
2.497000,X_outbound,6.148720,-25.724700
2.498000,X_outbound,6.154095,-25.355479
2.499000,X_outbound,6.159469,-24.986257
2.500000,X_outbound,6.164844,-24.617036
2.501000,X_outbound,6.170219,-24.247814
2.502000,X_outbound,6.175593,-23.735262
2.503000,X_outbound,6.180968,-22.067902
2.504000,X_outbound,6.186343,-20.400543
2.505000,X_outbound,6.191717,-18.733184
2.506000,X_outbound,6.197092,-17.065825
2.507000,X_outbound,6.202467,-15.398466
2.508000,X_outbound,6.207842,-13.731107
2.509000,X_outbound,6.213216,-12.063747
2.510000,X_outbound,6.218591,-11.017373
2.511000,X_outbound,6.223966,-10.475325
2.512000,X_outbound,6.229340,-9.933277
2.513000,X_outbound,6.234715,-9.391229
2.514000,X_outbound,6.240090,-8.849181
2.515000,X_outbound,6.245464,-8.307133
2.516000,X_outbound,6.250839,-7.765085
2.517000,X_outbound,6.256214,-7.223037
2.518000,X_outbound,6.261588,-7.206333
2.519000,X_outbound,6.266963,-7.193196
2.520000,X_outbound,6.272338,-7.180059
2.521000,X_outbound,6.277713,-7.166922
2.522000,X_outbound,6.283087,-7.153786
2.523000,X_outbound,6.288462,-7.140649
2.524000,X_outbound,6.293837,-7.127512
2.525000,X_outbound,6.299211,-6.466419
2.526000,X_outbound,6.304586,-4.962619
2.527000,X_outbound,6.309961,-3.458819
2.528000,X_outbound,6.315335,-1.955019
2.529000,X_outbound,6.320710,-0.451219
2.530000,X_outbound,6.326085,1.052581
2.531000,X_outbound,6.331459,2.556381
2.532000,X_outbound,6.336834,4.060181
2.533000,X_outbound,6.342209,5.175431
2.534000,X_outbound,6.347583,6.235731
2.535000,X_outbound,6.352958,7.296031
2.536000,X_outbound,6.358333,8.356331
2.537000,X_outbound,6.363708,9.416631
2.538000,X_outbound,6.369082,10.476932
2.539000,X_outbound,6.374457,11.537232
2.540000,X_outbound,6.379832,11.855568
2.541000,X_outbound,6.385206,10.579114
2.542000,X_outbound,6.390581,9.302660
2.543000,X_outbound,6.395956,8.026206
2.544000,X_outbound,6.401330,6.749752
2.545000,X_outbound,6.406705,5.473298
2.546000,X_outbound,6.412080,4.196844
2.547000,X_outbound,6.417454,2.920390
2.548000,X_outbound,6.422829,1.563118
2.549000,X_outbound,6.428204,0.180177
2.550000,X_outbound,6.433578,-1.202764
2.551000,X_outbound,6.438953,-2.585705
2.552000,X_outbound,6.444328,-3.968646
2.553000,X_outbound,6.449703,-5.351587
2.554000,X_outbound,6.455077,-6.734529
2.555000,X_outbound,6.460452,-7.779615
2.556000,X_outbound,6.465827,-7.476329
2.557000,X_outbound,6.471201,-7.173043
2.558000,X_outbound,6.476576,-6.869757
2.559000,X_outbound,6.481951,-6.566471
2.560000,X_outbound,6.487325,-6.263185
2.561000,X_outbound,6.492700,-5.959899
2.562000,X_outbound,6.498075,-5.656613
2.563000,X_outbound,6.503449,-5.979902
2.564000,X_outbound,6.508824,-6.652920
2.565000,X_outbound,6.514199,-7.325938
2.566000,X_outbound,6.519573,-7.998956
2.567000,X_outbound,6.524948,-8.671974
2.568000,X_outbound,6.530323,-9.344992
2.569000,X_outbound,6.535698,-10.018010
2.570000,X_outbound,6.541072,-10.739295
2.571000,X_outbound,6.546447,-11.992423
2.572000,X_outbound,6.551822,-13.245550
2.573000,X_outbound,6.557196,-14.498678
2.574000,X_outbound,6.562571,-15.751805
2.575000,X_outbound,6.567946,-17.004933
2.576000,X_outbound,6.573320,-18.258060
2.577000,X_outbound,6.578695,-19.511188
2.578000,X_outbound,6.584070,-20.203675
2.579000,X_outbound,6.589444,-20.388152
2.580000,X_outbound,6.594819,-20.572629
2.581000,X_outbound,6.600194,-20.757105
2.582000,X_outbound,6.605568,-20.941582
2.583000,X_outbound,6.610943,-21.126059
2.584000,X_outbound,6.616318,-21.310536
2.585000,X_outbound,6.621693,-21.495013
2.586000,X_outbound,6.627067,-21.221028
2.587000,X_outbound,6.632442,-20.930929
2.588000,X_outbound,6.637817,-20.640830
2.589000,X_outbound,6.643191,-20.350731
2.590000,X_outbound,6.648566,-20.060632
2.591000,X_outbound,6.653941,-19.770533
2.592000,X_outbound,6.659315,-19.480435
2.593000,X_outbound,6.664690,-19.113929
2.594000,X_outbound,6.670065,-18.636316
2.595000,X_outbound,6.675439,-18.158702
2.596000,X_outbound,6.680814,-17.681088
2.597000,X_outbound,6.686189,-17.203474
2.598000,X_outbound,6.691563,-16.725860
2.599000,X_outbound,6.696938,-16.248246
2.600000,X_outbound,6.702313,-15.770632
2.601000,X_outbound,6.707688,-16.076533
2.602000,X_outbound,6.713062,-16.521908
2.603000,X_outbound,6.718437,-16.967283
2.604000,X_outbound,6.723812,-17.412658
2.605000,X_outbound,6.729186,-17.858033
2.606000,X_outbound,6.734561,-18.303408
2.607000,X_outbound,6.739936,-18.748783
2.608000,X_outbound,6.745310,-19.190124
2.609000,X_outbound,6.750685,-19.621604
2.610000,X_outbound,6.756060,-20.053085
2.611000,X_outbound,6.761434,-20.484565
2.612000,X_outbound,6.766809,-20.916045
2.613000,X_outbound,6.772184,-21.347526
2.614000,X_outbound,6.777558,-21.779006
2.615000,X_outbound,6.782933,-22.210486
2.616000,X_outbound,6.788308,-21.880737
2.617000,X_outbound,6.793683,-21.271904
2.618000,X_outbound,6.799057,-20.663070
2.619000,X_outbound,6.804432,-20.054237
2.620000,X_outbound,6.809807,-19.445403
2.621000,X_outbound,6.815181,-18.836570
2.622000,X_outbound,6.820556,-18.227736
2.623000,X_outbound,6.825931,-17.660312
2.624000,X_outbound,6.831305,-17.290629
2.625000,X_outbound,6.836680,-16.920945
2.626000,X_outbound,6.842055,-16.551261
2.627000,X_outbound,6.847429,-16.181578
2.628000,X_outbound,6.852804,-15.811894
2.629000,X_outbound,6.858179,-15.442210
2.630000,X_outbound,6.863553,-15.072527
2.631000,X_outbound,6.868928,-15.353962
2.632000,X_outbound,6.874303,-16.043744
2.633000,X_outbound,6.879678,-16.733526
2.634000,X_outbound,6.885052,-17.423308
2.635000,X_outbound,6.890427,-18.113089
2.636000,X_outbound,6.895802,-18.802871
2.637000,X_outbound,6.901176,-19.492653
2.638000,X_outbound,6.906551,-20.130866
2.639000,X_outbound,6.911926,-19.899680
2.640000,X_outbound,6.917300,-19.668494
2.641000,X_outbound,6.922675,-19.437309
2.642000,X_outbound,6.928050,-19.206123
2.643000,X_outbound,6.933424,-18.974937
2.644000,X_outbound,6.938799,-18.743751
2.645000,X_outbound,6.944174,-18.512565
2.646000,X_outbound,6.948212,-18.219463
2.647000,X_outbound,6.950899,-17.863802
2.648000,X_outbound,6.953586,-17.508140
2.649000,X_outbound,6.956274,-17.152479
2.650000,X_outbound,6.958961,-16.796817
2.651000,X_outbound,6.961648,-16.441156
2.652000,X_outbound,6.964336,-16.085494
2.653000,X_outbound,6.967023,-15.729833
2.654000,X_outbound,6.969710,-15.374171
2.655000,X_outbound,6.972398,-15.018510
2.656000,X_outbound,6.975085,-14.662848
2.657000,X_outbound,6.977773,-14.307187
2.658000,X_outbound,6.980460,-13.951526
2.659000,X_outbound,6.983147,-13.595864
2.660000,X_outbound,6.985835,-13.240203
2.661000,X_outbound,6.989544,-13.145017
2.662000,X_outbound,6.994918,-13.474352
2.663000,X_outbound,7.000293,-13.803688
2.664000,X_outbound,7.005668,-14.133023
2.665000,X_outbound,7.011043,-14.462359
2.666000,X_outbound,7.016417,-14.791694
2.667000,X_outbound,7.021792,-15.121030
2.668000,X_outbound,7.027167,-15.450365
2.669000,X_outbound,7.032541,-14.706927
2.670000,X_outbound,7.037916,-13.730674
2.671000,X_outbound,7.043291,-12.754422
2.672000,X_outbound,7.048665,-11.778170
2.673000,X_outbound,7.054040,-10.801918
2.674000,X_outbound,7.059415,-9.825665
2.675000,X_outbound,7.064789,-8.849413
2.676000,X_outbound,7.070164,-7.757903
2.677000,X_outbound,7.075539,-6.343573
2.678000,X_outbound,7.080913,-4.929243
2.679000,X_outbound,7.086288,-3.514914
2.680000,X_outbound,7.091663,-2.100584
2.681000,X_outbound,7.097038,-0.686254
2.682000,X_outbound,7.102412,0.728075
2.683000,X_outbound,7.107787,2.142405
2.684000,X_outbound,7.113162,2.157168
2.685000,X_outbound,7.118536,1.584948
2.686000,X_outbound,7.123911,1.012727
2.687000,X_outbound,7.129286,0.440507
2.688000,X_outbound,7.134660,-0.131713
2.689000,X_outbound,7.140035,-0.703933
2.690000,X_outbound,7.145410,-1.276153
2.691000,X_outbound,7.150784,-1.717671
2.692000,X_outbound,7.156159,-1.394316
2.693000,X_outbound,7.161534,-1.070961
2.694000,X_outbound,7.166908,-0.747606
2.695000,X_outbound,7.172283,-0.424252
2.696000,X_outbound,7.177658,-0.100897
2.697000,X_outbound,7.183033,0.222458
2.698000,X_outbound,7.188407,0.545813
2.699000,X_outbound,7.193782,0.661746
2.700000,X_outbound,7.199157,0.631962
2.701000,X_outbound,7.204531,0.602177
2.702000,X_outbound,7.209906,0.572393
2.703000,X_outbound,7.215281,0.542608
2.704000,X_outbound,7.220655,0.512824
2.705000,X_outbound,7.226030,0.483040
2.706000,X_outbound,7.231405,0.431913
2.707000,X_outbound,7.236779,-0.339289
2.708000,X_outbound,7.242154,-1.110492
2.709000,X_outbound,7.247529,-1.881695
2.710000,X_outbound,7.252903,-2.652897
2.711000,X_outbound,7.258278,-3.424100
2.712000,X_outbound,7.263653,-4.195303
2.713000,X_outbound,7.269028,-4.966506
2.714000,X_outbound,7.274402,-5.915505
2.715000,X_outbound,7.279777,-7.064833
2.716000,X_outbound,7.285152,-8.214161
2.717000,X_outbound,7.290526,-9.363489
2.718000,X_outbound,7.295901,-10.512817
2.719000,X_outbound,7.301276,-11.662145
2.720000,X_outbound,7.306650,-12.811473
2.721000,X_outbound,7.312025,-13.960801
2.722000,X_outbound,7.317400,-14.391514
2.723000,X_outbound,7.322774,-14.752564
2.724000,X_outbound,7.328149,-15.113614
2.725000,X_outbound,7.333524,-15.474664
2.726000,X_outbound,7.338898,-15.835714
2.727000,X_outbound,7.344273,-16.196764
2.728000,X_outbound,7.349648,-16.557814
2.729000,X_outbound,7.355023,-17.019609
2.730000,X_outbound,7.360397,-17.666017
2.731000,X_outbound,7.365772,-18.312426
2.732000,X_outbound,7.371147,-18.958834
2.733000,X_outbound,7.376521,-19.605242
2.734000,X_outbound,7.381896,-20.251650
2.735000,X_outbound,7.387271,-20.898059
2.736000,X_outbound,7.392645,-21.544467
2.737000,X_outbound,7.398020,-22.121874
2.738000,X_outbound,7.403395,-22.681431
2.739000,X_outbound,7.408769,-23.240988
2.740000,X_outbound,7.414144,-23.800545
2.741000,X_outbound,7.419519,-24.360102
2.742000,X_outbound,7.424893,-24.919659
2.743000,X_outbound,7.430268,-25.479216
2.744000,X_outbound,7.435643,-25.768827
2.745000,X_outbound,7.441018,-25.184018
2.746000,X_outbound,7.446392,-24.599208
2.747000,X_outbound,7.451767,-24.014399
2.748000,X_outbound,7.457142,-23.429590
2.749000,X_outbound,7.462516,-22.844780
2.750000,X_outbound,7.467891,-22.259971
2.751000,X_outbound,7.473266,-21.675161
2.752000,X_outbound,7.478640,-20.784224
2.753000,X_outbound,7.484015,-19.747440
2.754000,X_outbound,7.489390,-18.710657
2.755000,X_outbound,7.494764,-17.673873
2.756000,X_outbound,7.500139,-16.637089
2.757000,X_outbound,7.505514,-15.600305
2.758000,X_outbound,7.510888,-14.563521
2.759000,X_outbound,7.516263,-13.600813
2.760000,X_outbound,7.521638,-13.187907
2.761000,X_outbound,7.527013,-12.775001
2.762000,X_outbound,7.532387,-12.362095
2.763000,X_outbound,7.537762,-11.949190
2.764000,X_outbound,7.543137,-11.536284
2.765000,X_outbound,7.548511,-11.123378
2.766000,X_outbound,7.553886,-10.710472
2.767000,X_outbound,7.559261,-10.033849
2.768000,X_outbound,7.564635,-9.150148
2.769000,X_outbound,7.570010,-8.266448
2.770000,X_outbound,7.575385,-7.382747
2.771000,X_outbound,7.580759,-6.499047
2.772000,X_outbound,7.586134,-5.615346
2.773000,X_outbound,7.591509,-4.731646
2.774000,X_outbound,7.596883,-3.847515
2.775000,X_outbound,7.602258,-2.690648
2.776000,X_outbound,7.607633,-1.533782
2.777000,X_outbound,7.613008,-0.376915
2.778000,X_outbound,7.618382,0.779952
2.779000,X_outbound,7.623757,1.936819
2.780000,X_outbound,7.629132,3.093685
2.781000,X_outbound,7.634506,4.250552
2.782000,X_outbound,7.639881,4.719176
2.783000,X_outbound,7.645256,4.322434
2.784000,X_outbound,7.650630,3.925693
2.785000,X_outbound,7.656005,3.528952
2.786000,X_outbound,7.661380,3.132211
2.787000,X_outbound,7.666754,2.735470
2.788000,X_outbound,7.672129,2.338729
2.789000,X_outbound,7.677504,1.941988
2.790000,X_outbound,7.682878,1.073218
2.791000,X_outbound,7.688253,0.142760
2.792000,X_outbound,7.693628,-0.787697
2.793000,X_outbound,7.699003,-1.718155
2.794000,X_outbound,7.704377,-2.648613
2.795000,X_outbound,7.709752,-3.579071
2.796000,X_outbound,7.715127,-4.509528
2.797000,X_outbound,7.720501,-5.138978
2.798000,X_outbound,7.725876,-5.145641
2.799000,X_outbound,7.731251,-5.152304
2.800000,X_outbound,7.736625,-5.158968
2.801000,X_outbound,7.742000,-5.165631
2.802000,X_outbound,7.747375,-5.172295
2.803000,X_outbound,7.752749,-5.178958
2.804000,X_outbound,7.758124,-5.185622
2.805000,X_outbound,7.763499,-4.923969
2.806000,X_outbound,7.768873,-4.580925
2.807000,X_outbound,7.774248,-4.237881
2.808000,X_outbound,7.779623,-3.894838
2.809000,X_outbound,7.784998,-3.551794
2.810000,X_outbound,7.790372,-3.208750
2.811000,X_outbound,7.795747,-2.865707
2.812000,X_outbound,7.801122,-2.608485
2.813000,X_outbound,7.806496,-2.676696
2.814000,X_outbound,7.811871,-2.744908
2.815000,X_outbound,7.817246,-2.813119
2.816000,X_outbound,7.822620,-2.881331
2.817000,X_outbound,7.827995,-2.949542
2.818000,X_outbound,7.833370,-3.017754
2.819000,X_outbound,7.838744,-3.085966
2.820000,X_outbound,7.844119,-3.076976
2.821000,X_outbound,7.849494,-3.026436
2.822000,X_outbound,7.854868,-2.975896
2.823000,X_outbound,7.860243,-2.925357
2.824000,X_outbound,7.865618,-2.874817
2.825000,X_outbound,7.870993,-2.824277
2.826000,X_outbound,7.876367,-2.773737
2.827000,X_outbound,7.881742,-2.562632
2.828000,X_outbound,7.887117,-0.757742
2.829000,X_outbound,7.892491,1.047147
2.830000,X_outbound,7.897866,2.852037
2.831000,X_outbound,7.903241,4.656926
2.832000,X_outbound,7.908615,6.461816
2.833000,X_outbound,7.913990,8.266705
2.834000,X_outbound,7.919365,10.071595
2.835000,X_outbound,7.924739,11.433091
2.836000,X_outbound,7.930114,12.406011
2.837000,X_outbound,7.935489,13.378932
2.838000,X_outbound,7.940863,14.351853
2.839000,X_outbound,7.946238,15.324774
2.840000,X_outbound,7.951613,16.297695
2.841000,X_outbound,7.956988,17.270616
2.842000,X_outbound,7.962362,18.243537
2.843000,X_outbound,7.967737,18.194027
2.844000,X_outbound,7.973112,18.117620
2.845000,X_outbound,7.978486,18.041213
2.846000,X_outbound,7.983861,17.964806
2.847000,X_outbound,7.989236,17.888399
2.848000,X_outbound,7.994610,17.811992
2.849000,X_outbound,7.999985,17.735585
2.850000,X_outbound,8.005360,17.665010
2.851000,X_outbound,8.010734,17.602631
2.852000,X_outbound,8.016109,17.540252
2.853000,X_outbound,8.021484,17.477873
2.854000,X_outbound,8.026858,17.415494
2.855000,X_outbound,8.032233,17.353115
2.856000,X_outbound,8.037608,17.290736
2.857000,X_outbound,8.042983,17.228357
2.858000,X_outbound,8.046054,16.711185
2.859000,X_outbound,8.048741,16.118254
2.860000,X_outbound,8.051428,15.525324
2.861000,X_outbound,8.054116,14.932393
2.862000,X_outbound,8.056803,14.339463
2.863000,X_outbound,8.059490,13.746532
2.864000,X_outbound,8.062178,13.153602
2.865000,X_outbound,8.064865,12.560671
2.866000,X_outbound,8.067552,11.967741
2.867000,X_outbound,8.070240,11.374810
2.868000,X_outbound,8.072927,10.781880
2.869000,X_outbound,8.075614,10.188949
2.870000,X_outbound,8.078302,9.596019
2.871000,X_outbound,8.080989,9.003088
2.872000,X_outbound,8.083676,8.410158
2.873000,X_outbound,8.088353,7.226102
2.874000,X_outbound,8.093727,5.834409
2.875000,X_outbound,8.099102,4.442716
2.876000,X_outbound,8.104477,3.051023
2.877000,X_outbound,8.109851,1.659330
2.878000,X_outbound,8.115226,0.267637
2.879000,X_outbound,8.120601,-1.124056
2.880000,X_outbound,8.125975,-2.453310
2.881000,X_outbound,8.131350,-3.500936
2.882000,X_outbound,8.136725,-4.548562
2.883000,X_outbound,8.142099,-5.596188
2.884000,X_outbound,8.147474,-6.643815
2.885000,X_outbound,8.152849,-7.691441
2.886000,X_outbound,8.158223,-8.739067
2.887000,X_outbound,8.163598,-9.786693
2.888000,X_outbound,8.168973,-10.746406
2.889000,X_outbound,8.174348,-11.652895
2.890000,X_outbound,8.179722,-12.559385
2.891000,X_outbound,8.185097,-13.465874
2.892000,X_outbound,8.190472,-14.372363
2.893000,X_outbound,8.195846,-15.278853
2.894000,X_outbound,8.201221,-16.185342
2.895000,X_outbound,8.206596,-17.061592
2.896000,X_outbound,8.211970,-17.497907
2.897000,X_outbound,8.217345,-17.934221
2.898000,X_outbound,8.222720,-18.370536
2.899000,X_outbound,8.228094,-18.806850
2.900000,X_outbound,8.233469,-19.243165
2.901000,X_outbound,8.238844,-19.679479
2.902000,X_outbound,8.244218,-20.115793
2.903000,X_outbound,8.249593,-20.240193
2.904000,X_outbound,8.254968,-20.059752
2.905000,X_outbound,8.260343,-19.879311
2.906000,X_outbound,8.265717,-19.698870
2.907000,X_outbound,8.271092,-19.518430
2.908000,X_outbound,8.276467,-19.337989
2.909000,X_outbound,8.281841,-19.157548
2.910000,X_outbound,8.287216,-18.977107
2.911000,X_outbound,8.292591,-18.549380
2.912000,X_outbound,8.297965,-18.107856
2.913000,X_outbound,8.303340,-17.666332
2.914000,X_outbound,8.308715,-17.224808
2.915000,X_outbound,8.314089,-16.783285
2.916000,X_outbound,8.319464,-16.341761
2.917000,X_outbound,8.324839,-15.900237
2.918000,X_outbound,8.330213,-15.737088
2.919000,X_outbound,8.335588,-16.011958
2.920000,X_outbound,8.340963,-16.286828
2.921000,X_outbound,8.346338,-16.561698
2.922000,X_outbound,8.351712,-16.836568
2.923000,X_outbound,8.357087,-17.111438
2.924000,X_outbound,8.362462,-17.386308
2.925000,X_outbound,8.367836,-17.661179
2.926000,X_outbound,8.373211,-17.098540
2.927000,X_outbound,8.378586,-16.364363
2.928000,X_outbound,8.383960,-15.630186
2.929000,X_outbound,8.389335,-14.896009
2.930000,X_outbound,8.394710,-14.161832
2.931000,X_outbound,8.400084,-13.427655
2.932000,X_outbound,8.405459,-12.693478
2.933000,X_outbound,8.410834,-12.121285
2.934000,X_outbound,8.416208,-11.983911
2.935000,X_outbound,8.421583,-11.846537
2.936000,X_outbound,8.426958,-11.709163
2.937000,X_outbound,8.432333,-11.571789
2.938000,X_outbound,8.437707,-11.434415
2.939000,X_outbound,8.443082,-11.297041
2.940000,X_outbound,8.448457,-11.159667
2.941000,X_outbound,8.453831,-12.251561
2.942000,X_outbound,8.459206,-13.838649
2.943000,X_outbound,8.464581,-15.425738
2.944000,X_outbound,8.469955,-17.012826
2.945000,X_outbound,8.475330,-18.599914
2.946000,X_outbound,8.480705,-20.187002
2.947000,X_outbound,8.486079,-21.774090
2.948000,X_outbound,8.491454,-23.295799
2.949000,X_outbound,8.496829,-24.459071
2.950000,X_outbound,8.502203,-25.622343
2.951000,X_outbound,8.507578,-26.785615
2.952000,X_outbound,8.512953,-27.948887
2.953000,X_outbound,8.518328,-29.112159
2.954000,X_outbound,8.523702,-30.275431
2.955000,X_outbound,8.529077,-31.438703
2.956000,X_outbound,8.534452,-31.835429
2.957000,X_outbound,8.539826,-31.711869
2.958000,X_outbound,8.545201,-31.588309
2.959000,X_outbound,8.550576,-31.464749
2.960000,X_outbound,8.555950,-31.341188
2.961000,X_outbound,8.561325,-31.217628
2.962000,X_outbound,8.566700,-31.094068
2.963000,X_outbound,8.571941,-30.977520
2.964000,X_outbound,8.573733,-31.042932
2.965000,X_outbound,8.575525,-31.108345
2.966000,X_outbound,8.577316,-31.173757
2.967000,X_outbound,8.579108,-31.239169
2.968000,X_outbound,8.580899,-31.304582
2.969000,X_outbound,8.582691,-31.369994
2.970000,X_outbound,8.584482,-31.435407
2.971000,X_outbound,8.586274,-31.500819
2.972000,X_outbound,8.588066,-31.566232
2.973000,X_outbound,8.589857,-31.631644
2.974000,X_outbound,8.591649,-31.697056
2.975000,X_outbound,8.593440,-31.762469
2.976000,X_outbound,8.595232,-31.827881
2.977000,X_outbound,8.597023,-31.893294
2.978000,X_outbound,8.598815,-31.958706
2.979000,X_outbound,8.600606,-32.024119
2.980000,X_outbound,8.602398,-32.089531
2.981000,X_outbound,8.604190,-32.154943
2.982000,X_outbound,8.605981,-32.220356
2.983000,X_outbound,8.607773,-32.285768
2.984000,X_outbound,8.609564,-32.351181
2.985000,X_outbound,8.611356,-32.416593
2.986000,X_outbound,8.614442,-32.008339
2.987000,X_outbound,8.619817,-30.762996
2.988000,X_outbound,8.625192,-29.517652
2.989000,X_outbound,8.630566,-28.272309
2.990000,X_outbound,8.635941,-27.026965
2.991000,X_outbound,8.641316,-25.781622
2.992000,X_outbound,8.646690,-24.536278
2.993000,X_outbound,8.652065,-23.290935
2.994000,X_outbound,8.657440,-22.975368
2.995000,X_outbound,8.662814,-22.888206
2.996000,X_outbound,8.668189,-22.801044
2.997000,X_outbound,8.673564,-22.713881
2.998000,X_outbound,8.678938,-22.626719
2.999000,X_outbound,8.684313,-22.539557
3.000000,X_outbound,8.689688,-22.452395
3.001000,X_outbound,8.695063,-22.433839
3.002000,X_outbound,8.700437,-22.627605
3.003000,X_outbound,8.705812,-22.821372
3.004000,X_outbound,8.711187,-23.015139
3.005000,X_outbound,8.716561,-23.208905
3.006000,X_outbound,8.721936,-23.402672
3.007000,X_outbound,8.727311,-23.596438
3.008000,X_outbound,8.732685,-23.790205
3.009000,X_outbound,8.738060,-23.356037
3.010000,X_outbound,8.743435,-22.633958
3.011000,X_outbound,8.748809,-21.911878
3.012000,X_outbound,8.754184,-21.189799
3.013000,X_outbound,8.759559,-20.467719
3.014000,X_outbound,8.764933,-19.745639
3.015000,X_outbound,8.770308,-19.023560
3.016000,X_outbound,8.775683,-18.240830
3.017000,X_outbound,8.781058,-17.041387
3.018000,X_outbound,8.786432,-15.841944
3.019000,X_outbound,8.791807,-14.642502
3.020000,X_outbound,8.797182,-13.443059
3.021000,X_outbound,8.802556,-12.243616
3.022000,X_outbound,8.807931,-11.044174
3.023000,X_outbound,8.813306,-9.844731
3.024000,X_outbound,8.818680,-9.191023
3.025000,X_outbound,8.824055,-8.951578
3.026000,X_outbound,8.829430,-8.712134
3.027000,X_outbound,8.834804,-8.472689
3.028000,X_outbound,8.840179,-8.233245
3.029000,X_outbound,8.845554,-7.993800
3.030000,X_outbound,8.850929,-7.754355
3.031000,X_outbound,8.856303,-7.521256
3.032000,X_outbound,8.861678,-7.922978
3.033000,X_outbound,8.867053,-8.324701
3.034000,X_outbound,8.872427,-8.726424
3.035000,X_outbound,8.877802,-9.128146
3.036000,X_outbound,8.883177,-9.529869
3.037000,X_outbound,8.888551,-9.931592
3.038000,X_outbound,8.893926,-10.333314
3.039000,X_outbound,8.899301,-10.123844
3.040000,X_outbound,8.904675,-9.171323
3.041000,X_outbound,8.910050,-8.218803
3.042000,X_outbound,8.915425,-7.266282
3.043000,X_outbound,8.920799,-6.313761
3.044000,X_outbound,8.926174,-5.361241
3.045000,X_outbound,8.931549,-4.408720
3.046000,X_outbound,8.936924,-3.456200
3.047000,X_outbound,8.942298,-2.578951
3.048000,X_outbound,8.947673,-1.710745
3.049000,X_outbound,8.953048,-0.842540
3.050000,X_outbound,8.958422,0.025665
3.051000,X_outbound,8.963797,0.893871
3.052000,X_outbound,8.969172,1.762076
3.053000,X_outbound,8.974546,2.630281
3.054000,X_outbound,8.979921,3.033143
3.055000,X_outbound,8.985296,2.508768
3.056000,X_outbound,8.990670,1.984394
3.057000,X_outbound,8.996045,1.460020
3.058000,X_outbound,9.001420,0.935645
3.059000,X_outbound,9.006794,0.411271
3.060000,X_outbound,9.012169,-0.113103
3.061000,X_outbound,9.017544,-0.637478
3.062000,X_outbound,9.022919,-0.667598
3.063000,X_outbound,9.028293,-0.554703
3.064000,X_outbound,9.033668,-0.441807
3.065000,X_outbound,9.039043,-0.328912
3.066000,X_outbound,9.044417,-0.216017
3.067000,X_outbound,9.049792,-0.103121
3.068000,X_outbound,9.055167,0.009774
3.069000,X_outbound,9.059958,0.356230
3.070000,X_outbound,9.062646,1.545431
3.071000,X_outbound,9.065333,2.734632
3.072000,X_outbound,9.068020,3.923833
3.073000,X_outbound,9.070708,5.113034
3.074000,X_outbound,9.073395,6.302236
3.075000,X_outbound,9.076082,7.491437
3.076000,X_outbound,9.078770,8.680638
3.077000,X_outbound,9.081457,9.869839
3.078000,X_outbound,9.084144,11.059040
3.079000,X_outbound,9.086832,12.248242
3.080000,X_outbound,9.089519,13.437443
3.081000,X_outbound,9.092206,14.626644
3.082000,X_outbound,9.094894,15.815845
3.083000,X_outbound,9.097581,17.005046
3.084000,X_outbound,9.100537,18.100030
3.085000,X_outbound,9.105911,18.345586
3.086000,X_outbound,9.111286,18.591142
3.087000,X_outbound,9.116661,18.836699
3.088000,X_outbound,9.122035,19.082255
3.089000,X_outbound,9.127410,19.327811
3.090000,X_outbound,9.132785,19.573367
3.091000,X_outbound,9.138159,19.818923
3.092000,X_outbound,9.143534,19.996170
3.093000,X_outbound,9.148909,20.115524
3.094000,X_outbound,9.154284,20.234877
3.095000,X_outbound,9.159658,20.354231
3.096000,X_outbound,9.165033,20.473584
3.097000,X_outbound,9.170408,20.592938
3.098000,X_outbound,9.175782,20.712291
3.099000,X_outbound,9.181157,20.831645
3.100000,X_outbound,9.186532,21.758159
3.101000,X_outbound,9.191906,22.698894
3.102000,X_outbound,9.197281,23.639629
3.103000,X_outbound,9.202656,24.580364
3.104000,X_outbound,9.208030,25.521099
3.105000,X_outbound,9.213405,26.461833
3.106000,X_outbound,9.218780,27.402568
3.107000,X_outbound,9.224154,27.836331
3.108000,X_outbound,9.229529,27.581680
3.109000,X_outbound,9.234904,27.327029
3.110000,X_outbound,9.240279,27.072378
3.111000,X_outbound,9.245653,26.817727
3.112000,X_outbound,9.251028,26.563076
3.113000,X_outbound,9.256403,26.308425
3.114000,X_outbound,9.261777,26.053774
3.115000,X_outbound,9.267152,24.597916
3.116000,X_outbound,9.272527,22.955434
3.117000,X_outbound,9.277901,21.312953
3.118000,X_outbound,9.283276,19.670471
3.119000,X_outbound,9.288651,18.027990
3.120000,X_outbound,9.294025,16.385508
3.121000,X_outbound,9.299400,14.743027
3.122000,X_outbound,9.304775,13.372904
3.123000,X_outbound,9.310149,12.617726
3.124000,X_outbound,9.315524,11.862549
3.125000,X_outbound,9.320899,11.107371
3.126000,X_outbound,9.326274,10.352194
3.127000,X_outbound,9.331648,9.597017
3.128000,X_outbound,9.337023,8.841839
3.129000,X_outbound,9.342398,8.086662
3.130000,X_outbound,9.347772,7.795177
3.131000,X_outbound,9.353147,7.659602
3.132000,X_outbound,9.358522,7.524027
3.133000,X_outbound,9.363896,7.388452
3.134000,X_outbound,9.369271,7.252877
3.135000,X_outbound,9.374646,7.117302
3.136000,X_outbound,9.380020,6.981727
3.137000,X_outbound,9.385395,6.720826
3.138000,X_outbound,9.390770,5.924918
3.139000,X_outbound,9.396144,5.129010
3.140000,X_outbound,9.401519,4.333102
3.141000,X_outbound,9.406894,3.537194
3.142000,X_outbound,9.412269,2.741286
3.143000,X_outbound,9.417643,1.945378
3.144000,X_outbound,9.423018,1.149470
3.145000,X_outbound,9.428393,-0.009774
3.146000,X_outbound,9.433767,-1.381296
3.147000,X_outbound,9.439142,-2.752818
3.148000,X_outbound,9.444517,-4.124340
3.149000,X_outbound,9.449891,-5.495862
3.150000,X_outbound,9.455266,-6.867384
3.151000,X_outbound,9.460641,-8.238906
3.152000,X_outbound,9.466015,-9.500310
3.153000,X_outbound,9.471390,-9.355801
3.154000,X_outbound,9.476765,-9.211291
3.155000,X_outbound,9.482139,-9.066781
3.156000,X_outbound,9.487514,-8.922271
3.157000,X_outbound,9.492889,-8.777761
3.158000,X_outbound,9.498264,-8.633252
3.159000,X_outbound,9.503638,-8.488742
3.160000,X_outbound,9.509013,-8.151118
3.161000,X_outbound,9.514388,-7.630942
3.162000,X_outbound,9.519762,-7.110765
3.163000,X_outbound,9.525137,-6.590589
3.164000,X_outbound,9.530512,-6.070412
3.165000,X_outbound,9.535886,-5.550236
3.166000,X_outbound,9.541261,-5.030059
3.167000,X_outbound,9.546636,-4.509883
3.168000,X_outbound,9.552010,-5.268426
3.169000,X_outbound,9.557385,-6.086553
3.170000,X_outbound,9.562760,-6.904681
3.171000,X_outbound,9.568134,-7.722808
3.172000,X_outbound,9.573509,-8.540936
3.173000,X_outbound,9.578884,-9.359063
3.174000,X_outbound,9.584259,-10.177191
3.175000,X_outbound,9.588211,-10.851444
3.176000,X_outbound,9.590003,-11.307075
3.177000,X_outbound,9.591794,-11.762707
3.178000,X_outbound,9.593586,-12.218338
3.179000,X_outbound,9.595377,-12.673969
3.180000,X_outbound,9.597169,-13.129600
3.181000,X_outbound,9.598960,-13.585232
3.182000,X_outbound,9.600752,-14.040863
3.183000,X_outbound,9.602544,-14.496494
3.184000,X_outbound,9.604335,-14.952126
3.185000,X_outbound,9.606127,-15.407757
3.186000,X_outbound,9.607918,-15.863388
3.187000,X_outbound,9.609710,-16.319020
3.188000,X_outbound,9.611501,-16.774651
3.189000,X_outbound,9.613293,-17.230282
3.190000,X_outbound,9.615085,-17.685913
3.191000,X_outbound,9.616876,-18.141545
3.192000,X_outbound,9.618668,-18.597176
3.193000,X_outbound,9.620459,-19.052807
3.194000,X_outbound,9.622251,-19.508439
3.195000,X_outbound,9.624042,-19.964070
3.196000,X_outbound,9.625834,-20.419701
3.197000,X_outbound,9.627625,-20.875332
3.198000,X_outbound,9.632001,-21.447591
3.199000,X_outbound,9.637376,-22.064945
3.200000,X_outbound,9.642750,-22.682298
3.201000,X_outbound,9.648125,-23.299651
3.202000,X_outbound,9.653500,-23.917004
3.203000,X_outbound,9.658874,-24.534357
3.204000,X_outbound,9.664249,-25.151710
3.205000,X_outbound,9.669624,-25.788365
3.206000,X_outbound,9.674999,-26.524435
3.207000,X_outbound,9.680373,-27.260506
3.208000,X_outbound,9.685748,-27.996576
3.209000,X_outbound,9.691123,-28.732647
3.210000,X_outbound,9.696497,-29.468717
3.211000,X_outbound,9.701872,-30.204788
3.212000,X_outbound,9.707247,-30.940858
3.213000,X_outbound,9.712621,-30.874310
3.214000,X_outbound,9.717996,-30.281552
3.215000,X_outbound,9.723371,-29.688794
3.216000,X_outbound,9.728745,-29.096035
3.217000,X_outbound,9.734120,-28.503277
3.218000,X_outbound,9.739495,-27.910519
3.219000,X_outbound,9.744869,-27.317761
3.220000,X_outbound,9.750244,-26.732628
3.221000,X_outbound,9.755619,-26.307724
3.222000,X_outbound,9.760994,-25.882820
3.223000,X_outbound,9.766368,-25.457916
3.224000,X_outbound,9.771743,-25.033012
3.225000,X_outbound,9.777118,-24.608108
3.226000,X_outbound,9.782492,-24.183204
3.227000,X_outbound,9.787867,-23.758300
3.228000,X_outbound,9.793242,-23.932571
3.229000,X_outbound,9.798616,-24.738394
3.230000,X_outbound,9.803991,-25.544216
3.231000,X_outbound,9.809366,-26.350038
3.232000,X_outbound,9.814740,-27.155860
3.233000,X_outbound,9.820115,-27.961683
3.234000,X_outbound,9.825490,-28.767505
3.235000,X_outbound,9.830864,-29.573327
3.236000,X_outbound,9.836239,-30.092392
3.237000,X_outbound,9.841614,-30.589298
3.238000,X_outbound,9.846989,-31.086204
3.239000,X_outbound,9.852363,-31.583110
3.240000,X_outbound,9.857738,-32.080016
3.241000,X_outbound,9.863113,-32.576922
3.242000,X_outbound,9.868487,-33.073827
3.243000,X_outbound,9.873862,-33.159761
3.244000,X_outbound,9.879237,-32.544997
3.245000,X_outbound,9.884611,-31.930233
3.246000,X_outbound,9.889986,-31.315469
3.247000,X_outbound,9.895361,-30.700705
3.248000,X_outbound,9.900735,-30.085941
3.249000,X_outbound,9.906110,-29.471178
3.250000,X_outbound,9.911485,-28.856414
3.251000,X_outbound,9.916859,-27.544397
3.252000,X_outbound,9.922234,-26.070006
3.253000,X_outbound,9.927609,-24.595615
3.254000,X_outbound,9.932984,-23.121224
3.255000,X_outbound,9.938358,-21.646833
3.256000,X_outbound,9.943733,-20.172442
3.257000,X_outbound,9.949108,-18.698051
3.258000,X_outbound,9.954482,-17.534979
3.259000,X_outbound,9.959857,-17.293380
3.260000,X_outbound,9.965232,-17.051781
3.261000,X_outbound,9.970606,-16.810182
3.262000,X_outbound,9.975981,-16.568583
3.263000,X_outbound,9.981356,-16.326984
3.264000,X_outbound,9.986730,-16.085385
3.265000,X_outbound,9.992105,-15.843786
3.266000,X_outbound,9.997480,-16.005218
3.267000,X_outbound,10.002854,-16.344395
3.268000,X_outbound,10.008229,-16.683572
3.269000,X_outbound,10.013604,-17.022749
3.270000,X_outbound,10.018979,-17.361926
3.271000,X_outbound,10.024353,-17.701103
3.272000,X_outbound,10.029728,-18.040280
3.273000,X_outbound,10.035103,-18.229868
3.274000,X_outbound,10.040477,-17.464044
3.275000,X_outbound,10.045852,-16.698220
3.276000,X_outbound,10.051227,-15.932396
3.277000,X_outbound,10.056601,-15.166572
3.278000,X_outbound,10.061976,-14.400748
3.279000,X_outbound,10.067351,-13.634924
3.280000,X_outbound,10.072725,-12.869100
3.281000,X_outbound,10.078100,-12.197890
3.282000,X_outbound,10.083475,-11.596102
3.283000,X_outbound,10.088849,-10.994313
3.284000,X_outbound,10.094224,-10.392525
3.285000,X_outbound,10.099599,-9.790736
3.286000,X_outbound,10.104974,-9.188948
3.287000,X_outbound,10.110348,-8.587159
3.288000,X_outbound,10.115723,-8.007644
3.289000,X_outbound,10.121098,-8.628580
3.290000,X_outbound,10.126472,-9.249516
3.291000,X_outbound,10.131847,-9.870452
3.292000,X_outbound,10.137222,-10.491388
3.293000,X_outbound,10.142596,-11.112324
3.294000,X_outbound,10.147971,-11.733260
3.295000,X_outbound,10.153346,-12.354196
3.296000,X_outbound,10.158720,-12.797083
3.297000,X_outbound,10.164095,-13.030650
3.298000,X_outbound,10.169470,-13.264217
3.299000,X_outbound,10.174844,-13.497784
3.300000,X_outbound,10.180219,-13.731350
3.301000,X_outbound,10.185594,-13.964917
3.302000,X_outbound,10.190969,-14.198484
3.303000,X_outbound,10.196343,-14.432051
3.304000,X_outbound,10.201718,-13.354592
3.305000,X_outbound,10.207093,-12.133176
3.306000,X_outbound,10.212467,-10.911760
3.307000,X_outbound,10.217842,-9.690343
3.308000,X_outbound,10.223217,-8.468927
3.309000,X_outbound,10.228591,-7.247510
3.310000,X_outbound,10.233966,-6.026094
3.311000,X_outbound,10.239341,-4.941514
3.312000,X_outbound,10.244715,-4.119643
3.313000,X_outbound,10.250090,-3.297772
3.314000,X_outbound,10.255465,-2.475901
3.315000,X_outbound,10.260839,-1.654030
3.316000,X_outbound,10.266214,-0.832159
3.317000,X_outbound,10.271589,-0.010288
3.318000,X_outbound,10.276964,0.811583
3.319000,X_outbound,10.282338,0.913452
3.320000,X_outbound,10.287713,0.816837
3.321000,X_outbound,10.293088,0.720223
3.322000,X_outbound,10.298462,0.623608
3.323000,X_outbound,10.303837,0.526993
3.324000,X_outbound,10.309212,0.430378
3.325000,X_outbound,10.314586,0.333763
3.326000,X_outbound,10.319961,0.414523
3.327000,X_outbound,10.325336,1.105115
3.328000,X_outbound,10.330710,1.795706
3.329000,X_outbound,10.336085,2.486297
3.330000,X_outbound,10.341460,3.176889
3.331000,X_outbound,10.346834,3.867480
3.332000,X_outbound,10.352209,4.558071
3.333000,X_outbound,10.357584,5.248662
3.334000,X_outbound,10.362959,6.575049
3.335000,X_outbound,10.368333,8.219224
3.336000,X_outbound,10.373708,9.863399
3.337000,X_outbound,10.379083,11.507573
3.338000,X_outbound,10.384457,13.151748
3.339000,X_outbound,10.389832,14.795923
3.340000,X_outbound,10.395207,16.440097
3.341000,X_outbound,10.400581,17.981785
3.342000,X_outbound,10.405956,18.678448
3.343000,X_outbound,10.411331,19.375111
3.344000,X_outbound,10.416705,20.071774
3.345000,X_outbound,10.422080,20.768437
3.346000,X_outbound,10.427455,21.465100
3.347000,X_outbound,10.432829,22.161763
3.348000,X_outbound,10.438204,22.858426
3.349000,X_outbound,10.443579,22.772253
3.350000,X_outbound,10.448954,22.044505
3.351000,X_outbound,10.454328,21.316757
3.352000,X_outbound,10.459703,20.589009
3.353000,X_outbound,10.465078,19.861260
3.354000,X_outbound,10.470452,19.133512
3.355000,X_outbound,10.475827,18.405764
3.356000,X_outbound,10.481202,17.678016
3.357000,X_outbound,10.486576,18.183794
3.358000,X_outbound,10.491951,18.700765
3.359000,X_outbound,10.497326,19.217737
3.360000,X_outbound,10.502700,19.734709
3.361000,X_outbound,10.508075,20.251680
3.362000,X_outbound,10.513450,20.768652
3.363000,X_outbound,10.518824,21.285623
3.364000,X_outbound,10.524199,21.607791
3.365000,X_outbound,10.529574,21.674273
3.366000,X_outbound,10.534949,21.740755
3.367000,X_outbound,10.540323,21.807238
3.368000,X_outbound,10.545698,21.873720
3.369000,X_outbound,10.551073,21.940202
3.370000,X_outbound,10.556447,22.006685
3.371000,X_outbound,10.561822,22.073167
3.372000,X_outbound,10.567197,21.361946
3.373000,X_outbound,10.572571,20.538453
3.374000,X_outbound,10.577946,19.714961
3.375000,X_outbound,10.583321,18.891469
3.376000,X_outbound,10.588695,18.067977
3.377000,X_outbound,10.594070,17.244485
3.378000,X_outbound,10.599445,16.420992
3.379000,X_outbound,10.604819,15.871337
3.380000,X_outbound,10.610194,15.916422
3.381000,X_outbound,10.615569,15.961507
3.382000,X_outbound,10.620944,16.006592
3.383000,X_outbound,10.626318,16.051677
3.384000,X_outbound,10.631693,16.096762
3.385000,X_outbound,10.637068,16.141848
3.386000,X_outbound,10.642442,16.186933
3.387000,X_outbound,10.645783,16.628202
3.388000,X_outbound,10.648471,17.196862
3.389000,X_outbound,10.651158,17.765521
3.390000,X_outbound,10.653846,18.334181
3.391000,X_outbound,10.656533,18.902840
3.392000,X_outbound,10.659220,19.471499
3.393000,X_outbound,10.661908,20.040159
3.394000,X_outbound,10.664595,20.608818
3.395000,X_outbound,10.667282,21.177478
3.396000,X_outbound,10.669970,21.746137
3.397000,X_outbound,10.672657,22.314797
3.398000,X_outbound,10.675344,22.883456
3.399000,X_outbound,10.678032,23.452116
3.400000,X_outbound,10.680719,24.020775
3.401000,X_outbound,10.683406,24.589435
3.402000,X_outbound,10.687812,24.608296
3.403000,X_outbound,10.693187,24.317270
3.404000,X_outbound,10.698562,24.026244
3.405000,X_outbound,10.703936,23.735218
3.406000,X_outbound,10.709311,23.444192
3.407000,X_outbound,10.714686,23.153166
3.408000,X_outbound,10.720060,22.862140
3.409000,X_outbound,10.725435,22.631474
3.410000,X_outbound,10.730810,23.086042
3.411000,X_outbound,10.736184,23.540610
3.412000,X_outbound,10.741559,23.995179
3.413000,X_outbound,10.746934,24.449747
3.414000,X_outbound,10.752309,24.904315
3.415000,X_outbound,10.757683,25.358883
3.416000,X_outbound,10.763058,25.813451
3.417000,X_outbound,10.768433,26.118983
3.418000,X_outbound,10.773807,26.288247
3.419000,X_outbound,10.779182,26.457511
3.420000,X_outbound,10.784557,26.626776
3.421000,X_outbound,10.789931,26.796040
3.422000,X_outbound,10.795306,26.965304
3.423000,X_outbound,10.800681,27.134568
3.424000,X_outbound,10.806055,27.303833
3.425000,X_outbound,10.811430,26.016304
3.426000,X_outbound,10.816805,24.674055
3.427000,X_outbound,10.822179,23.331807
3.428000,X_outbound,10.827554,21.989558
3.429000,X_outbound,10.832929,20.647309
3.430000,X_outbound,10.838304,19.305061
3.431000,X_outbound,10.843678,17.962812
3.432000,X_outbound,10.849053,16.722309
3.433000,X_outbound,10.854428,15.631149
3.434000,X_outbound,10.859802,14.539989
3.435000,X_outbound,10.865177,13.448829
3.436000,X_outbound,10.870552,12.357668
3.437000,X_outbound,10.875926,11.266508
3.438000,X_outbound,10.881301,10.175348
3.439000,X_outbound,10.886676,9.084188
3.440000,X_outbound,10.892050,8.066778
3.441000,X_outbound,10.897425,7.062727
3.442000,X_outbound,10.902800,6.058677
3.443000,X_outbound,10.908174,5.054626
3.444000,X_outbound,10.913549,4.050576
3.445000,X_outbound,10.918924,3.046525
3.446000,X_outbound,10.924299,2.042474
3.447000,X_outbound,10.929673,1.065485
3.448000,X_outbound,10.935048,0.155376
3.449000,X_outbound,10.940423,-0.754733
3.450000,X_outbound,10.945797,-1.664841
3.451000,X_outbound,10.951172,-2.574950
3.452000,X_outbound,10.956547,-3.485059
3.453000,X_outbound,10.961921,-4.395168
3.454000,X_outbound,10.967296,-5.305277
3.455000,X_outbound,10.972671,-6.453532
3.456000,X_outbound,10.978045,-7.690100
3.457000,X_outbound,10.983420,-8.926668
3.458000,X_outbound,10.988795,-10.163235
3.459000,X_outbound,10.994169,-11.399803
3.460000,X_outbound,10.999544,-12.636371
3.461000,X_outbound,11.004919,-13.872939
3.462000,X_outbound,11.010294,-14.960908
3.463000,X_outbound,11.015668,-15.327889
3.464000,X_outbound,11.021043,-15.694682
3.465000,X_outbound,11.026418,-16.061285
3.466000,X_outbound,11.031792,-16.427699
3.467000,X_outbound,11.037167,-16.793925
3.468000,X_outbound,11.042542,-17.159961
3.469000,X_outbound,11.047916,-17.525808
3.470000,X_outbound,11.053291,-17.490742
3.471000,X_outbound,11.058666,-17.201781
3.472000,X_outbound,11.064040,-16.912630
3.473000,X_outbound,11.069415,-16.623291
3.474000,X_outbound,11.074790,-16.333762
3.475000,X_outbound,11.080164,-16.044045
3.476000,X_outbound,11.085539,-15.754139
3.477000,X_outbound,11.090914,-15.489717
3.478000,X_outbound,11.096289,-15.677097
3.479000,X_outbound,11.101663,-15.864288
3.480000,X_outbound,11.107038,-16.051290
3.481000,X_outbound,11.112413,-16.238104
3.482000,X_outbound,11.117787,-16.424728
3.483000,X_outbound,11.123162,-16.611165
3.484000,X_outbound,11.128537,-16.797412
3.485000,X_outbound,11.133911,-16.846857
3.486000,X_outbound,11.139286,-16.756833
3.487000,X_outbound,11.144661,-16.666620
3.488000,X_outbound,11.150035,-16.576219
3.489000,X_outbound,11.155410,-16.485629
3.490000,X_outbound,11.160785,-16.394851
3.491000,X_outbound,11.166159,-16.303885
3.492000,X_outbound,11.171534,-16.212730
3.493000,X_outbound,11.173553,-16.260749
3.494000,X_outbound,11.175345,-16.318016
3.495000,X_outbound,11.177136,-16.375094
3.496000,X_outbound,11.178928,-16.431984
3.497000,X_outbound,11.180719,-16.488687
3.498000,X_outbound,11.182511,-16.545201
3.499000,X_outbound,11.184302,-16.601527
3.500000,X_outbound,11.186094,-16.657666
3.501000,X_outbound,11.187885,-16.713616
3.502000,X_outbound,11.189677,-16.769379
3.503000,X_outbound,11.191469,-16.824954
3.504000,X_outbound,11.193260,-16.880342
3.505000,X_outbound,11.195052,-16.935542
3.506000,X_outbound,11.196843,-16.990554
3.507000,X_outbound,11.198635,-17.045380
3.508000,X_outbound,11.200426,-17.100017
3.509000,X_outbound,11.202218,-17.154468
3.510000,X_outbound,11.204010,-17.208731
3.511000,X_outbound,11.205801,-17.262807
3.512000,X_outbound,11.207593,-17.316697
3.513000,X_outbound,11.209384,-17.370399
3.514000,X_outbound,11.211176,-17.423914
3.515000,X_outbound,11.213902,-17.456092
3.516000,X_outbound,11.219277,-17.428150
3.517000,X_outbound,11.224651,-17.400022
3.518000,X_outbound,11.230026,-17.371706
3.519000,X_outbound,11.235401,-17.343205
3.520000,X_outbound,11.240775,-17.314517
3.521000,X_outbound,11.246150,-17.285643
3.522000,X_outbound,11.251525,-17.256583
3.523000,X_outbound,11.256899,-17.602960
3.524000,X_outbound,11.262274,-18.108396
3.525000,X_outbound,11.267649,-18.613647
3.526000,X_outbound,11.273024,-19.118711
3.527000,X_outbound,11.278398,-19.623590
3.528000,X_outbound,11.283773,-20.128284
3.529000,X_outbound,11.289148,-20.632792
3.530000,X_outbound,11.294522,-21.174339
3.531000,X_outbound,11.299897,-21.937528
3.532000,X_outbound,11.305272,-22.700533
3.533000,X_outbound,11.310646,-23.463352
3.534000,X_outbound,11.316021,-24.225987
3.535000,X_outbound,11.321396,-24.988436
3.536000,X_outbound,11.326770,-25.750702
3.537000,X_outbound,11.332145,-26.512782
3.538000,X_outbound,11.337520,-26.464062
3.539000,X_outbound,11.342895,-25.840378
3.540000,X_outbound,11.348269,-25.216510
3.541000,X_outbound,11.353644,-24.592458
3.542000,X_outbound,11.359019,-23.968222
3.543000,X_outbound,11.364393,-23.343802
3.544000,X_outbound,11.369768,-22.719199
3.545000,X_outbound,11.375143,-22.085908
3.546000,X_outbound,11.380517,-21.140466
3.547000,X_outbound,11.385892,-20.194841
3.548000,X_outbound,11.391267,-19.249032
3.549000,X_outbound,11.396641,-18.303041
3.550000,X_outbound,11.402016,-17.356867
3.551000,X_outbound,11.407391,-16.410510
3.552000,X_outbound,11.412765,-15.463971
3.553000,X_outbound,11.418140,-15.069516
3.554000,X_outbound,11.423515,-15.302774
3.555000,X_outbound,11.428890,-15.535850
3.556000,X_outbound,11.434264,-15.768744
3.557000,X_outbound,11.439639,-16.001456
3.558000,X_outbound,11.445014,-16.233987
3.559000,X_outbound,11.450388,-16.466337
3.560000,X_outbound,11.455763,-16.698505
3.561000,X_outbound,11.461138,-16.699927
3.562000,X_outbound,11.466512,-16.678191
3.563000,X_outbound,11.471887,-16.656275
3.564000,X_outbound,11.477262,-16.634179
3.565000,X_outbound,11.482636,-16.611902
3.566000,X_outbound,11.488011,-16.589444
3.567000,X_outbound,11.493386,-16.566807
3.568000,X_outbound,11.498760,-16.203001
3.569000,X_outbound,11.504135,-15.207974
3.570000,X_outbound,11.509510,-14.212767
3.571000,X_outbound,11.514885,-13.217381
3.572000,X_outbound,11.520259,-12.221815
3.573000,X_outbound,11.525634,-11.226071
3.574000,X_outbound,11.531009,-10.230147
3.575000,X_outbound,11.536383,-9.234045
3.576000,X_outbound,11.541758,-8.761276
3.577000,X_outbound,11.547133,-8.425632
3.578000,X_outbound,11.552507,-8.089810
3.579000,X_outbound,11.557882,-7.753809
3.580000,X_outbound,11.563257,-7.417631
3.581000,X_outbound,11.568631,-7.081276
3.582000,X_outbound,11.574006,-6.744743
3.583000,X_outbound,11.579381,-6.499112
3.584000,X_outbound,11.584755,-6.552051
3.585000,X_outbound,11.590130,-6.604813
3.586000,X_outbound,11.595505,-6.657398
3.587000,X_outbound,11.600880,-6.709807
3.588000,X_outbound,11.606254,-6.762039
3.589000,X_outbound,11.611629,-6.814096
3.590000,X_outbound,11.617004,-6.865976
3.591000,X_outbound,11.622378,-6.431472
3.592000,X_outbound,11.627753,-5.762759
3.593000,X_outbound,11.633128,-5.093870
3.594000,X_outbound,11.638502,-4.424807
3.595000,X_outbound,11.643877,-3.755569
3.596000,X_outbound,11.649252,-3.086157
3.597000,X_outbound,11.654626,-2.416570
3.598000,X_outbound,11.660001,-1.667901
3.599000,X_outbound,11.665376,-0.320564
3.600000,X_outbound,11.670750,1.026948
3.601000,X_outbound,11.676125,2.374633
3.602000,X_outbound,11.681500,3.722491
3.603000,X_outbound,11.686875,5.070523
3.604000,X_outbound,11.692249,6.418727
3.605000,X_outbound,11.697624,7.767103
3.606000,X_outbound,11.702999,8.345674
3.607000,X_outbound,11.708373,8.314274
3.608000,X_outbound,11.713748,8.283046
3.609000,X_outbound,11.719123,8.251989
3.610000,X_outbound,11.724497,8.221104
3.611000,X_outbound,11.729872,8.190390
3.612000,X_outbound,11.735247,8.159847
3.613000,X_outbound,11.740621,8.129474
3.614000,X_outbound,11.745996,8.299372
3.615000,X_outbound,11.751371,8.469575
3.616000,X_outbound,11.756745,8.639947
3.617000,X_outbound,11.762120,8.810489
3.618000,X_outbound,11.767495,8.981201
3.619000,X_outbound,11.772870,9.152082
3.620000,X_outbound,11.778244,9.323132
3.621000,X_outbound,11.783619,10.028685
3.622000,X_outbound,11.788994,11.412407
3.623000,X_outbound,11.794368,12.796297
3.624000,X_outbound,11.799743,14.180355
3.625000,X_outbound,11.805118,15.564581
3.626000,X_outbound,11.810492,16.948974
3.627000,X_outbound,11.815867,18.333534
3.628000,X_outbound,11.821242,19.718262
3.629000,X_outbound,11.826616,20.163337
3.630000,X_outbound,11.831991,20.483050
3.631000,X_outbound,11.837366,20.802928
3.632000,X_outbound,11.842740,21.122972
3.633000,X_outbound,11.848115,21.443182
3.634000,X_outbound,11.853490,21.763557
3.635000,X_outbound,11.858865,22.084097
3.636000,X_outbound,11.864239,22.176618
3.637000,X_outbound,11.869614,21.792326
3.638000,X_outbound,11.874989,21.408198
3.639000,X_outbound,11.880363,21.024234
3.640000,X_outbound,11.885738,20.640434
3.641000,X_outbound,11.891113,20.256797
3.642000,X_outbound,11.896487,19.873323
3.643000,X_outbound,11.901862,19.490012
3.644000,X_outbound,11.907237,20.068446
3.645000,X_outbound,11.912611,20.942411
3.646000,X_outbound,11.917986,21.816538
3.647000,X_outbound,11.923361,22.690826
3.648000,X_outbound,11.928735,23.565275
3.649000,X_outbound,11.934110,24.439886
3.650000,X_outbound,11.939485,25.314657
3.651000,X_outbound,11.944860,26.115658
3.652000,X_outbound,11.950234,26.632617
3.653000,X_outbound,11.955609,27.149735
3.654000,X_outbound,11.960984,27.667012
3.655000,X_outbound,11.966358,28.184449
3.656000,X_outbound,11.971733,28.702045
3.657000,X_outbound,11.977108,29.219799
3.658000,X_outbound,11.982482,29.737712
3.659000,X_outbound,11.987857,29.486625
3.660000,X_outbound,11.993232,28.817614
3.661000,X_outbound,11.998606,28.148760
3.662000,X_outbound,12.003981,27.480063
3.663000,X_outbound,12.009356,26.811524
3.664000,X_outbound,12.014730,26.143141
3.665000,X_outbound,12.020105,25.474914
3.666000,X_outbound,12.025480,24.830254
3.667000,X_outbound,12.030855,24.424574
3.668000,X_outbound,12.036229,24.019049
3.669000,X_outbound,12.041604,23.613680
3.670000,X_outbound,12.046979,23.208465
3.671000,X_outbound,12.052353,22.803404
3.672000,X_outbound,12.057728,22.398497
3.673000,X_outbound,12.063103,21.993744
3.674000,X_outbound,12.068477,21.798141
3.675000,X_outbound,12.073852,21.787511
3.676000,X_outbound,12.079227,21.777033
3.677000,X_outbound,12.084601,21.766708
3.678000,X_outbound,12.089976,21.756534
3.679000,X_outbound,12.095351,21.746513
3.680000,X_outbound,12.100725,21.736642
3.681000,X_outbound,12.106100,21.726923
3.682000,X_outbound,12.111475,20.010178
3.683000,X_outbound,12.116850,18.244619
3.684000,X_outbound,12.122224,16.479210
3.685000,X_outbound,12.127599,14.713951
3.686000,X_outbound,12.132974,12.948841
3.687000,X_outbound,12.138348,11.183880
3.688000,X_outbound,12.143723,9.419067
3.689000,X_outbound,12.149098,7.652308
3.690000,X_outbound,12.154472,5.882726
3.691000,X_outbound,12.159847,4.113292
3.692000,X_outbound,12.165222,2.344004
3.693000,X_outbound,12.170596,0.574864
3.694000,X_outbound,12.175971,-1.194130
3.695000,X_outbound,12.181346,-2.962978
3.696000,X_outbound,12.186720,-4.731680
3.697000,X_outbound,12.192095,-5.085353
3.698000,X_outbound,12.197470,-5.198854
3.699000,X_outbound,12.202845,-5.312210
3.700000,X_outbound,12.208219,-5.425421
3.701000,X_outbound,12.213594,-5.538489
3.702000,X_outbound,12.218969,-5.651413
3.703000,X_outbound,12.224343,-5.764193
3.704000,X_outbound,12.228921,-5.746958
3.705000,X_outbound,12.231609,-5.421257
3.706000,X_outbound,12.234296,-5.095414
3.707000,X_outbound,12.236984,-4.769429
3.708000,X_outbound,12.239671,-4.443303
3.709000,X_outbound,12.242358,-4.117036
3.710000,X_outbound,12.245046,-3.790628
3.711000,X_outbound,12.247733,-3.464080
3.712000,X_outbound,12.250420,-3.137392
3.713000,X_outbound,12.253108,-2.810564
3.714000,X_outbound,12.255795,-2.483597
3.715000,X_outbound,12.258482,-2.156492
3.716000,X_outbound,12.261170,-1.829248
3.717000,X_outbound,12.263857,-1.501866
3.718000,X_outbound,12.266544,-1.174346
3.719000,X_outbound,12.269713,-0.842511
3.720000,X_outbound,12.275088,-0.491403
3.721000,X_outbound,12.280463,-0.140160
3.722000,X_outbound,12.285837,0.211220
3.723000,X_outbound,12.291212,0.562736
3.724000,X_outbound,12.296587,0.914387
3.725000,X_outbound,12.301961,1.266173
3.726000,X_outbound,12.307336,1.618093
3.727000,X_outbound,12.312711,2.328437
3.728000,X_outbound,12.318085,3.257910
3.729000,X_outbound,12.323460,4.187517
3.730000,X_outbound,12.328835,5.117257
3.731000,X_outbound,12.334210,6.047129
3.732000,X_outbound,12.339584,6.977134
3.733000,X_outbound,12.344959,7.907270
3.734000,X_outbound,12.350334,8.822098
3.735000,X_outbound,12.355708,9.503730
3.736000,X_outbound,12.361083,10.185493
3.737000,X_outbound,12.366458,10.867386
3.738000,X_outbound,12.371832,11.549408
3.739000,X_outbound,12.377207,12.231560
3.740000,X_outbound,12.382582,12.913841
3.741000,X_outbound,12.387956,13.596251
3.742000,X_outbound,12.393331,13.596913
3.743000,X_outbound,12.398706,12.925276
3.744000,X_outbound,12.404080,12.253765
3.745000,X_outbound,12.409455,11.582382
3.746000,X_outbound,12.414830,10.911124
3.747000,X_outbound,12.420205,10.239993
3.748000,X_outbound,12.425579,9.568988
3.749000,X_outbound,12.430954,8.898107
3.750000,X_outbound,12.436329,8.897424
3.751000,X_outbound,12.441703,8.935933
3.752000,X_outbound,12.447078,8.974566
3.753000,X_outbound,12.452453,9.013322
3.754000,X_outbound,12.457827,9.052201
3.755000,X_outbound,12.463202,9.091203
3.756000,X_outbound,12.468577,9.130327
3.757000,X_outbound,12.473951,9.296421
3.758000,X_outbound,12.479326,9.664128
3.759000,X_outbound,12.484701,10.031957
3.760000,X_outbound,12.490075,10.399906
3.761000,X_outbound,12.495450,10.767976
3.762000,X_outbound,12.500825,11.136165
3.763000,X_outbound,12.506200,11.504473
3.764000,X_outbound,12.511574,11.872900
3.765000,X_outbound,12.516949,12.696273
3.766000,X_outbound,12.522324,13.614411
3.767000,X_outbound,12.527698,14.532666
3.768000,X_outbound,12.533073,15.451038
3.769000,X_outbound,12.538448,16.369526
3.770000,X_outbound,12.543822,17.288131
3.771000,X_outbound,12.549197,18.206851
3.772000,X_outbound,12.554572,19.057173
3.773000,X_outbound,12.559946,19.721590
3.774000,X_outbound,12.565321,20.386121
3.775000,X_outbound,12.570696,21.050766
3.776000,X_outbound,12.576070,21.715525
3.777000,X_outbound,12.581445,22.380397
3.778000,X_outbound,12.586820,23.045381
3.779000,X_outbound,12.592195,23.710477
3.780000,X_outbound,12.597569,23.940342
3.781000,X_outbound,12.602944,23.993015
3.782000,X_outbound,12.608319,24.045799
3.783000,X_outbound,12.613693,24.098692
3.784000,X_outbound,12.619068,24.151696
3.785000,X_outbound,12.624443,24.204809
3.786000,X_outbound,12.629817,24.258031
3.787000,X_outbound,12.635192,24.431400
3.788000,X_outbound,12.640567,25.274485
3.789000,X_outbound,12.645941,26.117678
3.790000,X_outbound,12.651316,26.960979
3.791000,X_outbound,12.656691,27.804386
3.792000,X_outbound,12.662065,28.647899
3.793000,X_outbound,12.667440,29.491518
3.794000,X_outbound,12.672815,30.335242
3.795000,X_outbound,12.678190,31.145015
3.796000,X_outbound,12.683564,31.931560
3.797000,X_outbound,12.688939,32.718209
3.798000,X_outbound,12.694314,33.504962
3.799000,X_outbound,12.699688,34.291818
3.800000,X_outbound,12.705063,35.078776
3.801000,X_outbound,12.710438,35.865836
3.802000,X_outbound,12.715812,36.597018
3.803000,X_outbound,12.721187,35.778318
3.804000,X_outbound,12.726562,34.959717
3.805000,X_outbound,12.731936,34.141218
3.806000,X_outbound,12.737311,33.322817
3.807000,X_outbound,12.742686,32.504516
3.808000,X_outbound,12.748060,31.686313
3.809000,X_outbound,12.753435,30.868209
3.810000,X_outbound,12.758810,29.934247
3.811000,X_outbound,12.764185,28.872875
3.812000,X_outbound,12.769559,27.811601
3.813000,X_outbound,12.774934,26.750422
3.814000,X_outbound,12.780309,25.689340
3.815000,X_outbound,12.785683,24.628352
3.816000,X_outbound,12.791058,23.567460
3.817000,X_outbound,12.796433,22.506662
3.818000,X_outbound,12.801807,21.852632
3.819000,X_outbound,12.807182,21.235167
3.820000,X_outbound,12.812557,20.617795
3.821000,X_outbound,12.817931,20.000515
3.822000,X_outbound,12.823306,19.383327
3.823000,X_outbound,12.828681,18.766231
3.824000,X_outbound,12.834055,18.149225
3.825000,X_outbound,12.839430,17.745105
3.826000,X_outbound,12.844805,17.720823
3.827000,X_outbound,12.850180,17.696631
3.828000,X_outbound,12.855554,17.672527
3.829000,X_outbound,12.860929,17.648512
3.830000,X_outbound,12.866304,17.624585
3.831000,X_outbound,12.871678,17.600746
3.832000,X_outbound,12.877053,17.576994
3.833000,X_outbound,12.882428,17.024518
3.834000,X_outbound,12.887802,16.340373
3.835000,X_outbound,12.893177,15.656314
3.836000,X_outbound,12.898552,14.972340
3.837000,X_outbound,12.903926,14.288450
3.838000,X_outbound,12.909301,13.604644
3.839000,X_outbound,12.914676,12.920922
3.840000,X_outbound,12.920050,12.263134
3.841000,X_outbound,12.925425,11.686417
3.842000,X_outbound,12.930800,11.109783
3.843000,X_outbound,12.936175,10.533229
3.844000,X_outbound,12.941549,9.956757
3.845000,X_outbound,12.946924,9.380365
3.846000,X_outbound,12.952299,8.804053
3.847000,X_outbound,12.957673,8.227820
3.848000,X_outbound,12.963048,8.659648
3.849000,X_outbound,12.968423,9.558558
3.850000,X_outbound,12.973797,10.457546
3.851000,X_outbound,12.979172,11.356612
3.852000,X_outbound,12.984547,12.255754
3.853000,X_outbound,12.989921,13.154973
3.854000,X_outbound,12.995296,14.054267
3.855000,X_outbound,13.000000,15.013751
3.856000,X_outbound,13.000000,16.394855
3.857000,X_outbound,13.000000,17.776033
3.858000,X_outbound,13.000000,19.157286
3.859000,X_outbound,13.000000,20.538611
3.860000,X_outbound,13.000000,21.920010
3.861000,X_outbound,13.000000,23.301481
3.862000,X_outbound,13.000000,24.683023
3.863000,far_end_turn,13.000000,25.146017
3.864000,far_end_turn,13.000000,24.905349
3.865000,far_end_turn,13.000000,24.664750
3.866000,far_end_turn,13.000000,24.424222
3.867000,far_end_turn,13.000000,24.183762
3.868000,far_end_turn,13.000000,23.943371
3.869000,far_end_turn,13.000000,23.703049
3.870000,far_end_turn,13.000000,23.458557
3.871000,far_end_turn,13.000000,22.664412
3.872000,far_end_turn,13.000000,21.870334
3.873000,far_end_turn,13.000000,21.076322
3.874000,far_end_turn,13.000000,20.282376
3.875000,far_end_turn,13.000000,19.488494
3.876000,far_end_turn,13.000000,18.694677
3.877000,far_end_turn,13.000000,17.900924
3.878000,far_end_turn,13.000000,17.608202
3.879000,far_end_turn,13.000000,17.930146
3.880000,far_end_turn,13.000000,18.252152
3.881000,far_end_turn,13.000000,18.574219
3.882000,far_end_turn,13.000000,18.896348
3.883000,far_end_turn,13.000000,19.218537
3.884000,far_end_turn,13.000000,19.540787
3.885000,far_end_turn,13.000000,19.863097
3.886000,far_end_turn,13.000000,20.587481
3.887000,far_end_turn,13.000000,21.361363
3.888000,far_end_turn,13.000000,22.135302
3.889000,far_end_turn,13.000000,22.909300
3.890000,far_end_turn,13.000000,23.683354
3.891000,far_end_turn,13.000000,24.457465
3.892000,far_end_turn,13.000000,25.231631
3.893000,far_end_turn,13.000000,25.534603
3.894000,far_end_turn,13.000000,24.889072
3.895000,far_end_turn,13.000000,24.243595
3.896000,far_end_turn,13.000000,23.598172
3.897000,far_end_turn,13.000000,22.952803
3.898000,far_end_turn,13.000000,22.307486
3.899000,far_end_turn,13.000000,21.662221
3.900000,far_end_turn,13.000000,21.017008
3.901000,far_end_turn,13.000000,21.505636
3.902000,far_end_turn,13.000000,22.326634
3.903000,far_end_turn,13.000000,23.147683
3.904000,far_end_turn,13.000000,23.968780
3.905000,far_end_turn,13.000000,24.789927
3.906000,far_end_turn,13.000000,25.611122
3.907000,far_end_turn,13.000000,26.432365
3.908000,far_end_turn,13.000000,27.420477
3.909000,far_end_turn,13.000000,29.018614
3.910000,far_end_turn,13.000000,30.616799
3.911000,far_end_turn,13.000000,32.215029
3.912000,far_end_turn,13.000000,33.813304
3.913000,far_end_turn,13.000000,35.411623
3.914000,far_end_turn,13.000000,37.009987
3.915000,far_end_turn,13.000000,38.608394
3.916000,far_end_turn,13.000000,39.514435
3.917000,far_end_turn,13.000000,40.057705
3.918000,far_end_turn,13.000000,40.601018
3.919000,far_end_turn,13.000000,41.144372
3.920000,far_end_turn,13.000000,41.687767
3.921000,far_end_turn,13.000000,42.231202
3.922000,far_end_turn,13.000000,42.774677
3.923000,far_end_turn,13.000000,43.175468
3.924000,far_end_turn,13.000000,42.256640
3.925000,far_end_turn,13.000000,41.337849
3.926000,far_end_turn,13.000000,40.419096
3.927000,far_end_turn,13.000000,39.500380
3.928000,far_end_turn,13.000000,38.581701
3.929000,far_end_turn,13.000000,37.663057
3.930000,far_end_turn,13.000000,36.744449
3.931000,far_end_turn,13.000000,36.427817
3.932000,far_end_turn,13.000000,36.626018
3.933000,far_end_turn,13.000000,36.824252
3.934000,far_end_turn,13.000000,37.022519
3.935000,far_end_turn,13.000000,37.220819
3.936000,far_end_turn,13.000000,37.419151
3.937000,far_end_turn,13.000000,37.617514
3.938000,far_end_turn,13.000000,37.815908
3.939000,far_end_turn,13.000000,38.402645
3.940000,far_end_turn,13.000000,38.997159
3.941000,far_end_turn,13.000000,39.591702
3.942000,far_end_turn,13.000000,40.186273
3.943000,far_end_turn,13.000000,40.780873
3.944000,far_end_turn,13.000000,41.375501
3.945000,far_end_turn,13.000000,41.970155
3.946000,far_end_turn,13.000000,41.956145
3.947000,far_end_turn,13.000000,41.107974
3.948000,far_end_turn,13.000000,40.259828
3.949000,far_end_turn,13.000000,39.411707
3.950000,far_end_turn,13.000000,38.563611
3.951000,far_end_turn,13.000000,37.715538
3.952000,far_end_turn,13.000000,36.867489
3.953000,far_end_turn,13.000000,36.019462
3.954000,far_end_turn,13.000000,34.879243
3.955000,far_end_turn,13.000000,33.692767
3.956000,far_end_turn,13.000000,32.506312
3.957000,far_end_turn,13.000000,31.319877
3.958000,far_end_turn,13.000000,30.133462
3.959000,far_end_turn,13.000000,28.947067
3.960000,far_end_turn,13.000000,27.760690
3.961000,far_end_turn,13.000000,27.153556
3.962000,far_end_turn,13.000000,27.868169
3.963000,far_end_turn,13.000000,28.582799
3.964000,far_end_turn,13.000000,29.297446
3.965000,far_end_turn,13.000000,30.012108
3.966000,far_end_turn,13.000000,30.726786
3.967000,far_end_turn,13.000000,31.441479
3.968000,far_end_turn,13.000000,32.156186
3.969000,far_end_turn,13.000000,32.577031
3.970000,far_end_turn,13.000000,32.897894
3.971000,far_end_turn,13.000000,33.218771
3.972000,far_end_turn,13.000000,33.539659
3.973000,far_end_turn,13.000000,33.860559
3.974000,far_end_turn,13.000000,34.181469
3.975000,far_end_turn,13.000000,34.502390
3.976000,far_end_turn,13.000000,34.620672
3.977000,far_end_turn,13.000000,33.861072
3.978000,far_end_turn,13.000000,33.101481
3.979000,far_end_turn,13.000000,32.341899
3.980000,far_end_turn,13.000000,31.582324
3.981000,far_end_turn,13.000000,30.822755
3.982000,far_end_turn,13.000000,30.063194
3.983000,far_end_turn,13.000000,29.303638
3.984000,far_end_turn,13.000000,28.736716
3.985000,far_end_turn,13.000000,28.283432
3.986000,far_end_turn,13.000000,27.830152
3.987000,far_end_turn,13.000000,27.376876
3.988000,far_end_turn,13.000000,26.923603
3.989000,far_end_turn,13.000000,26.470333
3.990000,far_end_turn,13.000000,26.017064
3.991000,far_end_turn,13.000000,25.620621
3.992000,far_end_turn,13.000000,25.974669
3.993000,far_end_turn,13.000000,26.328717
3.994000,far_end_turn,13.000000,26.682765
3.995000,far_end_turn,13.000000,27.036812
3.996000,far_end_turn,13.000000,27.390857
3.997000,far_end_turn,13.000000,27.744901
3.998000,far_end_turn,13.000000,28.098942
3.999000,far_end_turn,13.000000,28.154802
4.000000,far_end_turn,13.000000,27.926239
4.001000,far_end_turn,13.000000,27.697671
4.002000,far_end_turn,13.000000,27.469099
4.003000,far_end_turn,13.000000,27.240521
4.004000,far_end_turn,13.000000,27.011938
4.005000,far_end_turn,13.000000,26.783348
4.006000,far_end_turn,13.000000,26.554751
4.007000,far_end_turn,13.000000,25.143437
4.008000,far_end_turn,13.000000,23.674084
4.009000,far_end_turn,13.000000,22.204723
4.010000,far_end_turn,13.000000,20.735352
4.011000,far_end_turn,13.000000,19.265972
4.012000,far_end_turn,13.000000,17.796581
4.013000,far_end_turn,13.000000,16.327179
4.014000,far_end_turn,13.000000,15.163593
4.015000,far_end_turn,13.000000,14.469098
4.016000,far_end_turn,13.000000,13.774591
4.017000,far_end_turn,13.000000,13.080071
4.018000,far_end_turn,13.000000,12.385537
4.019000,far_end_turn,13.000000,11.690989
4.020000,far_end_turn,13.000000,10.996426
4.021000,far_end_turn,13.000000,10.301848
4.022000,far_end_turn,13.000000,9.012464
4.023000,far_end_turn,13.000000,7.606443
4.024000,far_end_turn,13.000000,6.200406
4.025000,far_end_turn,13.000000,4.794350
4.026000,far_end_turn,13.000000,3.388277
4.027000,far_end_turn,13.000000,1.982185
4.028000,far_end_turn,13.000000,0.576073
4.029000,far_end_turn,13.000000,-0.830058
4.030000,far_end_turn,13.000000,-2.236209
4.031000,far_end_turn,13.000000,-3.642382
4.032000,far_end_turn,13.000000,-5.048576
4.033000,far_end_turn,13.000000,-6.454792
4.034000,far_end_turn,13.000000,-7.861031
4.035000,far_end_turn,13.000000,-9.267293
4.036000,far_end_turn,13.000000,-10.673578
4.037000,far_end_turn,13.000000,-12.076739
4.038000,far_end_turn,13.000000,-13.478694
4.039000,far_end_turn,13.000000,-14.880674
4.040000,far_end_turn,13.000000,-16.282680
4.041000,far_end_turn,13.000000,-17.684713
4.042000,far_end_turn,13.000000,-19.086773
4.043000,far_end_turn,13.000000,-20.488860
4.044000,far_end_turn,13.000000,-21.717791
4.045000,far_end_turn,13.000000,-22.039792
4.046000,far_end_turn,13.000000,-22.361823
4.047000,far_end_turn,13.000000,-22.683884
4.048000,far_end_turn,13.000000,-23.005976
4.049000,far_end_turn,13.000000,-23.328098
4.050000,far_end_turn,13.000000,-23.650251
4.051000,far_end_turn,13.000000,-23.972437
4.052000,far_end_turn,13.000000,-24.556515
4.053000,far_end_turn,13.000000,-25.313926
4.054000,far_end_turn,13.000000,-26.071370
4.055000,far_end_turn,13.000000,-26.828848
4.056000,far_end_turn,13.000000,-27.586361
4.057000,far_end_turn,13.000000,-28.343910
4.058000,far_end_turn,13.000000,-29.101494
4.059000,X_return,12.999764,-29.859233
4.060000,X_return,12.994304,-30.619640
4.061000,X_return,12.988844,-31.380085
4.062000,X_return,12.983384,-32.140567
4.063000,X_return,12.977924,-32.901088
4.064000,X_return,12.972464,-33.661648
4.065000,X_return,12.967004,-34.422248
4.066000,X_return,12.961544,-35.182888
4.067000,X_return,12.956084,-35.724655
4.068000,X_return,12.950624,-36.033634
4.069000,X_return,12.945164,-36.342656
4.070000,X_return,12.939704,-36.651720
4.071000,X_return,12.934244,-36.960826
4.072000,X_return,12.928784,-37.269977
4.073000,X_return,12.923324,-37.579171
4.074000,X_return,12.917864,-37.888410
4.075000,X_return,12.912404,-38.111397
4.076000,X_return,12.906944,-38.327535
4.077000,X_return,12.901484,-38.543719
4.078000,X_return,12.896024,-38.759950
4.079000,X_return,12.890564,-38.976228
4.080000,X_return,12.885104,-39.192554
4.081000,X_return,12.879644,-39.408929
4.082000,X_return,12.874184,-39.999418
4.083000,X_return,12.868724,-41.233919
4.084000,X_return,12.863264,-42.468470
4.085000,X_return,12.857804,-43.703071
4.086000,X_return,12.852344,-44.937724
4.087000,X_return,12.846884,-46.172428
4.088000,X_return,12.841424,-47.407185
4.089000,X_return,12.835964,-48.641994
4.090000,X_return,12.830504,-49.504584
4.091000,X_return,12.825044,-50.279258
4.092000,X_return,12.819584,-51.053986
4.093000,X_return,12.814124,-51.828770
4.094000,X_return,12.808664,-52.603608
4.095000,X_return,12.803204,-53.378503
4.096000,X_return,12.797744,-54.153454
4.097000,X_return,12.792284,-54.798652
4.098000,X_return,12.786824,-55.055066
4.099000,X_return,12.781364,-55.311538
4.100000,X_return,12.775904,-55.568068
4.101000,X_return,12.770444,-55.824658
4.102000,X_return,12.764984,-56.081307
4.103000,X_return,12.759524,-56.338016
4.104000,X_return,12.754064,-56.594786
4.105000,X_return,12.748604,-56.938257
4.106000,X_return,12.743144,-57.320405
4.107000,X_return,12.737684,-57.702616
4.108000,X_return,12.732224,-58.084889
4.109000,X_return,12.726764,-58.467226
4.110000,X_return,12.721304,-58.849627
4.111000,X_return,12.715844,-59.232092
4.112000,X_return,12.710384,-59.749639
4.113000,X_return,12.704924,-61.146441
4.114000,X_return,12.699464,-62.543309
4.115000,X_return,12.694004,-63.940244
4.116000,X_return,12.688544,-65.337246
4.117000,X_return,12.683084,-66.734315
4.118000,X_return,12.677624,-68.131453
4.119000,X_return,12.672164,-69.528659
4.120000,X_return,12.666704,-70.634320
4.121000,X_return,12.661244,-71.524111
4.122000,X_return,12.655784,-72.413972
4.123000,X_return,12.650324,-73.303903
4.124000,X_return,12.644864,-74.193906
4.125000,X_return,12.639404,-75.083981
4.126000,X_return,12.633944,-75.974128
4.127000,X_return,12.628542,-76.855124
4.128000,X_return,12.626722,-77.167837
4.129000,X_return,12.624902,-77.480623
4.130000,X_return,12.623082,-77.793483
4.131000,X_return,12.621262,-78.106418
4.132000,X_return,12.619442,-78.419429
4.133000,X_return,12.617622,-78.732515
4.134000,X_return,12.615802,-79.045678
4.135000,X_return,12.613982,-79.358918
4.136000,X_return,12.612162,-79.672235
4.137000,X_return,12.610342,-79.985630
4.138000,X_return,12.608522,-80.299103
4.139000,X_return,12.606702,-80.612656
4.140000,X_return,12.604882,-80.926287
4.141000,X_return,12.603062,-81.239999
4.142000,X_return,12.601242,-81.553791
4.143000,X_return,12.599422,-81.867665
4.144000,X_return,12.597602,-82.181619
4.145000,X_return,12.595782,-82.495656
4.146000,X_return,12.593962,-82.809775
4.147000,X_return,12.592142,-83.123977
4.148000,X_return,12.590322,-83.438263
4.149000,X_return,12.588502,-83.752632
4.150000,X_return,12.585444,-83.843311
4.151000,X_return,12.579984,-83.500135
4.152000,X_return,12.574524,-83.157044
4.153000,X_return,12.569064,-82.814039
4.154000,X_return,12.563604,-82.471121
4.155000,X_return,12.558144,-82.128290
4.156000,X_return,12.552684,-81.785546
4.157000,X_return,12.547224,-81.442891
4.158000,X_return,12.541764,-80.894500
4.159000,X_return,12.536304,-80.288705
4.160000,X_return,12.530844,-79.682998
4.161000,X_return,12.525384,-79.077382
4.162000,X_return,12.519924,-78.471856
4.163000,X_return,12.514464,-77.866421
4.164000,X_return,12.509004,-77.261077
4.165000,X_return,12.503544,-76.670850
4.166000,X_return,12.498084,-76.133041
4.167000,X_return,12.492624,-75.595326
4.168000,X_return,12.487164,-75.057703
4.169000,X_return,12.481704,-74.520175
4.170000,X_return,12.476244,-73.982741
4.171000,X_return,12.470784,-73.445402
4.172000,X_return,12.465324,-72.908158
4.173000,X_return,12.459864,-73.210479
4.174000,X_return,12.454404,-73.936746
4.175000,X_return,12.448944,-74.663110
4.176000,X_return,12.443484,-75.389571
4.177000,X_return,12.438024,-76.116130
4.178000,X_return,12.432564,-76.842787
4.179000,X_return,12.427104,-77.569542
4.180000,X_return,12.421644,-78.295989
4.181000,X_return,12.416184,-79.019096
4.182000,X_return,12.410724,-79.742304
4.183000,X_return,12.405264,-80.465611
4.184000,X_return,12.399804,-81.189020
4.185000,X_return,12.394344,-81.912530
4.186000,X_return,12.388884,-82.636143
4.187000,X_return,12.383424,-83.359857
4.188000,X_return,12.377964,-83.958672
4.189000,X_return,12.372504,-84.454209
4.190000,X_return,12.367044,-84.949850
4.191000,X_return,12.361584,-85.445595
4.192000,X_return,12.356124,-85.941445
4.193000,X_return,12.350664,-86.437401
4.194000,X_return,12.345204,-86.933462
4.195000,X_return,12.339744,-87.429629
4.196000,X_return,12.334284,-87.305255
4.197000,X_return,12.328824,-87.173932
4.198000,X_return,12.323364,-87.042717
4.199000,X_return,12.317904,-86.911609
4.200000,X_return,12.312444,-86.780610
4.201000,X_return,12.306984,-86.649720
4.202000,X_return,12.301524,-86.518940
4.203000,X_return,12.296064,-86.845627
4.204000,X_return,12.290604,-87.778246
4.205000,X_return,12.285144,-88.710975
4.206000,X_return,12.279684,-89.643815
4.207000,X_return,12.274224,-90.576768
4.208000,X_return,12.268764,-91.509832
4.209000,X_return,12.263304,-92.443009
4.210000,X_return,12.257844,-93.376298
4.211000,X_return,12.252384,-93.683979
4.212000,X_return,12.246924,-93.899597
4.213000,X_return,12.241464,-94.115329
4.214000,X_return,12.236004,-94.331175
4.215000,X_return,12.230544,-94.547137
4.216000,X_return,12.225084,-94.763215
4.217000,X_return,12.219624,-94.979409
4.218000,X_return,12.214164,-95.071505
4.219000,X_return,12.208704,-94.891112
4.220000,X_return,12.203244,-94.710836
4.221000,X_return,12.197784,-94.530677
4.222000,X_return,12.192324,-94.350638
4.223000,X_return,12.186864,-94.170717
4.224000,X_return,12.181404,-93.990915
4.225000,X_return,12.175944,-93.811233
4.226000,X_return,12.170484,-93.310617
4.227000,X_return,12.165024,-92.705625
4.228000,X_return,12.159564,-92.100754
4.229000,X_return,12.154104,-91.496005
4.230000,X_return,12.148644,-90.891377
4.231000,X_return,12.143184,-90.286872
4.232000,X_return,12.137724,-89.682489
4.233000,X_return,12.132264,-89.409286
4.234000,X_return,12.126804,-90.495382
4.235000,X_return,12.121344,-91.581602
4.236000,X_return,12.115884,-92.667945
4.237000,X_return,12.110424,-93.754414
4.238000,X_return,12.104964,-94.841008
4.239000,X_return,12.099504,-95.927728
4.240000,X_return,12.094044,-97.014573
4.241000,X_return,12.088584,-97.839852
4.242000,X_return,12.083124,-98.516314
4.243000,X_return,12.077664,-99.192903
4.244000,X_return,12.072204,-99.869621
4.245000,X_return,12.066744,-100.546466
4.246000,X_return,12.061284,-101.223439
4.247000,X_return,12.055824,-101.900542
4.248000,X_return,12.050364,-102.498618
4.249000,X_return,12.044904,-102.170278
4.250000,X_return,12.039444,-101.842067
4.251000,X_return,12.033984,-101.513988
4.252000,X_return,12.028524,-101.186039
4.253000,X_return,12.023064,-100.858222
4.254000,X_return,12.017604,-100.530536
4.255000,X_return,12.012144,-100.202983
4.256000,X_return,12.006684,-100.404225
4.257000,X_return,12.001224,-101.093345
4.258000,X_return,11.995764,-101.782599
4.259000,X_return,11.990304,-102.471987
4.260000,X_return,11.984844,-103.161508
4.261000,X_return,11.979384,-103.851164
4.262000,X_return,11.973924,-104.540956
4.263000,X_return,11.968464,-105.230882
4.264000,X_return,11.963004,-106.170181
4.265000,X_return,11.957544,-107.119583
4.266000,X_return,11.952084,-108.069121
4.267000,X_return,11.946624,-109.018796
4.268000,X_return,11.941164,-109.968609
4.269000,X_return,11.935704,-110.918559
4.270000,X_return,11.930244,-111.868647
4.271000,X_return,11.924784,-112.140759
4.272000,X_return,11.919324,-111.408334
4.273000,X_return,11.913864,-110.676049
4.274000,X_return,11.908404,-109.943904
4.275000,X_return,11.902944,-109.211898
4.276000,X_return,11.897484,-108.480033
4.277000,X_return,11.892024,-107.748308
4.278000,X_return,11.886564,-107.016725
4.279000,X_return,11.881104,-105.759290
4.280000,X_return,11.875644,-104.405064
4.281000,X_return,11.870184,-103.050981
4.282000,X_return,11.864724,-101.697040
4.283000,X_return,11.859264,-100.343243
4.284000,X_return,11.853804,-98.989588
4.285000,X_return,11.848344,-97.636077
4.286000,X_return,11.842884,-96.505056
4.287000,X_return,11.837424,-95.929776
4.288000,X_return,11.831964,-95.354640
4.289000,X_return,11.826504,-94.779649
4.290000,X_return,11.821044,-94.204803
4.291000,X_return,11.815584,-93.630103
4.292000,X_return,11.810124,-93.055550
4.293000,X_return,11.804664,-92.481143
4.294000,X_return,11.799204,-92.178141
4.295000,X_return,11.793744,-91.977027
4.296000,X_return,11.788284,-91.776061
4.297000,X_return,11.782824,-91.575243
4.298000,X_return,11.777364,-91.374574
4.299000,X_return,11.771904,-91.174053
4.300000,X_return,11.766444,-90.973680
4.301000,X_return,11.760984,-90.677842
4.302000,X_return,11.755524,-89.910842
4.303000,X_return,11.750064,-89.143991
4.304000,X_return,11.744604,-88.377291
4.305000,X_return,11.739144,-87.610741
4.306000,X_return,11.733684,-86.844342
4.307000,X_return,11.728224,-86.078095
4.308000,X_return,11.722764,-85.311999
4.309000,X_return,11.717304,-84.534618
4.310000,X_return,11.711844,-83.750079
4.311000,X_return,11.706384,-82.965692
4.312000,X_return,11.700924,-82.181458
4.313000,X_return,11.695464,-81.397378
4.314000,X_return,11.690004,-80.613451
4.315000,X_return,11.684544,-79.829678
4.316000,X_return,11.679084,-79.114604
4.317000,X_return,11.673624,-79.662157
4.318000,X_return,11.668164,-80.209865
4.319000,X_return,11.662704,-80.757728
4.320000,X_return,11.657244,-81.305747
4.321000,X_return,11.651784,-81.853922
4.322000,X_return,11.646324,-82.402253
4.323000,X_return,11.640864,-82.950741
4.324000,X_return,11.635404,-83.395871
4.325000,X_return,11.629944,-83.734671
4.326000,X_return,11.624484,-84.073628
4.327000,X_return,11.619024,-84.412742
4.328000,X_return,11.613564,-84.752015
4.329000,X_return,11.608104,-85.091446
4.330000,X_return,11.602644,-85.431036
4.331000,X_return,11.597184,-85.770785
4.332000,X_return,11.591724,-84.896704
4.333000,X_return,11.586264,-83.937470
4.334000,X_return,11.580804,-82.978396
4.335000,X_return,11.575344,-82.019482
4.336000,X_return,11.569884,-81.060728
4.337000,X_return,11.564424,-80.102136
4.338000,X_return,11.558964,-79.143704
4.339000,X_return,11.554530,-78.352528
4.340000,X_return,11.551800,-77.839101
4.341000,X_return,11.549070,-77.325836
4.342000,X_return,11.546340,-76.812734
4.343000,X_return,11.543610,-76.299793
4.344000,X_return,11.540880,-75.787016
4.345000,X_return,11.538150,-75.274402
4.346000,X_return,11.535420,-74.761951
4.347000,X_return,11.532690,-74.249663
4.348000,X_return,11.529960,-73.737540
4.349000,X_return,11.527230,-73.225581
4.350000,X_return,11.524500,-72.713786
4.351000,X_return,11.521770,-72.202156
4.352000,X_return,11.519040,-71.690691
4.353000,X_return,11.516310,-71.179391
4.354000,X_return,11.512874,-70.543962
4.355000,X_return,11.507414,-69.552352
4.356000,X_return,11.501954,-68.560909
4.357000,X_return,11.496494,-67.569633
4.358000,X_return,11.491034,-66.578523
4.359000,X_return,11.485574,-65.587579
4.360000,X_return,11.480114,-64.596803
4.361000,X_return,11.474654,-63.606195
4.362000,X_return,11.469194,-61.997935
4.363000,X_return,11.463734,-60.125096
4.364000,X_return,11.458274,-58.252425
4.365000,X_return,11.452814,-56.379923
4.366000,X_return,11.447354,-54.507589
4.367000,X_return,11.441894,-52.635424
4.368000,X_return,11.436434,-50.763429
4.369000,X_return,11.430974,-49.122275
4.370000,X_return,11.425514,-48.881434
4.371000,X_return,11.420054,-48.640763
4.372000,X_return,11.414594,-48.400261
4.373000,X_return,11.409134,-48.159931
4.374000,X_return,11.403674,-47.919770
4.375000,X_return,11.398214,-47.679781
4.376000,X_return,11.392754,-47.439963
4.377000,X_return,11.387294,-47.963582
4.378000,X_return,11.381834,-49.033609
4.379000,X_return,11.376374,-50.103807
4.380000,X_return,11.370914,-51.174178
4.381000,X_return,11.365454,-52.244721
4.382000,X_return,11.359994,-53.315436
4.383000,X_return,11.354534,-54.386324
4.384000,X_return,11.349074,-55.444128
4.385000,X_return,11.343614,-55.969529
4.386000,X_return,11.338154,-56.495105
4.387000,X_return,11.332694,-57.020853
4.388000,X_return,11.327234,-57.546776
4.389000,X_return,11.321774,-58.072873
4.390000,X_return,11.316314,-58.599144
4.391000,X_return,11.310854,-59.125589
4.392000,X_return,11.305394,-59.287466
4.393000,X_return,11.299934,-59.031063
4.394000,X_return,11.294474,-58.774835
4.395000,X_return,11.289014,-58.518783
4.396000,X_return,11.283554,-58.262905
4.397000,X_return,11.278094,-58.007204
4.398000,X_return,11.272634,-57.751679
4.399000,X_return,11.267174,-57.496330
4.400000,X_return,11.261714,-58.225246
4.401000,X_return,11.256254,-59.055087
4.402000,X_return,11.250794,-59.885105
4.403000,X_return,11.245334,-60.715299
4.404000,X_return,11.239874,-61.545671
4.405000,X_return,11.234414,-62.376220
4.406000,X_return,11.228954,-63.206947
4.407000,X_return,11.223494,-63.824799
4.408000,X_return,11.218034,-64.044632
4.409000,X_return,11.212574,-64.264643
4.410000,X_return,11.207114,-64.484833
4.411000,X_return,11.201654,-64.705201
4.412000,X_return,11.196194,-64.925748
4.413000,X_return,11.190734,-65.146474
4.414000,X_return,11.185274,-65.367379
4.415000,X_return,11.179814,-63.688942
4.416000,X_return,11.174354,-61.505668
4.417000,X_return,11.168894,-59.322574
4.418000,X_return,11.163434,-57.139660
4.419000,X_return,11.157974,-54.956925
4.420000,X_return,11.152514,-52.774371
4.421000,X_return,11.147054,-50.591997
4.422000,X_return,11.141594,-48.622922
4.423000,X_return,11.136134,-47.361931
4.424000,X_return,11.130674,-46.101120
4.425000,X_return,11.125214,-44.840490
4.426000,X_return,11.119754,-43.580041
4.427000,X_return,11.114294,-42.319773
4.428000,X_return,11.108834,-41.059687
4.429000,X_return,11.103374,-39.799782
4.430000,X_return,11.097914,-39.736595
4.431000,X_return,11.092454,-40.255453
4.432000,X_return,11.086994,-40.774494
4.433000,X_return,11.081534,-41.293717
4.434000,X_return,11.076074,-41.813122
4.435000,X_return,11.070614,-42.332709
4.436000,X_return,11.065154,-42.852480
4.437000,X_return,11.059694,-43.325296
4.438000,X_return,11.054234,-43.432813
4.439000,X_return,11.048774,-43.540513
4.440000,X_return,11.043314,-43.648397
4.441000,X_return,11.037854,-43.756463
4.442000,X_return,11.032394,-43.864713
4.443000,X_return,11.026934,-43.973147
4.444000,X_return,11.021474,-44.081764
4.445000,X_return,11.018036,-44.329539
4.446000,X_return,11.016216,-44.688631
4.447000,X_return,11.014396,-45.047907
4.448000,X_return,11.012576,-45.407367
4.449000,X_return,11.010756,-45.767012
4.450000,X_return,11.008936,-46.126841
4.451000,X_return,11.007116,-46.486855
4.452000,X_return,11.005296,-46.847053
4.453000,X_return,11.003476,-47.207436
4.454000,X_return,11.001656,-47.568005
4.455000,X_return,10.999836,-47.928758
4.456000,X_return,10.998016,-48.289697
4.457000,X_return,10.996196,-48.650820
4.458000,X_return,10.994376,-49.012130
4.459000,X_return,10.992556,-49.373624
4.460000,X_return,10.990736,-49.735305
4.461000,X_return,10.988916,-50.097171
4.462000,X_return,10.987096,-50.459223
4.463000,X_return,10.985276,-50.821461
4.464000,X_return,10.983456,-51.183885
4.465000,X_return,10.981636,-51.546495
4.466000,X_return,10.979816,-51.909291
4.467000,X_return,10.977996,-52.272273
4.468000,X_return,10.972973,-51.518532
4.469000,X_return,10.967513,-50.612559
4.470000,X_return,10.962053,-49.706772
4.471000,X_return,10.956593,-48.801172
4.472000,X_return,10.951133,-47.895759
4.473000,X_return,10.945673,-46.990532
4.474000,X_return,10.940213,-46.085493
4.475000,X_return,10.934753,-45.388373
4.476000,X_return,10.929293,-45.130160
4.477000,X_return,10.923833,-44.872134
4.478000,X_return,10.918373,-44.614295
4.479000,X_return,10.912913,-44.356643
4.480000,X_return,10.907453,-44.099179
4.481000,X_return,10.901993,-43.841903
4.482000,X_return,10.896533,-43.584814
4.483000,X_return,10.891073,-44.029330
4.484000,X_return,10.885613,-44.692191
4.485000,X_return,10.880153,-45.355239
4.486000,X_return,10.874693,-46.018475
4.487000,X_return,10.869233,-46.681899
4.488000,X_return,10.863773,-47.345511
4.489000,X_return,10.858313,-48.009310
4.490000,X_return,10.852853,-48.524062
4.491000,X_return,10.847393,-48.457349
4.492000,X_return,10.841933,-48.390824
4.493000,X_return,10.836473,-48.324487
4.494000,X_return,10.831013,-48.258339
4.495000,X_return,10.825553,-48.192379
4.496000,X_return,10.820093,-48.126608
4.497000,X_return,10.814633,-48.061024
4.498000,X_return,10.809173,-47.215858
4.499000,X_return,10.803713,-45.942838
4.500000,X_return,10.798253,-44.670007
4.501000,X_return,10.792793,-43.397365
4.502000,X_return,10.787333,-42.124911
4.503000,X_return,10.781873,-40.852645
4.504000,X_return,10.776413,-39.580569
4.505000,X_return,10.770953,-38.405693
4.506000,X_return,10.765493,-38.248715
4.507000,X_return,10.760033,-38.091926
4.508000,X_return,10.754573,-37.935327
4.509000,X_return,10.749113,-37.778915
4.510000,X_return,10.743653,-37.622693
4.511000,X_return,10.738193,-37.466660
4.512000,X_return,10.732733,-37.310815
4.513000,X_return,10.727273,-36.963843
4.514000,X_return,10.721813,-36.446342
4.515000,X_return,10.716353,-35.929030
4.516000,X_return,10.710893,-35.411907
4.517000,X_return,10.705433,-34.894973
4.518000,X_return,10.699973,-34.378227
4.519000,X_return,10.694513,-33.861671
4.520000,X_return,10.689053,-33.345304
4.521000,X_return,10.683593,-31.050596
4.522000,X_return,10.678133,-28.700825
4.523000,X_return,10.672673,-26.351242
4.524000,X_return,10.667213,-24.001755
4.525000,X_return,10.661753,-21.652267
4.526000,X_return,10.656293,-19.302779
4.527000,X_return,10.650833,-16.953292
4.528000,X_return,10.645373,-14.865837
4.529000,X_return,10.639913,-13.153449
4.530000,X_return,10.634453,-11.441060
4.531000,X_return,10.628993,-9.728672
4.532000,X_return,10.623533,-8.016283
4.533000,X_return,10.618073,-6.303895
4.534000,X_return,10.612613,-4.591506
4.535000,X_return,10.607153,-2.879117
4.536000,X_return,10.601693,-2.585867
4.537000,X_return,10.596233,-2.537743
4.538000,X_return,10.590773,-2.489618
4.539000,X_return,10.585313,-2.441494
4.540000,X_return,10.579853,-2.393369
4.541000,X_return,10.574393,-2.345244
4.542000,X_return,10.568933,-2.297120
4.543000,X_return,10.563473,-2.058646
4.544000,X_return,10.558013,-1.363368
4.545000,X_return,10.552553,-0.668091
4.546000,X_return,10.547093,0.027187
4.547000,X_return,10.541633,0.722465
4.548000,X_return,10.536173,1.417742
4.549000,X_return,10.530713,2.113020
4.550000,X_return,10.525253,2.808298
4.551000,X_return,10.521801,3.263574
4.552000,X_return,10.519071,3.632567
4.553000,X_return,10.516341,4.001559
4.554000,X_return,10.513611,4.370551
4.555000,X_return,10.510881,4.739543
4.556000,X_return,10.508151,5.108535
4.557000,X_return,10.505421,5.477527
4.558000,X_return,10.502691,5.846519
4.559000,X_return,10.499961,6.215511
4.560000,X_return,10.497231,6.584503
4.561000,X_return,10.494501,6.953495
4.562000,X_return,10.491771,7.322487
4.563000,X_return,10.489041,7.691479
4.564000,X_return,10.486311,8.060471
4.565000,X_return,10.483581,8.429463
4.566000,X_return,10.479163,7.540317
4.567000,X_return,10.473703,5.874794
4.568000,X_return,10.468243,4.209270
4.569000,X_return,10.462783,2.543747
4.570000,X_return,10.457323,0.878224
4.571000,X_return,10.451863,-0.787299
4.572000,X_return,10.446403,-2.452822
4.573000,X_return,10.440943,-4.000541
4.574000,X_return,10.435483,-3.696696
4.575000,X_return,10.430023,-3.392852
4.576000,X_return,10.424563,-3.089007
4.577000,X_return,10.419103,-2.785163
4.578000,X_return,10.413643,-2.481318
4.579000,X_return,10.408183,-2.177474
4.580000,X_return,10.402723,-1.873629
4.581000,X_return,10.397263,-1.775782
4.582000,X_return,10.391803,-1.882914
4.583000,X_return,10.386343,-1.990045
4.584000,X_return,10.380883,-2.097177
4.585000,X_return,10.375423,-2.204309
4.586000,X_return,10.369963,-2.311440
4.587000,X_return,10.364503,-2.418572
4.588000,X_return,10.359043,-2.525704
4.589000,X_return,10.353583,-3.638698
4.590000,X_return,10.348123,-4.812876
4.591000,X_return,10.342663,-5.987054
4.592000,X_return,10.337203,-7.161232
4.593000,X_return,10.331743,-8.335410
4.594000,X_return,10.326283,-9.509588
4.595000,X_return,10.320823,-10.683766
4.596000,X_return,10.315363,-11.519899
4.597000,X_return,10.309903,-11.813940
4.598000,X_return,10.304443,-12.107980
4.599000,X_return,10.298983,-12.402021
4.600000,X_return,10.293523,-12.696061
4.601000,X_return,10.288063,-12.990102
4.602000,X_return,10.282603,-13.284142
4.603000,X_return,10.277143,-13.578183
4.604000,X_return,10.271683,-12.589512
4.605000,X_return,10.266223,-11.329698
4.606000,X_return,10.260763,-10.069885
4.607000,X_return,10.255303,-8.810071
4.608000,X_return,10.249843,-7.550258
4.609000,X_return,10.244383,-6.290444
4.610000,X_return,10.238923,-5.030631
4.611000,X_return,10.233463,-4.352937
4.612000,X_return,10.228003,-5.273965
4.613000,X_return,10.222543,-6.194994
4.614000,X_return,10.217083,-7.116023
4.615000,X_return,10.211623,-8.037052
4.616000,X_return,10.206163,-8.958080
4.617000,X_return,10.200703,-9.879109
4.618000,X_return,10.195243,-10.800138
4.619000,X_return,10.189783,-11.809572
4.620000,X_return,10.184323,-12.855407
4.621000,X_return,10.178863,-13.901241
4.622000,X_return,10.173403,-14.947076
4.623000,X_return,10.167943,-15.992910
4.624000,X_return,10.162483,-17.038745
4.625000,X_return,10.157023,-18.084579
4.626000,X_return,10.151563,-18.938875
4.627000,X_return,10.146103,-18.705794
4.628000,X_return,10.140643,-18.472713
4.629000,X_return,10.135183,-18.239631
4.630000,X_return,10.129723,-18.006550
4.631000,X_return,10.124263,-17.773469
4.632000,X_return,10.118803,-17.540387
4.633000,X_return,10.113343,-17.307306
4.634000,X_return,10.107883,-17.497070
4.635000,X_return,10.102423,-17.979237
4.636000,X_return,10.096963,-18.461403
4.637000,X_return,10.091503,-18.943569
4.638000,X_return,10.086043,-19.425736
4.639000,X_return,10.080583,-19.907902
4.640000,X_return,10.075123,-20.390068
4.641000,X_return,10.069663,-20.897618
4.642000,X_return,10.064203,-22.158205
4.643000,X_return,10.058743,-23.418792
4.644000,X_return,10.053283,-24.679379
4.645000,X_return,10.047823,-25.939966
4.646000,X_return,10.042363,-27.200553
4.647000,X_return,10.036903,-28.461139
4.648000,X_return,10.031443,-29.721726
4.649000,X_return,10.025983,-30.603310
4.650000,X_return,10.020523,-31.064364
4.651000,X_return,10.015063,-31.525418
4.652000,X_return,10.009603,-31.986472
4.653000,X_return,10.004143,-32.447526
4.654000,X_return,9.998683,-32.908580
4.655000,X_return,9.993223,-33.369634
4.656000,X_return,9.987763,-33.830688
4.657000,X_return,9.985635,-33.812229
4.658000,X_return,9.983815,-33.749483
4.659000,X_return,9.981995,-33.686737
4.660000,X_return,9.980175,-33.623991
4.661000,X_return,9.978355,-33.561246
4.662000,X_return,9.976535,-33.498500
4.663000,X_return,9.974715,-33.435754
4.664000,X_return,9.972895,-33.373008
4.665000,X_return,9.971075,-33.310262
4.666000,X_return,9.969255,-33.247516
4.667000,X_return,9.967435,-33.184770
4.668000,X_return,9.965615,-33.122025
4.669000,X_return,9.963795,-33.059279
4.670000,X_return,9.961975,-32.996533
4.671000,X_return,9.960155,-32.933787
4.672000,X_return,9.958335,-32.871041
4.673000,X_return,9.956515,-32.808295
4.674000,X_return,9.954695,-32.745549
4.675000,X_return,9.952875,-32.682804
4.676000,X_return,9.951055,-32.620058
4.677000,X_return,9.949235,-32.557312
4.678000,X_return,9.947415,-32.494566
4.679000,X_return,9.944723,-32.269025
4.680000,X_return,9.939263,-31.527158
4.681000,X_return,9.933803,-30.785291
4.682000,X_return,9.928343,-30.043424
4.683000,X_return,9.922883,-29.301557
4.684000,X_return,9.917423,-28.559690
4.685000,X_return,9.911963,-27.817823
4.686000,X_return,9.906503,-27.075956
4.687000,X_return,9.901043,-27.116320
4.688000,X_return,9.895583,-27.522874
4.689000,X_return,9.890123,-27.929427
4.690000,X_return,9.884663,-28.335981
4.691000,X_return,9.879203,-28.742534
4.692000,X_return,9.873743,-29.149088
4.693000,X_return,9.868283,-29.555641
4.694000,X_return,9.862823,-29.994511
4.695000,X_return,9.857363,-30.664749
4.696000,X_return,9.851903,-31.334986
4.697000,X_return,9.846443,-32.005224
4.698000,X_return,9.840983,-32.675462
4.699000,X_return,9.835523,-33.345700
4.700000,X_return,9.830063,-34.015937
4.701000,X_return,9.824603,-34.686175
4.702000,X_return,9.819143,-34.947290
4.703000,X_return,9.813683,-34.892106
4.704000,X_return,9.808223,-34.836922
4.705000,X_return,9.802763,-34.781738
4.706000,X_return,9.797303,-34.726554
4.707000,X_return,9.791843,-34.671369
4.708000,X_return,9.786383,-34.616185
4.709000,X_return,9.780923,-34.560361
4.710000,X_return,9.775463,-34.386671
4.711000,X_return,9.770003,-34.212980
4.712000,X_return,9.764543,-34.039290
4.713000,X_return,9.759083,-33.865599
4.714000,X_return,9.753623,-33.691909
4.715000,X_return,9.748163,-33.518218
4.716000,X_return,9.742703,-33.344528
4.717000,X_return,9.737243,-33.286463
4.718000,X_return,9.731783,-33.371545
4.719000,X_return,9.726323,-33.456628
4.720000,X_return,9.720863,-33.541711
4.721000,X_return,9.715403,-33.626793
4.722000,X_return,9.709943,-33.711876
4.723000,X_return,9.704483,-33.796959
4.724000,X_return,9.699023,-33.882042
4.725000,X_return,9.693563,-33.354198
4.726000,X_return,9.688103,-32.749236
4.727000,X_return,9.682643,-32.144274
4.728000,X_return,9.677183,-31.539312
4.729000,X_return,9.671723,-30.934350
4.730000,X_return,9.666263,-30.329388
4.731000,X_return,9.660803,-29.724426
4.732000,X_return,9.655343,-29.383236
4.733000,X_return,9.649883,-29.578400
4.734000,X_return,9.644423,-29.773564
4.735000,X_return,9.638963,-29.968728
4.736000,X_return,9.633503,-30.163892
4.737000,X_return,9.628043,-30.359056
4.738000,X_return,9.622583,-30.554219
4.739000,X_return,9.617123,-30.749383
4.740000,X_return,9.611663,-30.647743
4.741000,X_return,9.606203,-30.457990
4.742000,X_return,9.600743,-30.268236
4.743000,X_return,9.595283,-30.078482
4.744000,X_return,9.589823,-29.888729
4.745000,X_return,9.584363,-29.698975
4.746000,X_return,9.578903,-29.509222
4.747000,X_return,9.573443,-29.132348
4.748000,X_return,9.567983,-28.062053
4.749000,X_return,9.562523,-26.991758
4.750000,X_return,9.557063,-25.921463
4.751000,X_return,9.551603,-24.851168
4.752000,X_return,9.546143,-23.780873
4.753000,X_return,9.540683,-22.710578
4.754000,X_return,9.535223,-21.640283
4.755000,X_return,9.529763,-20.984614
4.756000,X_return,9.524303,-20.548374
4.757000,X_return,9.518843,-20.112134
4.758000,X_return,9.513383,-19.675893
4.759000,X_return,9.507923,-19.239653
4.760000,X_return,9.502463,-18.803413
4.761000,X_return,9.497003,-18.367173
4.762000,X_return,9.491543,-17.953054
4.763000,X_return,9.486083,-17.748816
4.764000,X_return,9.480623,-17.544578
4.765000,X_return,9.475163,-17.340340
4.766000,X_return,9.469703,-17.136102
4.767000,X_return,9.464243,-16.931864
4.768000,X_return,9.458783,-16.727626
4.769000,X_return,9.453323,-16.523388
4.770000,X_return,9.447863,-16.401874
4.771000,X_return,9.442403,-16.351751
4.772000,X_return,9.436943,-16.301629
4.773000,X_return,9.431483,-16.251506
4.774000,X_return,9.426023,-16.201383
4.775000,X_return,9.420563,-16.151260
4.776000,X_return,9.415103,-16.101138
4.777000,X_return,9.409643,-16.051015
4.778000,X_return,9.404183,-15.630934
4.779000,X_return,9.398723,-15.202604
4.780000,X_return,9.393263,-14.774275
4.781000,X_return,9.387803,-14.345945
4.782000,X_return,9.382343,-13.917616
4.783000,X_return,9.376883,-13.489286
4.784000,X_return,9.371423,-13.060957
4.785000,X_return,9.365963,-12.971921
4.786000,X_return,9.360503,-13.352181
4.787000,X_return,9.355043,-13.732441
4.788000,X_return,9.349583,-14.112702
4.789000,X_return,9.344123,-14.492962
4.790000,X_return,9.338663,-14.873222
4.791000,X_return,9.333203,-15.253483
4.792000,X_return,9.327743,-15.633743
4.793000,X_return,9.322283,-15.784529
4.794000,X_return,9.316823,-15.898279
4.795000,X_return,9.311363,-16.012029
4.796000,X_return,9.305903,-16.125779
4.797000,X_return,9.300443,-16.239529
4.798000,X_return,9.294983,-16.353279
4.799000,X_return,9.289523,-16.467028
4.800000,X_return,9.284063,-16.449109
4.801000,X_return,9.278603,-16.127520
4.802000,X_return,9.273143,-15.805932
4.803000,X_return,9.267683,-15.484344
4.804000,X_return,9.262223,-15.162756
4.805000,X_return,9.256763,-14.841168
4.806000,X_return,9.251303,-14.519579
4.807000,X_return,9.245843,-14.197991
4.808000,X_return,9.240383,-13.525608
4.809000,X_return,9.234923,-12.732443
4.810000,X_return,9.229463,-11.939277
4.811000,X_return,9.224003,-11.146112
4.812000,X_return,9.218543,-10.352946
4.813000,X_return,9.213083,-9.559781
4.814000,X_return,9.207623,-8.766615
4.815000,X_return,9.202163,-7.972159
4.816000,X_return,9.196703,-7.172025
4.817000,X_return,9.191243,-6.371891
4.818000,X_return,9.185783,-5.571758
4.819000,X_return,9.180323,-4.771624
4.820000,X_return,9.174863,-3.971490
4.821000,X_return,9.169403,-3.171356
4.822000,X_return,9.163943,-2.371223
4.823000,X_return,9.158483,-1.078218
4.824000,X_return,9.153023,0.508349
4.825000,X_return,9.147563,2.094916
4.826000,X_return,9.142103,3.681483
4.827000,X_return,9.136643,5.268049
4.828000,X_return,9.131183,6.854616
4.829000,X_return,9.125723,8.441183
4.830000,X_return,9.120263,9.938227
4.831000,X_return,9.114803,10.210957
4.832000,X_return,9.109343,10.483687
4.833000,X_return,9.103883,10.756417
4.834000,X_return,9.098423,11.029148
4.835000,X_return,9.092963,11.301878
4.836000,X_return,9.087503,11.574608
4.837000,X_return,9.082043,11.847338
4.838000,X_return,9.076583,12.158803
4.839000,X_return,9.071123,12.507550
4.840000,X_return,9.065663,12.856296
4.841000,X_return,9.060203,13.205042
4.842000,X_return,9.054743,13.553788
4.843000,X_return,9.049283,13.902535
4.844000,X_return,9.043823,14.251281
4.845000,X_return,9.038363,14.600027
4.846000,X_return,9.032903,14.551376
4.847000,X_return,9.027443,14.482240
4.848000,X_return,9.021983,14.413105
4.849000,X_return,9.016523,14.343969
4.850000,X_return,9.011063,14.274833
4.851000,X_return,9.005603,14.205698
4.852000,X_return,9.000143,14.136562
4.853000,X_return,8.994683,13.748513
4.854000,X_return,8.989223,12.866658
4.855000,X_return,8.983763,11.984802
4.856000,X_return,8.978303,11.102947
4.857000,X_return,8.972843,10.221091
4.858000,X_return,8.967383,9.339236
4.859000,X_return,8.961923,8.457380
4.860000,X_return,8.956463,7.575525
4.861000,X_return,8.951003,6.397321
4.862000,X_return,8.945543,5.160056
4.863000,X_return,8.940083,3.922791
4.864000,X_return,8.934623,2.685526
4.865000,X_return,8.929163,1.448260
4.866000,X_return,8.923703,0.210995
4.867000,X_return,8.918243,-1.026270
4.868000,X_return,8.913534,-1.958498
4.869000,X_return,8.910804,-2.087524
4.870000,X_return,8.908074,-2.216550
4.871000,X_return,8.905344,-2.345576
4.872000,X_return,8.902614,-2.474602
4.873000,X_return,8.899884,-2.603628
4.874000,X_return,8.897154,-2.732653
4.875000,X_return,8.894424,-2.861679
4.876000,X_return,8.891694,-2.990705
4.877000,X_return,8.888964,-3.119731
4.878000,X_return,8.886234,-3.248757
4.879000,X_return,8.883504,-3.377783
4.880000,X_return,8.880774,-3.506809
4.881000,X_return,8.878044,-3.635835
4.882000,X_return,8.875314,-3.764861
4.883000,X_return,8.872153,-3.944025
4.884000,X_return,8.866693,-4.390202
4.885000,X_return,8.861233,-4.836379
4.886000,X_return,8.855773,-5.282557
4.887000,X_return,8.850313,-5.728734
4.888000,X_return,8.844853,-6.174912
4.889000,X_return,8.839393,-6.621089
4.890000,X_return,8.833933,-7.067266
4.891000,X_return,8.828473,-7.178194
4.892000,X_return,8.823013,-7.065162
4.893000,X_return,8.817553,-6.952131
4.894000,X_return,8.812093,-6.839099
4.895000,X_return,8.806633,-6.726068
4.896000,X_return,8.801173,-6.613037
4.897000,X_return,8.795713,-6.500005
4.898000,X_return,8.790253,-6.398765
4.899000,X_return,8.784793,-6.573818
4.900000,X_return,8.779333,-6.748871
4.901000,X_return,8.773873,-6.923924
4.902000,X_return,8.768413,-7.098977
4.903000,X_return,8.762953,-7.274031
4.904000,X_return,8.757493,-7.449084
4.905000,X_return,8.752033,-7.624137
4.906000,X_return,8.746573,-7.986655
4.907000,X_return,8.741113,-8.550356
4.908000,X_return,8.735653,-9.114058
4.909000,X_return,8.730193,-9.677760
4.910000,X_return,8.724733,-10.241462
4.911000,X_return,8.719273,-10.805163
4.912000,X_return,8.713813,-11.368865
4.913000,X_return,8.708353,-11.932567
4.914000,X_return,8.702893,-12.139154
4.915000,X_return,8.697433,-12.316272
4.916000,X_return,8.691973,-12.493390
4.917000,X_return,8.686513,-12.670508
4.918000,X_return,8.681053,-12.847626
4.919000,X_return,8.675593,-13.024744
4.920000,X_return,8.670133,-13.201862
4.921000,X_return,8.664673,-13.386409
4.922000,X_return,8.659213,-13.583872
4.923000,X_return,8.653753,-13.781334
4.924000,X_return,8.648293,-13.978797
4.925000,X_return,8.642833,-14.176259
4.926000,X_return,8.637373,-14.373721
4.927000,X_return,8.631913,-14.571184
4.928000,X_return,8.626453,-14.768646
4.929000,X_return,8.620993,-15.218474
4.930000,X_return,8.615533,-15.728805
4.931000,X_return,8.610073,-16.239137
4.932000,X_return,8.604613,-16.749469
4.933000,X_return,8.599153,-17.259801
4.934000,X_return,8.593693,-17.770133
4.935000,X_return,8.588233,-18.280465
4.936000,X_return,8.582773,-18.707520
4.937000,X_return,8.577313,-18.882106
4.938000,X_return,8.571853,-19.056693
4.939000,X_return,8.566393,-19.231279
4.940000,X_return,8.560933,-19.405865
4.941000,X_return,8.555473,-19.580451
4.942000,X_return,8.550013,-19.755038
4.943000,X_return,8.544553,-19.929624
4.944000,X_return,8.539093,-19.537223
4.945000,X_return,8.533633,-18.889440
4.946000,X_return,8.528173,-18.241658
4.947000,X_return,8.522713,-17.593875
4.948000,X_return,8.517253,-16.946093
4.949000,X_return,8.511793,-16.298310
4.950000,X_return,8.506333,-15.650527
4.951000,X_return,8.500873,-15.147589
4.952000,X_return,8.495413,-15.606523
4.953000,X_return,8.489953,-16.065456
4.954000,X_return,8.484493,-16.524390
4.955000,X_return,8.479033,-16.983324
4.956000,X_return,8.473573,-17.442257
4.957000,X_return,8.468113,-17.901191
4.958000,X_return,8.462653,-18.360125
4.959000,X_return,8.457193,-19.072647
4.960000,X_return,8.451733,-19.974687
4.961000,X_return,8.446273,-20.876727
4.962000,X_return,8.440813,-21.778767
4.963000,X_return,8.435353,-22.680806
4.964000,X_return,8.429893,-23.582846
4.965000,X_return,8.424433,-24.484886
4.966000,X_return,8.418973,-25.367163
4.967000,X_return,8.413513,-24.828781
4.968000,X_return,8.408053,-24.290400
4.969000,X_return,8.402593,-23.752018
4.970000,X_return,8.397133,-23.213637
4.971000,X_return,8.391673,-22.675255
4.972000,X_return,8.386213,-22.136873
4.973000,X_return,8.380753,-21.598492
4.974000,X_return,8.376949,-21.277391
4.975000,X_return,8.375129,-21.216403
4.976000,X_return,8.373309,-21.155414
4.977000,X_return,8.371489,-21.094425
4.978000,X_return,8.369669,-21.033436
4.979000,X_return,8.367849,-20.972448
4.980000,X_return,8.366029,-20.911459
4.981000,X_return,8.364209,-20.850470
4.982000,X_return,8.362389,-20.789481
4.983000,X_return,8.360569,-20.728493
4.984000,X_return,8.358749,-20.667504
4.985000,X_return,8.356929,-20.606515
4.986000,X_return,8.355109,-20.545526
4.987000,X_return,8.353289,-20.484537
4.988000,X_return,8.351469,-20.423549
4.989000,X_return,8.349649,-20.362560
4.990000,X_return,8.347829,-20.301571
4.991000,X_return,8.346009,-20.240582
4.992000,X_return,8.344189,-20.179594
4.993000,X_return,8.342369,-20.118605
4.994000,X_return,8.340549,-20.057616
4.995000,X_return,8.338729,-19.996627
4.996000,X_return,8.336909,-19.935639
4.997000,X_return,8.332252,-19.403590
4.998000,X_return,8.326792,-18.738218
4.999000,X_return,8.321332,-18.072845
5.000000,X_return,8.315872,-17.407473
5.001000,X_return,8.310412,-16.742100
5.002000,X_return,8.304952,-16.076728
5.003000,X_return,8.299492,-15.411355
5.004000,X_return,8.294032,-14.955613
5.005000,X_return,8.288572,-15.239544
5.006000,X_return,8.283112,-15.523475
5.007000,X_return,8.277652,-15.807405
5.008000,X_return,8.272192,-16.091336
5.009000,X_return,8.266732,-16.375266
5.010000,X_return,8.261272,-16.659197
5.011000,X_return,8.255812,-16.943128
5.012000,X_return,8.250352,-16.944594
5.013000,X_return,8.244892,-16.802000
5.014000,X_return,8.239432,-16.659406
5.015000,X_return,8.233972,-16.516811
5.016000,X_return,8.228512,-16.374217
5.017000,X_return,8.223052,-16.231623
5.018000,X_return,8.217592,-16.089029
5.019000,X_return,8.212132,-15.849707
5.020000,X_return,8.206672,-14.774061
5.021000,X_return,8.201212,-13.698415
5.022000,X_return,8.195752,-12.622769
5.023000,X_return,8.190292,-11.547123
5.024000,X_return,8.184832,-10.471477
5.025000,X_return,8.179372,-9.395831
5.026000,X_return,8.173912,-8.320185
5.027000,X_return,8.168452,-7.305855
5.028000,X_return,8.162992,-6.342697
5.029000,X_return,8.157532,-5.379540
5.030000,X_return,8.152072,-4.416382
5.031000,X_return,8.146612,-3.453225
5.032000,X_return,8.141152,-2.490067
5.033000,X_return,8.135692,-1.526909
5.034000,X_return,8.130232,-0.563752
5.035000,X_return,8.124772,-1.021823
5.036000,X_return,8.119312,-1.499328
5.037000,X_return,8.113852,-1.976833
5.038000,X_return,8.108392,-2.454338
5.039000,X_return,8.102932,-2.931843
5.040000,X_return,8.097472,-3.409347
5.041000,X_return,8.092012,-3.886852
5.042000,X_return,8.086552,-3.825075
5.043000,X_return,8.081092,-3.042373
5.044000,X_return,8.075632,-2.259672
5.045000,X_return,8.070172,-1.476971
5.046000,X_return,8.064712,-0.694269
5.047000,X_return,8.059252,0.088432
5.048000,X_return,8.053792,0.871134
5.049000,X_return,8.048332,1.653835
5.050000,X_return,8.042872,2.489997
5.051000,X_return,8.037412,3.334193
5.052000,X_return,8.031952,4.178389
5.053000,X_return,8.026492,5.022585
5.054000,X_return,8.021032,5.866781
5.055000,X_return,8.015572,6.710978
5.056000,X_return,8.010112,7.555174
5.057000,X_return,8.004652,8.429557
5.058000,X_return,7.999192,9.370887
5.059000,X_return,7.993732,10.312217
5.060000,X_return,7.988272,11.253548
5.061000,X_return,7.982812,12.194878
5.062000,X_return,7.977352,13.136208
5.063000,X_return,7.971892,14.077539
5.064000,X_return,7.966432,15.018869
5.065000,X_return,7.960972,15.959719
5.066000,X_return,7.955512,16.900411
5.067000,X_return,7.950052,17.841102
5.068000,X_return,7.944592,18.781794
5.069000,X_return,7.939132,19.722486
5.070000,X_return,7.933672,20.663177
5.071000,X_return,7.928212,21.603869
5.072000,X_return,7.922752,22.616885
5.073000,X_return,7.917292,23.931121
5.074000,X_return,7.911832,25.245356
5.075000,X_return,7.906372,26.559592
5.076000,X_return,7.900912,27.873828
5.077000,X_return,7.895452,29.188063
5.078000,X_return,7.889992,30.502299
5.079000,X_return,7.884532,31.816534
5.080000,X_return,7.879072,32.340089
5.081000,X_return,7.873612,32.409232
5.082000,X_return,7.868152,32.478375
5.083000,X_return,7.862692,32.547518
5.084000,X_return,7.857232,32.616661
5.085000,X_return,7.851772,32.685804
5.086000,X_return,7.846312,32.754947
5.087000,X_return,7.840852,32.767181
5.088000,X_return,7.835392,32.092014
5.089000,X_return,7.829932,31.416846
5.090000,X_return,7.824472,30.741679
5.091000,X_return,7.819012,30.066512
5.092000,X_return,7.813552,29.391344
5.093000,X_return,7.808092,28.716177
5.094000,X_return,7.802632,28.041010
5.095000,X_return,7.797172,27.394771
5.096000,X_return,7.791712,26.775463
5.097000,X_return,7.786252,26.156155
5.098000,X_return,7.780792,25.536847
5.099000,X_return,7.775332,24.917538
5.100000,X_return,7.769872,24.298230
5.101000,X_return,7.764412,23.678922
5.102000,X_return,7.758952,23.059614
5.103000,X_return,7.753492,22.612504
5.104000,X_return,7.748032,22.172700
5.105000,X_return,7.742572,21.732896
5.106000,X_return,7.737112,21.293091
5.107000,X_return,7.731652,20.853287
5.108000,X_return,7.726192,20.413483
5.109000,X_return,7.720732,19.973679
5.110000,X_return,7.715272,19.728477
5.111000,X_return,7.709812,19.774303
5.112000,X_return,7.704352,19.820130
5.113000,X_return,7.698892,19.865956
5.114000,X_return,7.693432,19.911782
5.115000,X_return,7.687972,19.957608
5.116000,X_return,7.682512,20.003434
5.117000,X_return,7.677052,20.049260
5.118000,X_return,7.671592,19.916622
5.119000,X_return,7.666132,19.750531
5.120000,X_return,7.660672,19.584440
5.121000,X_return,7.655212,19.418348
5.122000,X_return,7.649752,19.252257
5.123000,X_return,7.644292,19.086166
5.124000,X_return,7.638832,18.920075
5.125000,X_return,7.633372,18.925499
5.126000,X_return,7.627912,19.364260
5.127000,X_return,7.622452,19.803021
5.128000,X_return,7.616992,20.241783
5.129000,X_return,7.611532,20.680544
5.130000,X_return,7.606072,21.119305
5.131000,X_return,7.600612,21.558066
5.132000,X_return,7.595152,21.996828
5.133000,X_return,7.589692,22.261948
5.134000,X_return,7.584232,22.461200
5.135000,X_return,7.578772,22.660452
5.136000,X_return,7.573312,22.859704
5.137000,X_return,7.567852,23.058956
5.138000,X_return,7.562392,23.258208
5.139000,X_return,7.556932,23.457460
5.140000,X_return,7.551472,23.527021
5.141000,X_return,7.546012,22.946917
5.142000,X_return,7.540552,22.366813
5.143000,X_return,7.535092,21.786710
5.144000,X_return,7.529632,21.206606
5.145000,X_return,7.524172,20.626502
5.146000,X_return,7.518712,20.046398
5.147000,X_return,7.513252,19.466294
5.148000,X_return,7.507792,19.088998
5.149000,X_return,7.502332,18.842553
5.150000,X_return,7.496872,18.596109
5.151000,X_return,7.491412,18.349664
5.152000,X_return,7.485952,18.103220
5.153000,X_return,7.480492,17.856775
5.154000,X_return,7.475032,17.610331
5.155000,X_return,7.469572,17.319674
5.156000,X_return,7.464112,16.175508
5.157000,X_return,7.458652,15.031342
5.158000,X_return,7.453192,13.887176
5.159000,X_return,7.447732,12.743010
5.160000,X_return,7.442272,11.598845
5.161000,X_return,7.436812,10.454679
5.162000,X_return,7.431352,9.310513
5.163000,X_return,7.425892,7.934541
5.164000,X_return,7.420432,6.317948
5.165000,X_return,7.414972,4.701354
5.166000,X_return,7.409512,3.084761
5.167000,X_return,7.404052,1.468168
5.168000,X_return,7.398592,-0.148425
5.169000,X_return,7.393132,-1.765019
5.170000,X_return,7.387672,-3.381612
5.171000,X_return,7.382212,-3.729465
5.172000,X_return,7.376752,-3.984883
5.173000,X_return,7.371292,-4.240301
5.174000,X_return,7.365832,-4.495719
5.175000,X_return,7.360372,-4.751137
5.176000,X_return,7.354912,-5.006555
5.177000,X_return,7.349452,-5.261974
5.178000,X_return,7.343992,-5.373090
5.179000,X_return,7.338532,-5.242173
5.180000,X_return,7.333072,-5.111255
5.181000,X_return,7.327612,-4.980338
5.182000,X_return,7.322152,-4.849420
5.183000,X_return,7.316692,-4.718503
5.184000,X_return,7.311232,-4.587586
5.185000,X_return,7.305772,-4.456668
5.186000,X_return,7.300312,-4.938039
5.187000,X_return,7.294852,-5.558456
5.188000,X_return,7.289392,-6.178873
5.189000,X_return,7.283932,-6.799290
5.190000,X_return,7.278472,-7.419708
5.191000,X_return,7.273012,-8.040125
5.192000,X_return,7.267552,-8.660542
5.193000,X_return,7.262092,-9.142016
5.194000,X_return,7.256632,-9.220440
5.195000,X_return,7.251172,-9.298864
5.196000,X_return,7.245712,-9.377288
5.197000,X_return,7.240252,-9.455711
5.198000,X_return,7.234792,-9.534135
5.199000,X_return,7.229332,-9.612559
5.200000,X_return,7.223872,-9.690983
5.201000,X_return,7.218412,-9.332208
5.202000,X_return,7.212952,-8.784072
5.203000,X_return,7.207492,-8.235936
5.204000,X_return,7.202032,-7.687800
5.205000,X_return,7.196572,-7.139664
5.206000,X_return,7.191112,-6.591527
5.207000,X_return,7.185652,-6.043391
5.208000,X_return,7.180192,-5.436459
5.209000,X_return,7.174732,-4.465930
5.210000,X_return,7.169272,-3.495402
5.211000,X_return,7.163812,-2.524873
5.212000,X_return,7.158352,-1.554344
5.213000,X_return,7.152892,-0.583815
5.214000,X_return,7.147432,0.386713
5.215000,X_return,7.141972,1.357242
5.216000,X_return,7.136512,1.459416
5.217000,X_return,7.131052,0.934379
5.218000,X_return,7.125592,0.409342
5.219000,X_return,7.120132,-0.115696
5.220000,X_return,7.114672,-0.640733
5.221000,X_return,7.109212,-1.165770
5.222000,X_return,7.103752,-1.690808
5.223000,X_return,7.098292,-2.201277
5.224000,X_return,7.092832,-2.065317
5.225000,X_return,7.087372,-1.929357
5.226000,X_return,7.081912,-1.793397
5.227000,X_return,7.076452,-1.657437
5.228000,X_return,7.070992,-1.521477
5.229000,X_return,7.065532,-1.385518
5.230000,X_return,7.060072,-1.249558
5.231000,X_return,7.054612,-0.599731
5.232000,X_return,7.049152,0.644986
5.233000,X_return,7.043692,1.889703
5.234000,X_return,7.038232,3.134420
5.235000,X_return,7.032772,4.379138
5.236000,X_return,7.027312,5.623855
5.237000,X_return,7.021852,6.868572
5.238000,X_return,7.016392,8.113289
5.239000,X_return,7.010932,8.704489
5.240000,X_return,7.005472,9.226995
5.241000,X_return,7.000012,9.749500
5.242000,X_return,6.994552,10.272006
5.243000,X_return,6.989092,10.794511
5.244000,X_return,6.983632,11.317016
5.245000,X_return,6.978172,11.839522
5.246000,X_return,6.972712,11.821687
5.247000,X_return,6.967252,10.783886
5.248000,X_return,6.961792,9.746086
5.249000,X_return,6.956332,8.708285
5.250000,X_return,6.950872,7.670484
5.251000,X_return,6.945412,6.632684
5.252000,X_return,6.939952,5.594883
5.253000,X_return,6.934492,4.557082
5.254000,X_return,6.929032,3.815363
5.255000,X_return,6.923572,3.153432
5.256000,X_return,6.918112,2.491500
5.257000,X_return,6.912652,1.829569
5.258000,X_return,6.907192,1.167637
5.259000,X_return,6.901732,0.505706
5.260000,X_return,6.896272,-0.156226
5.261000,X_return,6.890812,-0.576199
5.262000,X_return,6.885352,-0.182221
5.263000,X_return,6.879892,0.211758
5.264000,X_return,6.874432,0.605737
5.265000,X_return,6.868972,0.999715
5.266000,X_return,6.863512,1.393694
5.267000,X_return,6.858052,1.787673
5.268000,X_return,6.852592,2.181651
5.269000,X_return,6.847132,2.389800
5.270000,X_return,6.841672,2.506655
5.271000,X_return,6.836212,2.623510
5.272000,X_return,6.830752,2.740365
5.273000,X_return,6.825292,2.857220
5.274000,X_return,6.819832,2.974075
5.275000,X_return,6.814372,3.090930
5.276000,X_return,6.808912,3.120629
5.277000,X_return,6.803452,2.459220
5.278000,X_return,6.797992,1.797811
5.279000,X_return,6.792532,1.136403
5.280000,X_return,6.787072,0.474994
5.281000,X_return,6.781612,-0.186414
5.282000,X_return,6.776152,-0.847823
5.283000,X_return,6.770692,-1.509231
5.284000,X_return,6.765232,-2.025276
5.285000,X_return,6.759772,-2.424015
5.286000,X_return,6.754312,-2.822754
5.287000,X_return,6.748852,-3.221492
5.288000,X_return,6.743392,-3.620231
5.289000,X_return,6.737932,-4.018970
5.290000,X_return,6.732472,-4.417709
5.291000,X_return,6.727012,-4.816448
5.292000,X_return,6.724268,-4.553440
5.293000,X_return,6.721538,-4.286994
5.294000,X_return,6.718808,-4.020548
5.295000,X_return,6.716078,-3.754102
5.296000,X_return,6.713348,-3.487656
5.297000,X_return,6.710618,-3.221210
5.298000,X_return,6.707888,-2.954764
5.299000,X_return,6.705158,-2.688318
5.300000,X_return,6.702428,-2.421872
5.301000,X_return,6.699698,-2.155426
5.302000,X_return,6.696968,-1.888980
5.303000,X_return,6.694238,-1.622534
5.304000,X_return,6.691508,-1.356088
5.305000,X_return,6.688778,-1.089642
5.306000,X_return,6.686048,-0.823196
5.307000,X_return,6.680922,-1.084939
5.308000,X_return,6.675462,-1.420300
5.309000,X_return,6.670002,-1.755660
5.310000,X_return,6.664542,-2.091020
5.311000,X_return,6.659082,-2.426380
5.312000,X_return,6.653622,-2.761741
5.313000,X_return,6.648162,-3.097101
5.314000,X_return,6.642702,-3.683173
5.315000,X_return,6.637242,-4.804230
5.316000,X_return,6.631782,-5.925287
5.317000,X_return,6.626322,-7.046344
5.318000,X_return,6.620862,-8.167401
5.319000,X_return,6.615402,-9.288458
5.320000,X_return,6.609942,-10.409515
5.321000,X_return,6.604482,-11.530572
5.322000,X_return,6.599022,-11.893717
5.323000,X_return,6.593562,-12.018197
5.324000,X_return,6.588102,-12.142676
5.325000,X_return,6.582642,-12.267156
5.326000,X_return,6.577182,-12.391636
5.327000,X_return,6.571722,-12.516116
5.328000,X_return,6.566262,-12.640596
5.329000,X_return,6.560802,-12.722285
5.330000,X_return,6.555342,-12.634864
5.331000,X_return,6.549882,-12.547443
5.332000,X_return,6.544422,-12.460022
5.333000,X_return,6.538962,-12.372601
5.334000,X_return,6.533502,-12.285180
5.335000,X_return,6.528042,-12.197759
5.336000,X_return,6.522582,-12.110338
5.337000,X_return,6.517122,-12.411457
5.338000,X_return,6.511662,-12.927961
5.339000,X_return,6.506202,-13.444466
5.340000,X_return,6.500742,-13.960970
5.341000,X_return,6.495282,-14.477474
5.342000,X_return,6.489822,-14.993979
5.343000,X_return,6.484362,-15.510483
5.344000,X_return,6.478902,-16.007899
5.345000,X_return,6.473442,-16.299246
5.346000,X_return,6.467982,-16.590594
5.347000,X_return,6.462522,-16.881941
5.348000,X_return,6.457062,-17.173289
5.349000,X_return,6.451602,-17.464636
5.350000,X_return,6.446142,-17.755984
5.351000,X_return,6.440682,-18.047331
5.352000,X_return,6.435222,-17.909199
5.353000,X_return,6.429762,-17.384356
5.354000,X_return,6.424302,-16.859514
5.355000,X_return,6.418842,-16.334671
5.356000,X_return,6.413382,-15.809829
5.357000,X_return,6.407922,-15.284986
5.358000,X_return,6.402462,-14.760144
5.359000,X_return,6.397002,-14.235301
5.360000,X_return,6.391542,-12.808299
5.361000,X_return,6.386082,-11.351109
5.362000,X_return,6.380622,-9.893920
5.363000,X_return,6.375162,-8.436730
5.364000,X_return,6.369702,-6.979540
5.365000,X_return,6.364242,-5.522350
5.366000,X_return,6.358782,-4.065161
5.367000,X_return,6.353322,-2.769957
5.368000,X_return,6.347862,-1.708779
5.369000,X_return,6.342402,-0.647602
5.370000,X_return,6.336942,0.413576
5.371000,X_return,6.331482,1.474754
5.372000,X_return,6.326022,2.535931
5.373000,X_return,6.320562,3.597109
5.374000,X_return,6.315102,4.658286
5.375000,X_return,6.309642,4.885980
5.376000,X_return,6.304182,4.967124
5.377000,X_return,6.298722,5.048267
5.378000,X_return,6.293262,5.129411
5.379000,X_return,6.287802,5.210554
5.380000,X_return,6.282342,5.291698
5.381000,X_return,6.276882,5.372841
5.382000,X_return,6.271422,5.664507
5.383000,X_return,6.265962,6.466898
5.384000,X_return,6.260502,7.269289
5.385000,X_return,6.255042,8.071680
5.386000,X_return,6.249582,8.874071
5.387000,X_return,6.244122,9.676462
5.388000,X_return,6.238662,10.478853
5.389000,X_return,6.233202,11.281244
5.390000,X_return,6.227742,12.425249
5.391000,X_return,6.222282,13.693495
5.392000,X_return,6.216822,14.961741
5.393000,X_return,6.211362,16.229987
5.394000,X_return,6.205902,17.498234
5.395000,X_return,6.200442,18.766480
5.396000,X_return,6.194982,20.034726
5.397000,X_return,6.190158,21.071483
5.398000,X_return,6.188338,21.014874
5.399000,X_return,6.186518,20.958266
5.400000,X_return,6.184698,20.901657
5.401000,X_return,6.182878,20.845048
5.402000,X_return,6.181058,20.788439
5.403000,X_return,6.179238,20.731831
5.404000,X_return,6.177418,20.675222
5.405000,X_return,6.175598,20.618613
5.406000,X_return,6.173778,20.562005
5.407000,X_return,6.171958,20.505396
5.408000,X_return,6.170138,20.448787
5.409000,X_return,6.168318,20.392179
5.410000,X_return,6.166498,20.335570
5.411000,X_return,6.164678,20.278961
5.412000,X_return,6.162858,20.222353
5.413000,X_return,6.161038,20.165744
5.414000,X_return,6.159218,20.109135
5.415000,X_return,6.157398,20.052526
5.416000,X_return,6.155578,19.995918
5.417000,X_return,6.153758,19.939309
5.418000,X_return,6.151938,19.882700
5.419000,X_return,6.150118,19.826092
5.420000,X_return,6.146482,19.901771
5.421000,X_return,6.141022,20.110275
5.422000,X_return,6.135562,20.318778
5.423000,X_return,6.130102,20.527281
5.424000,X_return,6.124642,20.735784
5.425000,X_return,6.119182,20.944287
5.426000,X_return,6.113722,21.152790
5.427000,X_return,6.108262,21.361293
5.428000,X_return,6.102802,20.406812
5.429000,X_return,6.097342,19.378640
5.430000,X_return,6.091882,18.350469
5.431000,X_return,6.086422,17.322297
5.432000,X_return,6.080962,16.294125
5.433000,X_return,6.075502,15.265953
5.434000,X_return,6.070042,14.237782
5.435000,X_return,6.064582,13.083308
5.436000,X_return,6.059122,11.724357
5.437000,X_return,6.053662,10.365407
5.438000,X_return,6.048202,9.006457
5.439000,X_return,6.042742,7.647507
5.440000,X_return,6.037282,6.288556
5.441000,X_return,6.031822,4.929606
5.442000,X_return,6.026362,3.570656
5.443000,X_return,6.020902,3.630826
5.444000,X_return,6.015442,3.995668
5.445000,X_return,6.009982,4.360510
5.446000,X_return,6.004522,4.725352
5.447000,X_return,5.999062,5.090194
5.448000,X_return,5.993602,5.455036
5.449000,X_return,5.988142,5.819878
5.450000,X_return,5.982682,6.105769
5.451000,X_return,5.977222,6.172315
5.452000,X_return,5.971762,6.238861
5.453000,X_return,5.966302,6.305407
5.454000,X_return,5.960842,6.371953
5.455000,X_return,5.955382,6.438499
5.456000,X_return,5.949922,6.505045
5.457000,X_return,5.944462,6.571591
5.458000,X_return,5.939002,6.430706
5.459000,X_return,5.933542,6.203480
5.460000,X_return,5.928082,5.976254
5.461000,X_return,5.922622,5.749029
5.462000,X_return,5.917162,5.521803
5.463000,X_return,5.911702,5.294577
5.464000,X_return,5.906242,5.067351
5.465000,X_return,5.900782,4.928384
5.466000,X_return,5.895322,5.299449
5.467000,X_return,5.889862,5.670513
5.468000,X_return,5.884402,6.041578
5.469000,X_return,5.878942,6.412642
5.470000,X_return,5.873482,6.783707
5.471000,X_return,5.868022,7.154771
5.472000,X_return,5.862562,7.525836
5.473000,X_return,5.857102,8.064711
5.474000,X_return,5.851642,8.720713
5.475000,X_return,5.846182,9.376715
5.476000,X_return,5.840722,10.032717
5.477000,X_return,5.835262,10.688719
5.478000,X_return,5.829802,11.344721
5.479000,X_return,5.824342,12.000723
5.480000,X_return,5.818882,12.619504
5.481000,X_return,5.813422,12.049562
5.482000,X_return,5.807962,11.479621
5.483000,X_return,5.802502,10.909679
5.484000,X_return,5.797042,10.339737
5.485000,X_return,5.791582,9.769796
5.486000,X_return,5.786122,9.199854
5.487000,X_return,5.780662,8.629912
5.488000,X_return,5.775202,8.277982
5.489000,X_return,5.769742,8.170141
5.490000,X_return,5.764282,8.062301
5.491000,X_return,5.758822,7.954461
5.492000,X_return,5.753362,7.846620
5.493000,X_return,5.747902,7.738780
5.494000,X_return,5.742442,7.630939
5.495000,X_return,5.736982,7.523099
5.496000,X_return,5.731522,8.154378
5.497000,X_return,5.726062,8.855908
5.498000,X_return,5.720602,9.557438
5.499000,X_return,5.715142,10.258968
5.500000,X_return,5.709682,10.960499
5.501000,X_return,5.704222,11.662029
5.502000,X_return,5.698762,12.363559
5.503000,X_return,5.693302,12.893806
5.504000,X_return,5.687842,13.112336
5.505000,X_return,5.682382,13.330867
5.506000,X_return,5.676922,13.549398
5.507000,X_return,5.671462,13.767929
5.508000,X_return,5.666002,13.986460
5.509000,X_return,5.660542,14.204991
5.510000,X_return,5.655082,14.423522
5.511000,X_return,5.649622,14.200258
5.512000,X_return,5.644162,13.863802
5.513000,X_return,5.638702,13.527346
5.514000,X_return,5.633242,13.190890
5.515000,X_return,5.627782,12.854434
5.516000,X_return,5.622322,12.517978
5.517000,X_return,5.616862,12.181523
5.518000,X_return,5.611402,12.123605
5.519000,X_return,5.605942,12.960105
5.520000,X_return,5.600482,13.796605
5.521000,X_return,5.595022,14.633105
5.522000,X_return,5.589562,15.469606
5.523000,X_return,5.584102,16.306106
5.524000,X_return,5.578642,17.142606
5.525000,X_return,5.573182,17.979106
5.526000,X_return,5.567722,18.726284
5.527000,X_return,5.562262,19.431212
5.528000,X_return,5.556802,20.136140
5.529000,X_return,5.551342,20.841068
5.530000,X_return,5.545882,21.545997
5.531000,X_return,5.540422,22.250925
5.532000,X_return,5.534962,22.955853
5.533000,X_return,5.529502,23.523376
5.534000,X_return,5.524042,23.086199
5.535000,X_return,5.518582,22.649023
5.536000,X_return,5.513122,22.211847
5.537000,X_return,5.507662,21.774671
5.538000,X_return,5.502202,21.337494
5.539000,X_return,5.496742,20.900318
5.540000,X_return,5.491282,20.463142
5.541000,X_return,5.485822,20.212497
5.542000,X_return,5.480362,20.107385
5.543000,X_return,5.474902,20.002274
5.544000,X_return,5.469442,19.897163
5.545000,X_return,5.463982,19.792051
5.546000,X_return,5.458522,19.686940
5.547000,X_return,5.453062,19.581828
5.548000,X_return,5.447602,19.478215
5.549000,X_return,5.442142,19.848409
5.550000,X_return,5.436682,20.218603
5.551000,X_return,5.431222,20.588796
5.552000,X_return,5.425762,20.958990
5.553000,X_return,5.420302,21.329184
5.554000,X_return,5.414842,21.699378
5.555000,X_return,5.409382,22.069572
5.556000,X_return,5.403922,22.311346
5.557000,X_return,5.398462,22.392680
5.558000,X_return,5.393002,22.474013
5.559000,X_return,5.387542,22.555346
5.560000,X_return,5.382082,22.636680
5.561000,X_return,5.376622,22.718013
5.562000,X_return,5.371162,22.799346
5.563000,X_return,5.365702,22.880680
5.564000,X_return,5.360242,22.462115
5.565000,X_return,5.354782,21.979224
5.566000,X_return,5.349322,21.496334
5.567000,X_return,5.343862,21.013444
5.568000,X_return,5.338402,20.530554
5.569000,X_return,5.332942,20.047663
5.570000,X_return,5.327482,19.564773
5.571000,X_return,5.322022,19.048292
5.572000,X_return,5.316562,18.462806
5.573000,X_return,5.311102,17.877321
5.574000,X_return,5.305642,17.291836
5.575000,X_return,5.300182,16.706350
5.576000,X_return,5.294722,16.120865
5.577000,X_return,5.289262,15.535380
5.578000,X_return,5.283802,14.949894
5.579000,X_return,5.278342,14.384260
5.580000,X_return,5.272882,13.824595
5.581000,X_return,5.267422,13.264930
5.582000,X_return,5.261962,12.705265
5.583000,X_return,5.256502,12.145600
5.584000,X_return,5.251042,11.585934
5.585000,X_return,5.245582,11.026269
5.586000,X_return,5.240122,10.476810
5.587000,X_return,5.234662,9.965685
5.588000,X_return,5.229202,9.454560
5.589000,X_return,5.223742,8.943435
5.590000,X_return,5.218282,8.432311
5.591000,X_return,5.212822,7.921186
5.592000,X_return,5.207362,7.410061
5.593000,X_return,5.201902,6.898936
5.594000,X_return,5.196442,6.095251
5.595000,X_return,5.190982,5.135192
5.596000,X_return,5.185522,4.175134
5.597000,X_return,5.180062,3.215075
5.598000,X_return,5.174602,2.255017
5.599000,X_return,5.169142,1.294958
5.600000,X_return,5.163682,0.334900
5.601000,X_return,5.158222,-0.538668
5.602000,X_return,5.152762,-0.569716
5.603000,X_return,5.147302,-0.600763
5.604000,X_return,5.141842,-0.631810
5.605000,X_return,5.136382,-0.662858
5.606000,X_return,5.130922,-0.693905
5.607000,X_return,5.125462,-0.724952
5.608000,X_return,5.120002,-0.756000
5.609000,X_return,5.116001,-0.724309
5.610000,X_return,5.113271,-0.637984
5.611000,X_return,5.110541,-0.551659
5.612000,X_return,5.107811,-0.465335
5.613000,X_return,5.105081,-0.379010
5.614000,X_return,5.102351,-0.292685
5.615000,X_return,5.099621,-0.206360
5.616000,X_return,5.096891,-0.120035
5.617000,X_return,5.094161,-0.033710
5.618000,X_return,5.091431,0.052615
5.619000,X_return,5.088701,0.138939
5.620000,X_return,5.085971,0.225264
5.621000,X_return,5.083241,0.311589
5.622000,X_return,5.080511,0.397914
5.623000,X_return,5.077781,0.484239
5.624000,X_return,5.073912,0.801175
5.625000,X_return,5.068452,1.440045
5.626000,X_return,5.062992,2.078914
5.627000,X_return,5.057532,2.717784
5.628000,X_return,5.052072,3.356653
5.629000,X_return,5.046612,3.995522
5.630000,X_return,5.041152,4.634392
5.631000,X_return,5.035692,5.273261
5.632000,X_return,5.030232,5.606022
5.633000,X_return,5.024772,5.888448
5.634000,X_return,5.019312,6.170874
5.635000,X_return,5.013852,6.453300
5.636000,X_return,5.008392,6.735725
5.637000,X_return,5.002932,7.018151
5.638000,X_return,4.997472,7.300577
5.639000,X_return,4.992012,7.700738
5.640000,X_return,4.986552,8.375345
5.641000,X_return,4.981092,9.049952
5.642000,X_return,4.975632,9.724560
5.643000,X_return,4.970172,10.399167
5.644000,X_return,4.964712,11.073775
5.645000,X_return,4.959252,11.748382
5.646000,X_return,4.953792,12.422989
5.647000,X_return,4.948332,13.757876
5.648000,X_return,4.942872,15.322795
5.649000,X_return,4.937412,16.887714
5.650000,X_return,4.931952,18.452632
5.651000,X_return,4.926492,20.017551
5.652000,X_return,4.921032,21.582470
5.653000,X_return,4.915572,23.147389
5.654000,X_return,4.910112,24.616368
5.655000,X_return,4.904652,25.657159
5.656000,X_return,4.899192,26.697950
5.657000,X_return,4.893732,27.738741
5.658000,X_return,4.888272,28.779532
5.659000,X_return,4.882812,29.820323
5.660000,X_return,4.877352,30.861114
5.661000,X_return,4.871892,31.901905
5.662000,X_return,4.866432,32.258327
5.663000,X_return,4.860972,32.203198
5.664000,X_return,4.855512,32.148068
5.665000,X_return,4.850052,32.092939
5.666000,X_return,4.844592,32.037809
5.667000,X_return,4.839132,31.982680
5.668000,X_return,4.833672,31.927550
5.669000,X_return,4.828212,31.883267
5.670000,X_return,4.822752,31.992756
5.671000,X_return,4.817292,32.102244
5.672000,X_return,4.811832,32.211733
5.673000,X_return,4.806372,32.321221
5.674000,X_return,4.800912,32.430709
5.675000,X_return,4.795452,32.540198
5.676000,X_return,4.789992,32.649686
5.677000,X_return,4.784532,32.902143
5.678000,X_return,4.779072,33.293449
5.679000,X_return,4.773612,33.684754
5.680000,X_return,4.768152,34.076060
5.681000,X_return,4.762692,34.467365
5.682000,X_return,4.757232,34.858670
5.683000,X_return,4.751772,35.249976
5.684000,X_return,4.746312,35.641281
5.685000,X_return,4.740852,35.465362
5.686000,X_return,4.735392,35.258791
5.687000,X_return,4.729932,35.052220
5.688000,X_return,4.724472,34.845649
5.689000,X_return,4.719012,34.639078
5.690000,X_return,4.713552,34.432507
5.691000,X_return,4.708092,34.225936
5.692000,X_return,4.702632,33.405448
5.693000,X_return,4.697172,31.625354
5.694000,X_return,4.691712,29.845260
5.695000,X_return,4.686252,28.065165
5.696000,X_return,4.680792,26.285071
5.697000,X_return,4.675332,24.504977
5.698000,X_return,4.669872,22.724883
5.699000,X_return,4.664412,20.944789
5.700000,X_return,4.658952,20.329447
5.701000,X_return,4.653492,19.950011
5.702000,X_return,4.648032,19.570575
5.703000,X_return,4.642572,19.191139
5.704000,X_return,4.637112,18.811703
5.705000,X_return,4.631652,18.432267
5.706000,X_return,4.626192,18.052831
5.707000,X_return,4.620732,17.926993
5.708000,X_return,4.615272,18.476500
5.709000,X_return,4.609812,19.026006
5.710000,X_return,4.604352,19.575513
5.711000,X_return,4.598892,20.125019
5.712000,X_return,4.593432,20.674526
5.713000,X_return,4.587972,21.224033
5.714000,X_return,4.582512,21.773539
5.715000,X_return,4.577052,22.144964
5.716000,X_return,4.571592,22.445202
5.717000,X_return,4.566132,22.745440
5.718000,X_return,4.560672,23.045677
5.719000,X_return,4.555212,23.345915
5.720000,X_return,4.549752,23.646153
5.721000,X_return,4.544292,23.946391
5.722000,X_return,4.538832,24.006232
5.723000,X_return,4.533372,22.763871
5.724000,X_return,4.527912,21.521510
5.725000,X_return,4.522452,20.279148
5.726000,X_return,4.516992,19.036787
5.727000,X_return,4.511532,17.794425
5.728000,X_return,4.506072,16.552064
5.729000,X_return,4.500612,15.309703
5.730000,X_return,4.495152,14.553687
5.731000,X_return,4.489692,14.125622
5.732000,X_return,4.484232,13.697556
5.733000,X_return,4.478772,13.269490
5.734000,X_return,4.473312,12.841424
5.735000,X_return,4.467852,12.413358
5.736000,X_return,4.462392,11.985292
5.737000,X_return,4.456932,11.564898
5.738000,X_return,4.451472,11.335171
5.739000,X_return,4.446012,11.105443
5.740000,X_return,4.440552,10.875715
5.741000,X_return,4.435092,10.645987
5.742000,X_return,4.429632,10.416259
5.743000,X_return,4.424172,10.186531
5.744000,X_return,4.418712,9.956803
5.745000,X_return,4.413252,9.674744
5.746000,X_return,4.407792,9.336016
5.747000,X_return,4.402332,8.997289
5.748000,X_return,4.396872,8.658561
5.749000,X_return,4.391412,8.319833
5.750000,X_return,4.385952,7.981105
5.751000,X_return,4.380492,7.642377
5.752000,X_return,4.375032,7.303649
5.753000,X_return,4.369572,6.336126
5.754000,X_return,4.364112,5.315055
5.755000,X_return,4.358652,4.293983
5.756000,X_return,4.353192,3.272912
5.757000,X_return,4.347732,2.251841
5.758000,X_return,4.342272,1.230770
5.759000,X_return,4.336812,0.209698
5.760000,X_return,4.331352,-0.595477
5.761000,X_return,4.325892,-1.021703
5.762000,X_return,4.320432,-1.447929
5.763000,X_return,4.314972,-1.874155
5.764000,X_return,4.309512,-2.300381
5.765000,X_return,4.304052,-2.726607
5.766000,X_return,4.298592,-3.152833
5.767000,X_return,4.293132,-3.579058
5.768000,X_return,4.287672,-3.416113
5.769000,X_return,4.282212,-3.109872
5.770000,X_return,4.276752,-2.803631
5.771000,X_return,4.271292,-2.497390
5.772000,X_return,4.265832,-2.191149
5.773000,X_return,4.260372,-1.884908
5.774000,X_return,4.254912,-1.578667
5.775000,X_return,4.249452,-1.156524
5.776000,X_return,4.243992,-0.378728
5.777000,X_return,4.238532,0.399068
5.778000,X_return,4.233072,1.176864
5.779000,X_return,4.227612,1.954660
5.780000,X_return,4.222152,2.732456
5.781000,X_return,4.216692,3.510251
5.782000,X_return,4.211232,4.288047
5.783000,X_return,4.205772,4.312049
5.784000,X_return,4.200312,3.992952
5.785000,X_return,4.194852,3.673854
5.786000,X_return,4.189392,3.354757
5.787000,X_return,4.183932,3.035660
5.788000,X_return,4.178472,2.716562
5.789000,X_return,4.173012,2.397465
5.790000,X_return,4.167552,2.120420
5.791000,X_return,4.162092,2.128249
5.792000,X_return,4.156632,2.136077
5.793000,X_return,4.151172,2.143906
5.794000,X_return,4.145712,2.151734
5.795000,X_return,4.140252,2.159563
5.796000,X_return,4.134792,2.167391
5.797000,X_return,4.129332,2.175220
5.798000,X_return,4.123872,2.570297
5.799000,X_return,4.118412,3.257449
5.800000,X_return,4.112952,3.944601
5.801000,X_return,4.107492,4.631753
5.802000,X_return,4.102032,5.318905
5.803000,X_return,4.096572,6.006057
5.804000,X_return,4.091112,6.693209
5.805000,X_return,4.085652,7.377341
5.806000,X_return,4.080192,7.801213
5.807000,X_return,4.074732,8.225084
5.808000,X_return,4.069272,8.648956
5.809000,X_return,4.063812,9.072828
5.810000,X_return,4.058352,9.496700
5.811000,X_return,4.052892,9.920571
5.812000,X_return,4.047432,10.344443
5.813000,X_return,4.041972,10.194556
5.814000,X_return,4.036512,9.351555
5.815000,X_return,4.031052,8.508553
5.816000,X_return,4.025592,7.665551
5.817000,X_return,4.020132,6.822549
5.818000,X_return,4.014672,5.979547
5.819000,X_return,4.009212,5.136546
5.820000,X_return,4.003752,4.293544
5.821000,X_return,3.998292,3.874460
5.822000,X_return,3.992832,3.505474
5.823000,X_return,3.987372,3.136487
5.824000,X_return,3.981912,2.767500
5.825000,X_return,3.976452,2.398513
5.826000,X_return,3.970992,2.029527
5.827000,X_return,3.965532,1.660540
5.828000,X_return,3.960072,1.825841
5.829000,X_return,3.954612,3.048250
5.830000,X_return,3.949152,4.270659
5.831000,X_return,3.943692,5.493068
5.832000,X_return,3.938232,6.715477
5.833000,X_return,3.932772,7.937886
5.834000,X_return,3.927312,9.160295
5.835000,X_return,3.921852,10.382704
5.836000,X_return,3.916392,10.348851
5.837000,X_return,3.910932,9.954774
5.838000,X_return,3.905472,9.560698
5.839000,X_return,3.900012,9.166622
5.840000,X_return,3.894552,8.772545
5.841000,X_return,3.889092,8.378469
5.842000,X_return,3.883632,7.984393
5.843000,X_return,3.878172,7.527779
5.844000,X_return,3.872712,6.847591
5.845000,X_return,3.867252,6.167403
5.846000,X_return,3.861792,5.487215
5.847000,X_return,3.856332,4.807027
5.848000,X_return,3.850872,4.126840
5.849000,X_return,3.845412,3.446652
5.850000,X_return,3.839952,2.766464
5.851000,X_return,3.834492,2.913271
5.852000,X_return,3.829032,3.486107
5.853000,X_return,3.823572,4.058943
5.854000,X_return,3.818112,4.631780
5.855000,X_return,3.812652,5.204616
5.856000,X_return,3.807192,5.777452
5.857000,X_return,3.801732,6.350289
5.858000,X_return,3.796272,6.917853
5.859000,X_return,3.790812,7.438702
5.860000,X_return,3.785352,7.959551
5.861000,X_return,3.779892,8.480400
5.862000,X_return,3.774432,9.001249
5.863000,X_return,3.768972,9.522098
5.864000,X_return,3.763512,10.042948
5.865000,X_return,3.758052,10.563797
5.866000,X_return,3.752592,9.962549
5.867000,X_return,3.747132,8.416318
5.868000,X_return,3.741672,6.870087
5.869000,X_return,3.736212,5.323855
5.870000,X_return,3.730752,3.777624
5.871000,X_return,3.725292,2.231393
5.872000,X_return,3.719832,0.685161
5.873000,X_return,3.714372,-0.861070
5.874000,X_return,3.708912,-1.826199
5.875000,X_return,3.703452,-2.782036
5.876000,X_return,3.697992,-3.737873
5.877000,X_return,3.692532,-4.693711
5.878000,X_return,3.687072,-5.649548
5.879000,X_return,3.681612,-6.605385
5.880000,X_return,3.676152,-7.561223
5.881000,X_return,3.670692,-7.922639
5.882000,X_return,3.665232,-7.482085
5.883000,X_return,3.659772,-7.041531
5.884000,X_return,3.654312,-6.600977
5.885000,X_return,3.648852,-6.160422
5.886000,X_return,3.643392,-5.719868
5.887000,X_return,3.637932,-5.279314
5.888000,X_return,3.632472,-4.838760
5.889000,X_return,3.627012,-5.726803
5.890000,X_return,3.621552,-6.818471
5.891000,X_return,3.616092,-7.910139
5.892000,X_return,3.610632,-9.001808
5.893000,X_return,3.605172,-10.093476
5.894000,X_return,3.599712,-11.185144
5.895000,X_return,3.594252,-12.276812
5.896000,X_return,3.588792,-13.256972
5.897000,X_return,3.583332,-13.987219
5.898000,X_return,3.577872,-14.717465
5.899000,X_return,3.572412,-15.447712
5.900000,X_return,3.566952,-16.177959
5.901000,X_return,3.561492,-16.908205
5.902000,X_return,3.556032,-17.638452
5.903000,X_return,3.550572,-18.368698
5.904000,X_return,3.545112,-17.880870
5.905000,X_return,3.539652,-16.986902
5.906000,X_return,3.534192,-16.092935
5.907000,X_return,3.528732,-15.198967
5.908000,X_return,3.523272,-14.305000
5.909000,X_return,3.517812,-13.411032
5.910000,X_return,3.512352,-12.517064
5.911000,X_return,3.506892,-11.404220
5.912000,X_return,3.501432,-9.366509
5.913000,X_return,3.495972,-7.328797
5.914000,X_return,3.490512,-5.291086
5.915000,X_return,3.485052,-3.253374
5.916000,X_return,3.479592,-1.215662
5.917000,X_return,3.474132,0.822049
5.918000,X_return,3.468672,2.859761
5.919000,X_return,3.463212,3.923342
5.920000,X_return,3.457752,4.421631
5.921000,X_return,3.452292,4.919921
5.922000,X_return,3.446832,5.418210
5.923000,X_return,3.441372,5.916500
5.924000,X_return,3.435912,6.414789
5.925000,X_return,3.430452,6.913079
5.926000,X_return,3.425194,7.455953
5.927000,X_return,3.422464,8.555031
5.928000,X_return,3.419734,9.654108
5.929000,X_return,3.417004,10.753186
5.930000,X_return,3.414274,11.852263
5.931000,X_return,3.411544,12.951341
5.932000,X_return,3.408814,14.050418
5.933000,X_return,3.406084,15.149496
5.934000,X_return,3.403354,16.248574
5.935000,X_return,3.400624,17.347651
5.936000,X_return,3.397894,18.446729
5.937000,X_return,3.395164,19.545806
5.938000,X_return,3.392434,20.644884
5.939000,X_return,3.389704,21.743962
5.940000,X_return,3.386974,22.843039
5.941000,X_return,3.384244,23.942117
5.942000,X_return,3.378901,24.371870
5.943000,X_return,3.373441,24.771588
5.944000,X_return,3.367981,25.171307
5.945000,X_return,3.362521,25.571025
5.946000,X_return,3.357061,25.970743
5.947000,X_return,3.351601,26.370461
5.948000,X_return,3.346141,26.770179
5.949000,X_return,3.340681,26.480832
5.950000,X_return,3.335221,25.151291
5.951000,X_return,3.329761,23.821750
5.952000,X_return,3.324301,22.492209
5.953000,X_return,3.318841,21.162668
5.954000,X_return,3.313381,19.833127
5.955000,X_return,3.307921,18.503586
5.956000,X_return,3.302461,17.174045
5.957000,X_return,3.297001,16.804414
5.958000,X_return,3.291541,16.617766
5.959000,X_return,3.286081,16.431118
5.960000,X_return,3.280621,16.244470
5.961000,X_return,3.275161,16.057822
5.962000,X_return,3.269701,15.871174
5.963000,X_return,3.264241,15.684525
5.964000,X_return,3.258781,15.632927
5.965000,X_return,3.253321,15.926343
5.966000,X_return,3.247861,16.219759
5.967000,X_return,3.242401,16.513175
5.968000,X_return,3.236941,16.806590
5.969000,X_return,3.231481,17.100006
5.970000,X_return,3.226021,17.393422
5.971000,X_return,3.220561,17.686838
5.972000,X_return,3.215101,17.468952
5.973000,X_return,3.209641,17.054918
5.974000,X_return,3.204181,16.640883
5.975000,X_return,3.198721,16.226849
5.976000,X_return,3.193261,15.812814
5.977000,X_return,3.187801,15.398779
5.978000,X_return,3.182341,14.984745
5.979000,X_return,3.176881,14.580060
5.980000,X_return,3.171421,14.222979
5.981000,X_return,3.165961,13.865898
5.982000,X_return,3.160501,13.508817
5.983000,X_return,3.155041,13.151736
5.984000,X_return,3.149581,12.794655
5.985000,X_return,3.144121,12.437574
5.986000,X_return,3.138661,12.080493
5.987000,X_return,3.133201,11.523872
5.988000,X_return,3.127741,10.837288
5.989000,X_return,3.122281,10.150705
5.990000,X_return,3.116821,9.464121
5.991000,X_return,3.111361,8.777538
5.992000,X_return,3.105901,8.090954
5.993000,X_return,3.100441,7.404371
5.994000,X_return,3.094981,6.751248
5.995000,X_return,3.089521,6.776568
5.996000,X_return,3.084061,6.801889
5.997000,X_return,3.078601,6.827209
5.998000,X_return,3.073141,6.852530
5.999000,X_return,3.067681,6.877851
6.000000,X_return,3.062221,6.903171
6.001000,X_return,3.056761,6.928492
6.002000,X_return,3.051301,6.893902
6.003000,X_return,3.045841,6.796563
6.004000,X_return,3.040381,6.699224
6.005000,X_return,3.034921,6.601885
6.006000,X_return,3.029461,6.504545
6.007000,X_return,3.024001,6.407206
6.008000,X_return,3.018541,6.309867
6.009000,X_return,3.013081,6.212527
6.010000,X_return,3.007621,6.202827
6.011000,X_return,3.002161,6.199739
6.012000,X_return,2.996701,6.196651
6.013000,X_return,2.991241,6.193563
6.014000,X_return,2.985781,6.190474
6.015000,X_return,2.980321,6.187386
6.016000,X_return,2.974861,6.184298
6.017000,X_return,2.969401,5.928155
6.018000,X_return,2.963941,5.243465
6.019000,X_return,2.958481,4.558775
6.020000,X_return,2.953021,3.874085
6.021000,X_return,2.947561,3.189395
6.022000,X_return,2.942101,2.504705
6.023000,X_return,2.936641,1.820015
6.024000,X_return,2.931181,1.135325
6.025000,X_return,2.925721,0.660819
6.026000,X_return,2.920261,0.234758
6.027000,X_return,2.914801,-0.191302
6.028000,X_return,2.909341,-0.617363
6.029000,X_return,2.903881,-1.043423
6.030000,X_return,2.898421,-1.469484
6.031000,X_return,2.892961,-1.895545
6.032000,X_return,2.888426,-2.338912
6.033000,X_return,2.886606,-2.833079
6.034000,X_return,2.884786,-3.327247
6.035000,X_return,2.882966,-3.821414
6.036000,X_return,2.881146,-4.315582
6.037000,X_return,2.879326,-4.809749
6.038000,X_return,2.877506,-5.303917
6.039000,X_return,2.875686,-5.798084
6.040000,X_return,2.873866,-6.292252
6.041000,X_return,2.872046,-6.786420
6.042000,X_return,2.870226,-7.280587
6.043000,X_return,2.868406,-7.774755
6.044000,X_return,2.866586,-8.268922
6.045000,X_return,2.864766,-8.763090
6.046000,X_return,2.862946,-9.257257
6.047000,X_return,2.861126,-9.751425
6.048000,X_return,2.859306,-10.245592
6.049000,X_return,2.857486,-10.739760
6.050000,X_return,2.855666,-11.233927
6.051000,X_return,2.853846,-11.728095
6.052000,X_return,2.852026,-12.222262
6.053000,X_return,2.850206,-12.716430
6.054000,X_return,2.848386,-13.210597
6.055000,X_return,2.844461,-13.356064
6.056000,X_return,2.839001,-13.247330
6.057000,X_return,2.833541,-13.138595
6.058000,X_return,2.828081,-13.029861
6.059000,X_return,2.822621,-12.921126
6.060000,X_return,2.817161,-12.812392
6.061000,X_return,2.811701,-12.703657
6.062000,X_return,2.806241,-12.574175
6.063000,X_return,2.800781,-11.417134
6.064000,X_return,2.795321,-10.260093
6.065000,X_return,2.789861,-9.103052
6.066000,X_return,2.784401,-7.946011
6.067000,X_return,2.778941,-6.788970
6.068000,X_return,2.773481,-5.631929
6.069000,X_return,2.768021,-4.474889
6.070000,X_return,2.762561,-3.564212
6.071000,X_return,2.757101,-2.941338
6.072000,X_return,2.751641,-2.318463
6.073000,X_return,2.746181,-1.695589
6.074000,X_return,2.740721,-1.072714
6.075000,X_return,2.735261,-0.449840
6.076000,X_return,2.729801,0.173035
6.077000,X_return,2.724341,0.795909
6.078000,X_return,2.718881,-0.027187
6.079000,X_return,2.713421,-1.006257
6.080000,X_return,2.707961,-1.985328
6.081000,X_return,2.702501,-2.964398
6.082000,X_return,2.697041,-3.943468
6.083000,X_return,2.691581,-4.922539
6.084000,X_return,2.686121,-5.901609
6.085000,X_return,2.680661,-6.552370
6.086000,X_return,2.675201,-6.577208
6.087000,X_return,2.669741,-6.602046
6.088000,X_return,2.664281,-6.626884
6.089000,X_return,2.658821,-6.651722
6.090000,X_return,2.653361,-6.676560
6.091000,X_return,2.647901,-6.701398
6.092000,X_return,2.642441,-6.726236
6.093000,X_return,2.636981,-5.844292
6.094000,X_return,2.631521,-4.714696
6.095000,X_return,2.626061,-3.585099
6.096000,X_return,2.620601,-2.455503
6.097000,X_return,2.615141,-1.325906
6.098000,X_return,2.609681,-0.196310
6.099000,X_return,2.604221,0.933286
6.100000,X_return,2.598761,1.630490
6.101000,X_return,2.593301,0.854417
6.102000,X_return,2.587841,0.078344
6.103000,X_return,2.582381,-0.697729
6.104000,X_return,2.576921,-1.473802
6.105000,X_return,2.571461,-2.249875
6.106000,X_return,2.566001,-3.025948
6.107000,X_return,2.560541,-3.802021
6.108000,X_return,2.555081,-4.804191
6.109000,X_return,2.549621,-5.918572
6.110000,X_return,2.544161,-7.032953
6.111000,X_return,2.538701,-8.147333
6.112000,X_return,2.533241,-9.261714
6.113000,X_return,2.527781,-10.376095
6.114000,X_return,2.522321,-11.490475
6.115000,X_return,2.516861,-12.400607
6.116000,X_return,2.511401,-11.653784
6.117000,X_return,2.505941,-10.906962
6.118000,X_return,2.500481,-10.160139
6.119000,X_return,2.495021,-9.413317
6.120000,X_return,2.489561,-8.666494
6.121000,X_return,2.484101,-7.919672
6.122000,X_return,2.478641,-7.172849
6.123000,X_return,2.473181,-6.111683
6.124000,X_return,2.467721,-4.794530
6.125000,X_return,2.462261,-3.477377
6.126000,X_return,2.456801,-2.160225
6.127000,X_return,2.451341,-0.843072
6.128000,X_return,2.445881,0.474081
6.129000,X_return,2.440421,1.791233
6.130000,X_return,2.434961,3.108386
6.131000,X_return,2.429501,1.740874
6.132000,X_return,2.424041,0.353300
6.133000,X_return,2.418581,-1.034275
6.134000,X_return,2.413121,-2.421849
6.135000,X_return,2.407661,-3.809423
6.136000,X_return,2.402201,-5.196997
6.137000,X_return,2.396741,-6.584571
6.138000,X_return,2.391281,-7.800629
6.139000,X_return,2.385821,-8.793009
6.140000,X_return,2.380361,-9.785389
6.141000,X_return,2.374901,-10.777769
6.142000,X_return,2.369441,-11.770149
6.143000,X_return,2.363981,-12.762529
6.144000,X_return,2.358521,-13.754909
6.145000,X_return,2.353061,-14.747289
6.146000,X_return,2.347601,-14.256970
6.147000,X_return,2.342141,-13.555659
6.148000,X_return,2.336681,-12.854349
6.149000,X_return,2.331221,-12.153038
6.150000,X_return,2.325761,-11.451728
6.151000,X_return,2.320301,-10.750417
6.152000,X_return,2.314841,-10.049106
6.153000,X_return,2.309381,-9.361245
6.154000,X_return,2.303921,-8.702380
6.155000,X_return,2.298461,-8.043515
6.156000,X_return,2.293001,-7.384650
6.157000,X_return,2.287541,-6.725785
6.158000,X_return,2.282081,-6.066921
6.159000,X_return,2.276621,-5.408056
6.160000,X_return,2.271161,-4.749191
6.161000,X_return,2.265701,-5.426981
6.162000,X_return,2.260241,-6.530891
6.163000,X_return,2.254781,-7.634801
6.164000,X_return,2.249321,-8.738711
6.165000,X_return,2.243861,-9.842621
6.166000,X_return,2.238401,-10.946530
6.167000,X_return,2.232941,-12.050440
6.168000,X_return,2.227481,-12.964581
6.169000,X_return,2.222021,-13.118167
6.170000,X_return,2.216561,-13.271753
6.171000,X_return,2.211101,-13.425339
6.172000,X_return,2.205641,-13.578925
6.173000,X_return,2.200181,-13.732511
6.174000,X_return,2.194721,-13.886097
6.175000,X_return,2.189261,-14.039684
6.176000,X_return,2.183801,-13.224644
6.177000,X_return,2.178341,-11.867372
6.178000,X_return,2.172881,-10.510100
6.179000,X_return,2.167421,-9.152828
6.180000,X_return,2.161961,-7.795557
6.181000,X_return,2.156501,-6.438285
6.182000,X_return,2.151041,-5.081013
6.183000,X_return,2.145581,-3.749509
6.184000,X_return,2.140121,-2.704454
6.185000,X_return,2.134661,-1.659398
6.186000,X_return,2.129201,-0.614343
6.187000,X_return,2.123741,0.430713
6.188000,X_return,2.118281,1.475768
6.189000,X_return,2.112821,2.520823
6.190000,X_return,2.107361,3.565879
6.191000,X_return,2.101901,4.049194
6.192000,X_return,2.096441,4.022130
6.193000,X_return,2.090981,3.995065
6.194000,X_return,2.085521,3.968001
6.195000,X_return,2.080061,3.940936
6.196000,X_return,2.074601,3.913871
6.197000,X_return,2.069141,3.886807
6.198000,X_return,2.063681,3.859742
6.199000,X_return,2.058221,4.345540
6.200000,X_return,2.052761,4.849734
6.201000,X_return,2.047301,5.353927
6.202000,X_return,2.041841,5.858121
6.203000,X_return,2.036381,6.362315
6.204000,X_return,2.030921,6.866508
6.205000,X_return,2.025461,7.370702
6.206000,X_return,2.020001,7.969560
6.207000,X_return,2.014541,8.706462
6.208000,X_return,2.009081,9.443363
6.209000,X_return,2.003621,10.180265
6.210000,X_return,1.998161,10.917167
6.211000,X_return,1.992701,11.654068
6.212000,X_return,1.987241,12.390970
6.213000,X_return,1.981781,13.127872
6.214000,X_return,1.976321,13.278712
6.215000,X_return,1.970861,13.324680
6.216000,X_return,1.965401,13.370647
6.217000,X_return,1.959941,13.416615
6.218000,X_return,1.954481,13.462582
6.219000,X_return,1.949021,13.508549
6.220000,X_return,1.943561,13.554517
6.221000,X_return,1.938101,13.372827
6.222000,X_return,1.932641,12.632787
6.223000,X_return,1.927181,11.892746
6.224000,X_return,1.921721,11.152706
6.225000,X_return,1.916261,10.412665
6.226000,X_return,1.910801,9.672625
6.227000,X_return,1.905341,8.932584
6.228000,X_return,1.899881,8.192544
6.229000,X_return,1.894421,7.327866
6.230000,X_return,1.888961,6.417336
6.231000,X_return,1.883501,5.506806
6.232000,X_return,1.878041,4.596277
6.233000,X_return,1.872581,3.685747
6.234000,X_return,1.867121,2.775217
6.235000,X_return,1.861661,1.864687
6.236000,X_return,1.856201,1.036924
6.237000,X_return,1.850741,0.606260
6.238000,X_return,1.845281,0.175595
6.239000,X_return,1.839821,-0.255070
6.240000,X_return,1.834361,-0.685735
6.241000,X_return,1.828901,-1.116400
6.242000,X_return,1.823441,-1.547065
6.243000,X_return,1.817981,-1.977730
6.244000,X_return,1.814197,-2.393090
6.245000,X_return,1.811467,-2.798823
6.246000,X_return,1.808737,-3.204557
6.247000,X_return,1.806007,-3.610291
6.248000,X_return,1.803277,-4.016024
6.249000,X_return,1.800547,-4.421758
6.250000,X_return,1.797817,-4.827491
6.251000,X_return,1.795087,-5.233225
6.252000,X_return,1.792357,-5.638959
6.253000,X_return,1.789627,-6.044692
6.254000,X_return,1.786897,-6.450426
6.255000,X_return,1.784167,-6.856159
6.256000,X_return,1.781437,-7.261893
6.257000,X_return,1.778707,-7.667627
6.258000,X_return,1.775977,-8.073360
6.259000,X_return,1.771891,-8.672342
6.260000,X_return,1.766431,-9.467106
6.261000,X_return,1.760971,-10.261871
6.262000,X_return,1.755511,-11.056635
6.263000,X_return,1.750051,-11.851399
6.264000,X_return,1.744591,-12.646163
6.265000,X_return,1.739131,-13.440928
6.266000,X_return,1.733671,-14.235692
6.267000,X_return,1.728211,-14.430027
6.268000,X_return,1.722751,-14.584787
6.269000,X_return,1.717291,-14.739547
6.270000,X_return,1.711831,-14.894307
6.271000,X_return,1.706371,-15.049066
6.272000,X_return,1.700911,-15.203826
6.273000,X_return,1.695451,-15.358586
6.274000,X_return,1.689991,-15.391845
6.275000,X_return,1.684531,-15.226514
6.276000,X_return,1.679071,-15.061184
6.277000,X_return,1.673611,-14.895854
6.278000,X_return,1.668151,-14.730524
6.279000,X_return,1.662691,-14.565193
6.280000,X_return,1.657231,-14.399863
6.281000,X_return,1.651771,-14.234533
6.282000,X_return,1.646311,-14.812784
6.283000,X_return,1.640851,-15.553148
6.284000,X_return,1.635391,-16.293513
6.285000,X_return,1.629931,-17.033877
6.286000,X_return,1.624471,-17.774242
6.287000,X_return,1.619011,-18.514606
6.288000,X_return,1.613551,-19.254971
6.289000,X_return,1.608091,-19.927171
6.290000,X_return,1.602631,-20.407789
6.291000,X_return,1.597171,-20.888406
6.292000,X_return,1.591711,-21.369024
6.293000,X_return,1.586251,-21.849642
6.294000,X_return,1.580791,-22.330260
6.295000,X_return,1.575331,-22.810878
6.296000,X_return,1.569871,-23.291496
6.297000,X_return,1.564411,-23.359971
6.298000,X_return,1.558951,-23.255033
6.299000,X_return,1.553491,-23.150095
6.300000,X_return,1.548031,-23.045157
6.301000,X_return,1.542571,-22.940219
6.302000,X_return,1.537111,-22.835282
6.303000,X_return,1.531651,-22.730344
6.304000,X_return,1.526191,-22.709782
6.305000,X_return,1.520731,-23.185666
6.306000,X_return,1.515271,-23.661551
6.307000,X_return,1.509811,-24.137435
6.308000,X_return,1.504351,-24.613319
6.309000,X_return,1.498891,-25.089203
6.310000,X_return,1.493431,-25.565088
6.311000,X_return,1.487971,-26.040972
6.312000,X_return,1.482511,-26.830446
6.313000,X_return,1.477051,-27.840835
6.314000,X_return,1.471591,-28.851223
6.315000,X_return,1.466131,-29.861612
6.316000,X_return,1.460671,-30.872001
6.317000,X_return,1.455211,-31.882390
6.318000,X_return,1.449751,-32.892779
6.319000,X_return,1.444291,-33.890760
6.320000,X_return,1.438831,-34.459785
6.321000,X_return,1.433371,-35.028809
6.322000,X_return,1.427911,-35.597834
6.323000,X_return,1.422451,-36.166859
6.324000,X_return,1.416991,-36.735883
6.325000,X_return,1.411531,-37.304908
6.326000,X_return,1.406071,-37.873933
6.327000,X_return,1.400611,-38.032689
6.328000,X_return,1.395151,-37.727936
6.329000,X_return,1.389691,-37.423183
6.330000,X_return,1.384231,-37.118430
6.331000,X_return,1.378771,-36.813677
6.332000,X_return,1.373311,-36.508924
6.333000,X_return,1.367851,-36.204171
6.334000,X_return,1.362391,-35.899418
6.335000,X_return,1.356931,-35.985778
6.336000,X_return,1.351471,-36.110369
6.337000,X_return,1.346011,-36.234959
6.338000,X_return,1.340551,-36.359550
6.339000,X_return,1.335091,-36.484140
6.340000,X_return,1.329631,-36.608731
6.341000,X_return,1.324171,-36.733321
6.342000,X_return,1.318711,-37.114606
6.343000,X_return,1.313251,-37.967661
6.344000,X_return,1.307791,-38.820717
6.345000,X_return,1.302331,-39.673773
6.346000,X_return,1.296871,-40.526828
6.347000,X_return,1.291411,-41.379884
6.348000,X_return,1.285951,-42.232940
6.349000,X_return,1.280491,-43.085995
6.350000,X_return,1.277920,-43.027771
6.351000,X_return,1.276100,-42.732826
6.352000,X_return,1.274280,-42.437881
6.353000,X_return,1.272460,-42.142936
6.354000,X_return,1.270640,-41.847991
6.355000,X_return,1.268820,-41.553046
6.356000,X_return,1.267000,-41.258101
6.357000,X_return,1.265180,-40.963155
6.358000,X_return,1.263360,-40.668210
6.359000,X_return,1.261540,-40.373265
6.360000,X_return,1.259720,-40.078320
6.361000,X_return,1.257900,-39.783375
6.362000,X_return,1.256080,-39.488430
6.363000,X_return,1.254260,-39.193485
6.364000,X_return,1.252440,-38.898540
6.365000,X_return,1.250620,-38.603594
6.366000,X_return,1.248800,-38.308649
6.367000,X_return,1.246980,-38.013704
6.368000,X_return,1.245160,-37.718759
6.369000,X_return,1.243340,-37.423814
6.370000,X_return,1.241520,-37.128869
6.371000,X_return,1.239700,-36.833924
6.372000,X_return,1.237451,-36.600520
6.373000,X_return,1.231991,-36.826847
6.374000,X_return,1.226531,-37.053173
6.375000,X_return,1.221071,-37.279499
6.376000,X_return,1.215611,-37.505826
6.377000,X_return,1.210151,-37.732152
6.378000,X_return,1.204691,-37.958478
6.379000,X_return,1.199231,-38.184805
6.380000,X_return,1.193771,-37.275620
6.381000,X_return,1.188311,-35.472372
6.382000,X_return,1.182851,-33.669123
6.383000,X_return,1.177391,-31.865874
6.384000,X_return,1.171931,-30.062626
6.385000,X_return,1.166471,-28.259377
6.386000,X_return,1.161011,-26.456128
6.387000,X_return,1.155551,-24.651685
6.388000,X_return,1.150091,-21.525857
6.389000,X_return,1.144631,-18.400029
6.390000,X_return,1.139171,-15.274200
6.391000,X_return,1.133711,-12.148372
6.392000,X_return,1.128251,-9.022544
6.393000,X_return,1.122791,-5.896716
6.394000,X_return,1.117331,-2.770887
6.395000,X_return,1.111871,0.205187
6.396000,X_return,1.106411,2.992455
6.397000,X_return,1.100951,5.779723
6.398000,X_return,1.095491,8.566990
6.399000,X_return,1.090031,11.354258
6.400000,X_return,1.084571,14.141526
6.401000,X_return,1.079111,16.928793
6.402000,X_return,1.073651,19.716061
6.403000,X_return,1.068191,19.684267
6.404000,X_return,1.062731,19.281633
6.405000,X_return,1.057271,18.878999
6.406000,X_return,1.051811,18.476365
6.407000,X_return,1.046351,18.073730
6.408000,X_return,1.040891,17.671096
6.409000,X_return,1.035431,17.268462
6.410000,X_return,1.029971,16.821145
6.411000,X_return,1.024511,16.281094
6.412000,X_return,1.019051,15.741043
6.413000,X_return,1.013591,15.200992
6.414000,X_return,1.008131,14.660941
6.415000,X_return,1.002671,14.120890
6.416000,X_return,0.997211,13.580839
6.417000,X_return,0.991751,13.040788
6.418000,X_return,0.986291,11.510858
6.419000,X_return,0.980831,9.679528
6.420000,X_return,0.975371,7.848198
6.421000,X_return,0.969911,6.016868
6.422000,X_return,0.964451,4.185538
6.423000,X_return,0.958991,2.354209
6.424000,X_return,0.953531,0.522879
6.425000,X_return,0.948071,-1.348960
6.426000,X_return,0.942611,-3.375035
6.427000,X_return,0.937151,-5.401110
6.428000,X_return,0.931691,-7.427185
6.429000,X_return,0.926231,-9.453261
6.430000,X_return,0.920771,-11.479336
6.431000,X_return,0.915311,-13.505411
6.432000,X_return,0.909851,-15.531486
6.433000,X_return,0.904391,-16.675742
6.434000,X_return,0.898931,-17.343981
6.435000,X_return,0.893471,-18.012221
6.436000,X_return,0.888011,-18.680460
6.437000,X_return,0.882551,-19.348700
6.438000,X_return,0.877091,-20.016940
6.439000,X_return,0.871631,-20.685179
6.440000,X_return,0.866171,-21.070082
6.441000,X_return,0.860711,-18.619643
6.442000,X_return,0.855251,-16.169204
6.443000,X_return,0.849791,-13.718765
6.444000,X_return,0.844331,-11.268325
6.445000,X_return,0.838871,-8.817886
6.446000,X_return,0.833411,-6.367447
6.447000,X_return,0.827951,-3.917007
6.448000,X_return,0.822491,-1.284808
6.449000,X_return,0.817031,1.507111
6.450000,X_return,0.811571,4.299030
6.451000,X_return,0.806111,7.090949
6.452000,X_return,0.800651,9.882868
6.453000,X_return,0.795191,12.674787
6.454000,X_return,0.789731,15.466706
6.455000,X_return,0.784271,18.258624
6.456000,X_return,0.778811,18.343554
6.457000,X_return,0.773351,18.355350
6.458000,X_return,0.767891,18.367146
6.459000,X_return,0.762431,18.378942
6.460000,X_return,0.756971,18.390737
6.461000,X_return,0.751511,18.402533
6.462000,X_return,0.746051,18.414329
6.463000,X_return,0.740591,18.209307
6.464000,X_return,0.735131,17.698794
6.465000,X_return,0.729671,17.188282
6.466000,X_return,0.724211,16.677770
6.467000,X_return,0.718751,16.167258
6.468000,X_return,0.713291,15.656746
6.469000,X_return,0.707831,15.146233
6.470000,X_return,0.702371,14.635721
6.471000,X_return,0.696911,13.604460
6.472000,X_return,0.691451,12.485977
6.473000,X_return,0.685991,11.367494
6.474000,X_return,0.680531,10.249011
6.475000,X_return,0.675071,9.130528
6.476000,X_return,0.669611,8.012045
6.477000,X_return,0.664151,6.893562
6.478000,X_return,0.658691,5.723817
6.479000,X_return,0.653231,4.433292
6.480000,X_return,0.647771,3.142766
6.481000,X_return,0.642311,1.852240
6.482000,X_return,0.636851,0.561714
6.483000,X_return,0.631391,-0.728811
6.484000,X_return,0.625931,-2.019337
6.485000,X_return,0.620471,-3.309863
6.486000,X_return,0.615011,-3.818809
6.487000,X_return,0.609551,-4.052259
6.488000,X_return,0.604091,-4.285709
6.489000,X_return,0.598631,-4.519159
6.490000,X_return,0.593171,-4.752609
6.491000,X_return,0.587711,-4.986059
6.492000,X_return,0.582251,-5.219509
6.493000,X_return,0.576791,-4.947359
6.494000,X_return,0.571331,-2.384347
6.495000,X_return,0.565871,0.178665
6.496000,X_return,0.560411,2.741677
6.497000,X_return,0.554951,5.304688
6.498000,X_return,0.549491,7.867700
6.499000,X_return,0.544031,10.430712
6.500000,X_return,0.538571,12.993724
6.501000,X_return,0.533111,15.045680
6.502000,X_return,0.527651,16.787351
6.503000,X_return,0.522191,18.529021
6.504000,X_return,0.516731,20.270692
6.505000,X_return,0.511271,22.012362
6.506000,X_return,0.505811,23.754033
6.507000,X_return,0.500351,25.495703
6.508000,X_return,0.494891,27.101430
6.509000,X_return,0.489431,26.707034
6.510000,X_return,0.483971,26.312639
6.511000,X_return,0.478511,25.918243
6.512000,X_return,0.473051,25.523847
6.513000,X_return,0.467591,25.129452
6.514000,X_return,0.462131,24.735056
6.515000,X_return,0.456671,24.340661
6.516000,X_return,0.451211,23.944018
6.517000,X_return,0.445751,23.545175
6.518000,X_return,0.440291,23.146331
6.519000,X_return,0.434831,22.747488
6.520000,X_return,0.429371,22.348644
6.521000,X_return,0.423911,21.949801
6.522000,X_return,0.418451,21.550957
6.523000,X_return,0.412991,21.152114
6.524000,X_return,0.407531,20.890331
6.525000,X_return,0.402071,20.636297
6.526000,X_return,0.396611,20.382264
6.527000,X_return,0.391151,20.128230
6.528000,X_return,0.385691,19.874197
6.529000,X_return,0.380231,19.620163
6.530000,X_return,0.374771,19.366130
6.531000,X_return,0.369311,18.653861
6.532000,X_return,0.363851,17.218521
6.533000,X_return,0.358391,15.783180
6.534000,X_return,0.352931,14.347840
6.535000,X_return,0.347471,12.912500
6.536000,X_return,0.342011,11.477160
6.537000,X_return,0.336551,10.041820
6.538000,X_return,0.331091,8.606479
6.539000,X_return,0.325631,7.458563
6.540000,X_return,0.320171,6.369797
6.541000,X_return,0.314711,5.281031
6.542000,X_return,0.309251,4.192265
6.543000,X_return,0.303791,3.103499
6.544000,X_return,0.298331,2.014733
6.545000,X_return,0.292871,0.925967
6.546000,X_return,0.287411,0.505598
6.547000,X_return,0.281951,1.885536
6.548000,X_return,0.276491,3.265474
6.549000,X_return,0.271031,4.645412
6.550000,X_return,0.265571,6.025349
6.551000,X_return,0.260111,7.405287
6.552000,X_return,0.254651,8.785225
6.553000,X_return,0.249191,10.165163
6.554000,X_return,0.243731,11.648570
6.555000,X_return,0.238271,13.173795
6.556000,X_return,0.232811,14.699021
6.557000,X_return,0.227351,16.224246
6.558000,X_return,0.221891,17.749471
6.559000,X_return,0.216431,19.274697
6.560000,X_return,0.210971,20.799922
6.561000,X_return,0.205930,21.863329
6.562000,X_return,0.203200,20.381740
6.563000,X_return,0.200470,18.900150
6.564000,X_return,0.197740,17.418560
6.565000,X_return,0.195010,15.936970
6.566000,X_return,0.192280,14.455381
6.567000,X_return,0.189550,12.973791
6.568000,X_return,0.186820,11.492201
6.569000,X_return,0.184090,10.010612
6.570000,X_return,0.181360,8.529022
6.571000,X_return,0.178630,7.047432
6.572000,X_return,0.175900,5.565842
6.573000,X_return,0.173170,4.084253
6.574000,X_return,0.170440,2.602663
6.575000,X_return,0.167710,1.083689
6.576000,X_return,0.164880,-0.483828
6.577000,X_return,0.159420,-1.437903
6.578000,X_return,0.153960,-2.464574
6.579000,X_return,0.148500,-3.562168
6.580000,X_return,0.143040,-4.728547
6.581000,X_return,0.137580,-5.961131
6.582000,X_return,0.132120,-7.256910
6.583000,X_return,0.126660,-8.612463
6.584000,X_return,0.121200,-10.018987
6.585000,X_return,0.115740,-11.471849
6.586000,X_return,0.110280,-12.971998
6.587000,X_return,0.104820,-14.514621
6.588000,X_return,0.099360,-16.094628
6.589000,X_return,0.093900,-17.706689
6.590000,X_return,0.088440,-19.345263
6.591000,X_return,0.082980,-21.004640
6.592000,X_return,0.077520,-22.357922
6.593000,X_return,0.072060,-23.692024
6.594000,X_return,0.066600,-25.029136
6.595000,X_return,0.061140,-26.363238
6.596000,X_return,0.055680,-27.688327
6.597000,X_return,0.050220,-28.998461
6.598000,X_return,0.044760,-30.287792
6.599000,X_return,0.039300,-31.004754
6.600000,X_return,0.033840,-30.722178
6.601000,X_return,0.028380,-30.402218
6.602000,X_return,0.022920,-30.039783
6.603000,X_return,0.017460,-29.630061
6.604000,X_return,0.012000,-29.168545
6.605000,X_return,0.006540,-28.651063
6.606000,X_return,0.001080,-28.073807
6.607000,X_return,0.000000,-26.592725
6.608000,X_return,0.000000,-24.838054
6.609000,X_return,0.000000,-23.014597
6.610000,X_return,0.000000,-21.120219
6.611000,X_return,0.000000,-19.153244
6.612000,X_return,0.000000,-17.112467
6.613000,X_return,0.000000,-14.997164
6.614000,post_stop,0.000000,-13.171137
6.615000,post_stop,0.000000,-12.359762
6.616000,post_stop,0.000000,-11.548386
6.617000,post_stop,0.000000,-10.737011
6.618000,post_stop,0.000000,-9.925635
6.619000,post_stop,0.000000,-9.114260
6.620000,post_stop,0.000000,-8.302884
6.621000,post_stop,0.000000,-7.491509
6.622000,post_stop,0.000000,-7.268010
6.623000,post_stop,0.000000,-7.314900
6.624000,post_stop,0.000000,-7.361790
6.625000,post_stop,0.000000,-7.408680
6.626000,post_stop,0.000000,-7.455570
6.627000,post_stop,0.000000,-7.502460
6.628000,post_stop,0.000000,-7.549349
6.629000,post_stop,0.000000,-7.733350
6.630000,post_stop,0.000000,-8.865142
6.631000,post_stop,0.000000,-9.996934
6.632000,post_stop,0.000000,-11.128725
6.633000,post_stop,0.000000,-12.260517
6.634000,post_stop,0.000000,-13.392308
6.635000,post_stop,0.000000,-14.524100
6.636000,post_stop,0.000000,-15.655892
6.637000,post_stop,0.000000,-16.148500
6.638000,post_stop,0.000000,-16.154578
6.639000,post_stop,0.000000,-16.160657
6.640000,post_stop,0.000000,-16.166735
6.641000,post_stop,0.000000,-16.172813
6.642000,post_stop,0.000000,-16.178891
6.643000,post_stop,0.000000,-16.184969
6.644000,post_stop,0.000000,-16.185432
6.645000,post_stop,0.000000,-15.582677
6.646000,post_stop,0.000000,-14.979923
6.647000,post_stop,0.000000,-14.377169
6.648000,post_stop,0.000000,-13.774415
6.649000,post_stop,0.000000,-13.171661
6.650000,post_stop,0.000000,-12.568906
6.651000,post_stop,0.000000,-11.966152
6.652000,post_stop,0.000000,-11.258710
6.653000,post_stop,0.000000,-10.423650
6.654000,post_stop,0.000000,-9.588589
6.655000,post_stop,0.000000,-8.753528
6.656000,post_stop,0.000000,-7.918467
6.657000,post_stop,0.000000,-7.083406
6.658000,post_stop,0.000000,-6.248346
6.659000,post_stop,0.000000,-5.413285
6.660000,post_stop,0.000000,-5.339008
6.661000,post_stop,0.000000,-5.356780
6.662000,post_stop,0.000000,-5.374553
6.663000,post_stop,0.000000,-5.392326
6.664000,post_stop,0.000000,-5.410098
6.665000,post_stop,0.000000,-5.427871
6.666000,post_stop,0.000000,-5.445644
6.667000,post_stop,0.000000,-5.516207
6.668000,post_stop,0.000000,-5.692277
6.669000,post_stop,0.000000,-5.868347
6.670000,post_stop,0.000000,-6.044417
6.671000,post_stop,0.000000,-6.220487
6.672000,post_stop,0.000000,-6.396558
6.673000,post_stop,0.000000,-6.572628
6.674000,post_stop,0.000000,-6.748698
6.675000,post_stop,0.000000,-7.259120
6.676000,post_stop,0.000000,-7.866663
6.677000,post_stop,0.000000,-8.474206
6.678000,post_stop,0.000000,-9.081749
6.679000,post_stop,0.000000,-9.689292
6.680000,post_stop,0.000000,-10.296835
6.681000,post_stop,0.000000,-10.904379
6.682000,post_stop,0.000000,-11.567745
6.683000,post_stop,0.000000,-12.433333
6.684000,post_stop,0.000000,-13.298922
6.685000,post_stop,0.000000,-14.164511
6.686000,post_stop,0.000000,-15.030100
6.687000,post_stop,0.000000,-15.895689
6.688000,post_stop,0.000000,-16.761278
6.689000,post_stop,0.000000,-17.626867
6.690000,post_stop,0.000000,-18.036943
6.691000,post_stop,0.000000,-18.210000
6.692000,post_stop,0.000000,-18.383057
6.693000,post_stop,0.000000,-18.556115
6.694000,post_stop,0.000000,-18.729172
6.695000,post_stop,0.000000,-18.902230
6.696000,post_stop,0.000000,-19.075287
6.697000,post_stop,0.000000,-19.134592
6.698000,post_stop,0.000000,-18.160622
6.699000,post_stop,0.000000,-17.186652
6.700000,post_stop,0.000000,-16.212682
6.701000,post_stop,0.000000,-15.238712
6.702000,post_stop,0.000000,-14.264741
6.703000,post_stop,0.000000,-13.290771
6.704000,post_stop,0.000000,-12.316801
6.705000,post_stop,0.000000,-11.187947
6.706000,post_stop,0.000000,-9.927469
6.707000,post_stop,0.000000,-8.666991
6.708000,post_stop,0.000000,-7.406513
6.709000,post_stop,0.000000,-6.146035
6.710000,post_stop,0.000000,-4.885557
6.711000,post_stop,0.000000,-3.625079
6.712000,post_stop,0.000000,-2.364600
6.713000,post_stop,0.000000,-2.122650
6.714000,post_stop,0.000000,-1.899354
6.715000,post_stop,0.000000,-1.676058
6.716000,post_stop,0.000000,-1.452762
6.717000,post_stop,0.000000,-1.229466
6.718000,post_stop,0.000000,-1.006170
6.719000,post_stop,0.000000,-0.782874
6.720000,post_stop,0.000000,-0.945106
6.721000,post_stop,0.000000,-1.632287
6.722000,post_stop,0.000000,-2.319467
6.723000,post_stop,0.000000,-3.006648
6.724000,post_stop,0.000000,-3.693829
6.725000,post_stop,0.000000,-4.381009
6.726000,post_stop,0.000000,-5.068190
6.727000,post_stop,0.000000,-5.755371
6.728000,post_stop,0.000000,-6.806374
6.729000,post_stop,0.000000,-7.914229
6.730000,post_stop,0.000000,-9.022084
6.731000,post_stop,0.000000,-10.129939
6.732000,post_stop,0.000000,-11.237793
6.733000,post_stop,0.000000,-12.345648
6.734000,post_stop,0.000000,-13.453503
6.735000,post_stop,0.000000,-14.304980
6.736000,post_stop,0.000000,-14.575761
6.737000,post_stop,0.000000,-14.846541
6.738000,post_stop,0.000000,-15.117321
6.739000,post_stop,0.000000,-15.388102
6.740000,post_stop,0.000000,-15.658882
6.741000,post_stop,0.000000,-15.929662
6.742000,post_stop,0.000000,-16.200442
6.743000,post_stop,0.000000,-16.211917
6.744000,post_stop,0.000000,-16.135893
6.745000,post_stop,0.000000,-16.059869
6.746000,post_stop,0.000000,-15.983845
6.747000,post_stop,0.000000,-15.907821
6.748000,post_stop,0.000000,-15.831797
6.749000,post_stop,0.000000,-15.755773
6.750000,post_stop,0.000000,-15.523413
6.751000,post_stop,0.000000,-14.620739
6.752000,post_stop,0.000000,-13.718066
6.753000,post_stop,0.000000,-12.815392
6.754000,post_stop,0.000000,-11.912718
6.755000,post_stop,0.000000,-11.010045
6.756000,post_stop,0.000000,-10.107371
6.757000,post_stop,0.000000,-9.204697
6.758000,post_stop,0.000000,-8.623525
6.759000,post_stop,0.000000,-8.230732
6.760000,post_stop,0.000000,-7.837939
6.761000,post_stop,0.000000,-7.445146
6.762000,post_stop,0.000000,-7.052353
6.763000,post_stop,0.000000,-6.659560
6.764000,post_stop,0.000000,-6.266767
6.765000,post_stop,0.000000,-5.883016
6.766000,post_stop,0.000000,-5.615864
6.767000,post_stop,0.000000,-5.348712
6.768000,post_stop,0.000000,-5.081560
6.769000,post_stop,0.000000,-4.814408
6.770000,post_stop,0.000000,-4.547256
6.771000,post_stop,0.000000,-4.280105
6.772000,post_stop,0.000000,-4.012953
6.773000,post_stop,0.000000,-4.178019
6.774000,post_stop,0.000000,-4.752767
6.775000,post_stop,0.000000,-5.327516
6.776000,post_stop,0.000000,-5.902265
6.777000,post_stop,0.000000,-6.477013
6.778000,post_stop,0.000000,-7.051762
6.779000,post_stop,0.000000,-7.626511
6.780000,post_stop,0.000000,-8.201259
6.781000,post_stop,0.000000,-8.776008
6.782000,post_stop,0.000000,-9.350756
6.783000,post_stop,0.000000,-9.925505
6.784000,post_stop,0.000000,-10.500254
6.785000,post_stop,0.000000,-11.075002
6.786000,post_stop,0.000000,-11.649751
6.787000,post_stop,0.000000,-12.224500
6.788000,post_stop,0.000000,-12.807029
6.789000,post_stop,0.000000,-13.401414
6.790000,post_stop,0.000000,-13.995799
6.791000,post_stop,0.000000,-14.590184
6.792000,post_stop,0.000000,-15.184569
6.793000,post_stop,0.000000,-15.778954
6.794000,post_stop,0.000000,-16.373339
6.795000,post_stop,0.000000,-16.967724
6.796000,post_stop,0.000000,-16.626778
6.797000,post_stop,0.000000,-16.104547
6.798000,post_stop,0.000000,-15.582315
6.799000,post_stop,0.000000,-15.060084
6.800000,post_stop,0.000000,-14.537853
6.801000,post_stop,0.000000,-14.015622
6.802000,post_stop,0.000000,-13.493390
6.803000,post_stop,0.000000,-12.827400
6.804000,post_stop,0.000000,-11.790031
6.805000,post_stop,0.000000,-10.752661
6.806000,post_stop,0.000000,-9.715292
6.807000,post_stop,0.000000,-8.677922
6.808000,post_stop,0.000000,-7.640553
6.809000,post_stop,0.000000,-6.603184
6.810000,post_stop,0.000000,-5.565814
6.811000,post_stop,0.000000,-4.852648
6.812000,post_stop,0.000000,-4.265255
6.813000,post_stop,0.000000,-3.677862
6.814000,post_stop,0.000000,-3.090469
6.815000,post_stop,0.000000,-2.503076
6.816000,post_stop,0.000000,-1.915682
6.817000,post_stop,0.000000,-1.328289
6.818000,post_stop,0.000000,-0.917511
6.819000,post_stop,0.000000,-1.420930
6.820000,post_stop,0.000000,-1.924350
6.821000,post_stop,0.000000,-2.427769
6.822000,post_stop,0.000000,-2.931189
6.823000,post_stop,0.000000,-3.434608
6.824000,post_stop,0.000000,-3.938028
6.825000,post_stop,0.000000,-4.441447
6.826000,post_stop,0.000000,-5.027722
6.827000,post_stop,0.000000,-5.668472
6.828000,post_stop,0.000000,-6.309222
6.829000,post_stop,0.000000,-6.949971
6.830000,post_stop,0.000000,-7.590721
6.831000,post_stop,0.000000,-8.231470
6.832000,post_stop,0.000000,-8.872220
6.833000,post_stop,0.000000,-9.503097
6.834000,post_stop,0.000000,-9.923257
6.835000,post_stop,0.000000,-10.343417
6.836000,post_stop,0.000000,-10.763577
6.837000,post_stop,0.000000,-11.183737
6.838000,post_stop,0.000000,-11.603897
6.839000,post_stop,0.000000,-12.024057
6.840000,post_stop,0.000000,-12.444217
6.841000,post_stop,0.000000,-12.765897
6.842000,post_stop,0.000000,-12.983494
6.843000,post_stop,0.000000,-13.201091
6.844000,post_stop,0.000000,-13.418689
6.845000,post_stop,0.000000,-13.636286
6.846000,post_stop,0.000000,-13.853883
6.847000,post_stop,0.000000,-14.071480
6.848000,post_stop,0.000000,-14.289078
6.849000,post_stop,0.000000,-14.230086
6.850000,post_stop,0.000000,-14.149505
6.851000,post_stop,0.000000,-14.068925
6.852000,post_stop,0.000000,-13.988344
6.853000,post_stop,0.000000,-13.907763
6.854000,post_stop,0.000000,-13.827182
6.855000,post_stop,0.000000,-13.746601
6.856000,post_stop,0.000000,-13.538046
6.857000,post_stop,0.000000,-13.110667
6.858000,post_stop,0.000000,-12.683287
6.859000,post_stop,0.000000,-12.255907
6.860000,post_stop,0.000000,-11.828528
6.861000,post_stop,0.000000,-11.401148
6.862000,post_stop,0.000000,-10.973769
6.863000,post_stop,0.000000,-10.546389
6.864000,post_stop,0.000000,-10.185576
6.865000,post_stop,0.000000,-9.840333
6.866000,post_stop,0.000000,-9.495090
6.867000,post_stop,0.000000,-9.149847
6.868000,post_stop,0.000000,-8.804604
6.869000,post_stop,0.000000,-8.459361
6.870000,post_stop,0.000000,-8.114118
6.871000,post_stop,0.000000,-7.880592
6.872000,post_stop,0.000000,-7.978919
6.873000,post_stop,0.000000,-8.077246
6.874000,post_stop,0.000000,-8.175573
6.875000,post_stop,0.000000,-8.273900
6.876000,post_stop,0.000000,-8.372227
6.877000,post_stop,0.000000,-8.470554
6.878000,post_stop,0.000000,-8.568881
6.879000,post_stop,0.000000,-8.876697
6.880000,post_stop,0.000000,-9.277195
6.881000,post_stop,0.000000,-9.677692
6.882000,post_stop,0.000000,-10.078190
6.883000,post_stop,0.000000,-10.478688
6.884000,post_stop,0.000000,-10.879186
6.885000,post_stop,0.000000,-11.279684
6.886000,post_stop,0.000000,-11.695714
6.887000,post_stop,0.000000,-12.211525
6.888000,post_stop,0.000000,-12.727335
6.889000,post_stop,0.000000,-13.243145
6.890000,post_stop,0.000000,-13.758956
6.891000,post_stop,0.000000,-14.274766
6.892000,post_stop,0.000000,-14.790577
6.893000,post_stop,0.000000,-15.306387
6.894000,post_stop,0.000000,-15.239719
6.895000,post_stop,0.000000,-14.744498
6.896000,post_stop,0.000000,-14.249278
6.897000,post_stop,0.000000,-13.754057
6.898000,post_stop,0.000000,-13.258836
6.899000,post_stop,0.000000,-12.763615
6.900000,post_stop,0.000000,-12.268395
6.901000,post_stop,0.000000,-11.774636
6.902000,post_stop,0.000000,-11.362765
6.903000,post_stop,0.000000,-10.950895
6.904000,post_stop,0.000000,-10.539024
6.905000,post_stop,0.000000,-10.127153
6.906000,post_stop,0.000000,-9.715282
6.907000,post_stop,0.000000,-9.303412
6.908000,post_stop,0.000000,-8.891541
6.909000,post_stop,0.000000,-8.624722
6.910000,post_stop,0.000000,-8.528892
6.911000,post_stop,0.000000,-8.433062
6.912000,post_stop,0.000000,-8.337232
6.913000,post_stop,0.000000,-8.241402
6.914000,post_stop,0.000000,-8.145572
6.915000,post_stop,0.000000,-8.049742
6.916000,post_stop,0.000000,-7.953912
6.917000,post_stop,0.000000,-8.449860
6.918000,post_stop,0.000000,-9.011280
6.919000,post_stop,0.000000,-9.572700
6.920000,post_stop,0.000000,-10.134120
6.921000,post_stop,0.000000,-10.695539
6.922000,post_stop,0.000000,-11.256959
6.923000,post_stop,0.000000,-11.818379
6.924000,post_stop,0.000000,-12.241906
6.925000,post_stop,0.000000,-12.399903
6.926000,post_stop,0.000000,-12.557901
6.927000,post_stop,0.000000,-12.715898
6.928000,post_stop,0.000000,-12.873895
6.929000,post_stop,0.000000,-13.031893
6.930000,post_stop,0.000000,-13.189890
6.931000,post_stop,0.000000,-13.347888
6.932000,post_stop,0.000000,-13.563079
6.933000,post_stop,0.000000,-13.794099
6.934000,post_stop,0.000000,-14.025120
6.935000,post_stop,0.000000,-14.256140
6.936000,post_stop,0.000000,-14.487161
6.937000,post_stop,0.000000,-14.718181
6.938000,post_stop,0.000000,-14.949202
6.939000,post_stop,0.000000,-15.031867
6.940000,post_stop,0.000000,-14.602503
6.941000,post_stop,0.000000,-14.173139
6.942000,post_stop,0.000000,-13.743775
6.943000,post_stop,0.000000,-13.314411
6.944000,post_stop,0.000000,-12.885047
6.945000,post_stop,0.000000,-12.455683
6.946000,post_stop,0.000000,-12.026320
6.947000,post_stop,0.000000,-11.564152
6.948000,post_stop,0.000000,-11.085539
6.949000,post_stop,0.000000,-10.606925
6.950000,post_stop,0.000000,-10.128312
6.951000,post_stop,0.000000,-9.649698
6.952000,post_stop,0.000000,-9.171085
6.953000,post_stop,0.000000,-8.692472
6.954000,post_stop,0.000000,-8.206000
6.955000,post_stop,0.000000,-7.654283
6.956000,post_stop,0.000000,-7.102565
6.957000,post_stop,0.000000,-6.550847
6.958000,post_stop,0.000000,-5.999130
6.959000,post_stop,0.000000,-5.447412
6.960000,post_stop,0.000000,-4.895694
6.961000,post_stop,0.000000,-4.343977
6.962000,post_stop,0.000000,-3.878299
6.963000,post_stop,0.000000,-3.483326
6.964000,post_stop,0.000000,-3.088354
6.965000,post_stop,0.000000,-2.693381
6.966000,post_stop,0.000000,-2.298408
6.967000,post_stop,0.000000,-1.903436
6.968000,post_stop,0.000000,-1.508463
6.969000,post_stop,0.000000,-1.113491
6.970000,post_stop,0.000000,-1.666523
6.971000,post_stop,0.000000,-2.228807
6.972000,post_stop,0.000000,-2.791091
6.973000,post_stop,0.000000,-3.353376
6.974000,post_stop,0.000000,-3.915660
6.975000,post_stop,0.000000,-4.477944
6.976000,post_stop,0.000000,-5.040228
6.977000,post_stop,0.000000,-5.706446
6.978000,post_stop,0.000000,-6.509452
6.979000,post_stop,0.000000,-7.312458
6.980000,post_stop,0.000000,-8.115464
6.981000,post_stop,0.000000,-8.918470
6.982000,post_stop,0.000000,-9.721476
6.983000,post_stop,0.000000,-10.524483
6.984000,post_stop,0.000000,-11.327489
6.985000,post_stop,0.000000,-11.615307
6.986000,post_stop,0.000000,-11.828297
6.987000,post_stop,0.000000,-12.041287
6.988000,post_stop,0.000000,-12.254277
6.989000,post_stop,0.000000,-12.467267
6.990000,post_stop,0.000000,-12.680257
6.991000,post_stop,0.000000,-12.893247
6.992000,post_stop,0.000000,-13.106237
6.993000,post_stop,0.000000,-13.319227
6.994000,post_stop,0.000000,-13.532218
6.995000,post_stop,0.000000,-13.745208
6.996000,post_stop,0.000000,-13.958198
6.997000,post_stop,0.000000,-14.171188
6.998000,post_stop,0.000000,-14.384178
6.999000,post_stop,0.000000,-14.597168
7.000000,post_stop,0.000000,-14.181014
7.001000,post_stop,0.000000,-13.561824
7.002000,post_stop,0.000000,-12.942635
7.003000,post_stop,0.000000,-12.323445
7.004000,post_stop,0.000000,-11.704255
7.005000,post_stop,0.000000,-11.085066
7.006000,post_stop,0.000000,-10.465876
7.007000,post_stop,0.000000,-9.832161
7.008000,post_stop,0.000000,-9.139402
7.009000,post_stop,0.000000,-8.446644
7.010000,post_stop,0.000000,-7.753886
7.011000,post_stop,0.000000,-7.061128
7.012000,post_stop,0.000000,-6.368369
7.013000,post_stop,0.000000,-5.675611
7.014000,post_stop,0.000000,-4.982853
7.015000,post_stop,0.000000,-4.552942
7.016000,post_stop,0.000000,-4.271615
7.017000,post_stop,0.000000,-3.990288
7.018000,post_stop,0.000000,-3.708961
7.019000,post_stop,0.000000,-3.427634
7.020000,post_stop,0.000000,-3.146307
7.021000,post_stop,0.000000,-2.864980
7.022000,post_stop,0.000000,-2.610836
7.023000,post_stop,0.000000,-2.668092
7.024000,post_stop,0.000000,-2.725347
7.025000,post_stop,0.000000,-2.782603
7.026000,post_stop,0.000000,-2.839859
7.027000,post_stop,0.000000,-2.897115
7.028000,post_stop,0.000000,-2.954371
7.029000,post_stop,0.000000,-3.011627
7.030000,post_stop,0.000000,-3.264431
7.031000,post_stop,0.000000,-3.696515
7.032000,post_stop,0.000000,-4.128598
7.033000,post_stop,0.000000,-4.560682
7.034000,post_stop,0.000000,-4.992765
7.035000,post_stop,0.000000,-5.424849
7.036000,post_stop,0.000000,-5.856932
7.037000,post_stop,0.000000,-6.289016
7.038000,post_stop,0.000000,-6.411203
7.039000,post_stop,0.000000,-6.521526
7.040000,post_stop,0.000000,-6.631849
7.041000,post_stop,0.000000,-6.742171
7.042000,post_stop,0.000000,-6.852494
7.043000,post_stop,0.000000,-6.962816
7.044000,post_stop,0.000000,-7.073139
7.045000,post_stop,0.000000,-7.280154
7.046000,post_stop,0.000000,-7.629492
7.047000,post_stop,0.000000,-7.978829
7.048000,post_stop,0.000000,-8.328167
7.049000,post_stop,0.000000,-8.677504
7.050000,post_stop,0.000000,-9.026842
7.051000,post_stop,0.000000,-9.376179
7.052000,post_stop,0.000000,-9.725517
7.053000,post_stop,0.000000,-9.763492
7.054000,post_stop,0.000000,-9.744776
7.055000,post_stop,0.000000,-9.726059
7.056000,post_stop,0.000000,-9.707342
7.057000,post_stop,0.000000,-9.688625
7.058000,post_stop,0.000000,-9.669908
7.059000,post_stop,0.000000,-9.651191
7.060000,post_stop,0.000000,-9.516139
7.061000,post_stop,0.000000,-9.092619
7.062000,post_stop,0.000000,-8.669098
7.063000,post_stop,0.000000,-8.245578
7.064000,post_stop,0.000000,-7.822058
7.065000,post_stop,0.000000,-7.398538
7.066000,post_stop,0.000000,-6.975018
7.067000,post_stop,0.000000,-6.551498
7.068000,post_stop,0.000000,-6.549655
7.069000,post_stop,0.000000,-6.704717
7.070000,post_stop,0.000000,-6.859780
7.071000,post_stop,0.000000,-7.014842
7.072000,post_stop,0.000000,-7.169905
7.073000,post_stop,0.000000,-7.324967
7.074000,post_stop,0.000000,-7.480030
7.075000,post_stop,0.000000,-7.605517
7.076000,post_stop,0.000000,-7.586843
7.077000,post_stop,0.000000,-7.568170
7.078000,post_stop,0.000000,-7.549496
7.079000,post_stop,0.000000,-7.530823
7.080000,post_stop,0.000000,-7.512149
7.081000,post_stop,0.000000,-7.493475
7.082000,post_stop,0.000000,-7.474802
7.083000,post_stop,0.000000,-7.364620
7.084000,post_stop,0.000000,-7.196338
7.085000,post_stop,0.000000,-7.028056
7.086000,post_stop,0.000000,-6.859774
7.087000,post_stop,0.000000,-6.691492
7.088000,post_stop,0.000000,-6.523210
7.089000,post_stop,0.000000,-6.354928
7.090000,post_stop,0.000000,-6.167610
7.091000,post_stop,0.000000,-5.640661
7.092000,post_stop,0.000000,-5.113712
7.093000,post_stop,0.000000,-4.586763
7.094000,post_stop,0.000000,-4.059815
7.095000,post_stop,0.000000,-3.532866
7.096000,post_stop,0.000000,-3.005917
7.097000,post_stop,0.000000,-2.478968
7.098000,post_stop,0.000000,-2.181855
7.099000,post_stop,0.000000,-2.119694
7.100000,post_stop,0.000000,-2.057533
7.101000,post_stop,0.000000,-1.995372
7.102000,post_stop,0.000000,-1.933211
7.103000,post_stop,0.000000,-1.871050
7.104000,post_stop,0.000000,-1.808889
7.105000,post_stop,0.000000,-1.746728
7.106000,post_stop,0.000000,-1.550504
7.107000,post_stop,0.000000,-1.345100
7.108000,post_stop,0.000000,-1.139696
7.109000,post_stop,0.000000,-0.934291
7.110000,post_stop,0.000000,-0.728887
7.111000,post_stop,0.000000,-0.523483
7.112000,post_stop,0.000000,-0.318079
7.113000,post_stop,0.000000,-0.374762
7.114000,post_stop,0.000000,-0.863929
7.115000,post_stop,0.000000,-1.353095
7.116000,post_stop,0.000000,-1.842262
7.117000,post_stop,0.000000,-2.331428
7.118000,post_stop,0.000000,-2.820595
7.119000,post_stop,0.000000,-3.309761
7.120000,post_stop,0.000000,-3.798928
7.121000,post_stop,0.000000,-4.172393
7.122000,post_stop,0.000000,-4.520247
7.123000,post_stop,0.000000,-4.868100
7.124000,post_stop,0.000000,-5.215954
7.125000,post_stop,0.000000,-5.563808
7.126000,post_stop,0.000000,-5.911661
7.127000,post_stop,0.000000,-6.259515
7.128000,post_stop,0.000000,-6.607426
7.129000,post_stop,0.000000,-6.955500
7.130000,post_stop,0.000000,-7.303575
7.131000,post_stop,0.000000,-7.651649
7.132000,post_stop,0.000000,-7.999723
7.133000,post_stop,0.000000,-8.347798
7.134000,post_stop,0.000000,-8.695872
7.135000,post_stop,0.000000,-9.043946
7.136000,post_stop,0.000000,-8.967443
7.137000,post_stop,0.000000,-8.710361
7.138000,post_stop,0.000000,-8.453279
7.139000,post_stop,0.000000,-8.196197
7.140000,post_stop,0.000000,-7.939116
7.141000,post_stop,0.000000,-7.682034
7.142000,post_stop,0.000000,-7.424952
7.143000,post_stop,0.000000,-7.146533
7.144000,post_stop,0.000000,-6.740261
7.145000,post_stop,0.000000,-6.333988
7.146000,post_stop,0.000000,-5.927716
7.147000,post_stop,0.000000,-5.521444
7.148000,post_stop,0.000000,-5.115172
7.149000,post_stop,0.000000,-4.708900
7.150000,post_stop,0.000000,-4.302627
7.151000,post_stop,0.000000,-3.700883
7.152000,post_stop,0.000000,-2.960151
7.153000,post_stop,0.000000,-2.219420
7.154000,post_stop,0.000000,-1.478688
7.155000,post_stop,0.000000,-0.737957
7.156000,post_stop,0.000000,0.002775
7.157000,post_stop,0.000000,0.743506
7.158000,post_stop,0.000000,1.479411
7.159000,post_stop,0.000000,2.033520
7.160000,post_stop,0.000000,2.587629
7.161000,post_stop,0.000000,3.141739
7.162000,post_stop,0.000000,3.695848
7.163000,post_stop,0.000000,4.249957
7.164000,post_stop,0.000000,4.804067
7.165000,post_stop,0.000000,5.358176
7.166000,post_stop,0.000000,5.681704
7.167000,post_stop,0.000000,5.742364
7.168000,post_stop,0.000000,5.803024
7.169000,post_stop,0.000000,5.863684
7.170000,post_stop,0.000000,5.924344
7.171000,post_stop,0.000000,5.985004
7.172000,post_stop,0.000000,6.045664
7.173000,post_stop,0.000000,6.106324
7.174000,post_stop,0.000000,5.874483
7.175000,post_stop,0.000000,5.613256
7.176000,post_stop,0.000000,5.352028
7.177000,post_stop,0.000000,5.090801
7.178000,post_stop,0.000000,4.829573
7.179000,post_stop,0.000000,4.568346
7.180000,post_stop,0.000000,4.307119
7.181000,post_stop,0.000000,3.986568
7.182000,post_stop,0.000000,3.555907
7.183000,post_stop,0.000000,3.125246
7.184000,post_stop,0.000000,2.694585
7.185000,post_stop,0.000000,2.263924
7.186000,post_stop,0.000000,1.833263
7.187000,post_stop,0.000000,1.402602
7.188000,post_stop,0.000000,0.971941
7.189000,post_stop,0.000000,0.648246
7.190000,post_stop,0.000000,0.352722
7.191000,post_stop,0.000000,0.057197
7.192000,post_stop,0.000000,-0.238328
7.193000,post_stop,0.000000,-0.533853
7.194000,post_stop,0.000000,-0.829377
7.195000,post_stop,0.000000,-1.124902
7.196000,post_stop,0.000000,-1.348818
7.197000,post_stop,0.000000,-1.336970
7.198000,post_stop,0.000000,-1.325122
7.199000,post_stop,0.000000,-1.313273
7.200000,post_stop,0.000000,-1.301425
7.201000,post_stop,0.000000,-1.289577
7.202000,post_stop,0.000000,-1.277728
7.203000,post_stop,0.000000,-1.265880
7.204000,post_stop,0.000000,-1.254032
7.205000,post_stop,0.000000,-1.242183
7.206000,post_stop,0.000000,-1.230335
7.207000,post_stop,0.000000,-1.218487
7.208000,post_stop,0.000000,-1.206639
7.209000,post_stop,0.000000,-1.194790
7.210000,post_stop,0.000000,-1.182942
7.211000,post_stop,0.000000,-1.153374
7.212000,post_stop,0.000000,-0.988521
7.213000,post_stop,0.000000,-0.823669
7.214000,post_stop,0.000000,-0.658816
7.215000,post_stop,0.000000,-0.493964
7.216000,post_stop,0.000000,-0.329111
7.217000,post_stop,0.000000,-0.164259
7.218000,post_stop,0.000000,0.000594
7.219000,post_stop,0.000000,0.311317
7.220000,post_stop,0.000000,0.737948
7.221000,post_stop,0.000000,1.164578
7.222000,post_stop,0.000000,1.591208
7.223000,post_stop,0.000000,2.017839
7.224000,post_stop,0.000000,2.444469
7.225000,post_stop,0.000000,2.871099
7.226000,post_stop,0.000000,3.297729
7.227000,post_stop,0.000000,3.442378
7.228000,post_stop,0.000000,3.586647
7.229000,post_stop,0.000000,3.730917
7.230000,post_stop,0.000000,3.875186
7.231000,post_stop,0.000000,4.019455
7.232000,post_stop,0.000000,4.163724
7.233000,post_stop,0.000000,4.307993
7.234000,post_stop,0.000000,4.366727
7.235000,post_stop,0.000000,4.316633
7.236000,post_stop,0.000000,4.266538
7.237000,post_stop,0.000000,4.216444
7.238000,post_stop,0.000000,4.166350
7.239000,post_stop,0.000000,4.116255
7.240000,post_stop,0.000000,4.066161
7.241000,post_stop,0.000000,4.016067
7.242000,post_stop,0.000000,4.164439
7.243000,post_stop,0.000000,4.339491
7.244000,post_stop,0.000000,4.514544
7.245000,post_stop,0.000000,4.689596
7.246000,post_stop,0.000000,4.864648
7.247000,post_stop,0.000000,5.039701
7.248000,post_stop,0.000000,5.214753
7.249000,post_stop,0.000000,5.278031
7.250000,post_stop,0.000000,5.106945
7.251000,post_stop,0.000000,4.935858
7.252000,post_stop,0.000000,4.764771
7.253000,post_stop,0.000000,4.593685
7.254000,post_stop,0.000000,4.422598
7.255000,post_stop,0.000000,4.251512
7.256000,post_stop,0.000000,4.080425
7.257000,post_stop,0.000000,4.004759
7.258000,post_stop,0.000000,3.958512
7.259000,post_stop,0.000000,3.912266
7.260000,post_stop,0.000000,3.866019
7.261000,post_stop,0.000000,3.819773
7.262000,post_stop,0.000000,3.773526
7.263000,post_stop,0.000000,3.727280
7.264000,post_stop,0.000000,3.604038
7.265000,post_stop,0.000000,3.183597
7.266000,post_stop,0.000000,2.763156
7.267000,post_stop,0.000000,2.342715
7.268000,post_stop,0.000000,1.922274
7.269000,post_stop,0.000000,1.501833
7.270000,post_stop,0.000000,1.081392
7.271000,post_stop,0.000000,0.660950
7.272000,post_stop,0.000000,0.453797
7.273000,post_stop,0.000000,0.362919
7.274000,post_stop,0.000000,0.272041
7.275000,post_stop,0.000000,0.181163
7.276000,post_stop,0.000000,0.090284
7.277000,post_stop,0.000000,-0.000594
7.278000,post_stop,0.000000,-0.091472
7.279000,post_stop,0.000000,-0.147457
7.280000,post_stop,0.000000,0.155469
7.281000,post_stop,0.000000,0.458396
7.282000,post_stop,0.000000,0.761322
7.283000,post_stop,0.000000,1.064249
7.284000,post_stop,0.000000,1.367175
7.285000,post_stop,0.000000,1.670102
7.286000,post_stop,0.000000,1.973028
7.287000,post_stop,0.000000,2.393109
7.288000,post_stop,0.000000,2.917072
7.289000,post_stop,0.000000,3.441034
7.290000,post_stop,0.000000,3.964997
7.291000,post_stop,0.000000,4.488959
7.292000,post_stop,0.000000,5.012922
7.293000,post_stop,0.000000,5.536884
7.294000,post_stop,0.000000,6.060847
7.295000,post_stop,0.000000,6.431906
7.296000,post_stop,0.000000,6.798471
7.297000,post_stop,0.000000,7.165035
7.298000,post_stop,0.000000,7.531600
7.299000,post_stop,0.000000,7.898165
7.300000,post_stop,0.000000,8.264730
7.301000,post_stop,0.000000,8.631294
7.302000,post_stop,0.000000,8.905427
7.303000,post_stop,0.000000,9.048114
7.304000,post_stop,0.000000,9.190801
7.305000,post_stop,0.000000,9.333487
7.306000,post_stop,0.000000,9.476174
7.307000,post_stop,0.000000,9.618861
7.308000,post_stop,0.000000,9.761547
7.309000,post_stop,0.000000,9.904234
7.310000,post_stop,0.000000,10.046920
7.311000,post_stop,0.000000,10.189607
7.312000,post_stop,0.000000,10.332294
7.313000,post_stop,0.000000,10.474980
7.314000,post_stop,0.000000,10.617667
7.315000,post_stop,0.000000,10.760354
7.316000,post_stop,0.000000,10.903040
7.317000,post_stop,0.000000,10.986065
7.318000,post_stop,0.000000,10.926993
7.319000,post_stop,0.000000,10.867920
7.320000,post_stop,0.000000,10.808848
7.321000,post_stop,0.000000,10.749775
7.322000,post_stop,0.000000,10.690702
7.323000,post_stop,0.000000,10.631630
7.324000,post_stop,0.000000,10.572557
7.325000,post_stop,0.000000,10.248681
7.326000,post_stop,0.000000,9.830373
7.327000,post_stop,0.000000,9.412065
7.328000,post_stop,0.000000,8.993757
7.329000,post_stop,0.000000,8.575448
7.330000,post_stop,0.000000,8.157140
7.331000,post_stop,0.000000,7.738832
7.332000,post_stop,0.000000,7.331779
7.333000,post_stop,0.000000,6.976505
7.334000,post_stop,0.000000,6.621232
7.335000,post_stop,0.000000,6.265958
7.336000,post_stop,0.000000,5.910685
7.337000,post_stop,0.000000,5.555412
7.338000,post_stop,0.000000,5.200138
7.339000,post_stop,0.000000,4.844865
7.340000,post_stop,0.000000,4.790181
7.341000,post_stop,0.000000,4.919750
7.342000,post_stop,0.000000,5.049319
7.343000,post_stop,0.000000,5.178889
7.344000,post_stop,0.000000,5.308458
7.345000,post_stop,0.000000,5.438027
7.346000,post_stop,0.000000,5.567597
7.347000,post_stop,0.000000,5.699123
7.348000,post_stop,0.000000,5.860566
7.349000,post_stop,0.000000,6.022008
7.350000,post_stop,0.000000,6.183451
7.351000,post_stop,0.000000,6.344894
7.352000,post_stop,0.000000,6.506337
7.353000,post_stop,0.000000,6.667779
7.354000,post_stop,0.000000,6.829222
7.355000,post_stop,0.000000,7.120167
7.356000,post_stop,0.000000,7.539164
7.357000,post_stop,0.000000,7.958161
7.358000,post_stop,0.000000,8.377158
7.359000,post_stop,0.000000,8.796155
7.360000,post_stop,0.000000,9.215152
7.361000,post_stop,0.000000,9.634149
7.362000,post_stop,0.000000,10.053146
7.363000,post_stop,0.000000,10.090603
7.364000,post_stop,0.000000,10.105528
7.365000,post_stop,0.000000,10.120453
7.366000,post_stop,0.000000,10.135377
7.367000,post_stop,0.000000,10.150302
7.368000,post_stop,0.000000,10.165227
7.369000,post_stop,0.000000,10.180151
7.370000,post_stop,0.000000,10.268357
7.371000,post_stop,0.000000,10.473298
7.372000,post_stop,0.000000,10.678239
7.373000,post_stop,0.000000,10.883180
7.374000,post_stop,0.000000,11.088121
7.375000,post_stop,0.000000,11.293061
7.376000,post_stop,0.000000,11.498002
7.377000,post_stop,0.000000,11.702943
7.378000,post_stop,0.000000,11.468983
7.379000,post_stop,0.000000,11.143260
7.380000,post_stop,0.000000,10.817536
7.381000,post_stop,0.000000,10.491813
7.382000,post_stop,0.000000,10.166089
7.383000,post_stop,0.000000,9.840366
7.384000,post_stop,0.000000,9.514643
7.385000,post_stop,0.000000,9.235913
7.386000,post_stop,0.000000,9.085215
7.387000,post_stop,0.000000,8.934517
7.388000,post_stop,0.000000,8.783818
7.389000,post_stop,0.000000,8.633120
7.390000,post_stop,0.000000,8.482421
7.391000,post_stop,0.000000,8.331723
7.392000,post_stop,0.000000,8.181025
7.393000,post_stop,0.000000,8.140908
7.394000,post_stop,0.000000,8.145975
7.395000,post_stop,0.000000,8.151043
7.396000,post_stop,0.000000,8.156110
7.397000,post_stop,0.000000,8.161178
7.398000,post_stop,0.000000,8.166245
7.399000,post_stop,0.000000,8.171313
7.400000,post_stop,0.000000,8.132144
7.401000,post_stop,0.000000,7.844923
7.402000,post_stop,0.000000,7.557701
7.403000,post_stop,0.000000,7.270480
7.404000,post_stop,0.000000,6.983258
7.405000,post_stop,0.000000,6.696036
7.406000,post_stop,0.000000,6.408815
7.407000,post_stop,0.000000,6.121593
7.408000,post_stop,0.000000,5.930952
7.409000,post_stop,0.000000,5.806663
7.410000,post_stop,0.000000,5.682373
7.411000,post_stop,0.000000,5.558084
7.412000,post_stop,0.000000,5.433795
7.413000,post_stop,0.000000,5.309506
7.414000,post_stop,0.000000,5.185216
7.415000,post_stop,0.000000,5.068100
7.416000,post_stop,0.000000,5.153629
7.417000,post_stop,0.000000,5.239159
7.418000,post_stop,0.000000,5.324688
7.419000,post_stop,0.000000,5.410218
7.420000,post_stop,0.000000,5.495747
7.421000,post_stop,0.000000,5.581277
7.422000,post_stop,0.000000,5.666806
7.423000,post_stop,0.000000,5.744746
7.424000,post_stop,0.000000,5.814318
7.425000,post_stop,0.000000,5.883889
7.426000,post_stop,0.000000,5.953461
7.427000,post_stop,0.000000,6.023032
7.428000,post_stop,0.000000,6.092604
7.429000,post_stop,0.000000,6.162175
7.430000,post_stop,0.000000,6.231746
7.431000,post_stop,0.000000,6.523091
7.432000,post_stop,0.000000,6.834501
7.433000,post_stop,0.000000,7.145912
7.434000,post_stop,0.000000,7.457322
7.435000,post_stop,0.000000,7.768733
7.436000,post_stop,0.000000,8.080143
7.437000,post_stop,0.000000,8.391554
7.438000,post_stop,0.000000,8.693354
7.439000,post_stop,0.000000,8.977953
7.440000,post_stop,0.000000,9.262552
7.441000,post_stop,0.000000,9.547151
7.442000,post_stop,0.000000,9.831750
7.443000,post_stop,0.000000,10.116350
7.444000,post_stop,0.000000,10.400949
7.445000,post_stop,0.000000,10.685548
7.446000,post_stop,0.000000,10.738895
7.447000,post_stop,0.000000,10.734382
7.448000,post_stop,0.000000,10.729869
7.449000,post_stop,0.000000,10.725356
7.450000,post_stop,0.000000,10.720843
7.451000,post_stop,0.000000,10.716330
7.452000,post_stop,0.000000,10.711817
7.453000,post_stop,0.000000,10.698599
7.454000,post_stop,0.000000,10.658010
7.455000,post_stop,0.000000,10.617420
7.456000,post_stop,0.000000,10.576831
7.457000,post_stop,0.000000,10.536242
7.458000,post_stop,0.000000,10.495652
7.459000,post_stop,0.000000,10.455063
7.460000,post_stop,0.000000,10.414473
7.461000,post_stop,0.000000,9.992070
7.462000,post_stop,0.000000,9.392219
7.463000,post_stop,0.000000,8.792368
7.464000,post_stop,0.000000,8.192517
7.465000,post_stop,0.000000,7.592666
7.466000,post_stop,0.000000,6.992815
7.467000,post_stop,0.000000,6.392964
7.468000,post_stop,0.000000,5.839575
7.469000,post_stop,0.000000,5.614016
7.470000,post_stop,0.000000,5.388457
7.471000,post_stop,0.000000,5.162898
7.472000,post_stop,0.000000,4.937339
7.473000,post_stop,0.000000,4.711780
7.474000,post_stop,0.000000,4.486221
7.475000,post_stop,0.000000,4.260662
7.476000,post_stop,0.000000,4.106004
7.477000,post_stop,0.000000,4.005811
7.478000,post_stop,0.000000,3.905618
7.479000,post_stop,0.000000,3.805425
7.480000,post_stop,0.000000,3.705232
7.481000,post_stop,0.000000,3.605039
7.482000,post_stop,0.000000,3.504846
7.483000,post_stop,0.000000,3.407282
7.484000,post_stop,0.000000,3.684000
7.485000,post_stop,0.000000,3.960719
7.486000,post_stop,0.000000,4.237437
7.487000,post_stop,0.000000,4.514156
7.488000,post_stop,0.000000,4.790874
7.489000,post_stop,0.000000,5.067593
7.490000,post_stop,0.000000,5.344311
7.491000,post_stop,0.000000,5.524044
7.492000,post_stop,0.000000,5.584467
7.493000,post_stop,0.000000,5.644889
7.494000,post_stop,0.000000,5.705312
7.495000,post_stop,0.000000,5.765735
7.496000,post_stop,0.000000,5.826158
7.497000,post_stop,0.000000,5.886581
7.498000,post_stop,0.000000,5.947004
7.499000,post_stop,0.000000,6.276057
7.500000,post_stop,0.000000,6.638373
7.501000,post_stop,0.000000,7.000689
7.502000,post_stop,0.000000,7.363005
7.503000,post_stop,0.000000,7.725321
7.504000,post_stop,0.000000,8.087637
7.505000,post_stop,0.000000,8.449954
7.506000,post_stop,0.000000,8.754055
7.507000,post_stop,0.000000,8.940621
7.508000,post_stop,0.000000,9.127187
7.509000,post_stop,0.000000,9.313754
7.510000,post_stop,0.000000,9.500320
7.511000,post_stop,0.000000,9.686886
7.512000,post_stop,0.000000,9.873453
7.513000,post_stop,0.000000,10.060019
7.514000,post_stop,0.000000,9.997169
7.515000,post_stop,0.000000,9.860934
7.516000,post_stop,0.000000,9.724699
7.517000,post_stop,0.000000,9.588463
7.518000,post_stop,0.000000,9.452228
7.519000,post_stop,0.000000,9.315993
7.520000,post_stop,0.000000,9.179757
7.521000,post_stop,0.000000,9.043522
7.522000,post_stop,0.000000,8.907286
7.523000,post_stop,0.000000,8.771051
7.524000,post_stop,0.000000,8.634816
7.525000,post_stop,0.000000,8.498580
7.526000,post_stop,0.000000,8.362345
7.527000,post_stop,0.000000,8.226110
7.528000,post_stop,0.000000,8.089874
7.529000,post_stop,0.000000,7.859636
7.530000,post_stop,0.000000,7.579994
7.531000,post_stop,0.000000,7.300353
7.532000,post_stop,0.000000,7.020711
7.533000,post_stop,0.000000,6.741070
7.534000,post_stop,0.000000,6.461428
7.535000,post_stop,0.000000,6.181787
7.536000,post_stop,0.000000,5.918735
7.537000,post_stop,0.000000,5.810254
7.538000,post_stop,0.000000,5.701774
7.539000,post_stop,0.000000,5.593294
7.540000,post_stop,0.000000,5.484813
7.541000,post_stop,0.000000,5.376333
7.542000,post_stop,0.000000,5.267853
7.543000,post_stop,0.000000,5.159372
7.544000,post_stop,0.000000,5.102341
7.545000,post_stop,0.000000,5.089430
7.546000,post_stop,0.000000,5.076520
7.547000,post_stop,0.000000,5.063609
7.548000,post_stop,0.000000,5.050698
7.549000,post_stop,0.000000,5.037787
7.550000,post_stop,0.000000,5.024876
7.551000,post_stop,0.000000,5.011965
7.552000,post_stop,0.000000,5.034925
7.553000,post_stop,0.000000,5.058625
7.554000,post_stop,0.000000,5.082325
7.555000,post_stop,0.000000,5.106025
7.556000,post_stop,0.000000,5.129725
7.557000,post_stop,0.000000,5.153425
7.558000,post_stop,0.000000,5.177125
7.559000,post_stop,0.000000,5.317750
7.560000,post_stop,0.000000,5.619059
7.561000,post_stop,0.000000,5.920368
7.562000,post_stop,0.000000,6.221677
7.563000,post_stop,0.000000,6.522986
7.564000,post_stop,0.000000,6.824295
7.565000,post_stop,0.000000,7.125604
7.566000,post_stop,0.000000,7.426913
7.567000,post_stop,0.000000,7.592245
7.568000,post_stop,0.000000,7.735918
7.569000,post_stop,0.000000,7.879592
7.570000,post_stop,0.000000,8.023266
7.571000,post_stop,0.000000,8.166939
7.572000,post_stop,0.000000,8.310613
7.573000,post_stop,0.000000,8.454287
7.574000,post_stop,0.000000,8.622280
7.575000,post_stop,0.000000,8.845945
7.576000,post_stop,0.000000,9.069609
7.577000,post_stop,0.000000,9.293274
7.578000,post_stop,0.000000,9.516939
7.579000,post_stop,0.000000,9.740604
7.580000,post_stop,0.000000,9.964268
7.581000,post_stop,0.000000,10.187933
7.582000,post_stop,0.000000,10.340317
7.583000,post_stop,0.000000,10.468360
7.584000,post_stop,0.000000,10.596403
7.585000,post_stop,0.000000,10.724446
7.586000,post_stop,0.000000,10.852488
7.587000,post_stop,0.000000,10.980531
7.588000,post_stop,0.000000,11.108574
7.589000,post_stop,0.000000,11.169419
7.590000,post_stop,0.000000,10.937868
7.591000,post_stop,0.000000,10.706317
7.592000,post_stop,0.000000,10.474766
7.593000,post_stop,0.000000,10.243215
7.594000,post_stop,0.000000,10.011664
7.595000,post_stop,0.000000,9.780113
7.596000,post_stop,0.000000,9.548562
7.597000,post_stop,0.000000,9.289633
7.598000,post_stop,0.000000,9.014508
7.599000,post_stop,0.000000,8.739383
7.600000,post_stop,0.000000,8.464258
7.601000,post_stop,0.000000,8.189132
7.602000,post_stop,0.000000,7.914007
7.603000,post_stop,0.000000,7.638882
7.604000,post_stop,0.000000,7.369035
7.605000,post_stop,0.000000,7.169635
7.606000,post_stop,0.000000,6.970234
7.607000,post_stop,0.000000,6.770833
7.608000,post_stop,0.000000,6.571433
7.609000,post_stop,0.000000,6.372032
7.610000,post_stop,0.000000,6.172631
7.611000,post_stop,0.000000,5.973231
7.612000,post_stop,0.000000,5.818923
7.613000,post_stop,0.000000,5.707744
7.614000,post_stop,0.000000,5.596564
7.615000,post_stop,0.000000,5.485385
7.616000,post_stop,0.000000,5.374206
7.617000,post_stop,0.000000,5.263027
7.618000,post_stop,0.000000,5.151847
7.619000,post_stop,0.000000,5.040668
7.620000,post_stop,0.000000,5.189663
7.621000,post_stop,0.000000,5.351615
7.622000,post_stop,0.000000,5.513568
7.623000,post_stop,0.000000,5.675521
7.624000,post_stop,0.000000,5.837474
7.625000,post_stop,0.000000,5.999427
7.626000,post_stop,0.000000,6.161380
7.627000,post_stop,0.000000,6.297729
7.628000,post_stop,0.000000,6.394692
7.629000,post_stop,0.000000,6.491656
7.630000,post_stop,0.000000,6.588620
7.631000,post_stop,0.000000,6.685584
7.632000,post_stop,0.000000,6.782548
7.633000,post_stop,0.000000,6.879512
7.634000,post_stop,0.000000,6.976476
7.635000,post_stop,0.000000,7.095150
7.636000,post_stop,0.000000,7.218102
7.637000,post_stop,0.000000,7.341053
7.638000,post_stop,0.000000,7.464005
7.639000,post_stop,0.000000,7.586957
7.640000,post_stop,0.000000,7.709908
7.641000,post_stop,0.000000,7.832860
7.642000,post_stop,0.000000,7.984503
7.643000,post_stop,0.000000,8.211101
7.644000,post_stop,0.000000,8.437699
7.645000,post_stop,0.000000,8.664297
7.646000,post_stop,0.000000,8.890894
7.647000,post_stop,0.000000,9.117492
7.648000,post_stop,0.000000,9.344090
7.649000,post_stop,0.000000,9.570688
7.650000,post_stop,0.000000,9.518477
7.651000,post_stop,0.000000,9.356892
7.652000,post_stop,0.000000,9.195308
7.653000,post_stop,0.000000,9.033723
7.654000,post_stop,0.000000,8.872138
7.655000,post_stop,0.000000,8.710553
7.656000,post_stop,0.000000,8.548969
7.657000,post_stop,0.000000,8.390280
7.658000,post_stop,0.000000,8.246834
7.659000,post_stop,0.000000,8.103389
7.660000,post_stop,0.000000,7.959943
7.661000,post_stop,0.000000,7.816497
7.662000,post_stop,0.000000,7.673052
7.663000,post_stop,0.000000,7.529606
7.664000,post_stop,0.000000,7.386160
7.665000,post_stop,0.000000,6.993942
7.666000,post_stop,0.000000,6.436623
7.667000,post_stop,0.000000,5.879304
7.668000,post_stop,0.000000,5.321985
7.669000,post_stop,0.000000,4.764666
7.670000,post_stop,0.000000,4.207347
7.671000,post_stop,0.000000,3.650028
7.672000,post_stop,0.000000,3.123430
7.673000,post_stop,0.000000,3.288867
7.674000,post_stop,0.000000,3.454304
7.675000,post_stop,0.000000,3.619740
7.676000,post_stop,0.000000,3.785177
7.677000,post_stop,0.000000,3.950614
7.678000,post_stop,0.000000,4.116051
7.679000,post_stop,0.000000,4.281487
7.680000,post_stop,0.000000,4.259598
7.681000,post_stop,0.000000,4.037938
7.682000,post_stop,0.000000,3.816279
7.683000,post_stop,0.000000,3.594619
7.684000,post_stop,0.000000,3.372960
7.685000,post_stop,0.000000,3.151300
7.686000,post_stop,0.000000,2.929641
7.687000,post_stop,0.000000,2.707981
7.688000,post_stop,0.000000,2.719260
7.689000,post_stop,0.000000,2.749332
7.690000,post_stop,0.000000,2.779404
7.691000,post_stop,0.000000,2.809475
7.692000,post_stop,0.000000,2.839547
7.693000,post_stop,0.000000,2.869618
7.694000,post_stop,0.000000,2.899690
7.695000,post_stop,0.000000,2.951624
7.696000,post_stop,0.000000,3.041303
7.697000,post_stop,0.000000,3.130983
7.698000,post_stop,0.000000,3.220662
7.699000,post_stop,0.000000,3.310341
7.700000,post_stop,0.000000,3.400021
7.701000,post_stop,0.000000,3.489700
7.702000,post_stop,0.000000,3.579379
7.703000,post_stop,0.000000,3.793828
7.704000,post_stop,0.000000,4.037888
7.705000,post_stop,0.000000,4.281948
7.706000,post_stop,0.000000,4.526008
7.707000,post_stop,0.000000,4.770068
7.708000,post_stop,0.000000,5.014128
7.709000,post_stop,0.000000,5.258188
7.710000,post_stop,0.000000,5.428570
7.711000,post_stop,0.000000,5.377455
7.712000,post_stop,0.000000,5.326341
7.713000,post_stop,0.000000,5.275227
7.714000,post_stop,0.000000,5.224113
7.715000,post_stop,0.000000,5.172999
7.716000,post_stop,0.000000,5.121884
7.717000,post_stop,0.000000,5.070770
7.718000,post_stop,0.000000,5.077331
7.719000,post_stop,0.000000,5.109679
7.720000,post_stop,0.000000,5.142026
7.721000,post_stop,0.000000,5.174374
7.722000,post_stop,0.000000,5.206722
7.723000,post_stop,0.000000,5.239069
7.724000,post_stop,0.000000,5.271417
7.725000,post_stop,0.000000,5.285557
7.726000,post_stop,0.000000,5.180442
7.727000,post_stop,0.000000,5.075326
7.728000,post_stop,0.000000,4.970210
7.729000,post_stop,0.000000,4.865095
7.730000,post_stop,0.000000,4.759979
7.731000,post_stop,0.000000,4.654863
7.732000,post_stop,0.000000,4.549748
7.733000,post_stop,0.000000,4.444632
7.734000,post_stop,0.000000,4.339516
7.735000,post_stop,0.000000,4.234401
7.736000,post_stop,0.000000,4.129285
7.737000,post_stop,0.000000,4.024169
7.738000,post_stop,0.000000,3.919054
7.739000,post_stop,0.000000,3.813938
7.740000,post_stop,0.000000,3.708197
7.741000,post_stop,0.000000,3.562233
7.742000,post_stop,0.000000,3.416268
7.743000,post_stop,0.000000,3.270303
7.744000,post_stop,0.000000,3.124338
7.745000,post_stop,0.000000,2.978374
7.746000,post_stop,0.000000,2.832409
7.747000,post_stop,0.000000,2.686444
7.748000,post_stop,0.000000,2.517800
7.749000,post_stop,0.000000,2.322179
7.750000,post_stop,0.000000,2.126559
7.751000,post_stop,0.000000,1.930938
7.752000,post_stop,0.000000,1.735317
7.753000,post_stop,0.000000,1.539696
7.754000,post_stop,0.000000,1.344075
7.755000,post_stop,0.000000,1.148454
