time_s,frame_id,phase,nominal_along_mm,ur_along_mm,vision_along_mm,along_track_s_mm,cross_track_mm,cross_track_um,ur_speed_mm_s,vision_speed_mm_s,target_x_mm,target_y_mm,vision_x_mm,vision_y_mm,path_projection_x_mm,path_projection_y_mm,local_normal_x,local_normal_y,vision_x_um,vision_y_um,missing_before,checker_fit_residual_px,baseline_selected
0.0,2571,pre_motion,0.0,0.0014186425465254615,0.0024289360622273062,0.0024289360622273062,0.006462616778127258,6.462616778127258,-0.0022112016431867407,-0.38150908672317646,0.0,0.0,0.0024289360622273062,0.006093957178667682,0.0024289360622273062,0.0,-0.0,1.0,,,0,0.1266994776794914,True
0.015117157625594076,2573,pre_motion,0.0,0.015166980991153878,-0.003338396937363392,-0.003338396937363392,0.00346791845039248,3.4679184503924803,-0.0022112563035803145,-0.21004885145184293,0.0,0.0,-0.003338396937363392,0.003099258850932904,-0.003338396937363392,-0.0,-0.0,1.0,,,1,0.1387769787331005,True
0.022675736438391113,2574,pre_motion,0.0,0.009380068830836308,-0.004278069884820096,-0.004278069884820096,0.0031930986042422887,3.1930986042422886,-0.0022111441376957788,0.035272623461733627,0.0,0.0,-0.004278069884820096,0.0028244390047827126,-0.004278069884820096,-0.0,-0.0,1.0,,,0,0.11660813029751407,True
0.03023431525118815,2575,pre_motion,0.0,0.003954874720506041,-0.002805175128624137,-0.002805175128624137,0.0007369117615675525,0.7369117615675526,-0.002211038982877579,0.23504400575819237,0.0,0.0,-0.002805175128624137,0.0003682521621079764,-0.002805175128624137,-0.0,-0.0,1.0,,,0,0.13156012009984558,True
0.037792894063985186,2576,pre_motion,0.0,0.005066189609351568,-0.0007248726008224622,-0.0007248726008224622,0.0014058224982003247,1.4058224982003247,-0.0022111002825022093,0.22903813894831626,0.0,0.0,-0.0007248726008224622,0.0010371628987407486,-0.0007248726008224622,-0.0,-0.0,1.0,,,0,0.1261185694981178,True
0.04535147287678223,2577,pre_motion,0.0,0.00854499429718203,0.0006572305201302772,0.0006572305201302772,0.00034456752755787016,0.3445675275578702,-0.0022112212135797886,0.3199180602206917,0.0,0.0,0.0006572305201302772,-2.4092071901705922e-05,0.0006572305201302772,0.0,-0.0,1.0,,,0,0.13565092688805958,True
0.05291005168957926,2578,pre_motion,0.0,0.01003261471620931,0.004111379142808029,0.004111379142808029,0.0010182205498987418,1.0182205498987418,-0.0022112966596437534,0.3987772488540502,0.0,0.0,0.004111379142808029,0.0006495609504391658,0.004111379142808029,0.0,-0.0,1.0,,,0,0.11671470066898729,True
0.0604686305023763,2579,pre_motion,0.0,0.003206065647731293,0.006685609048557708,0.006685609048557708,0.0008809469827028811,0.8809469827028811,-0.002211186821036103,0.18204838789940048,0.0,0.0,0.006685609048557708,0.000512287383243305,0.006685609048557708,0.0,-0.0,1.0,,,0,0.13817570096387502,True
0.06802720931517334,2580,pre_motion,0.0,-0.003638908041978084,0.006863433318168562,0.006863433318168562,-0.00022064693981738463,-0.22064693981738462,-0.0022110766859778264,-0.032131809420429314,0.0,0.0,0.006863433318168562,-0.0005893065392769607,0.006863433318168562,0.0,-0.0,1.0,,,0,0.14970233939969535,True
0.07558578812797037,2581,pre_motion,0.0,-0.007920463694489399,0.00619986742075353,0.00619986742075353,0.00013365772685853847,0.13365772685853847,-0.0019428165286311029,-0.21583655202934068,0.0,0.0,0.00619986742075353,-0.0002350018726010376,0.00619986742075353,0.0,-0.0,1.0,,,0,0.1281063170769482,True
0.0831443669407674,2582,pre_motion,0.0,-0.008867307730071161,0.0036005981397762834,0.0036005981397762834,-0.0008768809584215982,-0.8768809584215982,-0.0013291899744241084,-0.31365648854982286,0.0,0.0,0.0036005981397762834,-0.0012455405578811743,0.0036005981397762834,0.0,-0.0,1.0,,,0,0.14385379750230465,True
0.09070294575356445,2583,pre_motion,0.0,-0.011668509964209761,0.0014582728430555115,0.0014582728430555115,-0.0015722257590466916,-1.5722257590466917,-0.0009226769168430967,-0.20297827246504482,0.0,0.0,0.0014582728430555115,-0.0019408853585062677,0.0014582728430555115,0.0,-0.0,1.0,,,0,0.13976656373297078,True
0.09826152456636149,2584,pre_motion,0.0,-0.018142567593343983,0.0005321436003514156,0.0005321436003514156,-0.0015399493990386366,-1.5399493990386366,-0.000922552899454938,-0.10622857349616324,0.0,0.0,0.0005321436003514156,-0.0019086089984982127,0.0005321436003514156,0.0,-0.0,1.0,,,0,0.14583412175629387,True
0.10582010337915852,2585,pre_motion,0.0,-0.018953862016104495,-0.00014760124682799264,-0.00014760124682799264,-0.0030594651609573307,-3.059465160957331,-0.0009225041457534278,0.1480762384980649,0.0,0.0,-0.00014760124682799264,-0.003428124760416907,-0.00014760124682799264,-0.0,-0.0,1.0,,,0,0.14155534283012644,True
0.11337868219195556,2586,pre_motion,0.0,0.008497947265937,0.0027706354383317234,0.0027706354383317234,-0.002667496743584504,-2.667496743584504,-0.0009227973617744658,0.3919326927971364,0.0,0.0,0.0027706354383317234,-0.00303615634304408,0.0027706354383317234,0.0,-0.0,1.0,,,0,0.13354702730538623,True
0.1209372610047526,2587,pre_motion,0.0,0.0009491124630471859,0.00577730704880986,0.00577730704880986,-0.0007884931093730821,-0.7884931093730821,-0.0009227626341255942,0.3026648839569209,0.0,0.0,0.00577730704880986,-0.0011571527088326582,0.00577730704880986,0.0,-0.0,1.0,,,0,0.13693630671834137,True
0.12849583981754964,2588,pre_motion,0.0,-0.005950408423558429,0.007346068196840642,0.007346068196840642,-0.00022498811518815477,-0.22498811518815476,-0.0009227308935795376,0.01839520868516198,0.0,0.0,0.007346068196840642,-0.0005936477146477308,0.007346068196840642,0.0,-0.0,1.0,,,0,0.13127274770255115,True
0.13605441863034667,2589,pre_motion,0.0,-0.008952904004104312,0.006055390318059151,0.006055390318059151,0.0,0.0,-0.0009227060192807803,-0.21944079023555235,0.0,0.0,0.006055390318059151,-0.0003686595994595761,0.006055390318059151,0.0,-0.0,1.0,,,0,0.14020695971234234,True
0.1436129974431437,2590,pre_motion,0.0,-0.007958223034535195,0.004028747181364874,0.004028747181364874,0.0017115509817669866,1.7115509817669865,-0.0009226881060456318,-0.23983163893783677,0.0,0.0,0.004028747181364874,0.0013428913823074105,0.004028747181364874,0.0,-0.0,1.0,,,0,0.12560133789506195,True
0.15117157625594074,2591,pre_motion,0.0,-0.006954216314085215,0.0024298176286313084,0.0024298176286313084,0.0018951530379418156,1.8951530379418156,-0.0009226700248627961,-0.3111441456703168,0.0,0.0,0.0024298176286313084,0.0015264934384822395,0.0024298176286313084,0.0,-0.0,1.0,,,0,0.14718326066224166,True
0.15873015506873778,2592,pre_motion,0.0,-4.121473492091354e-05,-0.0006748679130141078,-0.0006748679130141078,0.0010957639489006712,1.0957639489006712,-0.0009227322706124593,-0.1083033526450983,0.0,0.0,-0.0006748679130141078,0.0007271043494410951,-0.0006748679130141078,-0.0,-0.0,1.0,,,0,0.14255888094597052,True
0.1662887338815348,2593,pre_motion,0.0,0.007169642812527854,0.0007925787753150572,0.0007925787753150572,0.001185533707794819,1.185533707794819,-0.0009227987270590902,0.10592944648085205,0.0,0.0,0.0007925787753150572,0.0008168741083352429,0.0007925787753150572,0.0,-0.0,1.0,,,0,0.13887118881208527,True
0.17384731269433187,2594,pre_motion,0.0,0.007770572453807745,0.0009264842266288617,0.0009264842266288617,0.0007545312172247504,0.7545312172247504,-0.0009579223318054554,0.08295940308582593,0.0,0.0,0.0009264842266288617,0.0003858716177651743,0.0009264842266288617,0.0,-0.0,1.0,,,0,0.12274780259697723,True
0.1814058915071289,2595,pre_motion,0.0,0.0074912466452872195,0.0020466891482886817,0.0020466891482886817,0.0021308952187938358,2.1308952187938357,-0.0009973222942085513,0.20992553111709358,0.0,0.0,0.0020466891482886817,0.0017622356193342597,0.0020466891482886817,0.0,-0.0,1.0,,,0,0.13321409543483995,True
0.18896447031992594,2596,pre_motion,0.0,-0.0029318308238543977,0.004099961570162518,0.004099961570162518,0.0025094305148990175,2.5094305148990177,-0.001006895940826729,0.20832263456528127,0.0,0.0,0.004099961570162518,0.0021407709154394414,0.004099961570162518,0.0,-0.0,1.0,,,0,0.13677691931314864,True
0.19652304913272298,2597,pre_motion,0.0,-0.016351362491747068,0.00519593525199107,0.00519593525199107,0.0012616821428176514,1.2616821428176515,-0.0010067800834648013,-0.09796699887780852,0.0,0.0,0.00519593525199107,0.0008930225433580754,0.00519593525199107,0.0,-0.0,1.0,,,0,0.14018354317464526,True
0.20408162794552,2598,pre_motion,0.0,-0.01679827920253274,0.0026189790060202893,0.0026189790060202893,0.0006849861148137809,0.6849861148137809,-0.0010067731089605581,-0.23581820235608814,0.0,0.0,0.0026189790060202893,0.0003163265153542048,0.0026189790060202893,0.0,-0.0,1.0,,,0,0.13549514217710185,True
0.21164020675831705,2599,pre_motion,0.0,-0.00981448016685249,0.0016310343159898469,0.0016310343159898469,0.0011510119093968586,1.1510119093968585,-0.0010068285339083687,-0.20578626903159059,0.0,0.0,0.0016310343159898469,0.0007823523099372826,0.0016310343159898469,0.0,-0.0,1.0,,,0,0.127937702672957,True
0.22675736438391111,2601,pre_motion,0.0,-0.00490456479761292,-0.00374989732228877,-0.00374989732228877,0.00033264166794818234,0.33264166794818234,-0.0010069141001938639,-0.21242967255605563,0.0,0.0,-0.00374989732228877,-3.601793151139373e-05,-0.00374989732228877,-0.0,-0.0,1.0,,,1,0.1377852280749569,True
0.23431594319670815,2602,pre_motion,0.0,0.003990657710062351,-0.004813164046006536,-0.004813164046006536,0.002789840303979258,2.789840303979258,-0.0010069798401605343,-0.14286562404868097,0.0,0.0,-0.004813164046006536,0.002421180704519682,-0.004813164046006536,-0.0,-0.0,1.0,,,0,0.12994616702029715,True
0.2418745220095052,2603,pre_motion,0.0,0.013053522819348018,-0.005909619480311547,-0.005909619480311547,0.001480884042896318,1.480884042896318,-0.0010070468190865487,0.07551388615508348,0.0,0.0,-0.005909619480311547,0.001112224443436742,-0.005909619480311547,-0.0,-0.0,1.0,,,0,0.13862216423122695,True
0.24943310082230225,2604,pre_motion,0.0,0.006282502132648915,-0.003671608726078984,-0.003671608726078984,0.0028058090321519476,2.8058090321519478,-0.0010069741238003431,0.1279885207382116,0.0,0.0,-0.003671608726078984,0.0024371494326923715,-0.003671608726078984,-0.0,-0.0,1.0,,,0,0.15025530163700684,True
0.2569916796350993,2605,pre_motion,0.0,-0.005250463349284473,-0.0039747968380453875,-0.0039747968380453875,0.0020465052089906222,2.0465052089906224,-0.0010068607723380811,0.04159064265251772,0.0,0.0,-0.0039747968380453875,0.0016778456095310464,-0.0039747968380453875,-0.0,-0.0,1.0,,,0,0.1301735315591962,True
0.2645502584478963,2606,pre_motion,0.0,-0.010175013115997444,-0.003042876425351118,-0.003042876425351118,0.003366200077446346,3.366200077446346,-0.001006814679986134,0.07726606492060586,0.0,0.0,-0.003042876425351118,0.00299754047798677,-0.003042876425351118,-0.0,-0.0,1.0,,,0,0.12734567768692195,True
0.27210883726069335,2607,pre_motion,0.0,0.0029719780030745824,-0.002806753555531204,-0.002806753555531204,0.0030385675465910435,3.0385675465910436,-0.0010069529604567458,-0.25189368548102753,0.0,0.0,-0.002806753555531204,0.0026699079471314674,-0.002806753555531204,-0.0,-0.0,1.0,,,0,0.13616921710293384,True
0.2796674160734904,2608,pre_motion,0.0,0.013295099378211717,-0.006850792973659627,-0.006850792973659627,0.0027178293596924813,2.717829359692481,-0.0010070575647768425,-0.4006941916927593,0.0,0.0,-0.006850792973659627,0.002349169760232905,-0.006850792973659627,-0.0,-0.0,1.0,,,0,0.12816875227883123,True
0.2872259948862874,2609,pre_motion,0.0,0.004476911683497065,-0.00886411081101065,-0.00886411081101065,0.0016647900560822714,1.6647900560822715,-0.0010069351019399144,-0.32337245042923063,0.0,0.0,-0.00886411081101065,0.0012961304566226953,-0.00886411081101065,-0.0,-0.0,1.0,,,0,0.13289094212700975,True
0.29478457369908445,2610,pre_motion,0.0,-0.004457753285805666,-0.011739265278572912,-0.011739265278572912,0.00258784155174714,2.58784155174714,-0.0010068110215214626,-0.19085718764453563,0.0,0.0,-0.011739265278572912,0.002219181952287564,-0.011739265278572912,-0.0,-0.0,1.0,,,0,0.13513442623736105,True
0.3023431525118815,2611,pre_motion,0.0,-0.005781461594580151,-0.011749329000610681,-0.011749329000610681,0.0029801411934397702,2.98014119343977,-0.0010068365064938665,-0.08473022569204391,0.0,0.0,-0.011749329000610681,0.002611481593980194,-0.011749329000610681,-0.0,-0.0,1.0,,,0,0.1274230493501861,True
0.3099017313246785,2612,pre_motion,0.0,-0.006900387173374156,-0.0130201454560117,-0.0130201454560117,0.002960994416106929,2.9609944161069293,-0.0010068660850892472,0.2253433333144712,0.0,0.0,-0.0130201454560117,0.002592334816647353,-0.0130201454560117,-0.0,-0.0,1.0,,,0,0.1290777160576949,True
0.31746031013747555,2613,pre_motion,0.0,-0.0020738655776142423,-0.008342778311019037,-0.008342778311019037,0.002863064067786582,2.863064067786582,-0.001006931069860537,0.4134926067003054,0.0,0.0,-0.008342778311019037,0.002494404468327006,-0.008342778311019037,-0.0,-0.0,1.0,,,0,0.13650886868008724,True
0.3250188889502726,2614,pre_motion,0.0,0.004668937670999185,-0.006769312543505409,-0.006769312543505409,0.002817790793776376,2.8177907937763758,-0.0010070152259221113,0.31064606921349935,0.0,0.0,-0.006769312543505409,0.0024491311943168,-0.006769312543505409,-0.0,-0.0,1.0,,,0,0.14825471624911937,True
0.3325774677630696,2615,pre_motion,0.0,0.008412599551803623,-0.003646692716947362,-0.003646692716947362,0.0030063370709296753,3.0063370709296753,-0.0010070417435876498,0.21161283560467087,0.0,0.0,-0.003646692716947362,0.0026376774714700992,-0.003646692716947362,-0.0,-0.0,1.0,,,0,0.15159313168398075,True
0.3401360465758667,2616,pre_motion,0.0,0.012791441406079684,-0.0035703279520706848,-0.0035703279520706848,0.0037194146597678292,3.7194146597678293,-0.0010070727604549407,-0.1411398095000264,0.0,0.0,-0.0035703279520706848,0.003350755060308253,-0.0035703279520706848,-0.0,-0.0,1.0,,,0,0.13635053671750128,True
0.34769462538866375,2617,pre_motion,0.0,0.004753913747236993,-0.0057803254644055715,-0.0057803254644055715,0.002248865014800471,2.248865014800471,-0.0010069921147800316,-0.058677237747894934,0.0,0.0,-0.0057803254644055715,0.001880205415340895,-0.0057803254644055715,-0.0,-0.0,1.0,,,0,0.1288442767346837,True
0.3552532042014608,2618,pre_motion,0.0,-0.009398518264134736,-0.004457361004140071,-0.004457361004140071,3.9012752956165786e-05,0.03901275295616578,-0.001006856484848873,0.0474187490923928,0.0,0.0,-0.004457361004140071,-0.0003296468465034103,-0.004457361004140071,-0.0,-0.0,1.0,,,0,0.1237894626219836,True
0.3628117830142578,2619,pre_motion,0.0,-0.015554601463406925,-0.005063488759967374,-0.005063488759967374,-0.0009715599548005794,-0.9715599548005794,-0.0010068031526408764,-0.005817165359925103,0.0,0.0,-0.005063488759967374,-0.0013402195542601555,-0.005063488759967374,-0.0,-0.0,1.0,,,0,0.13016993003617558,True
0.37037036182705485,2620,pre_motion,0.0,-0.015780762071130994,-0.004545300009820204,-0.004545300009820204,-0.0010004450972192303,-1.0004450972192303,-0.0010068108854183273,0.1470082760969371,0.0,0.0,-0.004545300009820204,-0.0013691046966788063,-0.004545300009820204,-0.0,-0.0,1.0,,,0,0.1385461917093861,True
0.3779289406398519,2621,pre_motion,0.0,-0.014208290141652924,-0.0028411414779431236,-0.0028411414779431236,-0.0004686400562466887,-0.4686400562466887,-0.0010068266510375062,0.33424499058701773,0.0,0.0,-0.0028411414779431236,-0.0008372996557062648,-0.0028411414779431236,-0.0,-0.0,1.0,,,0,0.13419507666725392,True
0.3854875194526489,2622,pre_motion,0.0,-0.010368187270330509,0.0005075341984489485,0.0005075341984489485,-0.00033144159885526564,-0.33144159885526564,-0.0010068525590908764,0.3766260267974921,0.0,0.0,0.0005075341984489485,-0.0007001011983148417,0.0005075341984489485,0.0,-0.0,1.0,,,0,0.13992225958590784,True
0.39304609826544595,2623,pre_motion,0.0,-0.005454776723638588,0.0028523735350557797,0.0028523735350557797,-8.909298515257283e-05,-0.08909298515257283,-0.0010068929541677913,0.2807129174671056,0.0,0.0,0.0028523735350557797,-0.0004577525846121489,0.0028523735350557797,0.0,-0.0,1.0,,,0,0.13007573056696395,True
0.400604677078243,2624,pre_motion,0.0,0.001610170117260168,0.004751115619339562,0.004751115619339562,-0.0001726212441076697,-0.1726212441076697,-0.0010069630199026015,0.026159663660686505,0.0,0.0,0.004751115619339562,-0.0005412808435672458,0.004751115619339562,0.0,-0.0,1.0,,,0,0.12037905120883588,True
0.40816325589104,2625,pre_motion,0.0,0.007466057113674651,0.003247833294046903,0.003247833294046903,-0.0010334070204343156,-1.0334070204343155,-0.0010070203760225195,-0.2257074731818683,0.0,0.0,0.003247833294046903,-0.0014020666198938916,0.003247833294046903,0.0,-0.0,1.0,,,0,0.15229401996365927,True
0.41572183470383706,2626,pre_motion,0.0,0.007004321640863509,0.0013390601699747133,0.0013390601699747133,-0.0019209483235624108,-1.9209483235624107,-0.001007011532659306,-0.20053266959753596,0.0,0.0,0.0013390601699747133,-0.002289607923021987,0.0013390601699747133,0.0,-0.0,1.0,,,0,0.13202857241489804,True
0.4232804135166341,2627,pre_motion,0.0,0.006248174819262431,0.00021634931865977637,0.00021634931865977637,-0.001961816848183447,-1.961816848183447,-0.0010070003182482432,-0.050588257566076454,0.0,0.0,0.00021634931865977637,-0.002330476447643023,0.00021634931865977637,0.0,-0.0,1.0,,,0,0.13268721533710384,True
0.43839757114222816,2629,pre_motion,0.0,-0.000895008736733871,0.002412940733027936,0.002412940733027936,-0.0014264569958560036,-1.4264569958560036,-0.0010069340697706878,-0.0141963323778799,0.0,0.0,0.002412940733027936,-0.0017951165953155796,0.002412940733027936,0.0,-0.0,1.0,,,1,0.13215941216741964,True
0.4459561499550252,2630,pre_motion,0.0,-0.003285620829672098,0.0017028367337395946,0.0017028367337395946,-0.00018540283097395966,-0.18540283097395965,-0.0010068996236815393,0.08227579873950591,0.0,0.0,0.0017028367337395946,-0.0005540624304335357,0.0017028367337395946,0.0,-0.0,1.0,,,0,0.13439244593613822,True
0.45351472876782223,2631,pre_motion,0.0,-0.005831687270585917,0.0036567169513447005,0.0036567169513447005,0.0009035544056494058,0.9035544056494058,-0.0010068629376663296,0.24363288063830152,0.0,0.0,0.0036567169513447005,0.0005348948061898297,0.0036567169513447005,0.0,-0.0,1.0,,,0,0.13476401414901146,True
0.46107330758061926,2632,pre_motion,0.0,0.0007268615417501678,0.005385873393126344,0.005385873393126344,0.0013045953180205168,1.3045953180205168,-0.0010068980049379483,0.14678372781742902,0.0,0.0,0.005385873393126344,0.0009359357185609407,0.005385873393126344,0.0,-0.0,1.0,,,0,0.13756480088690823,True
0.4686318863934163,2633,pre_motion,0.0,0.008416268260447168,0.005875669701633071,0.005875669701633071,0.0013942084644054463,1.3942084644054462,-0.0010069422136451639,0.022237997098500273,0.0,0.0,0.005875669701633071,0.0010255488649458702,0.005875669701633071,0.0,-0.0,1.0,,,0,0.13119409370925214,True
0.4761904652062134,2634,pre_motion,0.0,0.005990755631046341,0.005722048700541872,0.005722048700541872,0.00015269125937831895,0.15269125937831896,-0.0010069284262022174,-0.17698405831868005,0.0,0.0,0.005722048700541872,-0.00021596834008125713,0.005722048700541872,0.0,-0.0,1.0,,,0,0.12032760688720728,True
0.4837490440190104,2635,pre_motion,0.0,3.511132663902572e-05,0.0032001737948122596,0.0032001737948122596,-0.0010059185462749332,-1.0059185462749332,-0.0010068943964827877,-0.22665231788239953,0.0,0.0,0.0032001737948122596,-0.0013745781457345093,0.0032001737948122596,0.0,-0.0,1.0,,,0,0.1318893880720449,True
0.49130762283180746,2636,pre_motion,0.0,-0.0059626365724056996,0.002295709884907385,0.002295709884907385,1.267250498833487e-05,0.01267250498833487,-0.001006860126189301,-0.1844077441568179,0.0,0.0,0.002295709884907385,-0.0003559870944712412,0.002295709884907385,0.0,-0.0,1.0,,,0,0.13701308704687465,True
0.4988662016446045,2637,pre_motion,0.0,-0.0038748370978112234,0.0004124528590134197,0.0004124528590134197,-0.0006669698276382755,-0.6669698276382755,-0.0010068921111271432,-0.17890936041971006,0.0,0.0,0.0004124528590134197,-0.0010356294270978516,0.0004124528590134197,0.0,-0.0,1.0,,,0,0.1449979126800122,True
0.5064247804574015,2638,pre_motion,0.0,-0.0009028031662126068,-0.0004088911172515907,-0.0004088911172515907,-0.0006214141378032569,-0.6214141378032569,-0.0010069313803879659,0.12533030204818935,0.0,0.0,-0.0004088911172515907,-0.000990073737262833,-0.0004088911172515907,-0.0,-0.0,1.0,,,0,0.14201666209633537,True
0.5139833592701986,2639,pre_motion,0.0,-0.003395751120450541,0.002307090790339265,0.002307090790339265,-0.0008840872205814396,-0.8840872205814396,-0.0010069003403826828,0.23689745308888233,0.0,0.0,0.002307090790339265,-0.0012527468200410157,0.002307090790339265,0.0,-0.0,1.0,,,0,0.1250184822866132,True
0.5215419380829955,2640,pre_motion,0.0,-0.006741800905444961,0.0031723250221948472,0.0031723250221948472,4.547018046409656e-05,0.04547018046409656,-0.0010068583254501775,0.1788026998651199,0.0,0.0,0.0031723250221948472,-0.0003231894189954795,0.0031723250221948472,0.0,-0.0,1.0,,,0,0.13629403103430046,True
0.5291005168957926,2641,pre_motion,0.0,-0.010097637180848551,0.005010079388082084,0.005010079388082084,-2.082146237542161e-05,-0.02082146237542161,-0.0010068161876328496,0.011261313384892613,0.0,0.0,0.005010079388082084,-0.0003894810618349977,0.005010079388082084,0.0,-0.0,1.0,,,0,0.1465802212102539,True
0.5366590957085896,2642,pre_motion,0.0,-0.011427451817866086,0.003342564071705533,0.003342564071705533,0.0010322588272200658,1.0322588272200657,-0.001006797075480947,-0.09668906721018433,0.0,0.0,0.003342564071705533,0.0006635992277604898,0.003342564071705533,0.0,-0.0,1.0,,,0,0.12044465072644384,True
0.5442176745213867,2643,pre_motion,0.0,-3.511132663902572e-05,0.003548415518394095,0.003548415518394095,-0.0007011100732053309,-0.7011100732053309,-0.001006926832009762,-0.1575995840582052,0.0,0.0,0.003548415518394095,-0.001069769672664907,0.003548415518394095,0.0,-0.0,1.0,,,0,0.13511870173191204,True
0.5517762533341838,2644,pre_motion,0.0,0.013331108764901956,0.0009601063177695655,0.0009601063177695655,-0.0019516451436535362,-1.9516451436535363,-0.001007079070640954,-0.2783130077830955,0.0,0.0,0.0009601063177695655,-0.0023203047431131123,0.0009601063177695655,0.0,-0.0,1.0,,,0,0.13040791326867288,True
0.5593348321469808,2645,pre_motion,0.0,0.008541562616471765,-0.0006588860895161624,-0.0006588860895161624,-0.0007236516529005935,-0.7236516529005934,-0.0010070385329170482,-0.19560204804004871,0.0,0.0,-0.0006588860895161624,-0.0010923112523601695,-0.0006588860895161624,-0.0,-0.0,1.0,,,0,0.1333369643108762,True
0.5668934109597779,2646,pre_motion,0.0,0.0011760079133580348,-0.0019968406743408698,-0.0019968406743408698,-0.0006737342985669492,-0.6737342985669492,-0.0010069706286339759,-0.04655610665587061,0.0,0.0,-0.0019968406743408698,-0.0010423938980265253,-0.0019968406743408698,-0.0,-0.0,1.0,,,0,0.1342719486887057,True
0.5744519897725748,2647,pre_motion,0.0,-0.008950964383728888,-0.0013626820922669567,-0.0013626820922669567,-0.00021864737005887252,-0.21864737005887253,-0.0010068731558245576,0.05538646293371151,0.0,0.0,-0.0013626820922669567,-0.0005873069695184486,-0.0013626820922669567,-0.0,-0.0,1.0,,,0,0.13363110280713802,True
0.5820105685853719,2648,pre_motion,0.0,-0.019805355861507223,-0.001159554783847836,-0.001159554783847836,0.0009206632392540811,0.9206632392540811,-0.0010067679147853794,0.043583079991660854,0.0,0.0,-0.001159554783847836,0.000552003639794505,-0.001159554783847836,-0.0,-0.0,1.0,,,0,0.14359345258424655,True
0.5895691473981689,2649,pre_motion,0.0,-0.01945537595562996,-0.0007038298022241484,-0.0007038298022241484,0.00041019419010700437,0.41019419010700436,-0.0010067608641829721,0.09015415035052153,0.0,0.0,-0.0007038298022241484,4.1534590647428264e-05,-0.0007038298022241484,-0.0,-0.0,1.0,,,0,0.1305497104974305,True
0.597127726210966,2650,pre_motion,0.0,-0.014407436822523323,0.0002033197176025115,0.0002033197176025115,0.0001520529361064609,0.1520529361064609,-0.0010067948587239174,-0.009768832768176298,0.0,0.0,0.0002033197176025115,-0.0002166066633531152,0.0002033197176025115,0.0,-0.0,1.0,,,0,0.14033204182989478,True
0.604686305023763,2651,pre_motion,0.0,-0.004199499779133475,-0.0008515067869987093,-0.0008515067869987093,-4.625968368248616e-06,-0.004625968368248616,-0.0010068851263094949,-0.057780192211177854,0.0,0.0,-0.0008515067869987093,-0.0003732855678278247,-0.0008515067869987093,-0.0,-0.0,1.0,,,0,0.14528095710972036,True
0.6122448838365601,2652,pre_motion,0.0,0.00936934081832419,-0.0006701525556909685,-0.0006701525556909685,0.0004744271334025571,0.4744271334025571,-0.0010070117328976832,-0.057071917657554636,0.0,0.0,-0.0006701525556909685,0.00010576753394298101,-0.0006701525556909685,-0.0,-0.0,1.0,,,0,0.12872321038605183,True
0.619803462649357,2653,pre_motion,0.0,0.013322794787228531,-0.0017142719622228702,-0.0017142719622228702,-0.002099743624611601,-2.099743624611601,-0.0010070689282283805,-0.13363669395110814,0.0,0.0,-0.0017142719622228702,-0.002468403224071177,-0.0017142719622228702,-0.0,-0.0,1.0,,,0,0.1290568030141729,True
0.6273620414621541,2654,pre_motion,0.0,0.008829242641780866,-0.0026903595227131425,-0.0026903595227131425,-0.0012515957993338126,-1.2515957993338125,-0.0010070652847194814,-0.06828563546095402,0.0,0.0,-0.0026903595227131425,-0.0016202553987933886,-0.0026903595227131425,-0.0,-0.0,1.0,,,0,0.14502755648459875,True
0.6349206202749511,2655,pre_motion,0.0,-0.0035200173069824814,-0.002746556677049982,-0.002746556677049982,-0.000711015209385518,-0.711015209385518,-0.0010069589349766996,0.06928722807428507,0.0,0.0,-0.002746556677049982,-0.001079674808845094,-0.002746556677049982,-0.0,-0.0,1.0,,,0,0.13933400768054705,True
0.6424791990877482,2656,pre_motion,0.0,-0.04220868526434174,-0.0016429335744736714,-0.0016429335744736714,0.00018660967762790522,0.18660967762790523,-0.0010065453067853358,0.10788195354963369,0.0,0.0,-0.0016429335744736714,-0.00018204992183167086,-0.0016429335744736714,-0.0,-0.0,1.0,,,0,0.14059481851754205,True
0.6500377779005452,2657,pre_motion,0.0,-0.01848645576336594,-0.0011156881802831435,-0.0011156881802831435,-0.00046667940324686386,-0.46667940324686386,-0.0010068031243004978,0.11131404059127169,0.0,0.0,-0.0011156881802831435,-0.0008353390027064399,-0.0011156881802831435,-0.0,-0.0,1.0,,,0,0.12091470622655118,True
0.6575963567133423,2658,pre_motion,0.0,0.0024822443974983344,3.981832308636831e-05,3.981832308636831e-05,0.0007092000045065259,0.7092000045065259,-0.0010070310159567782,0.1264069236170308,0.0,0.0,3.981832308636831e-05,0.0003405404050469498,3.981832308636831e-05,0.0,-0.0,1.0,,,0,0.11744083806181642,True
0.6651549355261392,2659,pre_motion,0.0,0.012970748877620508,0.0007952252090019463,0.0007952252090019463,-0.0001512482047050926,-0.1512482047050926,-0.0010071178853644914,0.08375018976901555,0.0,0.0,0.0007952252090019463,-0.0005199078041646687,0.0007952252090019463,0.0,-0.0,1.0,,,0,0.13462986558226284,True
0.6727135143389363,2660,pre_motion,0.0,0.014725094159246055,0.0013058831429979883,0.0013058831429979883,0.0006451288796373237,0.6451288796373237,-0.0010070899456241119,0.028430013945068777,0.0,0.0,0.0013058831429979883,0.0002764692801777477,0.0013058831429979883,0.0,-0.0,1.0,,,0,0.14129948522324182,True
0.6802720931517334,2661,pre_motion,0.0,0.013543993617588512,0.0012250062111073916,0.0012250062111073916,-0.001394455811014114,-1.3944558110141139,-0.0010070374405718291,-0.03611431199375553,0.0,0.0,0.0012250062111073916,-0.00176311541047369,0.0012250062111073916,0.0,-0.0,1.0,,,0,0.1210330135948841,True
0.6878306719645304,2662,pre_motion,0.0,-0.000999226330577585,0.0007599373960485094,0.0007599373960485094,-0.0019264478537093935,-1.9264478537093934,-0.001006918632027987,-0.09532145826426865,0.0,0.0,0.0007599373960485094,-0.0022951074531689696,0.0007599373960485094,0.0,-0.0,1.0,,,0,0.13174033596630602,True
0.6953892507773275,2663,pre_motion,0.0,-0.01446276977924299,-0.00021598329857505132,-0.00021598329857505132,-0.0015336321705483604,-1.5336321705483604,-0.0010068071333097436,-0.03488715937381205,0.0,0.0,-0.00021598329857505132,-0.0019022917700079365,-0.00021598329857505132,-0.0,-0.0,1.0,,,0,0.13883458119206943,True
0.7029478295901245,2664,pre_motion,0.0,-0.010019805051797448,0.0002325427086853502,0.0002325427086853502,-0.0020159004910548653,-2.0159004910548655,-0.0010068242020768176,0.06640866491927991,0.0,0.0,0.0002325427086853502,-0.0023845600905144414,0.0002325427086853502,0.0,-0.0,1.0,,,0,0.13085701169889558,True
0.7105064084029216,2665,pre_motion,0.0,-0.0054884707174380765,0.0007879269567149638,0.0007879269567149638,-0.0014380775652740752,-1.4380775652740752,-0.001006841610337975,0.0017733980407246015,0.0,0.0,0.0007879269567149638,-0.0018067371647336513,0.0007879269567149638,0.0,-0.0,1.0,,,0,0.12529624341449896,True
0.7180649872157185,2666,pre_motion,0.0,0.002836850562374593,0.0002593514463999197,0.0002593514463999197,-0.0023115078280582244,-2.3115078280582244,-0.00100697076158333,0.05107259171092485,0.0,0.0,0.0002593514463999197,-0.0026801674275178005,0.0002593514463999197,0.0,-0.0,1.0,,,0,0.12763416529653346,True
0.7256235660285156,2667,pre_motion,0.0,0.01132049099589949,0.0015599993759566504,0.0015599993759566504,-0.000511993004179044,-0.511993004179044,-0.0010071036924598343,0.17009346281521506,0.0,0.0,0.0015599993759566504,-0.0008806526036386201,0.0015599993759566504,0.0,-0.0,1.0,,,0,0.12978952999979773,True
0.7331821448413126,2668,pre_motion,0.0,0.013345719723218963,0.00283068113486065,0.00283068113486065,-0.000930431150440594,-0.930431150440594,-0.001007113071213477,0.03666705207772758,0.0,0.0,0.00283068113486065,-0.00129909074990017,0.00283068113486065,0.0,-0.0,1.0,,,0,0.14361513439254173,True
0.7407407236541097,2669,pre_motion,0.0,0.013905834347497148,0.0021143009818814953,0.0021143009818814953,-0.0007107913614924403,-0.7107913614924403,-0.0010070942018212585,-0.1260171276070287,0.0,0.0,0.0021143009818814953,-0.0010794509609520163,0.0021143009818814953,0.0,-0.0,1.0,,,0,0.15188490334622878,True
0.7558578812797038,2671,pre_motion,0.0,0.001059568429070623,-0.0007352407508820657,-0.0007352407508820657,-0.0008472583066687685,-0.8472583066687686,-0.0010069374836059043,-0.1664639604415824,0.0,0.0,-0.0007352407508820657,-0.0012159179061283446,-0.0007352407508820657,-0.0,-0.0,1.0,,,1,0.13631669315840614,True
0.7634164600925007,2672,pre_motion,0.0,0.004719954181268804,-0.0019102017644232097,-0.0019102017644232097,-0.00037319036650935414,-0.37319036650935417,-0.001006943995981654,-0.05112663003789299,0.0,0.0,-0.0019102017644232097,-0.0007418499659689302,-0.0019102017644232097,-0.0,-0.0,1.0,,,0,0.13998558857774712,True
0.7709750389052978,2673,pre_motion,0.0,0.008038097554532442,-0.001508130076030303,-0.001508130076030303,-4.7426393486111305e-05,-0.04742639348611131,-0.0010069498994568344,-0.004036195820906002,0.0,0.0,-0.001508130076030303,-0.0004160859929456874,-0.001508130076030303,-0.0,-0.0,1.0,,,0,0.1389664369562424,True
0.7785336177180948,2674,pre_motion,0.0,0.008645965545269974,-0.0019712175728555975,-0.0019712175728555975,0.001118447696185952,1.118447696185952,-0.001055967787669881,0.10305504995152617,0.0,0.0,-0.0019712175728555975,0.0007497880967263761,-0.0019712175728555975,-0.0,-0.0,1.0,,,0,0.13195649935753695,True
0.7860921965308919,2675,pre_motion,0.0,0.006636590004717391,4.9769358200425e-05,4.9769358200425e-05,0.0013375208767984707,1.3375208767984708,-0.0011493516716145481,0.05661234824371211,0.0,0.0,4.9769358200425e-05,0.0009688612773388947,4.9769358200425e-05,0.0,-0.0,1.0,,,0,0.1261325648452479,True
0.7936507753436889,2676,pre_motion,0.0,0.005753106932672836,-0.0011153997809003316,-0.0011153997809003316,0.001976589937291517,1.976589937291517,-0.0012041965284508532,-0.08872415224490218,0.0,0.0,-0.0011153997809003316,0.0016079303378319408,-0.0011153997809003316,-0.0,-0.0,1.0,,,0,0.12401470984074069,True
0.801209354156486,2677,pre_motion,0.0,0.006474073045325213,-0.0012914876364829525,-0.0012914876364829525,0.001684862689124702,1.684862689124702,-0.0012041955773334004,0.0629827750141215,0.0,0.0,-0.0012914876364829525,0.001316203089665126,-0.0012914876364829525,-0.0,-0.0,1.0,,,0,0.1380620956091161,True
0.808767932969283,2678,pre_motion,0.0,0.003913142402240055,-0.00016327924331454847,-0.00016327924331454847,0.002840258897913438,2.840258897913438,-0.0012041835511456972,0.09899937233377087,0.0,0.0,-0.00016327924331454847,0.002471599298453862,-0.00016327924331454847,-0.0,-0.0,1.0,,,0,0.1466021294717666,True
0.81632651178208,2679,pre_motion,0.0,-0.006200447972759093,0.0002051014799215272,0.0002051014799215272,0.0026973188031584254,2.697318803158425,-0.001204146022530836,-0.10595839462190525,0.0,0.0,0.0002051014799215272,0.0023286592036988493,0.0002051014799215272,0.0,-0.0,1.0,,,0,0.1350698209104812,True
0.8238850905948771,2680,pre_motion,0.0,-0.014459295543844064,-0.0017650689965688006,-0.0017650689965688006,0.0005404014849855974,0.5404014849855974,-0.001204116279404786,-0.04706242091177627,0.0,0.0,-0.0017650689965688006,0.00017174188552602132,-0.0017650689965688006,-0.0,-0.0,1.0,,,0,0.13222828003426249,True
0.8314436694076741,2681,pre_motion,0.0,-0.015178256690660419,-0.0005063485552438968,-0.0005063485552438968,-0.0008135967639065604,-0.8135967639065604,-0.0012041182383174017,0.1166570993707238,0.0,0.0,-0.0005063485552438968,-0.0011822563633661365,-0.0005063485552438968,-0.0,-0.0,1.0,,,0,0.14023891217228907,True
0.8390022482204712,2682,pre_motion,0.0,-0.015342792586295673,-1.5452372369893398e-06,-1.5452372369893398e-06,0.00015658291479699897,0.15658291479699898,-0.0012041226416562463,0.08559930052387282,0.0,0.0,-1.5452372369893398e-06,-0.0002120766846625771,-1.5452372369893398e-06,-0.0,-0.0,1.0,,,0,0.13695585352847767,True
0.8465608270332682,2683,pre_motion,0.0,-0.011768744766300188,0.0007876695634160816,0.0007876695634160816,-0.0010603379745395276,-1.0603379745395276,-0.0012041440145474942,0.1745774663514786,0.0,0.0,0.0007876695634160816,-0.0014289975739991037,0.0007876695634160816,0.0,-0.0,1.0,,,0,0.13179318177122334,True
0.8541194058460653,2684,pre_motion,0.0,-0.008562657579403776,0.0026375698394751727,0.0026375698394751727,-0.0005715448144845688,-0.5715448144845687,-0.0012041608206675612,0.1826599617928774,0.0,0.0,0.0026375698394751727,-0.0009402044139441448,0.0026375698394751727,0.0,-0.0,1.0,,,0,0.14598242432601918,True
0.8616779846588623,2685,pre_motion,0.0,-0.01083589597320156,0.0035489689977240137,0.0035489689977240137,0.0007896026356718513,0.7896026356718513,-0.0012041306949445018,0.03218463286536971,0.0,0.0,0.0035489689977240137,0.00042094303621227527,0.0035489689977240137,0.0,-0.0,1.0,,,0,0.13248379995206175,True
0.8692365634716593,2686,pre_motion,0.0,-0.013374342707948017,0.0031241100076228223,0.0031241100076228223,0.0010691783603971588,1.0691783603971587,-0.0012040970545909252,-0.08485943331396681,0.0,0.0,0.0031241100076228223,0.0007005187609375827,0.0031241100076228223,0.0,-0.0,1.0,,,0,0.12806710870429697,True
0.8767951422844563,2687,pre_motion,0.0,-0.004292053169422161,0.0022661355682981957,0.0022661355682981957,0.000998110046446808,0.998110046446808,-0.0012041276550190064,-0.01299904766170848,0.0,0.0,0.0022661355682981957,0.0006294504469872319,0.0022661355682981957,0.0,-0.0,1.0,,,0,0.12849297800064433,True
0.8843537210972534,2688,pre_motion,0.0,0.005818589812946584,0.0029276013551381872,0.0029276013551381872,-0.00020899851031865003,-0.20899851031865002,-0.001204164178693027,0.012023553862814645,0.0,0.0,0.0029276013551381872,-0.0005776581097782261,0.0029276013551381872,0.0,-0.0,1.0,,,0,0.13720803285669833,True
0.8919122999100504,2689,pre_motion,0.0,0.0009078467012386682,0.0024478975272622023,0.0024478975272622023,0.00016890550194235396,0.16890550194235396,-0.00120417816517183,-0.09578449016673557,0.0,0.0,0.0024478975272622023,-0.00019975409751722212,0.0024478975272622023,0.0,-0.0,1.0,,,0,0.13994222801057543,True
0.8994708787228475,2690,pre_motion,0.0,-0.007790803944715208,0.001479612119200473,0.001479612119200473,0.00029920279873908094,0.29920279873908096,-0.001204186361347452,-0.06830157047775935,0.0,0.0,0.001479612119200473,-6.945680072049512e-05,0.001479612119200473,0.0,-0.0,1.0,,,0,0.15912137431619552,True
0.9070294575356445,2691,pre_motion,0.0,-0.007315336427012653,0.0014153719202742788,0.0014153719202742788,-0.0007087771823722092,-0.7087771823722092,-0.0012041842584492475,0.023992012778714336,0.0,0.0,0.0014153719202742788,-0.0010774367818317853,0.0014153719202742788,0.0,-0.0,1.0,,,0,0.1306941686759764,True
0.9145880363484415,2692,pre_motion,0.0,-0.002823843741452947,0.0018423031581315719,0.0018423031581315719,-0.002204384841484489,-2.204384841484489,-0.001204177649256761,0.013303668805682484,0.0,0.0,0.0018423031581315719,-0.002573044440944065,0.0018423031581315719,0.0,-0.0,1.0,,,0,0.13354619796815007,True
0.9221466151612385,2693,pre_motion,0.0,0.000852463729813735,0.0016164855786084897,0.0016164855786084897,-0.0007095590747261912,-0.7095590747261912,-0.0012041866811308918,0.12628829928952875,0.0,0.0,0.0016164855786084897,-0.0010782186741857673,0.0016164855786084897,0.0,-0.0,1.0,,,0,0.13945265848906183,True
0.9297051939740356,2694,pre_motion,0.0,0.004111754210384788,0.003751423284759612,0.003751423284759612,0.00011895217398552685,0.11895217398552685,-0.0012042042854197327,0.11982713724222072,0.0,0.0,0.003751423284759612,-0.0002497074254740492,0.003751423284759612,0.0,-0.0,1.0,,,0,0.13662921064475844,True
0.9372637727868326,2695,pre_motion,0.0,0.0019090950960958253,0.00342793130012287,0.00342793130012287,0.0003613837834926911,0.36138378349269107,-0.0012042003706537365,-0.024675222127968605,0.0,0.0,0.00342793130012287,-7.275815966884992e-06,0.00342793130012287,0.0,-0.0,1.0,,,0,0.14168698856771497,True
0.9448223515996297,2696,pre_motion,0.0,-0.00482199444573439,0.0033784040624045674,0.0033784040624045674,-0.0012521953372734587,-1.2521953372734587,-0.0012041786740160825,-0.010881861315678587,0.0,0.0,0.0033784040624045674,-0.0016208549367330348,0.0033784040624045674,0.0,-0.0,1.0,,,0,0.13869307782985849,True
0.9523809304124268,2697,pre_motion,0.0,-0.003910856667999951,0.0032634284873539012,0.0032634284873539012,-0.00024833421776824106,-0.24833421776824105,-0.0012041812793492203,-0.03814239169799202,0.0,0.0,0.0032634284873539012,-0.0006169938172278171,0.0032634284873539012,0.0,-0.0,1.0,,,0,0.1250066149853662,True
0.9599395092252238,2698,pre_motion,0.0,0.01270684173096015,0.002801799514888877,0.002801799514888877,-0.0014917211167248146,-1.4917211167248146,-0.0012042336242928534,-0.07433567567380847,0.0,0.0,0.002801799514888877,-0.0018603807161843907,0.002801799514888877,0.0,-0.0,1.0,,,0,0.14067467927640412,True
0.9674980880380208,2699,pre_motion,0.0,0.01800130628717511,0.002139684360987897,0.002139684360987897,-0.00010946709422662647,-0.10946709422662647,-0.0012042595661398133,0.05751250017507062,0.0,0.0,0.002139684360987897,-0.00047812669368620255,0.002139684360987897,0.0,-0.0,1.0,,,0,0.1264999650101022,True
0.9750566668508178,2700,pre_motion,0.0,0.022982489206412993,0.003671225045477394,0.003671225045477394,-0.0029321782018115975,-2.9321782018115976,-0.0012042839820884045,0.19053551914799452,0.0,0.0,0.003671225045477394,-0.0033008378012711736,0.003671225045477394,0.0,-0.0,1.0,,,0,0.1356125922366286,True
0.9826152456636149,2701,pre_motion,0.0,0.0222822728624692,0.0050200398372225235,0.0050200398372225235,-0.0017535432121576363,-1.7535432121576362,-0.0012042774627813145,0.2638507932985362,0.0,0.0,0.0050200398372225235,-0.0021222028116172124,0.0050200398372225235,0.0,-0.0,1.0,,,0,0.12414626913367366,True
0.9901738244764119,2702,pre_motion,0.0,0.016758250356758708,0.0076598990774093875,0.0076598990774093875,-0.0002692594407181948,-0.2692594407181948,-0.0012042447672277097,0.1889798987533044,0.0,0.0,0.0076598990774093875,-0.0006379190401777709,0.0076598990774093875,0.0,-0.0,1.0,,,0,0.11804850684030607,True
0.997732403289209,2703,pre_motion,0.0,0.010556577183734817,0.007876878754744998,0.007876878754744998,0.0007155461092890891,0.7155461092890891,-0.0012042080607991136,0.025341410777358075,0.0,0.0,0.007876878754744998,0.000346886509829513,0.007876878754744998,0.0,-0.0,1.0,,,0,0.14154425854043387,True
1.005290982102006,2704,pre_motion,0.0,0.006828605013794231,0.008042989178585641,0.008042989178585641,0.0011433187013761951,1.1433187013761952,-0.001187318240076511,-0.03749441012065485,0.0,0.0,0.008042989178585641,0.000774659101916619,0.008042989178585641,0.0,-0.0,1.0,,,0,0.1395402340725867,True
1.012849560914803,2705,pre_motion,0.0,0.006414443057764174,0.007310069846872393,0.007310069846872393,0.000574561856685853,0.574561856685853,-0.0011508550268494284,-0.22946570043354397,0.0,0.0,0.007310069846872393,0.00020590225722627692,0.007310069846872393,0.0,-0.0,1.0,,,0,0.13211140462878773,True
1.0204081397276001,2706,pre_motion,0.0,0.0060004835028735215,0.004574120015464322,0.004574120015464322,-0.00022983838486577055,-0.22983838486577055,-0.001114409633211169,-0.22962520710170736,0.0,0.0,0.004574120015464322,-0.0005984979843253466,0.004574120015464322,0.0,-0.0,1.0,,,0,0.13285587195488827,True
1.0279667185403971,2707,pre_motion,0.0,0.005585998799062963,0.003838789396306116,0.003838789396306116,-0.0010234322089194567,-1.0234322089194567,-0.0010779180049640708,-0.16320889500827407,0.0,0.0,0.003838789396306116,-0.0013920918083790328,0.003838789396306116,0.0,-0.0,1.0,,,0,0.12599452894924004,True
1.035525297353194,2708,pre_motion,0.0,0.005173089541955278,0.002106865423725228,0.002106865423725228,-0.001704056220267308,-1.7040562202673082,-0.0010415650805434891,-0.07338074587528381,0.0,0.0,0.002106865423725228,-0.002072715819726884,0.002106865423725228,0.0,-0.0,1.0,,,0,0.13265477213565474,True
1.043083876165991,2709,pre_motion,0.0,0.004760847661572143,0.002729481094225797,0.002729481094225797,-0.002290752154114928,-2.290752154114928,-0.0010052709126049735,0.00789455299621783,0.0,0.0,0.002729481094225797,-0.002659411753574504,0.002729481094225797,0.0,-0.0,1.0,,,0,0.13930496402330372,True
1.0506424549787883,2710,pre_motion,0.0,0.0043466091213133495,0.0022262086257526267,0.0022262086257526267,-0.0018722366006064316,-1.8722366006064315,-0.0009688009568307686,0.020333550015550178,0.0,0.0,0.0022262086257526267,-0.0022408962000660076,0.0022262086257526267,0.0,-0.0,1.0,,,0,0.1388124370710003,True
1.0582010337915853,2711,pre_motion,0.0,0.003931878253979448,0.003036866574898734,0.003036866574898734,-0.001506495156816973,-1.506495156816973,-0.0009322876561107771,0.0264785479223693,0.0,0.0,0.003036866574898734,-0.0018751547562765492,0.003036866574898734,0.0,-0.0,1.0,,,0,0.1399742775929325,True
1.0733181914171792,2713,pre_motion,0.0,0.0029315790203270353,0.0009950759262322044,0.0009950759262322044,-0.00047996394957516223,-0.47996394957516225,-0.0008442203584828982,0.048349289092279896,0.0,0.0,0.0009950759262322044,-0.0008486235490347383,0.0009950759262322044,0.0,-0.0,1.0,,,1,0.13889946964722355,True
1.0808767702299764,2714,pre_motion,0.0,0.0025726999257926764,0.002053701456618943,0.002053701456618943,0.0003078544707420678,0.3078544707420678,-0.0008126243010571245,0.08502824773203113,0.0,0.0,0.002053701456618943,-6.080512871750829e-05,0.002053701456618943,0.0,-0.0,1.0,,,0,0.1433807297216385,True
1.0884353490427734,2715,pre_motion,0.0,0.00223577861933677,0.0022804613498254144,0.0022804613498254144,-0.00042892644334155156,-0.42892644334155156,-0.0007829614282134261,0.0035216336107449786,0.0,0.0,0.0022804613498254144,-0.0007975860428011276,0.0022804613498254144,0.0,-0.0,1.0,,,0,0.13706267997719743,True
1.0959939278555704,2716,pre_motion,0.0,0.0018627533265203056,0.0021069385470121643,0.0021069385470121643,-0.001991163804618514,-1.991163804618514,-0.0007501199260120552,-0.12991741190673234,0.0,0.0,0.0021069385470121643,-0.00235982340407809,0.0021069385470121643,0.0,-0.0,1.0,,,0,0.15166918236948265,True
1.1035525066683676,2717,pre_motion,0.0,0.0014509217187139711,0.00031647935572204794,0.00031647935572204794,-0.002819414925375669,-2.819414925375669,-0.000713861878861695,0.019858624739461928,0.0,0.0,0.00031647935572204794,-0.003188074524835245,0.00031647935572204794,0.0,-0.0,1.0,,,0,0.13272383100390345,True
1.1111110854811646,2718,pre_motion,0.0,0.0010359610987222823,0.0024071445074260204,0.0024071445074260204,-0.002890074817446872,-2.8900748174468722,-0.0006773283505003366,0.19291391249154025,0.0,0.0,0.0024071445074260204,-0.0032587344169064483,0.0024071445074260204,0.0,-0.0,1.0,,,0,0.14172910964683402,True
1.1186696642939615,2719,pre_motion,0.0,0.0006229916683082592,0.003232789379026701,0.003232789379026701,-0.0018110670180048602,-1.8110670180048603,-0.0006409701283641589,0.11858866592029454,0.0,0.0,0.003232789379026701,-0.0021797266174644362,0.003232789379026701,0.0,-0.0,1.0,,,0,0.13127269984030945,True
1.1262282431067585,2720,pre_motion,0.0,0.00020757154305783843,0.004199868062752015,0.004199868062752015,1.5756192212141565e-05,0.015756192212141563,-0.0006043961447200663,0.06733069649928247,0.0,0.0,0.004199868062752015,-0.0003529034072474345,0.004199868062752015,0.0,-0.0,1.0,,,0,0.1272081827451979,True
1.1337868219195557,2721,pre_motion,0.0,-0.0002038224406817335,0.004250638131047369,0.004250638131047369,-0.0024614152048193214,-2.4614152048193216,-0.0005681766264104052,-0.055064337545197406,0.0,0.0,0.004250638131047369,-0.0028300748042788975,0.004250638131047369,0.0,-0.0,1.0,,,0,0.13205101612051662,True
1.1413454007323527,2722,pre_motion,0.0,-0.0006180390997485574,0.00336745179253237,0.00336745179253237,-0.0007584631739660592,-0.7584631739660592,-0.0005317085970782351,-0.11520204769773493,0.0,0.0,0.00336745179253237,-0.0011271227734256353,0.00336745179253237,0.0,-0.0,1.0,,,0,0.14352305446272887,True
1.1489039795451497,2723,pre_motion,0.0,-0.0010306146684797568,0.002509110617209517,0.002509110617209517,-0.0015122229454928833,-1.5122229454928833,-0.0004953850508986866,-0.13694900210214042,0.0,0.0,0.002509110617209517,-0.0018808825449524594,0.002509110617209517,0.0,-0.0,1.0,,,0,0.12979022449753613,True
1.1564625583579466,2724,pre_motion,0.0,-0.0014473750174772704,0.0012971721410865152,0.0012971721410865152,-0.003539533437001332,-3.539533437001332,-0.00045869307267995324,-0.18390469094550072,0.0,0.0,0.0012971721410865152,-0.003908193036460908,0.0012971721410865152,0.0,-0.0,1.0,,,0,0.14176970029313266,True
1.1640211371707438,2725,pre_motion,0.0,-0.0018593543234146637,-0.000271005583899811,-0.000271005583899811,-0.0027467904075723112,-2.7467904075723113,-0.0004224220220458572,-0.1295763224619268,0.0,0.0,-0.000271005583899811,-0.0031154500070318873,-0.000271005583899811,-0.0,-0.0,1.0,,,0,0.13199392503281687,True
1.1866968736091348,2728,pre_motion,0.0,-0.0031633154337100677,0.002089639793766123,0.002089639793766123,-0.0012455792719130447,-1.2455792719130447,-0.0003076200434674086,0.0947391150028668,0.0,0.0,0.002089639793766123,-0.0016142388713726208,0.002089639793766123,0.0,-0.0,1.0,,,2,0.11860160328695216,True
1.194255452421932,2729,pre_motion,0.0,-0.00352274155832788,0.002782136619452779,0.002782136619452779,0.0005607468739141596,0.5607468739141596,-0.00027597582499076095,0.026558839125631867,0.0,0.0,0.002782136619452779,0.0001920872744545835,0.002782136619452779,0.0,-0.0,1.0,,,0,0.1392512564211576,True
1.201814031234729,2730,pre_motion,0.0,-0.003925257243622582,0.0024911339511811273,0.0024911339511811273,0.0005161164003860594,0.5161164003860594,-0.00024053796053678203,0.006190515527241619,0.0,0.0,0.0024911339511811273,0.00014745680092648338,0.0024911339511811273,0.0,-0.0,1.0,,,0,0.14008155046757859,True
1.209372610047526,2731,pre_motion,0.0,-0.0043402288042102555,0.0028757196184617776,0.0028757196184617776,0.00046168305607868255,0.46168305607868254,-0.00020400346895440603,0.008479496765877309,0.0,0.0,0.0028757196184617776,9.302345661910648e-05,0.0028757196184617776,0.0,-0.0,1.0,,,0,0.13212903009450236,True
1.216931188860323,2732,pre_motion,0.0,-0.004753203704922271,0.0026193198403766087,0.0026193198403766087,9.63376247713925e-05,0.09633762477139249,-0.00016764476520771967,-0.022418508834935152,0.0,0.0,0.0026193198403766087,-0.0002723219746881836,0.0026193198403766087,0.0,-0.0,1.0,,,0,0.13740571650781666,True
1.2244897676731201,2733,pre_motion,0.0,-0.005166774868456514,0.002536815486673292,0.002536815486673292,-2.1378633830284927e-05,-0.021378633830284925,-0.0001312335659155808,-0.049609686321132954,0.0,0.0,0.002536815486673292,-0.000390038233289861,0.002536815486673292,0.0,-0.0,1.0,,,0,0.1323567715584371,True
1.232048346485917,2734,pre_motion,0.0,-0.00558330546479624,0.0018693623925037756,0.0018693623925037756,-0.00010027382568573751,-0.1002738256857375,-9.456181533821443e-05,-0.012597184493892494,0.0,0.0,0.0018693623925037756,-0.0004689334251453136,0.0018693623925037756,0.0,-0.0,1.0,,,0,0.12304858655169532,True
1.239606925298714,2735,pre_motion,0.0,-0.005996061553474874,0.002346381863040431,0.002346381863040431,0.00019875777659105257,0.19875777659105257,-5.822237601187737e-05,0.05781545651548678,0.0,0.0,0.002346381863040431,-0.0001699018228685235,0.002346381863040431,0.0,-0.0,1.0,,,0,0.13442306070085727,True
1.2471655041115113,2736,pre_motion,0.0,-0.006407143730086773,0.0027433677618440727,0.0027433677618440727,0.0018180745606415996,1.8180745606415996,-2.203030950121451e-05,-0.014150984655080245,0.0,0.0,0.0027433677618440727,0.0014494149611820235,0.0027433677618440727,0.0,-0.0,1.0,,,0,0.12964698228255273,True
1.2547240829243083,2737,pre_motion,0.0,-0.015983901458128003,0.0021324591974522483,0.0021324591974522483,0.0026393545505717965,2.6393545505717966,0.0,0.10590663320839883,0.0,0.0,0.0021324591974522483,0.0022706949511122204,0.0021324591974522483,0.0,-0.0,1.0,,,0,0.13844416782086283,True
1.2622826617371052,2738,pre_motion,0.0,-0.008158170844609458,0.004344375029651401,0.004344375029651401,0.00271659655859118,2.71659655859118,0.0,0.09084917331931955,0.0,0.0,0.004344375029651401,0.002347936959131604,0.004344375029651401,0.0,-0.0,1.0,,,0,0.13047152599607073,True
1.2698412405499022,2739,pre_motion,0.0,-0.0011074126190635525,0.003505840470675307,0.003505840470675307,0.0025324842940148656,2.5324842940148655,0.0,-0.0380818328578334,0.0,0.0,0.003505840470675307,0.0021638246945552895,0.003505840470675307,0.0,-0.0,1.0,,,0,0.14556663813496126,True
1.2773998193626994,2740,pre_motion,0.0,0.00013268254082277053,0.0037686859596680346,0.0037686859596680346,0.002328724732365072,2.328724732365072,0.0,0.047879805354105076,0.0,0.0,0.0037686859596680346,0.001960065132905496,0.0037686859596680346,0.0,-0.0,1.0,,,0,0.14096145622038636,True
1.2849583981754964,2741,X_outbound,0.0,0.015915394698225782,0.004229647035296076,0.004229647035296076,0.0031622450130696085,3.1622450130696085,0.0,0.11830315174585973,0.0,0.0,0.004229647035296076,0.0027935854136100324,0.004229647035296076,0.0,-0.0,1.0,,,0,0.14088564736135256,False
1.2925169769882934,2742,X_outbound,0.040625,-0.0021769917106269077,0.005557093352214757,0.005557093352214757,0.003185445767876161,3.185445767876161,0.6458470878710706,0.3950823784875002,0.040625,0.0,0.005557093352214757,0.002816786168416585,0.005557093352214757,0.0,-0.0,1.0,,,0,0.1333481587963008,False
1.3000755558010904,2743,X_outbound,0.08125,-0.004599574032738474,0.010202169625986189,0.010202169625986189,0.0048210785609620966,4.821078560962096,0.8772406462059363,0.9570174085638725,0.08125,0.0,0.010202169625986189,0.0044524189615025205,0.010202169625986189,0.0,-0.0,1.0,,,0,0.14290444163472873,False
1.3076341346138876,2744,X_outbound,0.12187500000000001,0.00723724413154514,0.020024476367912634,0.020024476367912634,0.007498417353209253,7.498417353209253,0.8772260507619523,1.7163670041403818,0.12187500000000001,0.0,0.020024476367912634,0.007129757753749677,0.020024476367912634,0.0,-0.0,1.0,,,0,0.16668008454775274,False
1.3151927134266845,2745,X_outbound,0.1625,0.03562704029926067,0.03614876017094502,0.03614876017094502,0.013452590807098853,13.452590807098854,0.8652745244762415,1.7259607681881028,0.1625,0.0,0.03614876017094502,0.013083931207639277,0.03614876017094502,0.0,-0.0,1.0,,,0,0.16359910192049018,False
1.3227512922394815,2746,X_outbound,0.203125,0.06509161344911263,0.046116097356203416,0.046116097356203416,0.014411534474708755,14.411534474708755,0.9728305732707846,0.9750482441091894,0.203125,0.0,0.046116097356203416,0.014042874875249179,0.046116097356203416,0.0,-0.0,1.0,,,0,0.14858059065806506,False
1.3303098710522785,2747,X_outbound,0.24375000000000002,0.08063593890841503,0.050888718169702245,0.050888718169702245,0.012662606995902676,12.662606995902676,3.4312268953287597,1.6488767825150492,0.24375000000000002,0.0,0.050888718169702245,0.0122939473964431,0.050888718169702245,0.0,-0.0,1.0,,,0,0.15880664956646617,False
1.3378684498650757,2748,X_outbound,0.28437500000000004,0.06694330363254153,0.07104242758266643,0.07104242758266643,0.01525128712528533,15.25128712528533,2.268257883524817,3.127580104951556,0.28437500000000004,0.0,0.07104242758266643,0.014882627525825753,0.07104242758266643,0.0,-0.0,1.0,,,0,0.1358925691559928,False
1.3454270286778727,2749,X_outbound,0.325,0.0762639047127891,0.09816883960292712,0.09816883960292712,0.017946915075238448,17.946915075238447,1.9556722260630846,3.0673774010328803,0.325,0.0,0.09816883960292712,0.017578255475778872,0.09816883960292712,0.0,-0.0,1.0,,,0,0.1607929419883642,False
1.3529856074906697,2750,X_outbound,0.36562500000000003,0.12425053024466592,0.11741245525126522,0.11741245525126522,0.021670942456007848,21.670942456007847,3.587609778675991,2.528737840894019,0.36562500000000003,0.0,0.11741245525126522,0.021302282856548272,0.11741245525126522,0.0,-0.0,1.0,,,0,0.16463667813406185,False
1.3605441863034669,2751,X_outbound,0.40625,0.1302877157884268,0.13639616813752667,0.13639616813752667,0.024074216405413202,24.074216405413203,2.962155716224279,2.6528294936419012,0.40625,0.0,0.13639616813752667,0.023705556805953626,0.13639616813752667,0.0,-0.0,1.0,,,0,0.15350492771962287,False
1.3681027651162638,2752,X_outbound,0.446875,0.14043198520084843,0.15751569686047498,0.15751569686047498,0.031317071612586456,31.317071612586457,3.045784025382253,3.1350240224849557,0.446875,0.0,0.15751569686047498,0.030948412013126883,0.15751569686047498,0.0,-0.0,1.0,,,0,0.17576185991844884,False
1.3756613439290608,2753,X_outbound,0.48750000000000004,0.1795929426380667,0.18378882044545536,0.18378882044545536,0.03600992629225046,36.009926292250455,3.7074673602297663,3.505676886647109,0.48750000000000004,0.0,0.18378882044545536,0.03564126669279088,0.18378882044545536,0.0,-0.0,1.0,,,0,0.16969877512023232,False
1.390778501554655,2755,X_outbound,0.5281250000000001,0.2534604847371611,0.2376839363450722,0.2376839363450722,0.04033796770494852,40.33796770494852,4.182734991566651,2.7745653294185466,0.5281250000000001,0.0,0.2376839363450722,0.03996930810548894,0.2376839363450722,0.0,-0.0,1.0,,,1,0.16860805069495383,False
1.398337080367452,2756,X_outbound,0.5687500000000001,0.27709974823426364,0.25566781344066436,0.25566781344066436,0.04420466875764706,44.204668757647056,3.9327318205156683,2.71445900782936,0.5687500000000001,0.0,0.25566781344066436,0.04383600915818748,0.25566781344066436,0.0,-0.0,1.0,,,0,0.14886199786532806,False
1.405895659180249,2757,X_outbound,0.609375,0.29347121006361476,0.278718841034642,0.278718841034642,0.049323718849082085,49.323718849082084,4.15654040928871,3.7458435200214026,0.609375,0.0,0.278718841034642,0.048955059249622505,0.278718841034642,0.0,-0.0,1.0,,,0,0.18001707419345114,False
1.413454237993046,2758,X_outbound,0.65,0.3378416443907497,0.31229432037363763,0.31229432037363763,0.05479917673599714,54.79917673599714,4.148325136043035,4.653222327110118,0.65,0.0,0.31229432037363763,0.054430517136537564,0.31229432037363763,0.0,-0.0,1.0,,,0,0.15348918512423443,False
1.4210128168058431,2759,X_outbound,0.690625,0.37649995117530466,0.34906233642049983,0.34906233642049983,0.056499743059417865,56.49974305941787,4.253141156544559,4.76774400163799,0.690625,0.0,0.34906233642049983,0.056131083459958285,0.34906233642049983,0.0,-0.0,1.0,,,0,0.1711255887037783,False
1.42857139561864,2760,X_outbound,0.7312500000000001,0.3903841777979835,0.3843690579648804,0.3843690579648804,0.06019120731557892,60.19120731557892,4.332560062830954,4.496918989723358,0.7312500000000001,0.0,0.3843690579648804,0.05982254771611934,0.3843690579648804,0.0,-0.0,1.0,,,0,0.18294828647611555,False
1.436129974431437,2761,X_outbound,0.7718750000000001,0.41533920675684044,0.41704296961767456,0.41704296961767456,0.06266081559225781,62.660815592257805,4.392662805303018,4.012276596906414,0.7718750000000001,0.0,0.41704296961767456,0.06229215599279823,0.41704296961767456,0.0,-0.0,1.0,,,0,0.1698239954371838,False
1.443688553244234,2762,X_outbound,0.8125,0.4510605252218056,0.4450232757177964,0.4450232757177964,0.06603774722031584,66.03774722031584,4.726542724547848,4.13429063087807,0.8125,0.0,0.4450232757177964,0.06566908762085627,0.4450232757177964,0.0,-0.0,1.0,,,0,0.16190329747832052,False
1.4512471320570313,2763,X_outbound,0.853125,0.4891438909319845,0.4795416927546757,0.4795416927546757,0.06526236786004956,65.26236786004957,4.938351434150192,4.891948789973494,0.853125,0.0,0.4795416927546757,0.06489370826058999,0.4795416927546757,0.0,-0.0,1.0,,,0,0.1671578036038751,False
1.4588057108698282,2764,X_outbound,0.89375,0.5292743282024048,0.5189756366721603,0.5189756366721603,0.06761921674450133,67.61921674450133,4.689978625423764,4.945158979283459,0.89375,0.0,0.5189756366721603,0.06725055714504176,0.5189756366721603,0.0,-0.0,1.0,,,0,0.15946471461400485,False
1.4663642896826252,2765,X_outbound,0.9343750000000001,0.576571009067095,0.554298440528125,0.554298440528125,0.0742576585183581,74.2576585183581,5.2929424613069616,4.515652900958493,0.9343750000000001,0.0,0.554298440528125,0.07388899891889852,0.554298440528125,0.0,-0.0,1.0,,,0,0.1669552655501193,False
1.4739228684954222,2766,X_outbound,0.9750000000000001,0.610243536140274,0.5872394733584204,0.5872394733584204,0.07800093641999943,78.00093641999943,5.689217619845763,4.773632788079738,0.9750000000000001,0.0,0.5872394733584204,0.07763227682053986,0.5872394733584204,0.0,-0.0,1.0,,,0,0.16949501198246775,False
1.4814814473082194,2767,X_outbound,1.015625,0.6237386476864515,0.6264621998322312,0.6264621998322312,0.08293730496523752,82.93730496523752,5.146241008469326,5.37138435012554,1.015625,0.0,0.6264621998322312,0.08256864536577795,0.6264621998322312,0.0,-0.0,1.0,,,0,0.15582308183756327,False
1.5041571837466106,2770,X_outbound,1.0562500000000001,0.7816345082144665,0.7606580448989241,0.7606580448989241,0.08443730105689383,84.43730105689383,5.0721515601789084,5.83111926538497,1.0562500000000001,0.0,0.7606580448989241,0.08406864145743426,0.7606580448989241,0.0,-0.0,1.0,,,2,0.1687782380048919,False
1.5117157625594075,2771,X_outbound,1.096875,0.8240055640942785,0.8045140281593776,0.8045140281593776,0.08478458441614721,84.78458441614721,6.040025555942725,5.39964028921743,1.096875,0.0,0.8045140281593776,0.08441592481668764,0.8045140281593776,0.0,-0.0,1.0,,,0,0.1640936859053005,False
1.5192743413722045,2772,X_outbound,1.1375000000000002,0.8531365029185167,0.8422852582725316,0.8422852582725316,0.08436267756103423,84.36267756103423,5.0661277740970965,4.716309748976187,1.1375000000000002,0.0,0.8422852582725316,0.08399401796157466,0.8422852582725316,0.0,-0.0,1.0,,,0,0.17280832098798266,False
1.5268329201850015,2773,X_outbound,1.178125,0.8864653917480041,0.8758112260457761,0.8758112260457761,0.07584629795821064,75.84629795821064,5.144539146410127,4.552692895330004,1.178125,0.0,0.8758112260457761,0.07547763835875107,0.8758112260457761,0.0,-0.0,1.0,,,0,0.18370159488381915,False
1.5343914989977987,2774,X_outbound,1.21875,0.9261639833308379,0.9111090343921581,0.9111090343921581,0.06712491565398825,67.12491565398824,5.4825404327165055,4.7603513697385935,1.21875,0.0,0.9111090343921581,0.06675625605452867,0.9111090343921581,0.0,-0.0,1.0,,,0,0.17105391592547,False
1.5419500778105957,2775,X_outbound,1.2593750000000001,0.9591718924772863,0.9477742080553276,0.9477742080553276,0.06249005878215097,62.49005878215097,5.166859067870624,5.126148952852695,1.2593750000000001,0.0,0.9477742080553276,0.06212139918269139,0.9477742080553276,0.0,-0.0,1.0,,,0,0.19090925895820726,False
1.5495086566233927,2776,X_outbound,1.3,0.9956873984571359,0.9886018361247056,0.9886018361247056,0.06531784445939989,65.3178444593999,4.8466828034547,5.158118750099277,1.3,0.0,0.9886018361247056,0.06494918485994032,0.9886018361247056,0.0,-0.0,1.0,,,0,0.16835797795372887,False
1.5570672354361896,2777,X_outbound,1.3406250000000002,1.0432998106153377,1.02575030225211,1.02575030225211,0.06580179371443814,65.80179371443815,5.15044800231152,4.933761482396335,1.3406250000000002,0.0,1.02575030225211,0.06543313411497857,1.02575030225211,0.0,-0.0,1.0,,,0,0.15788361458301084,False
1.5646258142489868,2778,X_outbound,1.38125,1.0793896589209737,1.063186286141176,1.063186286141176,0.06865666479232421,68.65666479232421,5.277528371250392,5.370194597305044,1.38125,0.0,1.063186286141176,0.06828800519286464,1.063186286141176,0.0,-0.0,1.0,,,0,0.17964051330402853,False
1.5721843930617838,2779,X_outbound,1.421875,1.1079907549880943,1.1069323804596845,1.1069323804596845,0.07293770071991727,72.93770071991727,5.131801368005583,5.8783684874381095,1.421875,0.0,1.1069323804596845,0.0725690411204577,1.1069323804596845,0.0,-0.0,1.0,,,0,0.17966405047980866,False
1.5797429718745808,2780,X_outbound,1.4625000000000001,1.1587613208475034,1.1520505091471023,1.1520505091471023,0.07763721100238402,77.63721100238402,5.887628633569714,5.347981358188235,1.4625000000000001,0.0,1.1520505091471023,0.07726855140292445,1.1520505091471023,0.0,-0.0,1.0,,,0,0.17272583861657081,False
1.5873015506873778,2781,X_outbound,1.503125,1.2120860810358352,1.1877786576301541,1.1877786576301541,0.070320750781155,70.320750781155,4.971608431315187,4.568278350792909,1.503125,0.0,1.1877786576301541,0.06995209118169543,1.1877786576301541,0.0,-0.0,1.0,,,0,0.16776392424647193,False
1.594860129500175,2782,X_outbound,1.5437500000000002,1.2770835918022385,1.2211098930536277,1.2211098930536277,0.060407126437340405,60.4071264373404,5.521402436694563,4.585947562816521,1.5437500000000002,0.0,1.2211098930536277,0.06003846683788083,1.2211098930536277,0.0,-0.0,1.0,,,0,0.1732309439720886,False
1.609977287125769,2784,X_outbound,1.584375,1.304919051359093,1.2957644278691538,1.2957644278691538,0.06761022494846414,67.61022494846414,4.939649920097317,4.837083287757608,1.584375,0.0,1.2957644278691538,0.06724156534900456,1.2957644278691538,0.0,-0.0,1.0,,,1,0.18546484600573504,False
1.617535865938566,2785,X_outbound,1.625,1.3438016577371457,1.3319430070471407,1.3319430070471407,0.06678894648967061,66.78894648967061,5.018142572656608,4.727588224681483,1.625,0.0,1.3319430070471407,0.06642028689021104,1.3319430070471407,0.0,-0.0,1.0,,,0,0.1776971250781368,False
1.625094444751363,2786,X_outbound,1.6656250000000001,1.3681748589736173,1.3672321242505665,1.3672321242505665,0.06809901387448032,68.09901387448032,5.559914728380011,5.021654313645712,1.6656250000000001,0.0,1.3672321242505665,0.06773035427502075,1.3672321242505665,0.0,-0.0,1.0,,,0,0.1754854401849162,False
1.63265302356416,2787,X_outbound,1.70625,1.3974323637805526,1.407856146847768,1.407856146847768,0.07768976213968633,77.68976213968632,5.025019903655457,5.060340590803477,1.70625,0.0,1.407856146847768,0.07732110254022675,1.407856146847768,0.0,-0.0,1.0,,,0,0.1847550018746677,False
1.640211602376957,2788,X_outbound,1.746875,1.438568297069878,1.4437300906009338,1.4437300906009338,0.0817754077839863,81.7754077839863,5.6409211976237135,4.6988728117022305,1.746875,0.0,1.4437300906009338,0.08140674818452673,1.4437300906009338,0.0,-0.0,1.0,,,0,0.19186304243610447,False
1.6477701811897543,2789,X_outbound,1.7875,1.485530953957607,1.4788897478048892,1.4788897478048892,0.07656889617575775,76.56889617575776,4.874532267982729,5.143847572895609,1.7875,0.0,1.4788897478048892,0.07620023657629818,1.4788897478048892,0.0,-0.0,1.0,,,0,0.2003557746420988,False
1.6553287600025512,2790,X_outbound,1.828125,1.501567524138295,1.5214904451624267,1.5214904451624267,0.0736866814952265,73.68668149522651,4.789529671988328,5.801885867615525,1.828125,0.0,1.5214904451624267,0.07331802189576693,1.5214904451624267,0.0,-0.0,1.0,,,0,0.19624074531011299,False
1.6628873388153482,2791,X_outbound,1.8687500000000001,1.5627863284497607,1.566597770991339,1.566597770991339,0.0890365327094868,89.0365327094868,5.551552118880555,5.279842043643157,1.8687500000000001,0.0,1.566597770991339,0.08866787311002723,1.566597770991339,0.0,-0.0,1.0,,,0,0.20445965202489388,False
1.6704459176281452,2792,X_outbound,1.909375,1.6243626703011955,1.6013066495744184,1.6013066495744184,0.09290769740949381,92.9076974094938,5.417139278300226,4.613610834155693,1.909375,0.0,1.6013066495744184,0.09253903781003424,1.6013066495744184,0.0,-0.0,1.0,,,0,0.20790007020361567,False
1.6780044964409424,2793,X_outbound,1.9500000000000002,1.6402194239288406,1.6363424531944195,1.6363424531944195,0.09194426542158247,91.94426542158247,4.975801135845946,4.724010030310822,1.9500000000000002,0.0,1.6363424531944195,0.0915756058221229,1.6363424531944195,0.0,-0.0,1.0,,,0,0.19040068434601298,False
1.6855630752537394,2794,X_outbound,1.990625,1.6672619976335739,1.6727202538275152,1.6727202538275152,0.0927019708860841,92.7019708860841,5.39283266501231,4.98451330678607,1.990625,0.0,1.6727202538275152,0.09233331128662453,1.6727202538275152,0.0,-0.0,1.0,,,0,0.21089791819544818,False
1.6931216540665364,2795,X_outbound,2.03125,1.7181453223433039,1.7116941265399752,1.7116941265399752,0.10430296688088872,104.30296688088872,5.500162984487694,5.157552130179809,2.03125,0.0,1.7116941265399752,0.10393430728142915,1.7116941265399752,0.0,-0.0,1.0,,,0,0.21488616506891148,False
1.7082388116921305,2797,X_outbound,2.0718750000000004,1.8316027705538147,1.7897012212325754,1.7897012212325754,0.10245782449472379,102.4578244947238,4.990588216627911,5.273015959422338,2.0718750000000004,0.0,1.7897012212325754,0.10208916489526422,1.7897012212325754,0.0,-0.0,1.0,,,1,0.2217036209791234,False
1.7157973905049275,2798,X_outbound,2.1125000000000003,1.8583993922273692,1.8299842076250703,1.8299842076250703,0.10687448214546925,106.87448214546926,5.505398719949936,5.411996596919138,2.1125000000000003,0.0,1.8299842076250703,0.10650582254600968,1.8299842076250703,0.0,-0.0,1.0,,,0,0.22570596442623414,False
1.7233559693177245,2799,X_outbound,2.153125,1.895914424894329,1.87151522685738,1.87151522685738,0.12123821080271312,121.23821080271311,5.60594813464031,5.189751409437534,2.153125,0.0,1.87151522685738,0.12086955120325354,1.87151522685738,0.0,-0.0,1.0,,,0,0.22228680220027053,False
1.7309145481305215,2800,X_outbound,2.19375,1.9354912986605655,1.908438497719186,1.908438497719186,0.11633867410588485,116.33867410588485,5.398466439031506,5.134499191202437,2.19375,0.0,1.908438497719186,0.11597001450642527,1.908438497719186,0.0,-0.0,1.0,,,0,0.23498047971806513,False
1.7384731269433187,2801,X_outbound,2.234375,1.9671642794141349,1.949134260459273,1.949134260459273,0.1121047126686877,112.1047126686877,5.0977749545079725,5.657361674627722,2.234375,0.0,1.949134260459273,0.11173605306922813,1.949134260459273,0.0,-0.0,1.0,,,0,0.2326950148390835,False
1.7460317057561157,2802,X_outbound,2.2750000000000004,1.9737623549114858,1.9939617258995286,1.9939617258995286,0.11860511354308555,118.60511354308555,5.518029472960464,5.468533177664824,2.2750000000000004,0.0,1.9939617258995286,0.11823645394362597,1.9939617258995286,0.0,-0.0,1.0,,,0,0.2299007500840813,False
1.7535902845689126,2803,X_outbound,2.3156250000000003,2.0312826652461524,2.0318029384868224,2.0318029384868224,0.1253370248490259,125.3370248490259,5.816107220902611,4.522008650747665,2.3156250000000003,0.0,2.0318029384868224,0.12496836524956632,2.0318029384868224,0.0,-0.0,1.0,,,0,0.2201288172967578,False
1.7611488633817098,2804,X_outbound,2.35625,2.0973133018773353,2.062321643457181,2.062321643457181,0.11513585794958038,115.13585794958038,4.806225064813167,4.460119506073738,2.35625,0.0,2.062321643457181,0.11476719835012081,2.062321643457181,0.0,-0.0,1.0,,,0,0.23795525489294503,False
1.7687074421945068,2805,X_outbound,2.396875,2.1312534340771947,2.0992272680891264,2.0992272680891264,0.11219811154717259,112.19811154717259,5.718997885143505,5.39112994169713,2.396875,0.0,2.0992272680891264,0.11182945194771302,2.0992272680891264,0.0,-0.0,1.0,,,0,0.2298418054061564,False
1.7762660210073038,2806,X_outbound,2.4375,2.1542296633575404,2.143820204565876,2.143820204565876,0.11751311259889605,117.51311259889604,5.217411940755012,5.682106687756118,2.4375,0.0,2.143820204565876,0.11714445299943647,2.143820204565876,0.0,-0.0,1.0,,,0,0.23129417644312775,False
1.7838245998201008,2807,X_outbound,2.4781250000000004,2.187482618503452,2.185124570533377,2.185124570533377,0.11470236425361764,114.70236425361765,5.053950258490917,5.31670668072195,2.4781250000000004,0.0,2.185124570533377,0.11433370465415807,2.185124570533377,0.0,-0.0,1.0,,,0,0.23272572415581283,False
1.791383178632898,2808,X_outbound,2.5187500000000003,2.242787007020155,2.224193697507399,2.224193697507399,0.09569080661798725,95.69080661798725,5.478611565637193,5.338644178718823,2.5187500000000003,0.0,2.224193697507399,0.09532214701852768,2.224193697507399,0.0,-0.0,1.0,,,0,0.2379809889386058,False
1.798941757445695,2809,X_outbound,2.559375,2.282194274553774,2.2658296960900306,2.2658296960900306,0.0937305541560324,93.7305541560324,5.326738153741802,5.520808116554264,2.559375,0.0,2.2658296960900306,0.09336189455657283,2.2658296960900306,0.0,-0.0,1.0,,,0,0.22403718970371744,False
1.806500336258492,2810,X_outbound,2.6,2.3422031188115113,2.3076526240260082,2.3076526240260082,0.09424600030265025,94.24600030265024,5.142298506275089,5.087570820598614,2.6,0.0,2.3076526240260082,0.09387734070319068,2.3076526240260082,0.0,-0.0,1.0,,,0,0.24276636495215975,False
1.814058915071289,2811,X_outbound,2.640625,2.3700835804327767,2.342739306116392,2.342739306116392,0.08151977068616416,81.51977068616416,5.372328574730735,4.45862617421642,2.640625,0.0,2.342739306116392,0.08115111108670459,2.342739306116392,0.0,-0.0,1.0,,,0,0.23816479850027958,False
1.8216174938840861,2812,X_outbound,2.6812500000000004,2.4010958439301646,2.3750543786952374,2.3750543786952374,0.06927564093881819,69.27564093881819,5.029654172086144,4.739073596344326,2.6812500000000004,0.0,2.3750543786952374,0.06890698133935862,2.3750543786952374,0.0,-0.0,1.0,,,0,0.2581300623282626,False
1.829176072696883,2813,X_outbound,2.7218750000000003,2.4362037266463688,2.414380628671621,2.414380628671621,0.07059429250453364,70.59429250453364,5.127798238906903,5.52408787991061,2.7218750000000003,0.0,2.414380628671621,0.07022563290507407,2.414380628671621,0.0,-0.0,1.0,,,0,0.25071012578813195,False
1.83673465150968,2814,X_outbound,2.7625,2.4842842088737314,2.458562885913479,2.458562885913479,0.04770701076057891,47.70701076057891,5.493841317396883,5.683116024271101,2.7625,0.0,2.458562885913479,0.04733835116111934,2.458562885913479,0.0,-0.0,1.0,,,0,0.259746793681521,False
1.844293230322477,2815,X_outbound,2.803125,2.5239913064360735,2.500293189415066,2.500293189415066,0.017262852207691963,17.262852207691964,4.821713368944478,5.2757243106693466,2.803125,0.0,2.500293189415066,0.016894192608232387,2.500293189415066,0.0,-0.0,1.0,,,0,0.25457904893749433,False
1.8518518091352743,2816,X_outbound,2.84375,2.540482415132061,2.5383168419070468,2.5383168419070468,0.004756861484889273,4.756861484889273,5.09337912058328,4.940411225142213,2.84375,0.0,2.5383168419070468,0.004388201885429697,2.5383168419070468,0.0,-0.0,1.0,,,0,0.24164399632201997,False
1.8594103879480712,2817,X_outbound,2.8843750000000004,2.5718007709429287,2.574978164640796,2.574978164640796,0.00037101657655338365,0.37101657655338366,5.417057004554023,5.073041780591922,2.8843750000000004,0.0,2.574978164640796,2.356977093807554e-06,2.574978164640796,0.0,-0.0,1.0,,,0,0.2399466005007438,False
1.8669689667608682,2818,X_outbound,2.9250000000000003,2.617713339628864,2.6150068141454783,2.6150068141454783,0.0066391841253899435,6.639184125389943,4.750046165670161,5.353729923195516,2.9250000000000003,0.0,2.6150068141454783,0.006270524525930367,2.6150068141454783,0.0,-0.0,1.0,,,0,0.23902974206742453,False
1.8745275455736652,2819,X_outbound,2.965625,2.6401093131757705,2.655911343774602,2.655911343774602,0.014700951405416555,14.700951405416555,5.214708275158622,5.611806625701121,2.965625,0.0,2.655911343774602,0.014332291805956979,2.655911343774602,0.0,-0.0,1.0,,,0,0.24486432780207662,False
1.8820861243864624,2820,X_outbound,3.00625,2.707117556938158,2.6998413794705556,2.6998413794705556,0.023451396360176385,23.451396360176386,5.774275117857558,5.373150858679878,3.00625,0.0,2.6998413794705556,0.02308273676071681,2.6998413794705556,0.0,-0.0,1.0,,,0,0.2586456017543063,False
1.8896447031992594,2821,X_outbound,3.046875,2.7637377224212116,2.7371381122513627,2.7371381122513627,0.028081518591601434,28.081518591601434,4.895971919228955,4.561092325095387,3.046875,0.0,2.7371381122513627,0.027712858992141858,2.7371381122513627,0.0,-0.0,1.0,,,0,0.26791929408330273,False
1.8972032820120563,2822,X_outbound,3.0875000000000004,2.75279545925045,2.7687921310939094,2.7687921310939094,0.01414548056808281,14.14548056808281,5.61820658785624,4.376000051866129,3.0875000000000004,0.0,2.7687921310939094,0.013776820968623234,2.7687921310939094,0.0,-0.0,1.0,,,0,0.27846667790644253,False
1.9047618608248535,2823,X_outbound,3.1281250000000003,2.8062421040874597,2.8032907948050307,2.8032907948050307,-0.002412778491120174,-2.412778491120174,4.966796060574099,5.054091884697712,3.1281250000000003,0.0,2.8032907948050307,-0.00278143809057975,2.8032907948050307,0.0,-0.0,1.0,,,0,0.26111449526562786,False
1.9198790184504475,2825,X_outbound,3.16875,2.9317411637283044,2.8945066509861785,2.8945066509861785,0.012481166599240862,12.481166599240861,5.7441084072497155,5.110255172934302,3.16875,0.0,2.8945066509861785,0.012112506999781286,2.8945066509861785,0.0,-0.0,1.0,,,1,0.2624821121673219,False
1.9274375972632445,2826,X_outbound,3.209375,2.9494850212236656,2.929642086658083,2.929642086658083,0.022954948578663363,22.954948578663362,4.575956588182966,4.775063325947059,3.209375,0.0,2.929642086658083,0.022586288979203787,2.929642086658083,0.0,-0.0,1.0,,,0,0.2748438705388309,False
1.9349961760760417,2827,X_outbound,3.25,2.99934026203843,2.9666920359567137,2.9666920359567137,0.025343341878216227,25.343341878216226,5.232722302220757,4.981105383878912,3.25,0.0,2.9666920359567137,0.02497468227875665,2.9666920359567137,0.0,-0.0,1.0,,,0,0.29116720333359647,False
1.9425547548888387,2828,X_outbound,3.290625,3.0521837908782175,3.0049422418958764,3.0049422418958764,0.03312383104769373,33.12383104769373,5.50809014226292,5.032487284918517,3.290625,0.0,3.0049422418958764,0.03275517144823415,3.0049422418958764,0.0,-0.0,1.0,,,0,0.2893491388374453,False
1.9501133337016356,2829,X_outbound,3.3312500000000003,3.059305334991194,3.042768939491624,3.042768939491624,0.034431618664417935,34.43161866441793,5.063173212207915,4.955140739984529,3.3312500000000003,0.0,3.042768939491624,0.034062959064958355,3.042768939491624,0.0,-0.0,1.0,,,0,0.2699495726334602,False
1.9576719125144326,2830,X_outbound,3.371875,3.12188125832148,3.079849885519225,3.079849885519225,0.03019785455673884,30.19785455673884,5.353515678065086,4.752806373698888,3.371875,0.0,3.079849885519225,0.029829194957279263,3.079849885519225,0.0,-0.0,1.0,,,0,0.2924901135300797,False
1.9652304913272298,2831,X_outbound,3.4125,3.1454871800748094,3.1146178626067584,3.1146178626067584,0.023839346461277083,23.839346461277085,4.883510432155082,5.215583132998944,3.4125,0.0,3.1146178626067584,0.023470686861817507,3.1146178626067584,0.0,-0.0,1.0,,,0,0.2778583129574677,False
1.9727890701400268,2832,X_outbound,3.453125,3.178976611386503,3.1586946778501606,3.1586946778501606,0.03578484731693647,35.78484731693647,4.663707547990156,5.59548511647165,3.453125,0.0,3.1586946778501606,0.03541618771747689,3.1586946778501606,0.0,-0.0,1.0,,,0,0.30677991888500344,False
1.9803476489528238,2833,X_outbound,3.49375,3.2092961319045514,3.1992056931041253,3.1992056931041253,0.05012313014385633,50.12313014385633,5.131782531131961,4.975347383120152,3.49375,0.0,3.1992056931041253,0.04975447054439676,3.1992056931041253,0.0,-0.0,1.0,,,0,0.2912395278090701,False
1.9879062277656208,2834,X_outbound,3.5343750000000003,3.2349589818018387,3.2339077884828744,3.2339077884828744,0.05000751740003652,50.00751740003652,5.200284164759656,4.597310733527621,3.5343750000000003,0.0,3.2339077884828744,0.049638857800576947,3.2339077884828744,0.0,-0.0,1.0,,,0,0.2962838091193612,False
1.995464806578418,2835,X_outbound,3.575,3.2782942195374574,3.268703964116698,3.268703964116698,0.04420901981869098,44.209019818690976,4.318994266689409,4.817653588216018,3.575,0.0,3.268703964116698,0.043840360219231406,3.268703964116698,0.0,-0.0,1.0,,,0,0.29229061010589613,False
2.0030233853912147,2836,X_outbound,3.615625,3.317082630116147,3.3067370171614443,3.3067370171614443,0.04256262567367093,42.56262567367093,4.7924405791558575,4.721383586592225,3.615625,0.0,3.3067370171614443,0.04219396607421135,3.3067370171614443,0.0,-0.0,1.0,,,0,0.29524177430825127,False
2.010581964204012,2837,X_outbound,3.65625,3.3475961331554913,3.340077864006105,3.340077864006105,0.04058624485708408,40.586244857084075,5.421848728462945,4.556292847424544,3.65625,0.0,3.340077864006105,0.0402175852576245,3.340077864006105,0.0,-0.0,1.0,,,0,0.3118280208376609,False
2.018140543016809,2838,X_outbound,3.696875,3.39890870351482,3.3756152143243296,3.3756152143243296,0.0335134882035152,33.5134882035152,5.289520909410385,4.810645452081758,3.696875,0.0,3.3756152143243296,0.03314482860405562,3.3756152143243296,0.0,-0.0,1.0,,,0,0.30109559996535545,False
2.025699121829606,2839,X_outbound,3.7375000000000003,3.4454393149183034,3.412801149586071,3.412801149586071,0.03792768287208634,37.927682872086336,5.115644747271819,5.0971865947479955,3.7375000000000003,0.0,3.412801149586071,0.03755902327262676,3.412801149586071,0.0,-0.0,1.0,,,0,0.3161555171285822,False
2.033257700642403,2840,X_outbound,3.778125,3.4836423417514766,3.4526701875242,3.4526701875242,0.04717469243384813,47.17469243384813,4.78820713848163,5.41452678310992,3.778125,0.0,3.4526701875242,0.04680603283438855,3.4526701875242,0.0,-0.0,1.0,,,0,0.29546088708677926,False
2.0408162794552003,2841,X_outbound,3.81875,3.510093816841959,3.4946534044343465,3.4946534044343465,0.04353281614361612,43.532816143616124,5.0482892407868825,5.2800496867483275,3.81875,0.0,3.4946534044343465,0.04316415654415654,3.4946534044343465,0.0,-0.0,1.0,,,0,0.309489128074715,False
2.048374858267997,2842,X_outbound,3.859375,3.535212512705641,3.532489530909743,3.532489530909743,0.0319801934758218,31.980193475821803,5.1911142270974056,5.437740101300989,3.859375,0.0,3.532489530909743,0.03161153387636223,3.532489530909743,0.0,-0.0,1.0,,,0,0.3136591441010187,False
2.0559334370807942,2843,X_outbound,3.9000000000000004,3.5799355692253414,3.5768565786727273,3.5768565786727273,0.028087427076708662,28.08742707670866,4.833892246346321,5.671137529023071,3.9000000000000004,0.0,3.5768565786727273,0.027718767477249086,3.5768565786727273,0.0,-0.0,1.0,,,0,0.33161715429154615,False
2.0634920158935914,2844,X_outbound,3.9406250000000003,3.655591189694661,3.6182210108524084,3.6182210108524084,0.02749197936121078,27.49197936121078,4.871299471543438,4.83577391017468,3.9406250000000003,0.0,3.6182210108524084,0.027123319761751204,3.6182210108524084,0.0,-0.0,1.0,,,0,0.3233312098839112,False
2.071050594706388,2845,X_outbound,3.98125,3.6769097880498407,3.6499597351145736,3.6499597351145736,0.019110380081795653,19.110380081795654,5.201736263162183,4.367181773029955,3.98125,0.0,3.6499597351145736,0.018741720482336077,3.6499597351145736,0.0,-0.0,1.0,,,0,0.3267139324030393,False
2.0786091735191854,2846,X_outbound,4.0218750000000005,3.694296096660878,3.684240386094923,3.684240386094923,0.01939805183999661,19.39805183999661,4.850753224727412,4.908541463867266,4.0218750000000005,0.0,3.684240386094923,0.019029392240537034,3.684240386094923,0.0,-0.0,1.0,,,0,0.3219128169254347,False
2.086167752331982,2847,X_outbound,4.0625,3.742918522906706,3.7241629301356185,3.7241629301356185,0.036178916342043954,36.178916342043955,5.429856246082771,5.070960415906939,4.0625,0.0,3.7241629301356185,0.035810256742584375,3.7241629301356185,0.0,-0.0,1.0,,,0,0.31856273484685044,False
2.0937263311447794,2848,X_outbound,4.103125,3.774555048918188,3.760898894015335,3.760898894015335,0.037366191981600336,37.36619198160034,5.219181498834887,4.728294511846144,4.103125,0.0,3.760898894015335,0.036997532382140756,3.760898894015335,0.0,-0.0,1.0,,,0,0.33246743169226833,False
2.1012849099575766,2849,X_outbound,4.143750000000001,3.797352044647056,3.7956413035714296,3.7956413035714296,0.031885982515379496,31.885982515379496,4.667507190919728,4.817189560898015,4.143750000000001,0.0,3.7956413035714296,0.031517322915919924,3.7956413035714296,0.0,-0.0,1.0,,,0,0.3334601412198954,False
2.1088434887703733,2850,X_outbound,4.184375,3.837730741413452,3.833721107919796,3.833721107919796,0.02780455127673916,27.80455127673916,4.977338357970937,5.4653626738072205,4.184375,0.0,3.833721107919796,0.027435891677279584,3.833721107919796,0.0,-0.0,1.0,,,0,0.33907241530678606,False
2.1164020675831705,2851,X_outbound,4.2250000000000005,3.89272084837242,3.878262052592412,3.878262052592412,0.034673657398014465,34.67365739801446,5.406390171603519,5.634725589132373,4.2250000000000005,0.0,3.878262052592412,0.034304997798554886,3.878262052592412,0.0,-0.0,1.0,,,0,0.3500024779085599,False
2.1315192252087645,2853,X_outbound,4.265625,3.9534727022351035,3.9556413786255984,3.9556413786255984,0.028492724230801313,28.49272423080131,5.064885054097402,4.687052678335988,4.265625,0.0,3.9556413786255984,0.028124064631341737,3.9556413786255984,0.0,-0.0,1.0,,,1,0.3377703584922289,False
2.1390778040215617,2854,X_outbound,4.30625,3.9976472651300696,3.9894377327207042,3.9894377327207042,0.029292015648355197,29.292015648355196,5.234876997995343,4.631277500251201,4.30625,0.0,3.9894377327207042,0.02892335604889562,3.9894377327207042,0.0,-0.0,1.0,,,0,0.324765076284321,False
2.1466363828343584,2855,X_outbound,4.346875000000001,4.0276213763778514,4.025653130604764,4.025653130604764,0.03573644173351882,35.736441733518824,4.681108021866607,4.625422619498977,4.346875000000001,0.0,4.025653130604764,0.03536778213405925,4.025653130604764,0.0,-0.0,1.0,,,0,0.34061600579117995,False
2.1541949616471556,2856,X_outbound,4.3875,4.087125985796746,4.059360975544658,4.059360975544658,0.03018761111822316,30.18761111822316,5.840710691575509,4.608939636070147,4.3875,0.0,4.059360975544658,0.029818951518763584,4.059360975544658,0.0,-0.0,1.0,,,0,0.34395935758907265,False
2.161753540459953,2857,X_outbound,4.4281250000000005,4.14244337104563,4.095327197570086,4.095327197570086,0.019871253048692562,19.871253048692562,4.656093618218172,5.201090103215336,4.4281250000000005,0.0,4.095327197570086,0.019502593449232986,4.095327197570086,0.0,-0.0,1.0,,,0,0.3454643548138816,False
2.1693121192727496,2858,X_outbound,4.46875,4.162077885802745,4.1379866744598806,4.1379866744598806,0.02626917128576255,26.26917128576255,5.021338356751126,5.2807250217576325,4.46875,0.0,4.1379866744598806,0.025900511686302974,4.1379866744598806,0.0,-0.0,1.0,,,0,0.3435627924711128,False
2.176870698085547,2859,X_outbound,4.509375,4.196858819810046,4.175156750101414,4.175156750101414,0.03257994416785488,32.57994416785488,5.454397393910856,4.873011232633871,4.509375,0.0,4.175156750101414,0.03221128456839531,4.175156750101414,0.0,-0.0,1.0,,,0,0.3533631260664124,False
2.184429276898344,2860,X_outbound,4.550000000000001,4.235626225303349,4.211652753374898,4.211652753374898,0.029652266906311415,29.652266906311414,4.556301023224879,5.187155205876991,4.550000000000001,0.0,4.211652753374898,0.02928360730685184,4.211652753374898,0.0,-0.0,1.0,,,0,0.3577210978841536,False
2.1919878557111407,2861,X_outbound,4.590625,4.272510195175613,4.253571792977076,4.253571792977076,0.02997350464876612,29.97350464876612,4.963698059248961,5.60246691081727,4.590625,0.0,4.253571792977076,0.029604845049306543,4.253571792977076,0.0,-0.0,1.0,,,0,0.35436651094408556,False
2.199546434523938,2862,X_outbound,4.6312500000000005,4.311228721858754,4.2963461287578975,4.2963461287578975,0.03941509817813234,39.41509817813234,5.59862764852887,5.1774176921301205,4.6312500000000005,0.0,4.2963461287578975,0.03904643857867276,4.2963461287578975,0.0,-0.0,1.0,,,0,0.35916029489078966,False
2.207105013336735,2863,X_outbound,4.671875,4.343782225555515,4.3318396323225485,4.3318396323225485,0.04085870728029958,40.85870728029958,5.2214196965322115,4.423555655292205,4.671875,0.0,4.3318396323225485,0.04049004768084001,4.3318396323225485,0.0,-0.0,1.0,,,0,0.3618769138815668,False
2.214663592149532,2864,X_outbound,4.7125,4.379024153248196,4.363217716864537,4.363217716864537,0.029568179592434796,29.568179592434795,5.3422297756117665,4.412168493304932,4.7125,0.0,4.363217716864537,0.02919951999297522,4.363217716864537,0.0,-0.0,1.0,,,0,0.3785672907618422,False
2.222222170962329,2865,X_outbound,4.753125000000001,4.405166285812726,4.398539078906518,4.398539078906518,0.029525761007798627,29.52576100779863,5.136404974743522,4.894638697281636,4.753125000000001,0.0,4.398539078906518,0.02915710140833905,4.398539078906518,0.0,-0.0,1.0,,,0,0.3661197193698412,False
2.237339328587923,2867,X_outbound,4.79375,4.512675669246505,4.479232704860009,4.479232704860009,0.03800114453284152,38.00114453284152,5.231351327443401,4.862751431476738,4.79375,0.0,4.479232704860009,0.03763248493338194,4.479232704860009,0.0,-0.0,1.0,,,1,0.36460619065865135,False
2.2448979074007203,2868,X_outbound,4.8343750000000005,4.541301714930029,4.514192533284425,4.514192533284425,0.03557954432300611,35.57954432300611,4.772018007949719,5.0526602520011465,4.8343750000000005,0.0,4.514192533284425,0.03521088472354654,4.514192533284425,0.0,-0.0,1.0,,,0,0.3811458074394144,False
2.252456486213517,2869,X_outbound,4.875,4.6023413100850235,4.5556145663180825,4.5556145663180825,0.046566665881788816,46.566665881788815,4.791538647589417,5.567354007098061,4.875,0.0,4.5556145663180825,0.04619800628232924,4.5556145663180825,0.0,-0.0,1.0,,,0,0.39405292703332195,False
2.260015065026314,2870,X_outbound,4.915625,4.629267451212542,4.598355101367209,4.598355101367209,0.056088449761843864,56.08844976184386,5.353619164103524,5.125870974297129,4.915625,0.0,4.598355101367209,0.05571979016238429,4.598355101367209,0.0,-0.0,1.0,,,0,0.3890600865799953,False
2.2675736438391114,2871,X_outbound,4.956250000000001,4.655076672817415,4.633103165804991,4.633103165804991,0.05626309709752976,56.26309709752976,5.283969433586004,4.723568525588803,4.956250000000001,0.0,4.633103165804991,0.05589443749807019,4.633103165804991,0.0,-0.0,1.0,,,0,0.38171990458930466,False
2.275132222651908,2872,X_outbound,4.996875,4.69978618005959,4.669762031323829,4.669762031323829,0.05186840069398149,51.86840069398149,4.667252735701017,4.827805219501613,4.996875,0.0,4.669762031323829,0.05149974109452192,4.669762031323829,0.0,-0.0,1.0,,,0,0.395601080073658,False
2.2826908014647054,2873,X_outbound,5.0375000000000005,4.7520195914903525,4.7060858582938625,4.7060858582938625,0.05346854951345495,53.46854951345495,5.783529397297755,5.0759849138916024,5.0375000000000005,0.0,4.7060858582938625,0.05309988991399537,4.7060858582938625,0.0,-0.0,1.0,,,0,0.402652986400169,False
2.290249380277502,2874,X_outbound,5.078125,4.773087247784133,4.746496495372266,4.746496495372266,0.05680053955664255,56.80053955664255,4.7140395217909195,5.01346650509015,5.078125,0.0,4.746496495372266,0.056431879957182976,4.746496495372266,0.0,-0.0,1.0,,,0,0.38981043837618834,False
2.2978079590902993,2875,X_outbound,5.11875,4.7957288435921726,4.781875221701946,4.781875221701946,0.050925637485438005,50.925637485438,4.8780955636368155,4.605886952851279,5.11875,0.0,4.781875221701946,0.050556977885978426,4.781875221701946,0.0,-0.0,1.0,,,0,0.38640580248683437,False
2.3053665379030965,2876,X_outbound,5.159375000000001,4.84514157006123,4.816124414444188,4.816124414444188,0.043732719941335874,43.73271994133587,5.315022040818718,4.925747800364945,5.159375000000001,0.0,4.816124414444188,0.0433640603418763,4.816124414444188,0.0,-0.0,1.0,,,0,0.39521002221017143,False
2.3129251167158933,2877,X_outbound,5.2,4.87993221422272,4.856338527623985,4.856338527623985,0.03955675498017651,39.55675498017651,4.741898926730222,5.351355596434644,5.2,0.0,4.856338527623985,0.039188095380716936,4.856338527623985,0.0,-0.0,1.0,,,0,0.39778932321033195,False
2.3204836955286905,2878,X_outbound,5.2406250000000005,4.907984085558638,4.8970217005060945,4.8970217005060945,0.03530003727258903,35.30003727258903,4.664704726679963,5.079188333859463,5.2406250000000005,0.0,4.8970217005060945,0.03493137767312945,4.8970217005060945,0.0,-0.0,1.0,,,0,0.3878417854784704,False
2.3280422743414877,2879,X_outbound,5.28125,4.947007045752315,4.933121418277019,4.933121418277019,0.02560153365729592,25.601533657295917,5.305113125490193,4.553814308789185,5.28125,0.0,4.933121418277019,0.025232874057836342,4.933121418277019,0.0,-0.0,1.0,,,0,0.38633077861725407,False
2.3356008531542845,2880,X_outbound,5.321875,5.007004170589681,4.965862429209746,4.965862429209746,0.01817290760577517,18.172907605775173,4.522038495041379,4.583928161244614,5.321875,0.0,4.965862429209746,0.017804248006315596,4.965862429209746,0.0,-0.0,1.0,,,0,0.403429075337827,False
2.3431594319670817,2881,X_outbound,5.362500000000001,5.031176881825303,5.002417382834953,5.002417382834953,0.018278784919182035,18.278784919182037,5.468798946970624,5.166916189164397,5.362500000000001,0.0,5.002417382834953,0.01791012531972246,5.002417382834953,0.0,-0.0,1.0,,,0,0.41362819301811504,False
2.350718010779879,2882,X_outbound,5.403125,5.05197585660963,5.04397151567958,5.04397151567958,0.022314762540163985,22.314762540163986,5.087267220055298,5.2663214053973775,5.403125,0.0,5.04397151567958,0.02194610294070441,5.04397151567958,0.0,-0.0,1.0,,,0,0.4160055087168299,False
2.3582765895926756,2883,X_outbound,5.4437500000000005,5.072771907118636,5.082029193627386,5.082029193627386,0.021630649177812947,21.63064917781295,4.901419083864638,4.906814533748047,5.4437500000000005,0.0,5.082029193627386,0.02126198957835337,5.082029193627386,0.0,-0.0,1.0,,,0,0.429570414128086,False
2.365835168405473,2884,X_outbound,5.484375,5.110233277448572,5.118148604425804,5.118148604425804,0.015291870678650257,15.291870678650257,5.044038927444708,4.934081776645598,5.484375,0.0,5.118148604425804,0.01492321107919068,5.118148604425804,0.0,-0.0,1.0,,,0,0.41909569852807227,False
2.3733937472182696,2885,X_outbound,5.525,5.154148194221676,5.1566184855825075,5.1566184855825075,0.026387079159813417,26.387079159813418,5.05486010680646,5.186323709608246,5.525,0.0,5.1566184855825075,0.02601841956035384,5.1566184855825075,0.0,-0.0,1.0,,,0,0.42761360046877595,False
2.3809523260310668,2886,X_outbound,5.565625000000001,5.192771054974827,5.196551077441308,5.196551077441308,0.032896511175262294,32.8965111752623,4.970201184826106,5.151077241700364,5.565625000000001,0.0,5.196551077441308,0.03252785157580272,5.196551077441308,0.0,-0.0,1.0,,,0,0.43251291623204047,False
2.388510904843864,2887,X_outbound,5.60625,5.235618163673308,5.234488132186904,5.234488132186904,0.03220865654411546,32.20865654411546,5.2809788611351145,5.0648691382887705,5.60625,0.0,5.234488132186904,0.03183999694465589,5.234488132186904,0.0,-0.0,1.0,,,0,0.42811544463000073,False
2.3960694836566607,2888,X_outbound,5.6468750000000005,5.277159002072068,5.273117502557826,5.273117502557826,0.032298704345630716,32.29870434563072,5.1614862905686945,4.9998671767158385,5.6468750000000005,0.0,5.273117502557826,0.031930044746171136,5.273117502557826,0.0,-0.0,1.0,,,0,0.4195408563266951,False
2.403628062469458,2889,X_outbound,5.6875,5.3134165323577065,5.310071912404351,5.310071912404351,0.0366156760187563,36.615676018756304,4.870400898250871,4.5666840893376275,5.6875,0.0,5.310071912404351,0.03624701641929673,5.310071912404351,0.0,-0.0,1.0,,,0,0.4170188298334876,False
2.411186641282255,2890,X_outbound,5.728125,5.370323292009573,5.342152785762637,5.342152785762637,0.034298575833669784,34.29857583366979,5.415406623899634,4.4218833366172134,5.728125,0.0,5.342152785762637,0.033929916234210204,5.342152785762637,0.0,-0.0,1.0,,,0,0.4153550660765474,False
2.418745220095052,2891,X_outbound,5.768750000000001,5.384451805431269,5.376918219805981,5.376918219805981,0.027227954727716983,27.227954727716984,4.462289885008512,4.992725814705068,5.768750000000001,0.0,5.376918219805981,0.026859295128257406,5.376918219805981,0.0,-0.0,1.0,,,0,0.4332888139769706,False
2.426303798907849,2892,X_outbound,5.809375,5.437255554751346,5.417628608884906,5.417628608884906,0.03170289484759797,31.702894847597975,5.094209921324526,5.13224048752744,5.809375,0.0,5.417628608884906,0.0313342352481384,5.417628608884906,0.0,-0.0,1.0,,,0,0.43857557494588095,False
2.433862377720646,2893,X_outbound,5.8500000000000005,5.471421790675095,5.454503108228389,5.454503108228389,0.03308895868638012,33.088958686380124,5.562856744783382,4.942032874822445,5.8500000000000005,0.0,5.454503108228389,0.03272029908692055,5.454503108228389,0.0,-0.0,1.0,,,0,0.4529305494212738,False
2.4489795353462402,2895,X_outbound,5.890625,5.563307865484205,5.531133580733133,5.531133580733133,0.022659787410630856,22.659787410630855,4.982847352261597,4.83487255826185,5.890625,0.0,5.531133580733133,0.02229112781117128,5.531133580733133,0.0,-0.0,1.0,,,1,0.457422925203322,False
2.456538114159037,2896,X_outbound,5.93125,5.579255313007394,5.566793110529123,5.566793110529123,0.020708548357503926,20.708548357503926,5.298579401671471,4.769873147346459,5.93125,0.0,5.566793110529123,0.02033988875804435,5.566793110529123,0.0,-0.0,1.0,,,0,0.44681783193754304,False
2.464096692971834,2897,X_outbound,5.971875000000001,5.607843673381893,5.603240504955658,5.603240504955658,0.012666829342779025,12.666829342779025,4.636685220219136,4.752991909865955,5.971875000000001,0.0,5.603240504955658,0.012298169743319449,5.603240504955658,0.0,-0.0,1.0,,,0,0.45096699590033473,False
2.4716552717846314,2898,X_outbound,6.0125,5.653985856746289,5.638644838423742,5.638644838423742,0.0052694872953697736,5.269487295369774,5.272979584660103,4.93270478806636,6.0125,0.0,5.638644838423742,0.0049008276959101975,5.638644838423742,0.0,-0.0,1.0,,,0,0.45289249856834074,False
2.479213850597428,2899,X_outbound,6.0531250000000005,5.686568558643245,5.677808980757379,5.677808980757379,0.008874711484522232,8.874711484522232,4.8829461272854955,5.135067284843785,6.0531250000000005,0.0,5.677808980757379,0.008506051885062656,5.677808980757379,0.0,-0.0,1.0,,,0,0.47335959619345097,False
2.4867724294102254,2900,X_outbound,6.09375,5.716936811345221,5.716272459986756,5.716272459986756,0.005393571574401202,5.393571574401202,4.711712225872015,4.75967977901945,6.09375,0.0,5.716272459986756,0.005024911974941626,5.716272459986756,0.0,-0.0,1.0,,,0,0.4658327798147429,False
2.4943310082230226,2901,X_outbound,6.134375,5.74347015498148,5.74976181022417,5.74976181022417,-0.002556903412529097,-2.556903412529097,5.025826589234499,4.6080318072679916,6.134375,0.0,5.74976181022417,-0.002925563011988673,5.74976181022417,0.0,-0.0,1.0,,,0,0.4536497360265324,False
2.5018895870358193,2902,X_outbound,6.175000000000001,5.793326343183281,5.785932803160977,5.785932803160977,0.00023388594080772198,0.233885940807722,4.84291707824681,5.001167505087665,6.175000000000001,0.0,5.785932803160977,-0.0001347736586518541,5.785932803160977,0.0,-0.0,1.0,,,0,0.4873942250732842,False
2.5094481658486165,2903,X_outbound,6.215625,5.852333220152559,5.825365247710579,5.825365247710579,0.012836751771586148,12.836751771586147,4.57143314773298,5.031545745172423,6.215625,0.0,5.825365247710579,0.012468092172126572,5.825365247710579,0.0,-0.0,1.0,,,0,0.4753203625731648,False
2.5170067446614133,2904,X_outbound,6.2562500000000005,5.885012880251907,5.861995473291135,5.861995473291135,0.01693386500286671,16.93386500286671,4.9789895534294955,4.831038363470213,6.2562500000000005,0.0,5.861995473291135,0.016565205403407134,5.861995473291135,0.0,-0.0,1.0,,,0,0.49041651901930944,False
2.5245653234742105,2905,X_outbound,6.296875,5.909093772471607,5.898396816146449,5.898396816146449,0.01703315999097458,17.03315999097458,5.169212357233425,5.065644984298103,6.296875,0.0,5.898396816146449,0.016664500391515003,5.898396816146449,0.0,-0.0,1.0,,,0,0.48598586374291886,False
2.5321239022870077,2906,X_outbound,6.3375,5.956104768567712,5.938573626994071,5.938573626994071,0.0283997505005176,28.3997505005176,4.978831389548626,5.0600761932344085,6.3375,0.0,5.938573626994071,0.028031090901058025,5.938573626994071,0.0,-0.0,1.0,,,0,0.4849662061187895,False
2.5396824810998044,2907,X_outbound,6.378125000000001,6.000910124840175,5.974890785557089,5.974890785557089,0.03641411201408751,36.41411201408751,5.500125590741788,4.636001678562934,6.378125000000001,0.0,5.974890785557089,0.03604545241462793,5.974890785557089,0.0,-0.0,1.0,,,0,0.48670764338796807,False
2.5472410599126016,2908,X_outbound,6.41875,6.050318342098791,6.008656795121424,6.008656795121424,0.026765933469757284,26.765933469757282,4.527189558613858,4.666220397720963,6.41875,0.0,6.008656795121424,0.026397273870297708,6.008656795121424,0.0,-0.0,1.0,,,0,0.49044874813708106,False
2.554799638725399,2909,X_outbound,6.4593750000000005,6.090203682234943,6.045430774825201,6.045430774825201,0.016312863731577854,16.312863731577853,4.979941714876154,5.1063312064732145,6.4593750000000005,0.0,6.045430774825201,0.015944204132118278,6.045430774825201,0.0,-0.0,1.0,,,0,0.4916962348156814,False
2.5623582175381956,2910,X_outbound,6.5,6.118575094661139,6.085850008858169,6.085850008858169,0.018605274637952036,18.605274637952036,5.222488522453975,5.474090496500253,6.5,0.0,6.085850008858169,0.01823661503849246,6.085850008858169,0.0,-0.0,1.0,,,0,0.5124229798948512,False
2.569916796350993,2911,X_outbound,6.540625,6.145851450117192,6.128183463717561,6.128183463717561,0.013518214997582413,13.518214997582414,4.688763695521151,5.1074598552738735,6.540625,0.0,6.128183463717561,0.013149555398122837,6.128183463717561,0.0,-0.0,1.0,,,0,0.48920135911307394,False
2.57747537516379,2912,X_outbound,6.58125,6.168680483318411,6.16306028455674,6.16306028455674,0.004046352266032711,4.046352266032711,4.864765372986,4.36299209233033,6.58125,0.0,6.16306028455674,0.0036776926665731354,6.16306028455674,0.0,-0.0,1.0,,,0,0.49630042660409424,False
2.5850339539765868,2913,X_outbound,6.621875,6.195624720598602,6.194139502896539,6.194139502896539,0.0026519686417623384,2.6519686417623385,5.291330530509706,4.561457115175301,6.621875,0.0,6.194139502896539,0.0022833090423027623,6.194139502896539,0.0,-0.0,1.0,,,0,0.4805212966317928,False
2.592592532789384,2914,X_outbound,6.6625000000000005,6.2533202233381076,6.232016550769233,6.232016550769233,0.004844704256982864,4.8447042569828636,4.7590885181455835,5.253792637103288,6.6625000000000005,0.0,6.232016550769233,0.004476044657523288,6.232016550769233,0.0,-0.0,1.0,,,0,0.4968911704384029,False
2.6001511116021807,2915,X_outbound,6.703125,6.270333013681864,6.273561914323814,6.273561914323814,0.008454786365033114,8.454786365033113,5.488684020034039,5.506106110766609,6.703125,0.0,6.273561914323814,0.008086126765573538,6.273561914323814,0.0,-0.0,1.0,,,0,0.4986539495451165,False
2.607709690414978,2916,X_outbound,6.74375,6.332888707160691,6.315253224748937,6.315253224748937,0.005088384675799062,5.0883846757990625,4.9504448518310245,5.548611726922502,6.74375,0.0,6.315253224748937,0.004719725076339486,6.315253224748937,0.0,-0.0,1.0,,,0,0.517797669788983,False
2.615268269227775,2917,X_outbound,6.784375,6.357235749545282,6.357441152402923,6.357441152402923,0.0018270064547458522,1.8270064547458522,4.7214685258735285,5.332441784967614,6.784375,0.0,6.357441152402923,0.0014583468552862762,6.357441152402923,0.0,-0.0,1.0,,,0,0.5217124832412628,False
2.622826848040572,2918,X_outbound,6.825,6.399709336137903,6.395864587741596,6.395864587741596,0.006428922006773708,6.428922006773708,5.343934320753131,4.834215478638953,6.825,0.0,6.395864587741596,0.0060602624073141315,6.395864587741596,0.0,-0.0,1.0,,,0,0.5190310347847603,False
2.630385426853369,2919,X_outbound,6.8656250000000005,6.4423062558715,6.4305207497895935,6.4305207497895935,0.009223205105533663,9.223205105533664,5.2314645394407355,4.752012931015258,6.8656250000000005,0.0,6.4305207497895935,0.008854545506074087,6.4305207497895935,0.0,-0.0,1.0,,,0,0.5382549648665121,False
2.6379440056661663,2920,X_outbound,6.90625,6.492114337966399,6.467701516258617,6.467701516258617,0.004009434518755154,4.009434518755154,4.834812090368881,4.942710940281188,6.90625,0.0,6.467701516258617,0.0036407749192955787,6.467701516258617,0.0,-0.0,1.0,,,0,0.504161962183881,False
2.645502584478963,2921,X_outbound,6.946875,6.533291729555003,6.5052404901715715,6.5052404901715715,0.0057568709996397675,5.756870999639768,5.112892159039421,4.963506731868023,6.946875,0.0,6.5052404901715715,0.0053882114001801915,6.5052404901715715,0.0,-0.0,1.0,,,0,0.5244606185541203,False
2.660619742104557,2923,X_outbound,6.9875,6.633907661984381,6.580186935443786,6.580186935443786,0.011133461455045457,11.133461455045456,5.33761868891597,4.560517952548366,6.9875,0.0,6.580186935443786,0.01076480185558588,6.580186935443786,0.0,-0.0,1.0,,,1,0.5264662440090054,False
2.668178320917354,2924,X_outbound,7.028125,6.65198559181556,6.613156875683003,6.613156875683003,0.00864415302818138,8.64415302818138,4.472090912212398,4.90914917224768,7.028125,0.0,6.613156875683003,0.008275493428721805,6.613156875683003,0.0,-0.0,1.0,,,0,0.5238208216605761,False
2.6757368997301514,2925,X_outbound,7.0687500000000005,6.701315281884035,6.6543993172882105,6.6543993172882105,0.016023232487085988,16.023232487085988,4.91453895665969,5.417403552425867,7.0687500000000005,0.0,6.6543993172882105,0.015654572887626412,6.6543993172882105,0.0,-0.0,1.0,,,0,0.5237439778416974,False
2.683295478542948,2926,X_outbound,7.109375,6.724348807716154,6.695052619106477,6.695052619106477,0.026713554743702166,26.713554743702165,5.3082052330498355,5.32927529400763,7.109375,0.0,6.695052619106477,0.02634489514424259,6.695052619106477,0.0,-0.0,1.0,,,0,0.5275110539968486,False
2.6908540573557453,2927,X_outbound,7.15,6.737289007748615,6.7349628119379075,6.7349628119379075,0.02238838363141899,22.388383631418993,5.355974539331067,5.035494637184854,7.15,0.0,6.7349628119379075,0.022019724031959415,6.7349628119379075,0.0,-0.0,1.0,,,0,0.5038192712773304,False
2.6984126361685425,2928,X_outbound,7.190625,6.760500568357429,6.771174985259635,6.771174985259635,0.02483248630431574,24.83248630431574,4.869444423637688,4.8912041753179665,7.190625,0.0,6.771174985259635,0.024463826704856164,6.771174985259635,0.0,-0.0,1.0,,,0,0.5273174286136064,False
2.7059712149813393,2929,X_outbound,7.23125,6.817799205612943,6.808903916435153,6.808903916435153,0.024607358100430618,24.607358100430616,4.97377267507751,4.757516761904469,7.23125,0.0,6.808903916435153,0.024238698500971042,6.808903916435153,0.0,-0.0,1.0,,,0,0.5168032578403372,False
2.7135297937941365,2930,X_outbound,7.2718750000000005,6.838936806381469,6.84309511605575,6.84309511605575,0.018778161770913872,18.778161770913872,5.390290600421496,4.793077523502689,7.2718750000000005,0.0,6.84309511605575,0.018409502171454296,6.84309511605575,0.0,-0.0,1.0,,,0,0.5409714706426779,False
2.7210883726069337,2931,X_outbound,7.3125,6.874253496309279,6.881361624869637,6.881361624869637,0.010090875112548553,10.090875112548552,4.5378858203162835,5.099224954890019,7.3125,0.0,6.881361624869637,0.009722215513088977,6.881361624869637,0.0,-0.0,1.0,,,0,0.5457062938431557,False
2.7286469514197305,2932,X_outbound,7.353125,6.920986679000805,6.920180903467185,6.920180903467185,0.007361850097001356,7.361850097001356,5.6318473768925905,5.02793172338005,7.353125,0.0,6.920180903467185,0.00699319049754178,6.920180903467185,0.0,-0.0,1.0,,,0,0.5558416192191862,False
2.7362055302325277,2933,X_outbound,7.39375,6.990128174972256,6.957369661262697,6.957369661262697,0.0024759223891659583,2.4759223891659583,4.7691779432322114,4.996233938112994,7.39375,0.0,6.957369661262697,0.0021072627897063823,6.957369661262697,0.0,-0.0,1.0,,,0,0.5517126430583981,False
2.7437641090453244,2934,X_outbound,7.434375,7.015847932429551,6.99570975944398,6.99570975944398,-0.0017535327590933862,-1.7535327590933862,4.631561514517747,5.000185452243215,7.434375,0.0,6.99570975944398,-0.0021221923585529622,6.99570975944398,0.0,-0.0,1.0,,,0,0.5499494465216247,False
2.7513226878581216,2935,X_outbound,7.4750000000000005,7.028165696155867,7.032958252901459,7.032958252901459,0.002666795128812489,2.6667951288124887,5.2751452954172615,4.757142179568405,7.4750000000000005,0.0,7.032958252901459,0.002298135529352913,7.032958252901459,0.0,-0.0,1.0,,,0,0.5505371950301823,False
2.758881266670919,2936,X_outbound,7.515625,7.095948118991259,7.06762422761988,7.06762422761988,0.010503407429724328,10.503407429724328,4.728849094341341,4.784775031400443,7.515625,0.0,7.06762422761988,0.010134747830264752,7.06762422761988,0.0,-0.0,1.0,,,0,0.556577969438617,False
2.7664398454837156,2937,X_outbound,7.55625,7.122101196671252,7.105290451254145,7.105290451254145,0.013624388212260157,13.624388212260158,4.988481904071806,5.134265643685012,7.55625,0.0,7.105290451254145,0.01325572861280058,7.105290451254145,0.0,-0.0,1.0,,,0,0.57968692284663,False
2.7739984242965128,2938,X_outbound,7.596875,7.159594651486685,7.145239730647138,7.145239730647138,0.020303907623230283,20.303907623230284,5.40338336789526,5.2302549110762016,7.596875,0.0,7.145239730647138,0.019935248023770707,7.145239730647138,0.0,-0.0,1.0,,,0,0.5637194640227253,False
2.78155700310931,2939,X_outbound,7.6375,7.189945223308854,7.184357039166923,7.184357039166923,0.0290481763515968,29.048176351596798,5.1228692016794,4.640037307249656,7.6375,0.0,7.184357039166923,0.028679516752137223,7.184357039166923,0.0,-0.0,1.0,,,0,0.5891814359001919,False
2.7891155819221067,2940,X_outbound,7.6781250000000005,7.229370888873177,7.215383906009467,7.215383906009467,0.026049377487274955,26.049377487274956,5.147853660822606,4.282474277241761,7.6781250000000005,0.0,7.215383906009467,0.02568071788781538,7.215383906009467,0.0,-0.0,1.0,,,0,0.5652160229245033,False
2.796674160734904,2941,X_outbound,7.71875,7.272401345028044,7.249095877843539,7.249095877843539,0.019016439302132235,19.016439302132234,5.023686976120463,4.9125353747604095,7.71875,0.0,7.249095877843539,0.01864777970267266,7.249095877843539,0.0,-0.0,1.0,,,0,0.5727189920821617,False
2.8042327395477007,2942,X_outbound,7.759375,7.302483557327633,7.289647477611025,7.289647477611025,0.01896607325892996,18.96607325892996,4.402466752400833,5.447210937795376,7.759375,0.0,7.289647477611025,0.018597413659470385,7.289647477611025,0.0,-0.0,1.0,,,0,0.5884955035615664,False
2.811791318360498,2943,X_outbound,7.800000000000001,7.33692392396506,7.331442224210051,7.331442224210051,0.021558995625199626,21.558995625199625,5.1962938300589085,5.1286785036766105,7.800000000000001,0.0,7.331442224210051,0.02119033602574005,7.331442224210051,0.0,-0.0,1.0,,,0,0.5864940597259024,False
2.819349897173295,2944,X_outbound,7.840625,7.372589458181153,7.367178518962102,7.367178518962102,0.021043413132687698,21.043413132687697,5.590775959093767,4.668910270139293,7.840625,0.0,7.367178518962102,0.020674753533228122,7.367178518962102,0.0,-0.0,1.0,,,0,0.5873713515562229,False
2.826908475986092,2945,X_outbound,7.8812500000000005,7.414296448243391,7.402022876703501,7.402022876703501,0.02142542336963934,21.42542336963934,4.805367921732179,4.929693041897224,7.8812500000000005,0.0,7.402022876703501,0.021056763770179763,7.402022876703501,0.0,-0.0,1.0,,,0,0.5889013417834202,False
2.834467054798889,2946,X_outbound,7.921875,7.4504348096637045,7.441701465722256,7.441701465722256,0.03506782273563651,35.06782273563651,5.2336862736571,5.304259682788313,7.921875,0.0,7.441701465722256,0.034699163136176936,7.441701465722256,0.0,-0.0,1.0,,,0,0.6035127167764177,False
2.8420256336116863,2947,X_outbound,7.9625,7.505559741073995,7.482208206415297,7.482208206415297,0.042421721687450925,42.421721687450926,5.508928806846007,5.215273484991201,7.9625,0.0,7.482208206415297,0.04205306208799135,7.482208206415297,0.0,-0.0,1.0,,,0,0.5956418528503465,False
2.849584212424483,2948,X_outbound,8.003125,7.53278878051546,7.5205415770554485,7.5205415770554485,0.04184419225373523,41.84419225373523,4.81366400307241,4.988893349606428,8.003125,0.0,7.5205415770554485,0.04147553265427566,7.5205415770554485,0.0,-0.0,1.0,,,0,0.5966623476051972,False
2.85714279123728,2949,X_outbound,8.043750000000001,7.590909186392025,7.557626093558575,7.557626093558575,0.04137269577498415,41.372695774984145,5.753451441326674,5.008200682835138,8.043750000000001,0.0,7.557626093558575,0.041004036175524575,7.557626093558575,0.0,-0.0,1.0,,,0,0.6053397551709919,False
2.872259948862874,2951,X_outbound,8.084375000000001,7.645109562768226,7.63641730497515,7.63641730497515,0.03240927169730608,32.409271697306075,5.108284185504314,5.300453924155249,8.084375000000001,0.0,7.63641730497515,0.0320406120978465,7.63641730497515,0.0,-0.0,1.0,,,1,0.6051220208206074,False
2.8798185276756714,2952,X_outbound,8.125,7.691117204439308,7.676815350214997,7.676815350214997,0.02189005084615648,21.89005084615648,5.594271367122346,5.3820315373355925,8.125,0.0,7.676815350214997,0.021521391246696903,7.676815350214997,0.0,-0.0,1.0,,,0,0.6036410006874517,False
2.887377106488468,2953,X_outbound,8.165625,7.737284093509203,7.71777832407097,7.71777832407097,0.013971486013601883,13.971486013601883,5.052084351755049,5.243748278153191,8.165625,0.0,7.71777832407097,0.013602826414142307,7.71777832407097,0.0,-0.0,1.0,,,0,0.5979769448195028,False
2.8949356853012653,2954,X_outbound,8.20625,7.766724024605679,7.756085919484776,7.756085919484776,0.007119714851049048,7.119714851049048,4.772468082547692,5.065336075364428,8.20625,0.0,7.756085919484776,0.006751055251589472,7.756085919484776,0.0,-0.0,1.0,,,0,0.6172697232971581,False
2.9024942641140625,2955,X_outbound,8.246875000000001,7.79848897781045,7.794351807948863,7.794351807948863,0.00382179771260196,3.82179771260196,5.307081680971623,4.85868351006161,8.246875000000001,0.0,7.794351807948863,0.003453138113142384,7.794351807948863,0.0,-0.0,1.0,,,0,0.602642448906741,False
2.9100528429268593,2956,X_outbound,8.287500000000001,7.844130113911291,7.829535403959251,7.829535403959251,0.005185673461646779,5.185673461646779,5.083643186122308,4.852721973414418,8.287500000000001,0.0,7.829535403959251,0.004817013862187203,7.829535403959251,0.0,-0.0,1.0,,,0,0.6180985423768517,False
2.9176114217396565,2957,X_outbound,8.328125,7.875048101882754,7.867711170934153,7.867711170934153,0.008522965986707414,8.522965986707414,4.711900417754895,5.054337436360356,8.328125,0.0,7.867711170934153,0.008154306387247838,7.867711170934153,0.0,-0.0,1.0,,,0,0.5935850494600664,False
2.9251700005524537,2958,X_outbound,8.36875,7.903946260539811,7.905942619677653,7.905942619677653,0.006445339117028599,6.445339117028599,5.219213141647752,5.239685097856068,8.36875,0.0,7.905942619677653,0.006076679517569023,7.905942619677653,0.0,-0.0,1.0,,,0,0.6319501265344496,False
2.9327285793652504,2959,X_outbound,8.409375,7.9596639746421545,7.94692031646692,7.94692031646692,0.011994674128767589,11.994674128767588,5.287485173109382,5.344969066252929,8.409375,0.0,7.94692031646692,0.011626014529308013,7.94692031646692,0.0,-0.0,1.0,,,0,0.6257947433361954,False
2.9402871581780476,2960,X_outbound,8.450000000000001,7.999666253312512,7.9867433595561215,7.9867433595561215,0.013033026945551997,13.033026945551997,5.154026621162653,5.046591729317129,8.450000000000001,0.0,7.9867433595561215,0.012664367346092421,7.9867433595561215,0.0,-0.0,1.0,,,0,0.6338543093848217,False
2.9478457369908444,2961,X_outbound,8.490625000000001,8.020228510728458,8.023210439111025,8.023210439111025,0.0010368969811187833,1.0368969811187834,5.439168404922617,5.037242679856149,8.490625000000001,0.0,8.023210439111025,0.0006682373816592071,8.023210439111025,0.0,-0.0,1.0,,,0,0.6340133269874257,False
2.9554043158036416,2962,X_outbound,8.53125,8.072343653217473,8.062892151145876,8.062892151145876,-0.00775578656914914,-7.75578656914914,4.561237011514069,5.475026573178411,8.53125,0.0,8.062892151145876,-0.008124446168608716,8.062892151145876,0.0,-0.0,1.0,,,0,0.6287221228526613,False
2.962962894616439,2963,X_outbound,8.571875,8.107385812758224,8.105977278822081,8.105977278822081,-0.006821846852811845,-6.821846852811845,4.971676075090999,5.498684097095818,8.571875,0.0,8.105977278822081,-0.007190506452271421,8.105977278822081,0.0,-0.0,1.0,,,0,0.6448999237995282,False
2.98563863105483,2966,X_outbound,8.6125,8.22345770038072,8.21695797511111,8.21695797511111,-0.008305121933013889,-8.305121933013888,5.050473317214013,4.646043516187206,8.6125,0.0,8.21695797511111,-0.008673781532473465,8.21695797511111,0.0,-0.0,1.0,,,2,0.651860340265841,False
2.9931972098676267,2967,X_outbound,8.653125000000001,8.268252746043686,8.251450101414266,8.251450101414266,0.0011079049555379676,1.1079049555379676,5.745500477664901,4.593592659686237,8.653125000000001,0.0,8.251450101414266,0.0007392453560783914,8.251450101414266,0.0,-0.0,1.0,,,0,0.6424445045709172,False
3.000755788680424,2968,X_outbound,8.693750000000001,8.288448561396876,8.28640003941536,8.28640003941536,0.0017667269104047483,1.7667269104047483,4.734879601522913,4.769444387032308,8.693750000000001,0.0,8.28640003941536,0.0013980673109451722,8.28640003941536,0.0,-0.0,1.0,,,0,0.6530545911510593,False
3.008314367493221,2969,X_outbound,8.734375,8.353380169942852,8.32355054399954,8.32355054399954,0.0003021269511666947,0.30212695116669475,5.5222257882292265,5.279991797120601,8.734375,0.0,8.32355054399954,-6.653264829288137e-05,8.32355054399954,0.0,-0.0,1.0,,,0,0.6679225192594184,False
3.015872946306018,2970,X_outbound,8.775,8.362491074671965,8.366218507674274,8.366218507674274,0.00576002252684655,5.76002252684655,5.134534285176349,5.889984168948899,8.775,0.0,8.366218507674274,0.005391362927386974,8.366218507674274,0.0,-0.0,1.0,,,0,0.6567951629621129,False
3.023431525118815,2971,X_outbound,8.815625,8.413781909337132,8.412590363093793,8.412590363093793,0.014826104488882216,14.826104488882216,5.0761303466540015,5.692503382450241,8.815625,0.0,8.412590363093793,0.01445744488942264,8.412590363093793,0.0,-0.0,1.0,,,0,0.6648086766714635,False
3.030990103931612,2972,X_outbound,8.856250000000001,8.467003564890462,8.452272978591003,8.452272978591003,0.016635965350628966,16.635965350628965,5.390775624599159,5.160920680339018,8.856250000000001,0.0,8.452272978591003,0.01626730575116939,8.452272978591003,0.0,-0.0,1.0,,,0,0.6711561539730349,False
3.038548682744409,2973,X_outbound,8.896875000000001,8.490966789238087,8.490608814511665,8.490608814511665,0.013599512999509964,13.599512999509964,4.939201080875929,5.219155347056812,8.896875000000001,0.0,8.490608814511665,0.013230853400050388,8.490608814511665,0.0,-0.0,1.0,,,0,0.6699009087190788,False
3.0461072615572062,2974,X_outbound,8.9375,8.531803880485143,8.531171772644925,8.531171772644925,0.02079921478564707,20.79921478564707,4.896665638302608,5.27109027860422,8.9375,0.0,8.531171772644925,0.020430555186187496,8.531171772644925,0.0,-0.0,1.0,,,0,0.6773487957782958,False
3.053665840370003,2975,X_outbound,8.978125,8.575410572867582,8.57029271711206,8.57029271711206,0.027361613130883543,27.361613130883544,5.397403084516928,4.626380289677627,8.978125,0.0,8.57029271711206,0.026992953531423967,8.57029271711206,0.0,-0.0,1.0,,,0,0.6872662706721185,False
3.0612244191828,2976,X_outbound,9.01875,8.601044422238402,8.601109492719923,8.601109492719923,0.02339808831193441,23.39808831193441,5.1307216499815835,4.2037390529292225,9.01875,0.0,8.601109492719923,0.023029428712474834,8.601109492719923,0.0,-0.0,1.0,,,0,0.6815727971403844,False
3.0687829979955974,2977,X_outbound,9.059375000000001,8.641791660060647,8.633841302992058,8.633841302992058,0.024251416272858775,24.251416272858776,5.094208745727587,4.6383621121032945,9.059375000000001,0.0,8.633841302992058,0.0238827566733992,8.633841302992058,0.0,-0.0,1.0,,,0,0.694260873260018,False
3.0839001556211914,2979,X_outbound,9.100000000000001,8.744612957243845,8.71327061542326,8.71327061542326,0.04222875832095274,42.22875832095274,4.940039046852279,5.161666774079549,9.100000000000001,0.0,8.71327061542326,0.04186009872149316,8.71327061542326,0.0,-0.0,1.0,,,1,0.6913584305587498,False
3.091458734433988,2980,X_outbound,9.140625,8.764632136854374,8.751935584991372,8.751935584991372,0.04408481420066783,44.08481420066783,5.18812330714059,5.1656107097682025,9.140625,0.0,8.751935584991372,0.04371615460120826,8.751935584991372,0.0,-0.0,1.0,,,0,0.689037588855951,False
3.0990173132467853,2981,X_outbound,9.18125,8.792412365426202,8.791359966755282,8.791359966755282,0.044986957064886826,44.98695706488682,5.236214235287523,5.333516924689661,9.18125,0.0,8.791359966755282,0.044618297465427254,8.791359966755282,0.0,-0.0,1.0,,,0,0.6814194876202765,False
3.1065758920595825,2982,X_outbound,9.221875,8.839789122632652,8.832563201040681,8.832563201040681,0.052097575798314685,52.097575798314686,4.672585063365382,5.297086387166701,9.221875,0.0,8.832563201040681,0.05172891619885511,8.832563201040681,0.0,-0.0,1.0,,,0,0.6903806451412862,False
3.1141344708723793,2983,X_outbound,9.262500000000001,8.867460075903324,8.87143685662647,8.87143685662647,0.05017277693294328,50.17277693294328,4.997712910276825,4.743093525075665,9.262500000000001,0.0,8.87143685662647,0.04980411733348371,8.87143685662647,0.0,-0.0,1.0,,,0,0.7034445208246616,False
3.1216930496851765,2984,X_outbound,9.303125000000001,8.893967503675555,8.904265293492184,8.904265293492184,0.03775795119280648,37.75795119280648,5.215051211553227,4.577257431522753,9.303125000000001,0.0,8.904265293492184,0.0373892915933469,8.904265293492184,0.0,-0.0,1.0,,,0,0.7037241485460449,False
3.1292516284979737,2985,X_outbound,9.34375,8.950444609008343,8.940631978711723,8.940631978711723,0.03204988346756739,32.04988346756739,4.495611826045291,4.921277797996822,9.34375,0.0,8.940631978711723,0.03168122386810781,8.940631978711723,0.0,-0.0,1.0,,,0,0.7041371097570064,False
3.1368102073107704,2986,X_outbound,9.384375,8.971492600928372,8.978661025683836,8.978661025683836,0.03102512918543782,31.02512918543782,5.809261382183563,4.817416842544276,9.384375,0.0,8.978661025683836,0.030656469585978244,8.978661025683836,0.0,-0.0,1.0,,,0,0.7010765097464384,False
3.1443687861235676,2987,X_outbound,9.425,9.003948134017577,9.013457628468656,9.013457628468656,0.025009195574337156,25.009195574337156,4.774323244159542,4.752551545181177,9.425,0.0,9.013457628468656,0.02464053597487758,9.013457628468656,0.0,-0.0,1.0,,,0,0.7181805711981561,False
3.151927364936365,2988,X_outbound,9.465625000000001,9.060911946744085,9.050506096516102,9.050506096516102,0.0146424387484371,14.6424387484371,4.876707415815296,4.938114206705222,9.465625000000001,0.0,9.050506096516102,0.014273779148977523,9.050506096516102,0.0,-0.0,1.0,,,0,0.7276146214811166,False
3.1594859437491616,2989,X_outbound,9.506250000000001,9.094565503816654,9.088107879304603,9.088107879304603,0.015734727466623785,15.734727466623784,5.238115140346671,5.300312580626382,9.506250000000001,0.0,9.088107879304603,0.015366067867164207,9.088107879304603,0.0,-0.0,1.0,,,0,0.7201862492782145,False
3.167044522561959,2990,X_outbound,9.546875,9.140563984023856,9.13063175726235,9.13063175726235,0.019666522429925004,19.666522429925003,4.908676521886912,5.399692965163126,9.546875,0.0,9.13063175726235,0.019297862830465428,9.13063175726235,0.0,-0.0,1.0,,,0,0.7368631760497636,False
3.1746031013747555,2991,X_outbound,9.5875,9.185038271575905,9.169735888988784,9.169735888988784,0.013482641064586064,13.482641064586064,4.6656353144692595,5.094207847613774,9.5875,0.0,9.169735888988784,0.013113981465126488,9.169735888988784,0.0,-0.0,1.0,,,0,0.7272989338718944,False
3.1972788378131467,2994,X_outbound,9.628125,9.291587467613596,9.27985836151036,9.27985836151036,0.0031508660484335566,3.1508660484335564,5.337558225069886,4.575871052315733,9.628125,0.0,9.27985836151036,0.0027822064489739806,9.27985836151036,0.0,-0.0,1.0,,,2,0.726650574753569,False
3.204837416625944,2995,X_outbound,9.668750000000001,9.318618432896585,9.313738640545019,9.313738640545019,-0.001515446303308618,-1.515446303308618,5.367886858290908,4.735614337459197,9.668750000000001,0.0,9.313738640545019,-0.001884105902768194,9.313738640545019,0.0,-0.0,1.0,,,0,0.726239134575671,False
3.212395995438741,2996,X_outbound,9.709375000000001,9.362362460381803,9.351447389903756,9.351447389903756,-0.007079092835542743,-7.079092835542743,4.849639991658179,5.360315776809443,9.709375000000001,0.0,9.351447389903756,-0.007447752435002319,9.351447389903756,0.0,-0.0,1.0,,,0,0.7393228537612441,False
3.219954574251538,2997,X_outbound,9.75,9.398489139694618,9.394771379066004,9.394771379066004,-0.002598683417395492,-2.598683417395492,5.222156007273054,5.569749555700696,9.75,0.0,9.394771379066004,-0.002967343016855068,9.394771379066004,0.0,-0.0,1.0,,,0,0.7421879955358371,False
3.227513153064335,2998,X_outbound,9.790625,9.444017649245808,9.435646171872367,9.435646171872367,0.0006129865731754058,0.6129865731754058,5.346710097336904,5.2577514840659205,9.790625,0.0,9.435646171872367,0.0002443269737158297,9.435646171872367,0.0,-0.0,1.0,,,0,0.7379228125096057,False
3.235071731877132,2999,X_outbound,9.83125,9.491780868162465,9.474253637006829,9.474253637006829,-0.0054778847059852535,-5.477884705985254,4.812408660055826,5.1912958388825245,9.83125,0.0,9.474253637006829,-0.0058465443054448295,9.474253637006829,0.0,-0.0,1.0,,,0,0.7439102009804849,False
3.242630310689929,3000,X_outbound,9.871875000000001,9.51766026981889,9.514123809349845,9.514123809349845,-0.009233786743254152,-9.233786743254152,4.937639066572343,5.394206034643162,9.871875000000001,0.0,9.514123809349845,-0.009602446342713728,9.514123809349845,0.0,-0.0,1.0,,,0,0.7562387713759181,False
3.250188889502726,3001,X_outbound,9.912500000000001,9.556322423340617,9.555798699897462,9.555798699897462,-0.004587045533003823,-4.587045533003823,5.750039796781642,5.609342509217981,9.912500000000001,0.0,9.555798699897462,-0.004955705132463399,9.555798699897462,0.0,-0.0,1.0,,,0,0.7590802552880324,False
3.257747468315523,3002,X_outbound,9.953125,9.595991471218355,9.598921124237638,9.598921124237638,0.006557254911421552,6.557254911421552,5.1208977132120665,5.167003975517332,9.953125,0.0,9.598921124237638,0.006188595311961976,9.598921124237638,0.0,-0.0,1.0,,,0,0.7605338928429027,False
3.26530604712832,3003,X_outbound,9.99375,9.65344424092575,9.633909113447428,9.633909113447428,0.008383400432822301,8.3834004328223,5.778460179570978,4.444854856655979,9.99375,0.0,9.633909113447428,0.008014740833362725,9.633909113447428,0.0,-0.0,1.0,,,0,0.756832871840436,False
3.2728646259411174,3004,X_outbound,10.034375,9.681794241843619,9.666114695728595,9.666114695728595,0.005819704627541381,5.819704627541381,4.6205530891059965,4.528597167804264,10.034375,0.0,9.666114695728595,0.005451045028081805,9.666114695728595,0.0,-0.0,1.0,,,0,0.7669137848981874,False
3.280423204753914,3005,X_outbound,10.075000000000001,9.703449584354757,9.702368630655943,9.702368630655943,0.011608246497659977,11.608246497659977,4.939994733384908,5.039854603262938,10.075000000000001,0.0,9.702368630655943,0.0112395868982004,9.702368630655943,0.0,-0.0,1.0,,,0,0.7729854895702689,False
3.2879817835667113,3006,X_outbound,10.115625000000001,9.779795788080094,9.742302972176198,9.742302972176198,0.01615691250537332,16.15691250537332,5.218046236170253,5.29161094226356,10.115625000000001,0.0,9.742302972176198,0.015788252905913742,9.742302972176198,0.0,-0.0,1.0,,,0,0.7560794482552246,False
3.2955403623795085,3007,X_outbound,10.15625,9.813915593012041,9.782362747363461,9.782362747363461,0.011463518863627804,11.463518863627804,4.680591195928317,5.304697641772236,10.15625,0.0,9.782362747363461,0.011094859264168228,9.782362747363461,0.0,-0.0,1.0,,,0,0.7814049962932094,False
3.3030989411923053,3008,X_outbound,10.196875,9.84653480979506,9.822494922582985,9.822494922582985,0.00969808527340469,9.69808527340469,4.785304040275111,5.30006847462505,10.196875,0.0,9.822494922582985,0.009329425673945114,9.822494922582985,0.0,-0.0,1.0,,,0,0.7657829419217144,False
3.3106575200051025,3009,X_outbound,10.2375,9.857779667476734,9.862484717920807,9.862484717920807,0.018930257345748082,18.930257345748082,5.231368002163864,5.044358983207985,10.2375,0.0,9.862484717920807,0.018561597746288506,9.862484717920807,0.0,-0.0,1.0,,,0,0.7732788008840222,False
3.3182160988178993,3010,X_outbound,10.278125000000001,9.890242142354879,9.89875129245222,9.89875129245222,0.025142434405848593,25.142434405848594,5.026695104533947,4.808064588807611,10.278125000000001,0.0,9.89875129245222,0.024773774806389016,9.89875129245222,0.0,-0.0,1.0,,,0,0.7793667296933215,False
3.3257746776306965,3011,X_outbound,10.318750000000001,9.931059034913602,9.935168988183849,9.935168988183849,0.02441216349414992,24.41216349414992,4.685987936918085,4.98464029005504,10.318750000000001,0.0,9.935168988183849,0.024043503894690343,9.935168988183849,0.0,-0.0,1.0,,,0,0.7866495412860743,False
3.3333332564434937,3012,X_outbound,10.359375,9.984607616895687,9.97410488542387,9.97410488542387,0.029632051958201736,29.632051958201735,5.217529973493299,4.966069719587722,10.359375,0.0,9.97410488542387,0.02926339235874216,9.97410488542387,0.0,-0.0,1.0,,,0,0.7979152681365941,False
3.3408918352562904,3013,X_outbound,10.4,10.026619946463569,10.010241846914544,10.010241846914544,0.042059675844267896,42.05967584426789,5.382228450648723,4.833143891399686,10.4,0.0,10.010241846914544,0.041691016244808324,10.010241846914544,0.0,-0.0,1.0,,,0,0.7799132112527207,False
3.3484504140690876,3014,X_outbound,10.440625,10.059944530595715,10.047168283457337,10.047168283457337,0.047325458985129173,47.325458985129174,5.145361996538826,4.7955458454965765,10.440625,0.0,10.047168283457337,0.046956799385669594,10.047168283457337,0.0,-0.0,1.0,,,0,0.79334210090282,False
3.356008992881885,3015,X_outbound,10.481250000000001,10.114622914765192,10.08273686936168,10.08273686936168,0.04182471699970007,41.82471699970007,5.199206448435467,5.158560305753781,10.481250000000001,0.0,10.08273686936168,0.04145605740024049,10.08273686936168,0.0,-0.0,1.0,,,0,0.792335894069707,False
3.3635675716946816,3016,X_outbound,10.521875000000001,10.149695040696912,10.125151052720549,10.125151052720549,0.04573228749630476,45.73228749630476,4.694147613109743,5.667395026946338,10.521875000000001,0.0,10.125151052720549,0.04536362789684518,10.125151052720549,0.0,-0.0,1.0,,,0,0.7993783926644186,False
3.3711261505074788,3017,X_outbound,10.5625,10.18191288682354,10.168411773310536,10.168411773310536,0.04623479962864574,46.23479962864574,4.879031321198462,5.259446254611021,10.5625,0.0,10.168411773310536,0.04586614002918617,10.168411773310536,0.0,-0.0,1.0,,,0,0.804273106549931,False
3.3786847293202755,3018,X_outbound,10.603125,10.232996405609015,10.204658930774842,10.204658930774842,0.04001036868053566,40.01036868053566,5.399538536377516,4.69527634535234,10.603125,0.0,10.204658930774842,0.03964170908107608,10.204658930774842,0.0,-0.0,1.0,,,0,0.7829547137357045,False
3.3862433081330727,3019,X_outbound,10.64375,10.259115081924676,10.23939100591895,10.23939100591895,0.04035114785224955,40.351147852249554,4.605929899456156,4.709255486748475,10.64375,0.0,10.23939100591895,0.03998248825278997,10.23939100591895,0.0,-0.0,1.0,,,0,0.8066225398555368,False
3.4013604657586667,3021,X_outbound,10.684375000000001,10.340888577584082,10.314034377819626,10.314034377819626,0.04894766254061106,48.947662540611056,5.319779004462511,4.735060253723077,10.684375000000001,0.0,10.314034377819626,0.04857900294115148,10.314034377819626,0.0,-0.0,1.0,,,1,0.8055756750846632,False
3.408919044571464,3022,X_outbound,10.725000000000001,10.384993992829237,10.349059024011122,10.349059024011122,0.04674792026633803,46.747920266338035,4.658710586219278,4.8820076181656304,10.725000000000001,0.0,10.349059024011122,0.046379260666878454,10.349059024011122,0.0,-0.0,1.0,,,0,0.8042404434260362,False
3.416477623384261,3023,X_outbound,10.765625,10.40233060116401,10.387836456512789,10.387836456512789,0.050183808794463436,50.18380879446344,5.742120075770408,4.98901830712191,10.765625,0.0,10.387836456512789,0.049815149195003856,10.387836456512789,0.0,-0.0,1.0,,,0,0.8087694292602668,False
3.424036202197058,3024,X_outbound,10.80625,10.452684442652043,10.424478800156859,10.424478800156859,0.051463205987639316,51.46320598763931,4.853785661646098,5.0121451826272505,10.80625,0.0,10.424478800156859,0.05109454638817974,10.424478800156859,0.0,-0.0,1.0,,,0,0.8056192280940208,False
3.431594781009855,3025,X_outbound,10.846875,10.477425225815466,10.463605845280926,10.463605845280926,0.04131771380737308,41.317713807373075,4.611302543811902,5.255726808340569,10.846875,0.0,10.463605845280926,0.040949054207913504,10.463605845280926,0.0,-0.0,1.0,,,0,0.812945790212149,False
3.4391533598226522,3026,X_outbound,10.887500000000001,10.475724099282417,10.503930450755606,10.503930450755606,0.03307009313095309,33.07009313095309,5.3978353591245645,5.468676360425434,10.887500000000001,0.0,10.503930450755606,0.03270143353149352,10.503930450755606,0.0,-0.0,1.0,,,0,0.8301371689384263,False
3.446711938635449,3027,X_outbound,10.928125000000001,10.52371235519658,10.546276687824836,10.546276687824836,0.02548089768547591,25.48089768547591,5.010089193022768,5.560762169026134,10.928125000000001,0.0,10.546276687824836,0.025112238086016335,10.546276687824836,0.0,-0.0,1.0,,,0,0.8239789564501571,False
3.454270517448246,3028,X_outbound,10.96875,10.594436026477439,10.587993368983215,10.587993368983215,0.018601768851109875,18.601768851109874,4.895131797483615,5.0260236479488185,10.96875,0.0,10.587993368983215,0.0182331092516503,10.587993368983215,0.0,-0.0,1.0,,,0,0.8476289968790739,False
3.461829096261043,3029,X_outbound,11.009375,10.636286190844288,10.622255879540843,10.622255879540843,0.009255072435754288,9.255072435754288,5.1567741742851645,4.498289916158569,11.009375,0.0,10.622255879540843,0.008886412836294712,10.622255879540843,0.0,-0.0,1.0,,,0,0.8509745860939117,False
3.46938767507384,3030,X_outbound,11.05,10.668420944295036,10.655994726691404,10.655994726691404,0.006480500742007411,6.480500742007411,4.958904137787962,4.717353805556627,11.05,0.0,10.655994726691404,0.006111841142547835,10.655994726691404,0.0,-0.0,1.0,,,0,0.8534250220794328,False
3.4769462538866374,3031,X_outbound,11.090625000000001,10.699887125008843,10.693568860595141,10.693568860595141,0.008652497092345298,8.652497092345298,5.144657908818312,4.976996577932596,11.090625000000001,0.0,10.693568860595141,0.008283837492885722,10.693568860595141,0.0,-0.0,1.0,,,0,0.8384383755332396,False
3.484504832699434,3032,X_outbound,11.131250000000001,10.741185267218071,10.731232768462052,10.731232768462052,0.007214035389301999,7.2140353893019995,5.328103222485222,5.128867473025707,11.131250000000001,0.0,10.731232768462052,0.006845375789842423,10.731232768462052,0.0,-0.0,1.0,,,0,0.8465127148476693,False
3.4920634115122313,3033,X_outbound,11.171875,10.79597325023542,10.771102758625652,10.771102758625652,0.007860944222221363,7.860944222221363,4.6759114596044835,5.239552566547033,11.171875,0.0,10.771102758625652,0.007492284622761787,10.771102758625652,0.0,-0.0,1.0,,,0,0.8488804084126772,False
3.5147391479506225,3036,X_outbound,11.2125,10.90957690509137,10.88751569936972,10.88751569936972,0.006427571012691814,6.427571012691813,4.433888750049839,5.5837427277447205,11.2125,0.0,10.88751569936972,0.006058911413232238,10.88751569936972,0.0,-0.0,1.0,,,2,0.8536568524267675,False
3.5222977267634197,3037,X_outbound,11.253125,10.939189758524009,10.930854474146654,10.930854474146654,0.006562659347495776,6.562659347495776,4.834930029204812,4.999317994369676,11.253125,0.0,10.930854474146654,0.0061939997480362,10.930854474146654,0.0,-0.0,1.0,,,0,0.8681980161594858,False
3.5298563055762164,3038,X_outbound,11.293750000000001,10.96281857115278,10.963091177511075,10.963091177511075,0.0026549033778110165,2.6549033778110167,5.361486435046544,4.1671555282570125,11.293750000000001,0.0,10.963091177511075,0.0022862437783514405,10.963091177511075,0.0,-0.0,1.0,,,0,0.8719771545212741,False
3.5374148843890136,3039,X_outbound,11.334375000000001,11.021522831700139,10.99385002111768,10.99385002111768,-0.003210917253334176,-3.210917253334176,4.620813535919717,4.4033425343368435,11.334375000000001,0.0,10.99385002111768,-0.003579576852793752,10.99385002111768,0.0,-0.0,1.0,,,0,0.8689818716268269,False
3.5449734632018104,3040,X_outbound,11.375,11.053103617498067,11.029657200682127,11.029657200682127,0.0013948874421072844,1.3948874421072843,5.512023249043439,5.074272352291928,11.375,0.0,11.029657200682127,0.0010262278426477083,11.029657200682127,0.0,-0.0,1.0,,,0,0.8666565559673753,False
3.5525320420146076,3041,X_outbound,11.415625,11.104884027766388,11.07055859610247,11.07055859610247,0.008423005769509669,8.423005769509668,4.456264425222047,5.25360383006614,11.415625,0.0,11.07055859610247,0.008054346170050092,11.07055859610247,0.0,-0.0,1.0,,,0,0.8632344531988295,False
3.560090620827405,3042,X_outbound,11.45625,11.098974647933687,11.109076757883663,11.109076757883663,0.0065307780988884375,6.530778098888438,4.679466572997934,4.768190818219978,11.45625,0.0,11.109076757883663,0.006162118499428861,11.109076757883663,0.0,-0.0,1.0,,,0,0.8767944184263057,False
3.5676491996402016,3043,X_outbound,11.496875000000001,11.170907341137024,11.142640088290413,11.142640088290413,0.006554962651732991,6.554962651732991,5.254022030570248,4.738869290851767,11.496875000000001,0.0,11.142640088290413,0.0061863030522734145,11.142640088290413,0.0,-0.0,1.0,,,0,0.877777564497749,False
3.5752077784529988,3044,X_outbound,11.537500000000001,11.205135195436895,11.180714991920556,11.180714991920556,0.013926312176156521,13.926312176156522,4.805821345565159,5.285303234572666,11.537500000000001,0.0,11.180714991920556,0.013557652576696945,11.180714991920556,0.0,-0.0,1.0,,,0,0.8709367974162298,False
3.582766357265796,3045,X_outbound,11.578125,11.225201313659824,11.222538850386513,11.222538850386513,0.016302840529788355,16.302840529788355,4.812462059081342,5.3802213932119685,11.578125,0.0,11.222538850386513,0.01593418093032878,11.222538850386513,0.0,-0.0,1.0,,,0,0.8701289437176097,False
3.5903249360785927,3046,X_outbound,11.61875,11.265083471471996,11.262048646782334,11.262048646782334,0.015732839241304898,15.732839241304898,5.288454725936693,5.404591731974847,11.61875,0.0,11.262048646782334,0.015364179641845324,11.262048646782334,0.0,-0.0,1.0,,,0,0.871388836949603,False
3.59788351489139,3047,X_outbound,11.659375,11.302424744450605,11.30424091550076,11.30424091550076,0.02060685021514588,20.60685021514588,4.993025243273733,4.996650307732352,11.659375,0.0,11.30424091550076,0.020238190615686304,11.30424091550076,0.0,-0.0,1.0,,,0,0.8779815724862873,False
3.6054420937041867,3048,X_outbound,11.700000000000001,11.388441844166408,11.337583797084298,11.337583797084298,0.030601065605158337,30.601065605158336,5.558644287983984,4.37921015317761,11.700000000000001,0.0,11.337583797084298,0.03023240600569876,11.337583797084298,0.0,-0.0,1.0,,,0,0.8605392285907671,False
3.613000672516984,3049,X_outbound,11.740625000000001,11.42335435087233,11.370442125661947,11.370442125661947,0.030163527367047298,30.163527367047298,4.772841188424584,4.681992797845055,11.740625000000001,0.0,11.370442125661947,0.029794867767587722,11.370442125661947,0.0,-0.0,1.0,,,0,0.8726959095650134,False
3.620559251329781,3050,X_outbound,11.78125,11.440097061585561,11.40836222021122,11.40836222021122,0.031239476844048854,31.239476844048855,4.807947257909185,5.2950317653385355,11.78125,0.0,11.40836222021122,0.030870817244589278,11.40836222021122,0.0,-0.0,1.0,,,0,0.8835721246473531,False
3.628117830142578,3051,X_outbound,11.821875,11.47099852617589,11.450487955491097,11.450487955491097,0.041478955137604676,41.47895513760468,5.2366654296591815,5.3374627371428005,11.821875,0.0,11.450487955491097,0.041110295538145096,11.450487955491097,0.0,-0.0,1.0,,,0,0.8761333197896263,False
3.635676408955375,3052,X_outbound,11.8625,11.500416274436645,11.489049485729343,11.489049485729343,0.043665916956120654,43.665916956120654,5.321481278516756,5.205339734798031,11.8625,0.0,11.489049485729343,0.043297257356661074,11.489049485729343,0.0,-0.0,1.0,,,0,0.9056645292172855,False
3.6432349877681722,3053,X_outbound,11.903125000000001,11.528260329534163,11.529177896756808,11.529177896756808,0.04052286167842496,40.52286167842496,4.700781365587579,5.33286329051316,11.903125000000001,0.0,11.529177896756808,0.04015420207896538,11.529177896756808,0.0,-0.0,1.0,,,0,0.8990533059464646,False
3.650793566580969,3054,X_outbound,11.943750000000001,11.583835574573357,11.569667220687773,11.569667220687773,0.046880568938795164,46.880568938795165,5.1734953695844945,5.155463062707213,11.943750000000001,0.0,11.569667220687773,0.04651190933933559,11.569667220687773,0.0,-0.0,1.0,,,0,0.907185229155549,False
3.658352145393766,3055,X_outbound,11.984375,11.605623180551248,11.60711384450868,11.60711384450868,0.05053129284438704,50.53129284438704,5.391110964225303,4.977705986318028,11.984375,0.0,11.60711384450868,0.050162633244927465,11.60711384450868,0.0,-0.0,1.0,,,0,0.8972087769772789,False
3.6659107242065634,3056,X_outbound,12.025,11.641547485758622,11.644915986696807,11.644915986696807,0.04520817124667438,45.20817124667438,4.632302482357053,5.285675687672551,12.025,0.0,11.644915986696807,0.0448395116472148,11.644915986696807,0.0,-0.0,1.0,,,0,0.8957993070478183,False
3.67346930301936,3057,X_outbound,12.065625,11.687049302577549,11.687018237036995,11.687018237036995,0.04186717855905857,41.867178559058566,4.8795822199313825,5.094899351472463,12.065625,0.0,11.687018237036995,0.041498518959598996,11.687018237036995,0.0,-0.0,1.0,,,0,0.9173737472833509,False
3.6810278818321573,3058,X_outbound,12.106250000000001,11.759685331300716,11.721936383279553,11.721936383279553,0.04150287921903134,41.50287921903134,5.641377555080253,4.688069709185584,12.106250000000001,0.0,11.721936383279553,0.04113421961957176,11.721936383279553,0.0,-0.0,1.0,,,0,0.911228000436925,False
3.688586460644954,3059,X_outbound,12.146875000000001,11.794974309014265,11.757888525790525,11.757888525790525,0.027864654776435654,27.864654776435653,4.51979024100104,4.664639745992645,12.146875000000001,0.0,11.757888525790525,0.02749599517697608,11.757888525790525,0.0,-0.0,1.0,,,0,0.9239817623925038,False
3.6961450394577513,3060,X_outbound,12.1875,11.814597603286188,11.792452477586336,11.792452477586336,0.014188139744981428,14.188139744981427,5.5630440121134175,4.951831906052121,12.1875,0.0,11.792452477586336,0.013819480145521852,11.792452477586336,0.0,-0.0,1.0,,,0,0.9208413340528064,False
3.7037036182705485,3061,X_outbound,12.228125,11.862614747674542,11.832746149249763,11.832746149249763,0.0130204005976055,13.0204005976055,5.102015155654886,5.483302734615506,12.228125,0.0,11.832746149249763,0.012651740998145923,11.832746149249763,0.0,-0.0,1.0,,,0,0.9182711228837199,False
3.7188207758961425,3063,X_outbound,12.26875,11.931423329694354,11.92024731784015,11.92024731784015,0.01730920006965643,17.30920006965643,5.5615907369654884,5.063379577274418,12.26875,0.0,11.92024731784015,0.016940540470196854,11.92024731784015,0.0,-0.0,1.0,,,1,0.9354845506745233,False
3.7263793547089397,3064,X_outbound,12.309375000000001,11.958530450007316,11.95577995608346,11.95577995608346,0.019629816126642816,19.629816126642815,4.776467293607667,5.061965604008833,12.309375000000001,0.0,11.95577995608346,0.01926115652718324,11.95577995608346,0.0,-0.0,1.0,,,0,0.940819131454871,False
3.7339379335217364,3065,X_outbound,12.350000000000001,11.989854172168748,11.996769849771287,11.996769849771287,0.02631388871029335,26.313888710293348,4.904603981083217,5.523114509294601,12.350000000000001,0.0,11.996769849771287,0.025945229110833773,11.996769849771287,0.0,-0.0,1.0,,,0,0.9603084947727294,False
3.7414965123345336,3066,X_outbound,12.390625,12.045363458340972,12.039273748704671,12.039273748704671,0.03111764061175782,31.11764061175782,5.375645546391546,5.281781819374146,12.390625,0.0,12.039273748704671,0.030748981012298244,12.039273748704671,0.0,-0.0,1.0,,,0,0.9485775002695047,False
3.7490550911473304,3067,X_outbound,12.43125,12.090026504891938,12.076615378078762,12.076615378078762,0.02568478716079545,25.68478716079545,5.2111593837234755,4.5734386465532,12.43125,0.0,12.076615378078762,0.025316127561335874,12.076615378078762,0.0,-0.0,1.0,,,0,0.9659944661771509,False
3.7566136699601276,3068,X_outbound,12.471875,12.11863275697425,12.1084111416156,12.1084111416156,0.025612023351604167,25.61202335160417,5.135340747639598,4.204698622500928,12.471875,0.0,12.1084111416156,0.02524336375214459,12.1084111416156,0.0,-0.0,1.0,,,0,0.9473734199001169,False
3.764172248772925,3069,X_outbound,12.512500000000001,12.151774432839005,12.140178469923226,12.140178469923226,0.028021047585000833,28.021047585000833,5.308390394199725,4.8087264295415935,12.512500000000001,0.0,12.140178469923226,0.027652387985541257,12.140178469923226,0.0,-0.0,1.0,,,0,0.9464814776999754,False
3.7717308275857215,3070,X_outbound,12.553125000000001,12.186030375358001,12.181105417029338,12.181105417029338,0.03458331577601788,34.583315776017876,4.787115735601459,5.563954287739421,12.553125000000001,0.0,12.181105417029338,0.034214656176558306,12.181105417029338,0.0,-0.0,1.0,,,0,0.9255081272703144,False
3.7792894063985187,3071,X_outbound,12.59375,12.233899243639371,12.224289643912583,12.224289643912583,0.03922167090970566,39.22167090970566,5.12049437826908,5.682385513323311,12.59375,0.0,12.224289643912583,0.03885301131024608,12.224289643912583,0.0,-0.0,1.0,,,0,0.9421027731926108,False
3.786847985211316,3072,X_outbound,12.634375,12.261709081705192,12.267006934523641,12.267006934523641,0.03922928852789698,39.229288527896976,5.306361548713395,5.5237489654730325,12.634375,0.0,12.267006934523641,0.0388606289284374,12.267006934523641,0.0,-0.0,1.0,,,0,0.9504054266610726,False
3.7944065640241127,3073,X_outbound,12.675,12.312162337395108,12.30779302770785,12.30779302770785,0.04520551558607519,45.20551558607519,4.779467959104365,5.369718608490757,12.675,0.0,12.30779302770785,0.04483685598661561,12.30779302770785,0.0,-0.0,1.0,,,0,0.9509798185164086,False
3.80196514283691,3074,X_outbound,12.715625000000001,12.360459336413186,12.34818181713328,12.34818181713328,0.05074797164513056,50.74797164513056,4.895143069433322,4.777584917129957,12.715625000000001,0.0,12.34818181713328,0.05037931204567098,12.34818181713328,0.0,-0.0,1.0,,,0,0.9516631497003168,False
3.809523721649707,3075,X_outbound,12.756250000000001,12.408980345487322,12.380016531969765,12.380016531969765,0.04415162754271636,44.151627542716355,5.439434160301055,4.380088764188599,12.756250000000001,0.0,12.380016531969765,0.04378296794325678,12.380016531969765,0.0,-0.0,1.0,,,0,0.9469542525860333,False
3.817082300462504,3076,X_outbound,12.796875,12.460349562666778,12.414396309395611,12.414396309395611,0.03571505604520725,35.71505604520725,4.661820012911817,4.672281874449482,12.796875,0.0,12.414396309395611,0.03534639644574767,12.414396309395611,0.0,-0.0,1.0,,,0,0.9650349991935859,False
3.824640879275301,3077,X_outbound,12.8375,12.48867462484003,12.450648153537024,12.450648153537024,0.03062803749397193,30.62803749397193,5.4907819444463986,4.965953082282226,12.8375,0.0,12.450648153537024,0.030259377894512354,12.450648153537024,0.0,-0.0,1.0,,,0,0.9617626743212563,False
3.832199458088098,3078,X_outbound,12.878125,12.48714047294493,12.489467404901776,12.489467404901776,0.030019804485231394,30.019804485231393,4.563372671961625,4.707878888753385,12.878125,0.0,12.489467404901776,0.029651144885771818,12.489467404901776,0.0,-0.0,1.0,,,0,0.9725847126746554,False
3.839758036900895,3079,X_outbound,12.918750000000001,12.546912510082961,12.521817900780514,12.521817900780514,0.0244186416397651,24.4186416397651,4.405145418359074,4.189915479184947,12.918750000000001,0.0,12.521817900780514,0.024049982040305524,12.521817900780514,0.0,-0.0,1.0,,,0,0.9656080422019268,False
3.847316615713692,3080,X_outbound,12.959375000000001,12.576215882955239,12.552807017638532,12.552807017638532,0.019625036943065454,19.625036943065453,4.917847892009891,4.3641782534388085,12.959375000000001,0.0,12.552807017638532,0.019256377343605878,12.552807017638532,0.0,-0.0,1.0,,,0,0.980207578758181,False
3.854875194526489,3081,X_outbound,13.0,12.614265787312291,12.587791871343937,12.587791871343937,0.02598022465642983,25.98022465642983,4.473954254490782,5.256536640380659,13.0,0.0,12.587791871343937,0.025611565056970254,12.587791871343937,0.0,-0.0,1.0,,,0,0.9598623231153979,False
3.862433773339286,3082,far_end_turn,13.0,12.642689087607465,12.632270910595876,12.632270910595876,0.03597607363990714,35.97607363990714,4.627126437063229,5.313553395275903,13.0,0.0,12.632270910595876,0.035607414040447566,12.632270910595876,0.0,-0.0,1.0,,,0,0.9634305914089937,False
3.8699923521520834,3083,far_end_turn,13.0,12.672606699714663,12.668117695572334,12.668117695572334,0.033709240049725295,33.709240049725295,5.022573275736642,4.516486838248625,13.0,0.0,12.668117695572334,0.033340580450265715,12.668117695572334,0.0,-0.0,1.0,,,0,0.9987844246168729,False
3.87755093096488,3084,far_end_turn,13.0,12.705451135337654,12.700547354043602,12.700547354043602,0.027255283342912648,27.255283342912648,4.586547528234375,4.448722546666886,13.0,0.0,12.700547354043602,0.026886623743453072,12.700547354043602,0.0,-0.0,1.0,,,0,0.980060577662155,False
3.8851095097776773,3085,far_end_turn,13.0,12.75614730902808,12.735369735542832,12.735369735542832,0.029233452892350766,29.233452892350765,4.694567444515606,4.5687711220433584,13.0,0.0,12.735369735542832,0.02886479329289119,12.735369735542832,0.0,-0.0,1.0,,,0,0.9879087249692169,False
3.892668088590474,3086,far_end_turn,13.0,12.807295509122355,12.769614187250793,12.769614187250793,0.034623975949288566,34.623975949288564,4.9154182512246125,4.739296493203142,13.0,0.0,12.769614187250793,0.03425531634982899,12.769614187250793,0.0,-0.0,1.0,,,0,0.9723115391885652,False
3.9002266674032713,3087,far_end_turn,13.0,12.829836962136852,12.80701442766501,12.80701442766501,0.029282767367823995,29.282767367823993,4.318840530186109,4.96922374576377,13.0,0.0,12.80701442766501,0.02891410776836442,12.80701442766501,0.0,-0.0,1.0,,,0,0.976312587938653,False
3.9077852462160685,3088,far_end_turn,13.0,12.857476111304265,12.844734725892351,12.844734725892351,0.035023263422817474,35.02326342281747,4.656451454426876,4.834415170389093,13.0,0.0,12.844734725892351,0.034654603823357895,12.844734725892351,0.0,-0.0,1.0,,,0,1.0032323890318988,False
3.9153438250288652,3089,far_end_turn,13.0,12.904546362903574,12.880097043823342,12.880097043823342,0.04663526937999635,46.635269379996345,4.810950362737522,4.642311126275786,13.0,0.0,12.880097043823342,0.04626660978053677,12.880097043823342,0.0,-0.0,1.0,,,0,1.0227759809703363,False
3.9229024038416624,3090,far_end_turn,13.0,12.955521517029297,12.91491327493531,12.91491327493531,0.050271297092988665,50.27129709298867,1.836743077900462,4.204225989693896,13.0,0.0,12.91491327493531,0.049902637493529085,12.91491327493531,0.0,-0.0,1.0,,,0,1.0058253412319953,False
3.9304609826544596,3091,far_end_turn,13.0,12.967901466800214,12.943652990803166,12.943652990803166,0.04285380090836219,42.85380090836219,1.8052595555275177,2.9996937405395556,13.0,0.0,12.943652990803166,0.04248514130890261,12.943652990803166,0.0,-0.0,1.0,,,0,1.0081446228015585,False
3.9380195614672564,3092,far_end_turn,13.0,12.971039388237045,12.960260118039555,12.960260118039555,0.04387727069823813,43.87727069823813,1.719908609380501,1.2480181981816258,13.0,0.0,12.960260118039555,0.04350861109877856,12.960260118039555,0.0,-0.0,1.0,,,0,1.0119558577976708,False
3.9455781402800536,3093,far_end_turn,13.0,12.968627989165782,12.962519478624687,12.962519478624687,0.04789438639820692,47.894386398206926,1.0065122870263532,-0.645391736146621,13.0,0.0,12.962519478624687,0.04752572679874734,12.962519478624687,0.0,-0.0,1.0,,,0,1.0086447126935623,False
3.953136719092851,3094,far_end_turn,13.0,12.963942113265858,12.950503629433971,12.950503629433971,0.04100539575631709,41.00539575631709,-0.274831238529157,-2.265239727519088,13.0,0.0,12.950503629433971,0.04063673615685752,12.950503629433971,0.0,-0.0,1.0,,,0,0.9943918033722318,False
3.9606952979056476,3095,far_end_turn,13.0,12.964121650704726,12.928275492604023,12.928275492604023,0.0315578810982485,31.5578810982485,-0.27216185408795324,-2.1959762385051818,13.0,0.0,12.928275492604023,0.031189221498788926,12.928275492604023,0.0,-0.0,1.0,,,0,0.9984372963011197,False
3.9682538767184448,3096,far_end_turn,13.0,12.945212730143282,12.91730671049443,12.91730671049443,0.03647887870444458,36.478878704444575,-0.26839773795614386,-1.0315540215523242,13.0,0.0,12.91730671049443,0.036110219104985006,12.91730671049443,0.0,-0.0,1.0,,,0,1.0113648315086547,False
3.9758124555312415,3097,far_end_turn,13.0,12.929968842810439,12.9126813278609,12.9126813278609,0.03842277729944944,38.42277729944944,-0.5368706307032218,-1.0922602162693238,13.0,0.0,12.9126813278609,0.03805411769998986,12.9126813278609,0.0,-0.0,1.0,,,0,1.0018977276235823,False
3.9833710343440387,3098,far_end_turn,13.0,12.934761068130882,12.900794840636921,12.900794840636921,0.03219933323144407,32.19933323144407,-2.9743277758673323,-2.0558415302859885,13.0,0.0,12.900794840636921,0.03183067363198449,12.900794840636921,0.0,-0.0,1.0,,,0,0.9858331922440383,False
3.990929613156836,3099,far_end_turn,13.0,12.914857559154854,12.881602847394324,12.881602847394324,0.02829079383615603,28.29079383615603,-2.249615567064657,-2.644326270464717,13.0,0.0,12.881602847394324,0.027922134236696455,12.881602847394324,0.0,-0.0,1.0,,,0,0.9977439670245445,False
3.9984881919696327,3100,far_end_turn,13.0,12.8876055663182,12.860820143592807,12.860820143592807,0.030484401200562675,30.484401200562676,-2.8226918473430724,-1.9525225777528021,13.0,0.0,12.860820143592807,0.0301157416011031,12.860820143592807,0.0,-0.0,1.0,,,0,0.995187613988824,False
4.006046770782429,3101,far_end_turn,13.0,12.854974687261745,12.852086255818906,12.852086255818906,0.028274398134543445,28.274398134543446,-3.823041481731763,-2.20814863645046,13.0,0.0,12.852086255818906,0.02790573853508387,12.852086255818906,0.0,-0.0,1.0,,,0,0.9951423434103194,False
4.013605349595227,3102,far_end_turn,13.0,12.819472590926921,12.827439212594843,12.827439212594843,0.01668616272673806,16.68616272673806,-4.554695554607842,-4.325326209727564,13.0,0.0,12.827439212594843,0.016317503127278483,12.827439212594843,0.0,-0.0,1.0,,,0,0.977210386374464,False
4.021163928408024,3103,far_end_turn,13.0,12.772276440067827,12.78669961772434,12.78669961772434,0.010955301836193046,10.955301836193046,-4.644551852432976,-6.203001411093567,13.0,0.0,12.78669961772434,0.01058664223673347,12.78669961772434,0.0,-0.0,1.0,,,0,0.9775680607303735,False
4.036281086033618,3105,far_end_turn,13.0,12.689462535457864,12.668342746956498,12.668342746956498,-0.01126091406489451,-11.26091406489451,-5.541371603618027,-5.46560207453922,13.0,0.0,12.668342746956498,-0.011629573664354086,12.668342746956498,0.0,-0.0,1.0,,,1,0.9790962078012956,False
4.043839664846415,3106,far_end_turn,13.0,12.663283383025515,12.635963688588769,12.635963688588769,-0.022335915991606822,-22.33591599160682,-4.107252533699389,-3.863590221045456,13.0,0.0,12.635963688588769,-0.0227045755910664,12.635963688588769,0.0,-0.0,1.0,,,0,0.9811972027284779,False
4.051398243659212,3107,far_end_turn,13.0,12.625221641757747,12.60993624458425,12.60993624458425,-0.025246576941329396,-25.246576941329398,-4.92500255921314,-3.516178949656137,13.0,0.0,12.60993624458425,-0.025615236540788972,12.60993624458425,0.0,-0.0,1.0,,,0,0.9807185508379368,False
4.058956822472009,3108,X_return,13.0,12.59959732497856,12.582809057167024,12.582809057167024,-0.03144642216269068,-31.44642216269068,-4.928106519439311,-3.568890248403136,13.0,0.0,12.582809057167024,-0.03181508176215026,12.582809057167024,0.0,-0.0,1.0,,,0,0.9655998398175722,False
4.066515401284806,3109,X_return,12.958730158730159,12.577907735198067,12.555984768150694,12.555984768150694,-0.037667045940106725,-37.667045940106725,-4.270564735240981,-3.5703431712206566,12.958730158730159,0.0,12.555984768150694,-0.0380357055395663,12.555984768150694,0.0,-0.0,1.0,,,0,0.9860796835784825,False
4.074073980097603,3110,X_return,12.917460317460318,12.532657719510468,12.528835616670218,12.528835616670218,-0.04047313569391783,-40.47313569391783,-4.3358199579061685,-2.9745620570653273,12.917460317460318,0.0,12.528835616670218,-0.04084179529337741,12.528835616670218,0.0,-0.0,1.0,,,0,0.9636807658103888,False
4.0816325589104006,3111,X_return,12.876190476190477,12.516945781664703,12.511017844666926,12.511017844666926,-0.042574826314723244,-42.574826314723246,-4.842990795810547,-2.763853370174388,12.876190476190477,0.0,12.511017844666926,-0.04294348591418282,12.511017844666926,0.0,-0.0,1.0,,,0,0.9433079067907529,False
4.089191137723197,3112,X_return,12.834920634920636,12.464135577276721,12.487054009619264,12.487054009619264,-0.052371360655173047,-52.37136065517305,-3.979484753612811,-4.4521899240266976,12.834920634920636,0.0,12.487054009619264,-0.052740020254632626,12.487054009619264,0.0,-0.0,1.0,,,0,0.992145554599609,False
4.096749716535994,3113,X_return,12.793650793650794,12.42932593197969,12.443713387806332,12.443713387806332,-0.0586891173153313,-58.6891173153313,-4.1826954285380715,-6.396653540067632,12.793650793650794,0.0,12.443713387806332,-0.05905777691479088,12.443713387806332,0.0,-0.0,1.0,,,0,0.9518292542382798,False
4.104308295348791,3114,X_return,12.752380952380953,12.428846039846974,12.390354789777746,12.390354789777746,-0.061086601466024515,-61.08660146602452,-5.076334940180094,-6.792454323814354,12.752380952380953,0.0,12.390354789777746,-0.06145526106548409,12.390354789777746,0.0,-0.0,1.0,,,0,0.940850306940287,False
4.1118668741615885,3115,X_return,12.71111111111111,12.371303525303489,12.34103078512858,12.34103078512858,-0.06443083471015595,-64.43083471015595,-4.654638823346031,-6.116325843510253,12.71111111111111,0.0,12.34103078512858,-0.06479949430961553,12.34103078512858,0.0,-0.0,1.0,,,0,0.9546204113007553,False
4.119425452974386,3116,X_return,12.66984126984127,12.326796161694432,12.297893327911904,12.297893327911904,-0.07544102852987034,-75.44102852987034,-5.305679148483692,-4.626836121068095,12.66984126984127,0.0,12.297893327911904,-0.07580968812932991,12.297893327911904,0.0,-0.0,1.0,,,0,0.9517271658786302,False
4.126984031787183,3117,X_return,12.628571428571428,12.286404089988935,12.2710861741786,12.2710861741786,-0.08261483362312962,-82.61483362312961,-4.741232852947136,-3.6900826885750746,12.628571428571428,0.0,12.2710861741786,-0.08298349322258919,12.2710861741786,0.0,-0.0,1.0,,,0,0.9443930146979412,False
4.149659768225574,3120,X_return,12.587301587301587,12.163975333787931,12.177649187850347,12.177649187850347,-0.09103918074082087,-91.03918074082087,-4.813058380048863,-4.612480233525275,12.587301587301587,0.0,12.177649187850347,-0.09140784034028045,12.177649187850347,0.0,-0.0,1.0,,,2,0.9439830748150011,False
4.157218347038371,3121,X_return,12.546031746031746,12.123498405137354,12.14154601473006,12.14154601473006,-0.08887590484513434,-88.87590484513434,-4.583571952591555,-4.621788806149766,12.546031746031746,0.0,12.14154601473006,-0.08924456444459392,12.14154601473006,0.0,-0.0,1.0,,,0,0.9336591078359021,False
4.164776925851168,3122,X_return,12.504761904761905,12.09819040770779,12.107780877955575,12.107780877955575,-0.08472232294839632,-84.72232294839633,-4.950786040660304,-4.851860194350024,12.504761904761905,0.0,12.107780877955575,-0.0850909825478559,12.107780877955575,0.0,-0.0,1.0,,,0,0.9474573142597121,False
4.172335504663964,3123,X_return,12.463492063492064,12.063866743861269,12.06819967939473,12.06819967939473,-0.08107781728579684,-81.07781728579684,-4.946742530500561,-6.023427955043076,12.463492063492064,0.0,12.06819967939473,-0.08144647688525641,12.06819967939473,0.0,-0.0,1.0,,,0,0.92812919545097,False
4.1798940834767615,3124,X_return,12.422222222222222,12.025352639767306,12.016723768112781,12.016723768112781,-0.08698220675904482,-86.98220675904481,-5.068216298616858,-6.655814063890148,12.422222222222222,0.0,12.016723768112781,-0.08735086635850439,12.016723768112781,0.0,-0.0,1.0,,,0,0.9557393075003866,False
4.187452662289559,3125,X_return,12.380952380952381,11.983996340050084,11.967582689064255,11.967582689064255,-0.09285751578975933,-92.85751578975933,-5.626096039071884,-6.0965034351995655,12.380952380952381,0.0,11.967582689064255,-0.0932261753892189,11.967582689064255,0.0,-0.0,1.0,,,0,0.9583440667892336,False
4.195011241102356,3126,X_return,12.33968253968254,11.934148735195208,11.924561964717892,11.924561964717892,-0.09700656656013991,-97.00656656013992,-4.9597858708176785,-4.5830953669350265,12.33968253968254,0.0,11.924561964717892,-0.09737522615959948,11.924561964717892,0.0,-0.0,1.0,,,0,0.9238736702829371,False
4.202569819915153,3127,X_return,12.2984126984127,11.922131414312872,11.898299313989167,11.898299313989167,-0.09641106604307872,-96.41106604307872,-5.089079017688224,-3.7526116856045064,12.2984126984127,0.0,11.898299313989167,-0.0967797256425383,11.898299313989167,0.0,-0.0,1.0,,,0,0.9478294359575614,False
4.21012839872795,3128,X_return,12.257142857142856,11.858059120051166,11.867833142358961,11.867833142358961,-0.10385168587921008,-103.85168587921008,-5.5808657903695735,-4.142997555568741,12.257142857142856,0.0,11.867833142358961,-0.10422034547866965,11.867833142358961,0.0,-0.0,1.0,,,0,0.9116779261274786,False
4.217686977540747,3129,X_return,12.215873015873015,11.810432388870453,11.835668966899187,11.835668966899187,-0.10586600338527459,-105.8660033852746,-4.834106968098186,-4.761347080866699,12.215873015873015,0.0,11.835668966899187,-0.10623466298473416,11.835668966899187,0.0,-0.0,1.0,,,0,0.9509609616235569,False
4.225245556353544,3130,X_return,12.174603174603174,11.789752497357313,11.79585510802734,11.79585510802734,-0.10488091858955578,-104.88091858955578,-5.084952571189428,-5.315917485747946,12.174603174603174,0.0,11.79585510802734,-0.10524957818901536,11.79585510802734,0.0,-0.0,1.0,,,0,0.944349069363154,False
4.232804135166341,3131,X_return,12.133333333333333,11.748365066854149,11.755307404342481,11.755307404342481,-0.10067927924583928,-100.67927924583928,-5.5985691998015215,-5.390577394396246,12.133333333333333,0.0,11.755307404342481,-0.10104793884529885,11.755307404342481,0.0,-0.0,1.0,,,0,0.9333415318000201,False
4.240362713979138,3132,X_return,12.092063492063492,11.69225797140004,11.714364899863284,11.714364899863284,-0.10925338995678195,-109.25338995678194,-5.388600967046714,-5.632973658335914,12.092063492063492,0.0,11.714364899863284,-0.10962204955624152,11.714364899863284,0.0,-0.0,1.0,,,0,0.9270610844721182,False
4.247921292791935,3133,X_return,12.05079365079365,11.666531957868642,11.670152853648597,11.670152853648597,-0.11472367082264746,-114.72367082264746,-5.4111344849992875,-5.959477570118565,12.05079365079365,0.0,11.670152853648597,-0.11509233042210704,11.670152853648597,0.0,-0.0,1.0,,,0,0.9110757459174892,False
4.255479871604732,3134,X_return,12.00952380952381,11.63504116431946,11.624274538069614,11.624274538069614,-0.11259227403201706,-112.59227403201706,-4.900955144965716,-6.055608311765582,12.00952380952381,0.0,11.624274538069614,-0.11296093363147663,11.624274538069614,0.0,-0.0,1.0,,,0,0.9204502339902485,False
4.263038450417529,3135,X_return,11.968253968253968,11.60812030600195,11.578609268280783,11.578609268280783,-0.1181434793738433,-118.1434793738433,-5.143966317962525,-5.530211078785783,11.968253968253968,0.0,11.578609268280783,-0.11851213897330287,11.578609268280783,0.0,-0.0,1.0,,,0,0.9260449221036412,False
4.270597029230326,3136,X_return,11.926984126984127,11.561586457096439,11.5406734654888,11.5406734654888,-0.12565389510336966,-125.65389510336966,-5.4348589213612994,-4.303349532651282,11.926984126984127,0.0,11.5406734654888,-0.12602255470282925,11.5406734654888,0.0,-0.0,1.0,,,0,0.9226327802900085,False
4.278155608043123,3137,X_return,11.885714285714286,11.522419948607904,11.513554855077665,11.513554855077665,-0.12044481364835709,-120.44481364835708,-4.835306646968851,-3.6063291819120877,11.885714285714286,0.0,11.513554855077665,-0.12081347324781666,11.513554855077665,0.0,-0.0,1.0,,,0,0.922353685610571,False
4.2857141868559205,3138,X_return,11.844444444444445,11.493400510673979,11.486156018796054,11.486156018796054,-0.11052730449763652,-110.52730449763652,-4.468040918249042,-4.4246678725647826,11.844444444444445,0.0,11.486156018796054,-0.1108959640970961,11.486156018796054,0.0,-0.0,1.0,,,0,0.9076549564408722,False
4.293272765668717,3139,X_return,11.803174603174604,11.453240239044561,11.446666453407206,11.446666453407206,-0.10648992975459544,-106.48992975459544,-5.016775168833602,-5.252892602101383,11.803174603174604,0.0,11.446666453407206,-0.10685858935405501,11.446666453407206,0.0,-0.0,1.0,,,0,0.9134144559871225,False
4.300831344481514,3140,X_return,11.761904761904763,11.396267481212192,11.406747213339774,11.406747213339774,-0.10527190250505752,-105.27190250505753,-5.08588205735042,-5.200636879314629,11.761904761904763,0.0,11.406747213339774,-0.1056405621045171,11.406747213339774,0.0,-0.0,1.0,,,0,0.8959771826915726,False
4.308389923294311,3141,X_return,11.720634920634922,11.353722126723852,11.368047605949128,11.368047605949128,-0.09976871083849254,-99.76871083849254,-4.633659232398925,-5.061064113245379,11.720634920634922,0.0,11.368047605949128,-0.10013737043795211,11.368047605949128,0.0,-0.0,1.0,,,0,0.8995336388802098,False
4.3159485021071085,3142,X_return,11.679365079365079,11.333529125909081,11.330238309386605,11.330238309386605,-0.09412381047660616,-94.12381047660615,-4.938655929432292,-5.4348947543319355,11.679365079365079,0.0,11.330238309386605,-0.09449247007606573,11.330238309386605,0.0,-0.0,1.0,,,0,0.9074579201828379,False
4.323507080919906,3143,X_return,11.638095238095238,11.29314851985498,11.285887445269376,11.285887445269376,-0.09853950845520289,-98.53950845520289,-5.248455551821309,-6.102714328945922,11.638095238095238,0.0,11.285887445269376,-0.09890816805466246,11.285887445269376,0.0,-0.0,1.0,,,0,0.8911464073419134,False
4.331065659732703,3144,X_return,11.596825396825396,11.239025550346554,11.237982614931955,11.237982614931955,-0.10136789046331546,-101.36789046331546,-5.05654529720504,-5.935473466807707,11.596825396825396,0.0,11.237982614931955,-0.10173655006277503,11.237982614931955,0.0,-0.0,1.0,,,0,0.8904090444383032,False
4.338624238545499,3145,X_return,11.555555555555555,11.214404700467554,11.196159957289115,11.196159957289115,-0.09437539850114786,-94.37539850114786,-5.9497927886951025,-5.152311793742143,11.555555555555555,0.0,11.196159957289115,-0.09474405810060743,11.196159957289115,0.0,-0.0,1.0,,,0,0.8831801566241249,False
4.353741396171094,3147,X_return,11.514285714285714,11.12384354972312,11.129785659293868,11.129785659293868,-0.08711273810828662,-87.11273810828662,-5.142333602667868,-4.201217466724074,11.514285714285714,0.0,11.129785659293868,-0.0874813977077462,11.129785659293868,0.0,-0.0,1.0,,,1,0.864869941905263,False
4.361299974983891,3148,X_return,11.473015873015873,11.096309373191474,11.09874638379478,11.09874638379478,-0.07984844542838987,-79.84844542838987,-5.320756619939829,-4.667449157468809,11.473015873015873,0.0,11.09874638379478,-0.08021710502784944,11.09874638379478,0.0,-0.0,1.0,,,0,0.8856954820613309,False
4.368858553796688,3149,X_return,11.431746031746032,11.062010607612251,11.059227094670964,11.059227094670964,-0.06591320749449776,-65.91320749449777,-4.453919730134174,-5.4144422532224326,11.431746031746032,0.0,11.059227094670964,-0.06628186709395734,11.059227094670964,0.0,-0.0,1.0,,,0,0.8743795795881608,False
4.376417132609484,3150,X_return,11.39047619047619,11.022897035469384,11.016895406798142,11.016895406798142,-0.06430461400030897,-64.30461400030897,-4.728947943748656,-5.36389799652909,11.39047619047619,0.0,11.016895406798142,-0.06467327359976854,11.016895406798142,0.0,-0.0,1.0,,,0,0.8838944503096192,False
4.3839757114222815,3151,X_return,11.34920634920635,10.988405229357284,10.978140203169831,10.978140203169831,-0.0725939916138024,-72.59399161380239,-5.490164207499378,-4.890993875772324,11.34920634920635,0.0,10.978140203169831,-0.07296265121326197,10.978140203169831,0.0,-0.0,1.0,,,0,0.8657481185103475,False
4.391534290235079,3152,X_return,11.307936507936507,10.954721090198547,10.942957481432275,10.942957481432275,-0.07675764917359716,-76.75764917359716,-4.710460815872198,-4.896658795681674,11.307936507936507,0.0,10.942957481432275,-0.07712630877305673,10.942957481432275,0.0,-0.0,1.0,,,0,0.8529639882922179,False
4.399092869047876,3153,X_return,11.266666666666666,10.918518669329558,10.904116640316758,10.904116640316758,-0.07500143900372869,-75.00143900372869,-5.513643016627784,-5.466406462715554,11.266666666666666,0.0,10.904116640316758,-0.07537009860318826,10.904116640316758,0.0,-0.0,1.0,,,0,0.8508514923674088,False
4.406651447860673,3154,X_return,11.225396825396825,10.875852137406724,10.860320953289836,10.860320953289836,-0.08144505251790703,-81.44505251790703,-5.113839657882179,-5.722356379640473,11.225396825396825,0.0,10.860320953289836,-0.0818137121173666,10.860320953289836,0.0,-0.0,1.0,,,0,0.8697262609085759,False
4.41421002667347,3155,X_return,11.184126984126983,10.826963112845249,10.817610876935907,10.817610876935907,-0.08326848961266872,-83.26848961266872,-4.993870198607452,-4.988157962603054,11.184126984126983,0.0,10.817610876935907,-0.0836371492121283,10.817610876935907,0.0,-0.0,1.0,,,0,0.8675056281879566,False
4.421768605486267,3156,X_return,11.142857142857142,10.811040174891644,10.784914183107805,10.784914183107805,-0.06691704157743408,-66.91704157743408,-5.1356974471301955,-4.3320465638749965,11.142857142857142,0.0,10.784914183107805,-0.06728570117689366,10.784914183107805,0.0,-0.0,1.0,,,0,0.8634623236044083,False
4.429327184299064,3157,X_return,11.101587301587301,10.775609201955575,10.752122646188397,10.752122646188397,-0.057527205775463386,-57.527205775463386,-4.874418122404727,-4.767580194029506,11.101587301587301,0.0,10.752122646188397,-0.057895865374922965,10.752122646188397,0.0,-0.0,1.0,,,0,0.8618577426508264,False
4.436885763111861,3158,X_return,11.06031746031746,10.713963737298428,10.712841921822,10.712841921822,-0.06157954312743184,-61.57954312743184,-4.699068307559382,-5.134270292703377,11.06031746031746,0.0,10.712841921822,-0.061948202726891416,10.712841921822,0.0,-0.0,1.0,,,0,0.8557786737648462,False
4.444444341924658,3159,X_return,11.019047619047619,10.667431102949081,10.674507072881195,10.674507072881195,-0.06251306763195405,-62.51306763195405,-5.007310109146177,-5.059190281503845,11.019047619047619,0.0,10.674507072881195,-0.06288172723141362,10.674507072881195,0.0,-0.0,1.0,,,0,0.8581930120558693,False
4.467120078363049,3162,X_return,10.977777777777778,10.553242270718215,10.560637251688238,10.560637251688238,-0.07098499334502645,-70.98499334502645,-5.509515836173707,-4.772968618318828,10.977777777777778,0.0,10.560637251688238,-0.07135365294448602,10.560637251688238,0.0,-0.0,1.0,,,2,0.8375764498784868,False
4.474678657175846,3163,X_return,10.936507936507937,10.502474701348149,10.52518697474625,10.52518697474625,-0.06421464556723228,-64.21464556723228,-4.735820059417171,-5.190584590291678,10.936507936507937,0.0,10.52518697474625,-0.06458330516669185,10.52518697474625,0.0,-0.0,1.0,,,0,0.839228490148051,False
4.482237235988643,3164,X_return,10.895238095238096,10.495536363712887,10.482170366267818,10.482170366267818,-0.06233055796733804,-62.33055796733804,-5.035208048460154,-5.531897793597636,10.895238095238096,0.0,10.482170366267818,-0.06269921756679761,10.482170366267818,0.0,-0.0,1.0,,,0,0.8441649686860064,False
4.4897958148014405,3165,X_return,10.853968253968254,10.437768353466424,10.441560403831756,10.441560403831756,-0.06739714359281253,-67.39714359281253,-5.604837317591709,-5.148467637771205,10.853968253968254,0.0,10.441560403831756,-0.0677658031922721,10.441560403831756,0.0,-0.0,1.0,,,0,0.818099521072032,False
4.497354393614238,3166,X_return,10.812698412698413,10.417354673377389,10.40434016945736,10.40434016945736,-0.06693924835814709,-66.93924835814708,-4.742607236465875,-4.786328076037421,10.812698412698413,0.0,10.40434016945736,-0.06730790795760666,10.40434016945736,0.0,-0.0,1.0,,,0,0.8443741459406899,False
4.504912972427034,3167,X_return,10.771428571428572,10.375309686553294,10.369204727858495,10.369204727858495,-0.05735200075264987,-57.35200075264987,-4.875289153216184,-4.758411788501803,10.771428571428572,0.0,10.369204727858495,-0.057720660352109446,10.369204727858495,0.0,-0.0,1.0,,,0,0.8290117448571346,False
4.512471551239831,3168,X_return,10.730158730158731,10.356747778179937,10.332406508403094,10.332406508403094,-0.05619046418025203,-56.19046418025203,-5.42467347291687,-5.082548602995303,10.730158730158731,0.0,10.332406508403094,-0.05655912377971161,10.332406508403094,0.0,-0.0,1.0,,,0,0.8189047629732854,False
4.520030130052628,3169,X_return,10.688888888888888,10.319579283135994,10.29237103948727,10.29237103948727,-0.05229246210851611,-52.29246210851611,-4.928756678454051,-5.120978605117898,10.688888888888888,0.0,10.29237103948727,-0.05266112170797568,10.29237103948727,0.0,-0.0,1.0,,,0,0.8096932173604057,False
4.527588708865426,3170,X_return,10.647619047619047,10.261478620845509,10.25499186763223,10.25499186763223,-0.034533674330982214,-34.533674330982215,-5.756853527670077,-5.025807703497549,10.647619047619047,0.0,10.25499186763223,-0.03490233393044179,10.25499186763223,0.0,-0.0,1.0,,,0,0.8102882398497301,False
4.535147287678223,3171,X_return,10.606349206349206,10.233579583464262,10.21639511223757,10.21639511223757,-0.021590450604689764,-21.590450604689764,-4.929723875654207,-5.272526357664219,10.606349206349206,0.0,10.21639511223757,-0.02195911020414934,10.21639511223757,0.0,-0.0,1.0,,,0,0.8310567340385623,False
4.542705866491019,3172,X_return,10.565079365079365,10.176166579517712,10.175286255598325,10.175286255598325,-0.02122669726907861,-21.22669726907861,-4.908308472597251,-5.618897159201197,10.565079365079365,0.0,10.175286255598325,-0.021595356868538185,10.175286255598325,0.0,-0.0,1.0,,,0,0.8159675953185346,False
4.550264445303816,3173,X_return,10.523809523809524,10.141182474472089,10.131453358199927,10.131453358199927,-0.015971386207604427,-15.971386207604427,-5.450814832905037,-5.589463203773619,10.523809523809524,0.0,10.131453358199927,-0.016340045807064003,10.131453358199927,0.0,-0.0,1.0,,,0,0.8134546619937074,False
4.565381602929411,3175,X_return,10.482539682539683,10.050636590371738,10.053294558911798,10.053294558911798,-0.010393275513000908,-10.393275513000908,-4.882039529683433,-5.144539765302625,10.482539682539683,0.0,10.053294558911798,-0.010761935112460484,10.053294558911798,0.0,-0.0,1.0,,,1,0.8014824563756232,False
4.572940181742208,3176,X_return,10.441269841269841,10.017397103841944,10.014506144826417,10.014506144826417,-0.022982263320686997,-22.982263320686997,-5.498673474747165,-4.858651276859291,10.441269841269841,0.0,10.014506144826417,-0.023350922920146573,10.014506144826417,0.0,-0.0,1.0,,,0,0.8058108535989231,False
4.580498760555004,3177,X_return,10.4,9.993705914655436,9.979845561711723,9.979845561711723,-0.020685630381653348,-20.685630381653347,-5.229976372670715,-4.8728197114136265,10.4,0.0,9.979845561711723,-0.021054289981112924,9.979845561711723,0.0,-0.0,1.0,,,0,0.8049472580240092,False
4.5880573393678015,3178,X_return,10.35873015873016,9.962923925986587,9.940842961167876,9.940842961167876,-0.021495393562534205,-21.495393562534204,-4.745550119616595,-5.2854076029000225,10.35873015873016,0.0,9.940842961167876,-0.02186405316199378,9.940842961167876,0.0,-0.0,1.0,,,0,0.8099407000128522,False
4.595615918180599,3179,X_return,10.317460317460318,9.923298953098453,9.89994522186317,9.89994522186317,-0.030370510378895314,-30.370510378895315,-5.009515230333994,-4.917369331166128,10.317460317460318,0.0,9.89994522186317,-0.03073916997835489,9.89994522186317,0.0,-0.0,1.0,,,0,0.8035513829401696,False
4.603174496993396,3180,X_return,10.276190476190475,9.889034026264568,9.866506313885374,9.866506313885374,-0.03259303881619367,-32.593038816193676,-5.4255983308687,-4.546594003308314,10.276190476190475,0.0,9.866506313885374,-0.03296169841565325,9.866506313885374,0.0,-0.0,1.0,,,0,0.795630819270142,False
4.610733075806193,3181,X_return,10.234920634920634,9.851064201923947,9.831213643655575,9.831213643655575,-0.023070638670158194,-23.070638670158193,-4.823907318935063,-5.049511666419676,10.234920634920634,0.0,9.831213643655575,-0.02343929826961777,9.831213643655575,0.0,-0.0,1.0,,,0,0.7819010511411327,False
4.61829165461899,3182,X_return,10.193650793650793,9.798967081588785,9.79017205009183,9.79017205009183,-0.030032307206399853,-30.032307206399853,-5.658041589484977,-5.500842497203621,10.193650793650793,0.0,9.79017205009183,-0.03040096680585943,9.79017205009183,0.0,-0.0,1.0,,,0,0.7835942683379752,False
4.625850233431787,3183,X_return,10.152380952380952,9.751451410794232,9.748056540551785,9.748056540551785,-0.03793732981692302,-37.93732981692302,-4.751561724923969,-5.3892063886107735,10.152380952380952,0.0,9.748056540551785,-0.0383059894163826,9.748056540551785,0.0,-0.0,1.0,,,0,0.781031350104476,False
4.633408812244584,3184,X_return,10.11111111111111,9.692806412692079,9.708702567638344,9.708702567638344,-0.03617556631010917,-36.17556631010917,-4.956463117337245,-4.916563052709762,10.11111111111111,0.0,9.708702567638344,-0.03654422590956874,9.708702567638344,0.0,-0.0,1.0,,,0,0.7830297022029712,False
4.640967391057381,3185,X_return,10.06984126984127,9.674034824345995,9.673732081907797,9.673732081907797,-0.039820058620156515,-39.820058620156516,-5.216167772949868,-4.710988709943308,10.06984126984127,0.0,9.673732081907797,-0.04018871821961609,9.673732081907797,0.0,-0.0,1.0,,,0,0.7671218953549955,False
4.648525969870178,3186,X_return,10.028571428571428,9.641290199834373,9.637485808737736,9.637485808737736,-0.04934830386546912,-49.34830386546912,-4.637169875636057,-4.798567900682656,10.028571428571428,0.0,9.637485808737736,-0.0497169634649287,9.637485808737736,0.0,-0.0,1.0,,,0,0.7691765132864626,False
4.656084548682975,3187,X_return,9.987301587301587,9.61171658358893,9.60119137457606,9.60119137457606,-0.05283321662495394,-52.83321662495394,-4.846262047227137,-4.837310567907508,9.987301587301587,0.0,9.60119137457606,-0.05320187622441352,9.60119137457606,0.0,-0.0,1.0,,,0,0.7630076884955411,False
4.678760285121366,3190,X_return,9.946031746031746,9.468261191710354,9.489082963997083,9.489082963997083,-0.051410408134443183,-51.41040813444318,-5.82076174835691,-5.040955347141221,9.946031746031746,0.0,9.489082963997083,-0.05177906773390276,9.489082963997083,0.0,-0.0,1.0,,,2,0.7529953380332595,False
4.686318863934163,3191,X_return,9.904761904761905,9.451326625224596,9.450736176350535,9.450736176350535,-0.04580294867327328,-45.80294867327328,-4.658145903260895,-5.408126061813618,9.904761904761905,0.0,9.450736176350535,-0.04617160827273286,9.450736176350535,0.0,-0.0,1.0,,,0,0.7585081588809813,False
4.6938774427469605,3192,X_return,9.863492063492064,9.415518227809372,9.407327469861562,9.407327469861562,-0.04887591550013193,-48.875915500131924,-4.773124864070483,-5.475140848991487,9.863492063492064,0.0,9.407327469861562,-0.04924457509959151,9.407327469861562,0.0,-0.0,1.0,,,0,0.7511646380763441,False
4.701436021559758,3193,X_return,9.822222222222223,9.367491790527595,9.367967609114,9.367967609114,-0.053941959849726606,-53.94195984972661,-5.306608224891326,-5.193530968791833,9.822222222222223,0.0,9.367967609114,-0.05431061944918618,9.367967609114,0.0,-0.0,1.0,,,0,0.7498654443250412,False
4.708994600372554,3194,X_return,9.780952380952382,9.32317755101127,9.328816043572933,9.328816043572933,-0.053524845788397654,-53.524845788397656,-5.1296850980101,-5.418503146954322,9.780952380952382,0.0,9.328816043572933,-0.05389350538785723,9.328816043572933,0.0,-0.0,1.0,,,0,0.7331094128401122,False
4.716553179185351,3195,X_return,9.73968253968254,9.286667867258132,9.286055242946716,9.286055242946716,-0.05221199268050532,-52.21199268050532,-4.8783406440678325,-5.261946948810873,9.73968253968254,0.0,9.286055242946716,-0.0525806522799649,9.286055242946716,0.0,-0.0,1.0,,,0,0.721749584260446,False
4.724111757998148,3196,X_return,9.6984126984127,9.248443374837478,9.249270362130245,9.249270362130245,-0.052855097257336586,-52.85509725733659,-5.381968644111336,-4.609350460526457,9.6984126984127,0.0,9.249270362130245,-0.053223756856796166,9.249270362130245,0.0,-0.0,1.0,,,0,0.734320380254021,False
4.731670336810946,3197,X_return,9.657142857142858,9.207780541356158,9.216374965483332,9.216374965483332,-0.04828244459742047,-48.282444597420465,-5.373242857646495,-4.761638998379908,9.657142857142858,0.0,9.216374965483332,-0.04865110419688004,9.216374965483332,0.0,-0.0,1.0,,,0,0.748394622044661,False
4.739228915623743,3198,X_return,9.615873015873015,9.181523361165148,9.177287914835558,9.177287914835558,-0.04975760623886914,-49.757606238869144,-4.815428319693208,-5.257267601966532,9.615873015873015,0.0,9.177287914835558,-0.05012626583832872,9.177287914835558,0.0,-0.0,1.0,,,0,0.7173930597176462,False
4.746787494436539,3199,X_return,9.574603174603174,9.155012196373832,9.136900022464479,9.136900022464479,-0.04832333863460747,-48.323338634607474,-5.69481032274506,-5.276473669335928,9.574603174603174,0.0,9.136900022464479,-0.04869199823406705,9.136900022464479,0.0,-0.0,1.0,,,0,0.7106012453409994,False
4.754346073249336,3200,X_return,9.533333333333333,9.11343421864305,9.097522630668914,9.097522630668914,-0.04023342975566614,-40.233429755666144,-5.004651230218563,-5.342074248278891,9.533333333333333,0.0,9.097522630668914,-0.04060208935512572,9.097522630668914,0.0,-0.0,1.0,,,0,0.7197339336680623,False
4.7619046520621335,3201,X_return,9.492063492063492,9.068578715675471,9.056143044005617,9.056143044005617,-0.03693607429969567,-36.93607429969567,-5.027114599536497,-5.257624736927255,9.492063492063492,0.0,9.056143044005617,-0.03730473389915524,9.056143044005617,0.0,-0.0,1.0,,,0,0.712453062657996,False
4.769463230874931,3202,X_return,9.450793650793651,8.990375292626538,9.01804228878456,9.01804228878456,-0.035392325138364586,-35.39232513836458,-4.6646193968109095,-5.085469455851239,9.450793650793651,0.0,9.01804228878456,-0.03576098473782416,9.01804228878456,0.0,-0.0,1.0,,,0,0.6927947295535548,False
4.777021809687728,3203,X_return,9.40952380952381,8.967401405273932,8.979265200641368,8.979265200641368,-0.035013468659088526,-35.013468659088524,-4.512931350775505,-4.945574849229047,9.40952380952381,0.0,8.979265200641368,-0.035382128258548105,8.979265200641368,0.0,-0.0,1.0,,,0,0.7064265582026906,False
4.784580388500525,3204,X_return,9.368253968253969,8.918582710308527,8.94327925423959,8.94327925423959,-0.03177590617272541,-31.77590617272541,-4.97456177489705,-4.8068277214806585,9.368253968253969,0.0,8.94327925423959,-0.03214456577218498,8.94327925423959,0.0,-0.0,1.0,,,0,0.71012928647896,False
4.7921389673133215,3205,X_return,9.326984126984128,8.880600436410674,8.906599628296672,8.906599628296672,-0.034650133554936874,-34.65013355493687,-4.9783877195070785,-4.574045982628945,9.326984126984128,0.0,8.906599628296672,-0.03501879315439645,8.906599628296672,0.0,-0.0,1.0,,,0,0.709287979296681,False
4.799697546126119,3206,X_return,9.285714285714286,8.866104924318279,8.874132680133476,8.874132680133476,-0.03550992115974973,-35.50992115974973,-4.408618994126358,-4.600348034612466,9.285714285714286,0.0,8.874132680133476,-0.0358785807592093,8.874132680133476,0.0,-0.0,1.0,,,0,0.7037060008928433,False
4.807256124938916,3207,X_return,9.244444444444445,8.836555146819109,8.837055441924841,8.837055441924841,-0.033079171230195964,-33.07917123019596,-5.2108303638862425,-5.140376223311591,9.244444444444445,0.0,8.837055441924841,-0.033447830829655543,8.837055441924841,0.0,-0.0,1.0,,,0,0.7233266868487122,False
4.814814703751713,3208,X_return,9.203174603174602,8.777254274930442,8.796424802510817,8.796424802510817,-0.027083967374813497,-27.083967374813497,-4.824943732374151,-5.437337990927631,9.203174603174602,0.0,8.796424802510817,-0.027452626974273073,8.796424802510817,0.0,-0.0,1.0,,,0,0.6909720503850355,False
4.82237328256451,3209,X_return,9.161904761904761,8.76392825654645,8.754858346452355,8.754858346452355,-0.02103609363600912,-21.03609363600912,-4.671808816448131,-5.224390785353421,9.161904761904761,0.0,8.754858346452355,-0.021404753235468695,8.754858346452355,0.0,-0.0,1.0,,,0,0.7131414955605475,False
4.829931861377307,3210,X_return,9.12063492063492,8.734947485774029,8.717446863510931,8.717446863510931,-0.0090439036385119,-9.0439036385119,-5.096728609236029,-4.96604904196181,9.12063492063492,0.0,8.717446863510931,-0.009412563237971476,8.717446863510931,0.0,-0.0,1.0,,,0,0.7081873851609481,False
4.837490440190104,3211,X_return,9.079365079365079,8.692285717623633,8.679785800308592,8.679785800308592,-0.0069824505395710244,-6.982450539571024,-4.804816505051896,-5.003208114389395,9.079365079365079,0.0,8.679785800308592,-0.0073511101390306005,8.679785800308592,0.0,-0.0,1.0,,,0,0.7021829882379375,False
4.845049019002901,3212,X_return,9.038095238095238,8.649184719854048,8.641812577812054,8.641812577812054,-0.0043464244216147455,-4.346424421614746,-4.5722654798679185,-4.820517378870818,9.038095238095238,0.0,8.641812577812054,-0.004715084021074322,8.641812577812054,0.0,-0.0,1.0,,,0,0.7038488200910867,False
4.852607597815698,3213,X_return,8.996825396825397,8.619924594539043,8.606913279255286,8.606913279255286,-0.0048689913662666355,-4.868991366266636,-4.987790506793962,-4.6734835926692995,8.996825396825397,0.0,8.606913279255286,-0.005237650965726212,8.606913279255286,0.0,-0.0,1.0,,,0,0.7034701777578336,False
4.860166176628495,3214,X_return,8.955555555555556,8.587771434613472,8.571162789681043,8.571162789681043,-0.011534565825642842,-11.534565825642842,-5.1118271671242885,-4.727492819608756,8.955555555555556,0.0,8.571162789681043,-0.011903225425102418,8.571162789681043,0.0,-0.0,1.0,,,0,0.690881156113867,False
4.867724755441292,3215,X_return,8.914285714285715,8.533417807087687,8.535447025127398,8.535447025127398,-0.020886530976314308,-20.886530976314308,-5.2563880753705154,-4.716461051523851,8.914285714285715,0.0,8.535447025127398,-0.021255190575773884,8.535447025127398,0.0,-0.0,1.0,,,0,0.6935636901071179,False
4.882841913066886,3217,X_return,8.873015873015873,8.442623516534866,8.464411627889403,8.464411627889403,-0.022837036601041336,-22.837036601041337,-5.025391878994214,-5.299155980164414,8.873015873015873,0.0,8.464411627889403,-0.023205696200500912,8.464411627889403,0.0,-0.0,1.0,,,1,0.6640160501077422,False
4.890400491879683,3218,X_return,8.831746031746032,8.41197871272098,8.422089345022833,8.422089345022833,-0.026209503605743728,-26.209503605743727,-5.3878260715896795,-5.34779438533667,8.831746031746032,0.0,8.422089345022833,-0.026578163205203304,8.422089345022833,0.0,-0.0,1.0,,,0,0.6793397216865986,False
4.8979590706924805,3219,X_return,8.790476190476191,8.38616666952376,8.383568177216999,8.383568177216999,-0.025355147304494768,-25.355147304494768,-5.133102276749319,-5.273185530440287,8.790476190476191,0.0,8.383568177216999,-0.025723806903954344,8.383568177216999,0.0,-0.0,1.0,,,0,0.6795777986802778,False
4.905517649505278,3220,X_return,8.74920634920635,8.353880496275053,8.342373768170164,8.342373768170164,-0.026678299673723947,-26.67829967372395,-4.570371309910226,-5.249481359684523,8.74920634920635,0.0,8.342373768170164,-0.027046959273183523,8.342373768170164,0.0,-0.0,1.0,,,0,0.6568086012076205,False
4.913076228318074,3221,X_return,8.707936507936509,8.321917780301874,8.304210940050034,8.304210940050034,-0.03093908389113118,-30.93908389113118,-4.999077350636419,-4.837121787504088,8.707936507936509,0.0,8.304210940050034,-0.031307743490590755,8.304210940050034,0.0,-0.0,1.0,,,0,0.6748637744544073,False
4.920634807130871,3222,X_return,8.666666666666668,8.26009361053002,8.26925023565427,8.26925023565427,-0.03227784440702208,-32.27784440702208,-5.376942898578416,-4.535109785225586,8.666666666666668,0.0,8.26925023565427,-0.032646504006481655,8.26925023565427,0.0,-0.0,1.0,,,0,0.6482478059367215,False
4.928193385943668,3223,X_return,8.625396825396825,8.256940673993427,8.235652970577403,8.235652970577403,-0.03377037955610308,-33.77037955610308,-4.602298684499604,-4.619140249471343,8.625396825396825,0.0,8.235652970577403,-0.034139039155562656,8.235652970577403,0.0,-0.0,1.0,,,0,0.6522008536368595,False
4.935751964756466,3224,X_return,8.584126984126984,8.210125533950333,8.199421964408286,8.199421964408286,-0.03762776322190131,-37.62776322190131,-5.810265673876117,-4.891639433570731,8.584126984126984,0.0,8.199421964408286,-0.03799642282136089,8.199421964408286,0.0,-0.0,1.0,,,0,0.6725917407708812,False
4.943310543569263,3225,X_return,8.542857142857143,8.17476559095573,8.161705286212541,8.161705286212541,-0.03894738757469583,-38.94738757469583,-4.824348632713165,-5.049677891175747,8.542857142857143,0.0,8.161705286212541,-0.039316047174155405,8.161705286212541,0.0,-0.0,1.0,,,0,0.6522214646213962,False
4.950869122382059,3226,X_return,8.501587301587302,8.134730049939208,8.123085187768906,8.123085187768906,-0.034051071899654686,-34.05107189965469,-4.940870369576233,-5.465576052114329,8.501587301587302,0.0,8.123085187768906,-0.03441973149911426,8.123085187768906,0.0,-0.0,1.0,,,0,0.6413606092696191,False
4.958427701194856,3227,X_return,8.46031746031746,8.107675977853233,8.07908131151806,8.07908131151806,-0.037519958117555874,-37.51995811755587,-5.588486593719326,-5.739501726277581,8.46031746031746,0.0,8.07908131151806,-0.03788861771701545,8.07908131151806,0.0,-0.0,1.0,,,0,0.653000484222771,False
4.9659862800076535,3228,X_return,8.419047619047618,8.053497016272416,8.036320235480396,8.036320235480396,-0.044338096282229886,-44.338096282229884,-5.334578972069738,-5.637712549201638,8.419047619047618,0.0,8.036320235480396,-0.04470675588168946,8.036320235480396,0.0,-0.0,1.0,,,0,0.6390910925347641,False
4.973544858820451,3229,X_return,8.377777777777776,8.012068560004906,7.993855122263987,7.993855122263987,-0.040268696763459844,-40.26869676345984,-5.153233070529468,-5.478734103716846,8.377777777777776,0.0,7.993855122263987,-0.04063735636291942,7.993855122263987,0.0,-0.0,1.0,,,0,0.6406199697158322,False
4.996220595258841,3232,X_return,8.336507936507935,7.90012539520896,7.879103819004033,7.879103819004033,-0.03888573163245283,-38.88573163245283,-4.7633772802376875,-4.596331841141932,8.336507936507935,0.0,7.879103819004033,-0.03925439123191241,7.879103819004033,0.0,-0.0,1.0,,,2,0.6356732726267953,False
5.003779174071639,3233,X_return,8.295238095238094,7.875627754381441,7.845531648515973,7.845531648515973,-0.033856460900907506,-33.85646090090751,-5.011829661087822,-4.593818378946935,8.295238095238094,0.0,7.845531648515973,-0.03422512050036708,7.845531648515973,0.0,-0.0,1.0,,,0,0.6373949087693533,False
5.011337752884436,3234,X_return,8.253968253968253,7.818409968352938,7.809658342466139,7.809658342466139,-0.03600257296312709,-36.002572963127086,-5.183102953105581,-4.917816009922376,8.253968253968253,0.0,7.809658342466139,-0.03637123256258666,7.809658342466139,0.0,-0.0,1.0,,,0,0.6254119190348415,False
5.018896331697233,3235,X_return,8.212698412698412,7.778173388745046,7.771188248720304,7.771188248720304,-0.03492476472350266,-34.924764723502655,-4.996440751971351,-4.904071070544546,8.212698412698412,0.0,7.771188248720304,-0.03529342432296224,7.771188248720304,0.0,-0.0,1.0,,,0,0.6251710964980043,False
5.02645491051003,3236,X_return,8.17142857142857,7.743657526229555,7.735522727085599,7.735522727085599,-0.026794409094378607,-26.794409094378608,-5.633312504537981,-4.916833683337984,8.17142857142857,0.0,7.735522727085599,-0.027163068693838183,7.735522727085599,0.0,-0.0,1.0,,,0,0.6257210911180747,False
5.0340134893228266,3237,X_return,8.13015873015873,7.705385312733256,7.6968596989104565,7.6968596989104565,-0.019514306275698865,-19.514306275698864,-4.565770407582334,-5.343792302393354,8.13015873015873,0.0,7.6968596989104565,-0.01988296587515844,7.6968596989104565,0.0,-0.0,1.0,,,0,0.6330994889601727,False
5.041572068135624,3238,X_return,8.088888888888889,7.6681568698442675,7.654739776531885,7.654739776531885,-0.0231235644660096,-23.1235644660096,-4.998744446070427,-5.311491766841414,8.088888888888889,0.0,7.654739776531885,-0.023492224065469178,7.654739776531885,0.0,-0.0,1.0,,,0,0.6160530465162972,False
5.049130646948421,3239,X_return,8.047619047619047,7.635366082324595,7.616565040644068,7.616565040644068,-0.0172074544449156,-17.2074544449156,-5.384683075177143,-4.921753526279133,8.047619047619047,0.0,7.616565040644068,-0.017576114044375177,7.616565040644068,0.0,-0.0,1.0,,,0,0.6370829729455382,False
5.056689225761218,3240,X_return,8.006349206349206,7.601888183169024,7.580336852680799,7.580336852680799,-0.010826531549091356,-10.826531549091357,-4.337844188889068,-5.031760600072971,8.006349206349206,0.0,7.580336852680799,-0.011195191148550932,7.580336852680799,0.0,-0.0,1.0,,,0,0.627120971562915,False
5.064247804574015,3241,X_return,7.965079365079365,7.57325002027693,7.54049912251851,7.54049912251851,-0.003711412018633879,-3.711412018633879,-4.553433461731,-4.9628027540959465,7.965079365079365,0.0,7.54049912251851,-0.004080071618093455,7.54049912251851,0.0,-0.0,1.0,,,0,0.6307850886484566,False
5.0718063833868126,3242,X_return,7.923809523809524,7.522911963578849,7.505313381182396,7.505313381182396,0.003398880456089352,3.398880456089352,-5.366532034906109,-4.4657882193521345,7.923809523809524,0.0,7.505313381182396,0.003030220856629776,7.505313381182396,0.0,-0.0,1.0,,,0,0.6251423484759813,False
5.079364962199609,3243,X_return,7.882539682539683,7.501473258136173,7.472989098084045,7.472989098084045,0.013332633875378237,13.332633875378237,-4.7488992412462885,-4.180973086572067,7.882539682539683,0.0,7.472989098084045,0.01296397427591866,7.472989098084045,0.0,-0.0,1.0,,,0,0.6152352201706204,False
5.086923541012406,3244,X_return,7.841269841269842,7.46937716112339,7.442108952004322,7.442108952004322,0.013855256886815197,13.855256886815198,-5.33351082202604,-4.327491401495763,7.841269841269842,0.0,7.442108952004322,0.013486597287355621,7.442108952004322,0.0,-0.0,1.0,,,0,0.6319592647917314,False
5.094482119825203,3245,X_return,7.8,7.4299082578020545,7.407569728444229,7.407569728444229,0.008751951297059857,8.751951297059858,-4.5193423083615265,-5.138091810485037,7.8,0.0,7.407569728444229,0.00838329169760028,7.407569728444229,0.0,-0.0,1.0,,,0,0.6128253940225458,False
5.1020406986380005,3246,X_return,7.758730158730159,7.377753901450603,7.364435608210444,7.364435608210444,0.00407086229535826,4.0708622953582605,-4.697948455604908,-5.7313266212324265,7.758730158730159,0.0,7.364435608210444,0.0037022026958986837,7.364435608210444,0.0,-0.0,1.0,,,0,0.6101943663227446,False
5.109599277450798,3247,X_return,7.717460317460318,7.355626842798756,7.320928360507293,7.320928360507293,0.0007465668787576467,0.7465668787576467,-5.21897549973162,-5.434215167793809,7.717460317460318,0.0,7.320928360507293,0.00037790727929807054,7.320928360507293,0.0,-0.0,1.0,,,0,0.6147275015419696,False
5.117157856263594,3248,X_return,7.6761904761904765,7.326916057406805,7.282285720947513,7.282285720947513,0.0010929474887549193,1.0929474887549193,-5.045931876781485,-4.971501293295546,7.6761904761904765,0.0,7.282285720947513,0.0007242878892953432,7.282285720947513,0.0,-0.0,1.0,,,0,0.6008236878088087,False
5.124716435076391,3249,X_return,7.634920634920635,7.275635581596873,7.245773391820702,7.245773391820702,-0.00016246537973574685,-0.16246537973574685,-4.740906247312297,-4.688796677648213,7.634920634920635,0.0,7.245773391820702,-0.0005311249791953229,7.245773391820702,0.0,-0.0,1.0,,,0,0.6075860618998398,False
5.132275013889188,3250,X_return,7.593650793650793,7.24366867258928,7.211404442497142,7.211404442497142,0.003153946256076371,3.153946256076371,-4.986778542126087,-4.5755418894711966,7.593650793650793,0.0,7.211404442497142,0.002785286656616795,7.211404442497142,0.0,-0.0,1.0,,,0,0.592251933905469,False
5.139833592701986,3251,X_return,7.552380952380952,7.202919096607559,7.176604203855056,7.176604203855056,0.004660007741119466,4.660007741119466,-4.954836776599097,-4.54363543191505,7.552380952380952,0.0,7.176604203855056,0.00429134814165989,7.176604203855056,0.0,-0.0,1.0,,,0,0.586691433407108,False
5.147392171514783,3252,X_return,7.511111111111111,7.148337090090166,7.142717589479647,7.142717589479647,0.0002752471411847785,0.2752471411847785,-4.853624694827985,-4.3545427357318545,7.511111111111111,0.0,7.142717589479647,-9.341245827479757e-05,7.142717589479647,0.0,-0.0,1.0,,,0,0.5934278269944847,False
5.15495075032758,3253,X_return,7.46984126984127,7.144215158110427,7.110775894931611,7.110775894931611,-0.0015875234489161534,-1.5875234489161534,-5.367554757624138,-4.519045581656201,7.46984126984127,0.0,7.110775894931611,-0.0019561830483757294,7.110775894931611,0.0,-0.0,1.0,,,0,0.5982117247693874,False
5.162509329140376,3254,X_return,7.428571428571429,7.119644388236395,7.074402465104509,7.074402465104509,-0.010235790775027528,-10.235790775027528,-4.784268598365498,-5.00996791753937,7.428571428571429,0.0,7.074402465104509,-0.010604450374487104,7.074402465104509,0.0,-0.0,1.0,,,0,0.5856451428607132,False
5.1700679079531735,3255,X_return,7.387301587301587,7.053388550225634,7.0350394202230015,7.0350394202230015,-0.022454938215444503,-22.454938215444503,-5.178423023588378,-5.165947927562172,7.387301587301587,0.0,7.0350394202230015,-0.02282359781490408,7.0350394202230015,0.0,-0.0,1.0,,,0,0.572099264338748,False
5.177626486765971,3256,X_return,7.346031746031746,7.017780911603978,6.996308015997939,6.996308015997939,-0.024385536523679262,-24.385536523679264,-5.326000933222158,-5.334119533918056,7.346031746031746,0.0,6.996308015997939,-0.02475419612313884,6.996308015997939,0.0,-0.0,1.0,,,0,0.5814236362945444,False
5.185185065578768,3257,X_return,7.304761904761905,6.9787523316014415,6.954402694435,6.954402694435,-0.02339598675856076,-23.39598675856076,-4.768455981764586,-5.636413161219934,7.304761904761905,0.0,6.954402694435,-0.023764646358020336,6.954402694435,0.0,-0.0,1.0,,,0,0.5830563121108134,False
5.192743644391565,3258,X_return,7.2634920634920634,6.919663768169642,6.911101469796802,6.911101469796802,-0.028085458343239444,-28.085458343239445,-5.501091582562786,-5.229681593544399,7.2634920634920634,0.0,6.911101469796802,-0.02845411794269902,6.911101469796802,0.0,-0.0,1.0,,,0,0.5795987770116854,False
5.200302223204361,3259,X_return,7.222222222222222,6.887843888674041,6.875344773453723,6.875344773453723,-0.028678231611236803,-28.678231611236804,-5.14629245559525,-4.300767834654948,7.222222222222222,0.0,6.875344773453723,-0.02904689121069638,6.875344773453723,0.0,-0.0,1.0,,,0,0.5911528488363732,False
5.207860802017159,3260,X_return,7.18095238095238,6.8503140361038675,6.846086084529241,6.846086084529241,-0.02453510153886615,-24.53510153886615,-4.748349239914215,-4.1456850808276045,7.18095238095238,0.0,6.846086084529241,-0.024903761138325726,6.846086084529241,0.0,-0.0,1.0,,,0,0.5927457016945307,False
5.215419380829956,3261,X_return,7.139682539682539,6.791614159670644,6.812673798620778,6.812673798620778,-0.01719928373684844,-17.19928373684844,-5.854037500427308,-4.666506437984992,7.139682539682539,0.0,6.812673798620778,-0.017567943336308015,6.812673798620778,0.0,-0.0,1.0,,,0,0.559045322620731,False
5.222977959642753,3262,X_return,7.098412698412698,6.797810164249711,6.775541771145371,6.775541771145371,-0.021167820093689966,-21.167820093689965,-5.197709338629426,-5.0737236252469415,7.098412698412698,0.0,6.775541771145371,-0.021536479693149542,6.775541771145371,0.0,-0.0,1.0,,,0,0.5636901013801322,False
5.23053653845555,3263,X_return,7.057142857142857,6.760655098430135,6.735973518829217,6.735973518829217,-0.020140156886531143,-20.140156886531145,-4.9745039433335245,-4.879813328277976,7.057142857142857,0.0,6.735973518829217,-0.02050881648599072,6.735973518829217,0.0,-0.0,1.0,,,0,0.5720354676465285,False
5.2380951172683465,3264,X_return,7.015873015873016,6.711265189924177,6.70177286387832,6.70177286387832,-0.010731863573677948,-10.731863573677948,-5.250901380188622,-4.805466654840075,7.015873015873016,0.0,6.70177286387832,-0.011100523173137524,6.70177286387832,0.0,-0.0,1.0,,,0,0.5663347118253252,False
5.245653696081144,3265,X_return,6.974603174603175,6.669184905927807,6.663328521943465,6.663328521943465,-0.006782465316180669,-6.782465316180669,-5.03885856081397,-5.571123299377973,6.974603174603175,0.0,6.663328521943465,-0.007151124915640245,6.663328521943465,0.0,-0.0,1.0,,,0,0.5497684167504043,False
5.253212274893941,3266,X_return,6.933333333333334,6.619510217429308,6.617553314810001,6.617553314810001,-0.014626763625536837,-14.626763625536837,-5.012805413382259,-5.83482200619801,6.933333333333334,0.0,6.617553314810001,-0.014995423224996413,6.617553314810001,0.0,-0.0,1.0,,,0,0.550760129147194,False
5.260770853706738,3267,X_return,6.8920634920634924,6.578381956184046,6.575122597958483,6.575122597958483,-0.019630024770617982,-19.630024770617982,-5.294262708107667,-5.104416259145637,6.8920634920634924,0.0,6.575122597958483,-0.019998684370077558,6.575122597958483,0.0,-0.0,1.0,,,0,0.5651563820631598,False
5.268329432519535,3268,X_return,6.850793650793651,6.553618956708988,6.54038904963385,6.54038904963385,-0.016652106314475914,-16.652106314475915,-5.042468926714514,-4.517751240891471,6.850793650793651,0.0,6.54038904963385,-0.01702076591393549,6.54038904963385,0.0,-0.0,1.0,,,0,0.5686359189478164,False
5.2758880113323325,3269,X_return,6.80952380952381,6.516820583301296,6.506827040336702,6.506827040336702,-0.015768848071890364,-15.768848071890364,-4.992107882060819,-4.666979986935928,6.80952380952381,0.0,6.506827040336702,-0.01613750767134994,6.506827040336702,0.0,-0.0,1.0,,,0,0.5450345467962412,False
5.283446590145129,3270,X_return,6.768253968253968,6.470831639787974,6.46983757753585,6.46983757753585,-0.020768156782130485,-20.768156782130486,-5.326834235559419,-5.023652556309173,6.768253968253968,0.0,6.46983757753585,-0.02113681638159006,6.46983757753585,0.0,-0.0,1.0,,,0,0.549653954687293,False
5.291005168957926,3271,X_return,6.726984126984127,6.444091745768645,6.430883692786761,6.430883692786761,-0.023782055665190902,-23.782055665190903,-4.655426528158211,-4.988926390502087,6.726984126984127,0.0,6.430883692786761,-0.02415071526465048,6.430883692786761,0.0,-0.0,1.0,,,0,0.5659093487772179,False
5.3061223265835205,3273,X_return,6.685714285714286,6.342211819700026,6.360444071899995,6.360444071899995,-0.019754149404623146,-19.754149404623146,-4.898766643770476,-5.010046729463625,6.685714285714286,0.0,6.360444071899995,-0.020122809004082722,6.360444071899995,0.0,-0.0,1.0,,,1,0.5572748063410512,False
5.313680905396318,3274,X_return,6.644444444444445,6.311124977128742,6.321250727531014,6.321250727531014,-0.02228899625325459,-22.288996253254588,-4.771703161528555,-5.495662779763109,6.644444444444445,0.0,6.321250727531014,-0.022657655852714165,6.321250727531014,0.0,-0.0,1.0,,,0,0.5379248618718169,False
5.321239484209114,3275,X_return,6.603174603174604,6.290989422112233,6.277365271401209,6.277365271401209,-0.03076259468303267,-30.76259468303267,-4.974783902203426,-5.436096975220096,6.603174603174604,0.0,6.277365271401209,-0.031131254282492245,6.277365271401209,0.0,-0.0,1.0,,,0,0.5455153420950051,False
5.328798063021911,3276,X_return,6.561904761904762,6.248222592015225,6.2390723926886,6.2390723926886,-0.03170348548955684,-31.703485489556844,-5.589321874731234,-4.70841800434556,6.561904761904762,0.0,6.2390723926886,-0.032072145089016416,6.2390723926886,0.0,-0.0,1.0,,,0,0.5329038419838128,False
5.336356641834708,3277,X_return,6.520634920634921,6.225341482775605,6.20618737426233,6.20618737426233,-0.0310427065768227,-31.0427065768227,-4.5579527553758465,-4.528522549875788,6.520634920634921,0.0,6.20618737426233,-0.03141136617628228,6.20618737426233,0.0,-0.0,1.0,,,0,0.5282324155635688,False
5.343915220647506,3278,X_return,6.479365079365079,6.188587833670255,6.170614003491068,6.170614003491068,-0.03494674536343048,-34.94674536343048,-5.634801577974466,-4.9402255971418185,6.479365079365079,0.0,6.170614003491068,-0.03531540496289006,6.170614003491068,0.0,-0.0,1.0,,,0,0.5291877951133143,False
5.351473799460303,3279,X_return,6.438095238095238,6.130257968860178,6.131505205204341,6.131505205204341,-0.03714891827514934,-37.148918275149335,-4.519947890571437,-5.228670191341678,6.438095238095238,0.0,6.131505205204341,-0.037517577874608916,6.131505205204341,0.0,-0.0,1.0,,,0,0.5248706435349767,False
5.3590323782731,3280,X_return,6.396825396825397,6.110592204997545,6.091571372036309,6.091571372036309,-0.03318185469259484,-33.18185469259484,-4.866502313687396,-4.939551424242325,6.396825396825397,0.0,6.091571372036309,-0.03355051429205441,6.091571372036309,0.0,-0.0,1.0,,,0,0.5022299526458629,False
5.366590957085896,3281,X_return,6.355555555555556,6.083742974092701,6.056833227724344,6.056833227724344,-0.022167570748259223,-22.167570748259223,-5.3525030024992235,-4.633161211604886,6.355555555555556,0.0,6.056833227724344,-0.0225362303477188,6.056833227724344,0.0,-0.0,1.0,,,0,0.5165496652811528,False
5.3741495358986935,3282,X_return,6.314285714285715,6.037710808650928,6.021531143695693,6.021531143695693,-0.01414657634168265,-14.14657634168265,-5.07731522997768,-5.244191143677028,6.314285714285715,0.0,6.021531143695693,-0.014515235941142226,6.021531143695693,0.0,-0.0,1.0,,,0,0.4853611628278253,False
5.381708114711491,3283,X_return,6.273015873015872,5.9834870368125905,5.977555963586632,5.977555963586632,-0.013533246494843358,-13.533246494843358,-4.919643537680763,-5.624292199132526,6.273015873015872,0.0,5.977555963586632,-0.013901906094302934,5.977555963586632,0.0,-0.0,1.0,,,0,0.5049186646912379,False
5.389266693524288,3284,X_return,6.231746031746031,5.9410663798027485,5.9365078319890054,5.9365078319890054,-0.007468310627769087,-7.468310627769087,-5.285721579691009,-5.141030783038616,6.231746031746031,0.0,5.9365078319890054,-0.007836970227228663,5.9365078319890054,0.0,-0.0,1.0,,,0,0.4987448811656441,False
5.396825272337085,3285,X_return,6.19047619047619,5.897503393921681,5.899838190881405,5.899838190881405,0.002117827114707555,2.117827114707555,-5.1005307921535445,-4.860741159936154,6.19047619047619,0.0,5.899838190881405,0.001749167515247979,5.899838190881405,0.0,-0.0,1.0,,,0,0.49990110016802936,False
5.419501008775476,3288,X_return,6.149206349206349,5.797643061537059,5.788981419098008,5.788981419098008,0.0008341833253982579,0.8341833253982579,-4.733802335695855,-4.869959379974375,6.149206349206349,0.0,5.788981419098008,0.0004655237259386818,5.788981419098008,0.0,-0.0,1.0,,,2,0.4741409604575484,False
5.427059587588273,3289,X_return,6.1079365079365076,5.768153550792306,5.752218875800175,5.752218875800175,0.002410170582215178,2.410170582215178,-5.103062501198901,-5.044643510118419,6.1079365079365076,0.0,5.752218875800175,0.002041510982755602,5.752218875800175,0.0,-0.0,1.0,,,0,0.4937278702166358,False
5.43461816640107,3290,X_return,6.066666666666666,5.721599278108812,5.712720747990615,5.712720747990615,-0.005361346433005621,-5.361346433005621,-5.4547748449178775,-5.071873835003203,6.066666666666666,0.0,5.712720747990615,-0.005730006032465197,5.712720747990615,0.0,-0.0,1.0,,,0,0.4816518340171274,False
5.442176745213867,3291,X_return,6.025396825396825,5.691686212390493,5.675546559579303,5.675546559579303,-0.01563307883336022,-15.63307883336022,-4.884895905408975,-5.188971488717527,6.025396825396825,0.0,5.675546559579303,-0.016001738432819795,5.675546559579303,0.0,-0.0,1.0,,,0,0.4728405065515613,False
5.449735324026664,3292,X_return,5.984126984126984,5.642338870430763,5.634278248080962,5.634278248080962,-0.01287539152145628,-12.875391521456281,-4.791677594378519,-5.325145062596164,5.984126984126984,0.0,5.634278248080962,-0.013244051120915857,5.634278248080962,0.0,-0.0,1.0,,,0,0.48288890930256395,False
5.457293902839461,3293,X_return,5.942857142857143,5.617082571084694,5.595045502288886,5.595045502288886,-0.012372397393627952,-12.372397393627951,-5.535937087045329,-5.254212667145055,5.942857142857143,0.0,5.595045502288886,-0.012741056993087528,5.595045502288886,0.0,-0.0,1.0,,,0,0.49677987453833317,False
5.464852481652258,3294,X_return,5.901587301587302,5.565587292179117,5.554849486993335,5.554849486993335,-0.014089901551274181,-14.089901551274181,-4.827372198257098,-5.255690663705536,5.901587301587302,0.0,5.554849486993335,-0.014458561150733757,5.554849486993335,0.0,-0.0,1.0,,,0,0.4895584484260286,False
5.472411060465055,3295,X_return,5.86031746031746,5.522465081993573,5.515594398094285,5.515594398094285,-0.011285181101178442,-11.285181101178443,-5.898486787907355,-5.252277376877828,5.86031746031746,0.0,5.515594398094285,-0.011653840700638018,5.515594398094285,0.0,-0.0,1.0,,,0,0.49913555443038715,False
5.4799696392778525,3296,X_return,5.819047619047619,5.471578050531917,5.47544998199373,5.47544998199373,-0.006326739133104392,-6.326739133104391,-4.884565966620892,-5.3956502233001515,5.819047619047619,0.0,5.47544998199373,-0.006695398732563968,5.47544998199373,0.0,-0.0,1.0,,,0,0.4880954549197435,False
5.487528218090649,3297,X_return,5.777777777777778,5.468270793631575,5.434027503176088,5.434027503176088,-0.01063468793594694,-10.63468793594694,-4.898337882847362,-5.079618754255421,5.777777777777778,0.0,5.434027503176088,-0.011003347535406516,5.434027503176088,0.0,-0.0,1.0,,,0,0.49371609584514836,False
5.495086796903446,3298,X_return,5.7365079365079366,5.433184860882477,5.398660584607731,5.398660584607731,-0.011449808046532154,-11.449808046532153,-5.275563571980552,-4.814386404099309,5.7365079365079366,0.0,5.398660584607731,-0.01181846764599173,5.398660584607731,0.0,-0.0,1.0,,,0,0.47810669544318424,False
5.502645375716243,3299,X_return,5.695238095238095,5.386325820561069,5.3612476650348,5.3612476650348,-0.0061472377108753255,-6.147237710875325,-4.72910088070773,-5.203185003932674,5.695238095238095,0.0,5.3612476650348,-0.0065158973103349015,5.3612476650348,0.0,-0.0,1.0,,,0,0.4791233195492679,False
5.51020395452904,3300,X_return,5.653968253968254,5.308442096316753,5.320003216748152,5.320003216748152,-0.004495454711799028,-4.495454711799028,-5.175146678384981,-5.465823772468582,5.653968253968254,0.0,5.320003216748152,-0.004864114311258604,5.320003216748152,0.0,-0.0,1.0,,,0,0.4745169654047475,False
5.517762533341838,3301,X_return,5.612698412698413,5.267531424077845,5.278619945512672,5.278619945512672,-0.007038583129773452,-7.038583129773452,-5.218910399916019,-5.273413066755666,5.612698412698413,0.0,5.278619945512672,-0.007407242729233028,5.278619945512672,0.0,-0.0,1.0,,,0,0.4609932184914653,False
5.525321112154634,3302,X_return,5.571428571428572,5.244425881707684,5.240284200193141,5.240284200193141,-0.0007158300409034468,-0.7158300409034468,-4.190455842855429,-4.79820458586363,5.571428571428572,0.0,5.240284200193141,-0.001084489640363023,5.240284200193141,0.0,-0.0,1.0,,,0,0.45386504118993326,False
5.532879690967431,3303,X_return,5.530158730158731,5.221357974289305,5.206084730468326,5.206084730468326,0.004612424867050843,4.6124248670508425,-5.071894639341055,-4.742746560090836,5.530158730158731,0.0,5.206084730468326,0.004243765267591267,5.206084730468326,0.0,-0.0,1.0,,,0,0.454720193126775,False
5.540438269780228,3304,X_return,5.48888888888889,5.19844757157901,5.168587352866002,5.168587352866002,0.0013079939182417447,1.3079939182417446,-5.110636760618144,-5.032088152635367,5.48888888888889,0.0,5.168587352866002,0.0009393343187821686,5.168587352866002,0.0,-0.0,1.0,,,0,0.4351072790978282,False
5.5479968485930256,3305,X_return,5.447619047619047,5.16259524510383,5.130013860679051,5.130013860679051,0.000513501483975101,0.513501483975101,-4.676100814284128,-4.942590736129603,5.447619047619047,0.0,5.130013860679051,0.00014484188451552486,5.130013860679051,0.0,-0.0,1.0,,,0,0.4218262763097983,False
5.555555427405823,3306,X_return,5.406349206349206,5.121331552923664,5.0938694296291285,5.0938694296291285,0.0033116406740396637,3.311640674039664,-4.87866067570464,-4.5659620172698965,5.406349206349206,0.0,5.0938694296291285,0.0029429810745800877,5.0938694296291285,0.0,-0.0,1.0,,,0,0.42731870310925196,False
5.56311400621862,3307,X_return,5.365079365079365,5.09187941872446,5.060989493151505,5.060989493151505,0.003926405459584139,3.926405459584139,-5.033975656409402,-4.5195699813439205,5.365079365079365,0.0,5.060989493151505,0.0035577458601245625,5.060989493151505,0.0,-0.0,1.0,,,0,0.41798092815318166,False
5.570672585031416,3308,X_return,5.3238095238095235,5.071586977357072,5.025546377821252,5.025546377821252,0.00027644158304793826,0.27644158304793826,-4.356753276336059,-4.793712894492728,5.3238095238095235,0.0,5.025546377821252,-9.22180164116378e-05,5.025546377821252,0.0,-0.0,1.0,,,0,0.4138277722294639,False
5.5782311638442135,3309,X_return,5.282539682539682,5.023932186178342,4.988522179713618,4.988522179713618,-0.0041489956350946825,-4.148995635094683,-4.932666537650207,-4.888354473891241,5.282539682539682,0.0,4.988522179713618,-0.004517655234554259,4.988522179713618,0.0,-0.0,1.0,,,0,0.4249648292423559,False
5.585789742657011,3310,X_return,5.241269841269841,4.982686846604906,4.951648352709658,4.951648352709658,-0.008379269068861434,-8.379269068861435,-5.178158175755746,-4.851106440259457,5.241269841269841,0.0,4.951648352709658,-0.00874792866832101,4.951648352709658,0.0,-0.0,1.0,,,0,0.41346053588932613,False
5.593348321469808,3311,X_return,5.2,4.95137275274854,4.915187238997679,4.915187238997679,-0.012242646723601152,-12.242646723601153,-4.642764269577417,-4.86723969944461,5.2,0.0,4.915187238997679,-0.012611306323060728,4.915187238997679,0.0,-0.0,1.0,,,0,0.4176678578374756,False
5.600906900282605,3312,X_return,5.158730158730159,4.919340161942927,4.878069522971604,4.878069522971604,-0.01949932462216246,-19.499324622162458,-5.601081281177045,-4.909754818136264,5.158730158730159,0.0,4.878069522971604,-0.019867984221622035,4.878069522971604,0.0,-0.0,1.0,,,0,0.41388696140721415,False
5.608465479095401,3313,X_return,5.117460317460318,4.872767570685596,4.840965701508895,4.840965701508895,-0.019733998464682843,-19.733998464682845,-4.618246886069698,-4.938827047136513,5.117460317460318,0.0,4.840965701508895,-0.02010265806414242,4.840965701508895,0.0,-0.0,1.0,,,0,0.3798276372153866,False
5.623582636720996,3315,X_return,5.076190476190476,4.785016334330209,4.765397906488411,4.765397906488411,-0.01842901202184412,-18.42901202184412,-5.263718126701904,-4.767556023483337,5.076190476190476,0.0,4.765397906488411,-0.018797671621303694,4.765397906488411,0.0,-0.0,1.0,,,1,0.37316350087157973,False
5.631141215533793,3316,X_return,5.034920634920635,4.740610962255431,4.730235933321644,4.730235933321644,-0.013600067422245208,-13.600067422245209,-4.646524126078886,-4.881069608911616,5.034920634920635,0.0,4.730235933321644,-0.013968727021704784,4.730235933321644,0.0,-0.0,1.0,,,0,0.382682527314068,False
5.63869979434659,3317,X_return,4.993650793650794,4.7104332944421685,4.691610007828995,4.691610007828995,-0.011465330235940265,-11.465330235940264,-4.870628543075396,-5.01795271113366,4.993650793650794,0.0,4.691610007828995,-0.011833989835399841,4.691610007828995,0.0,-0.0,1.0,,,0,0.36612025170644075,False
5.646258373159387,3318,X_return,4.9523809523809526,4.684486373155039,4.6543787512296575,4.6543787512296575,-0.006366256990954389,-6.366256990954389,-5.349082385354156,-4.679824394675052,4.9523809523809526,0.0,4.6543787512296575,-0.006734916590413965,4.6543787512296575,0.0,-0.0,1.0,,,0,0.3608961853595475,False
5.653816951972184,3319,X_return,4.911111111111111,4.6622553811195075,4.620864364794595,4.620864364794595,0.005462305939611356,5.4623059396113565,-4.800107329731527,-4.460238002905442,4.911111111111111,0.0,4.620864364794595,0.00509364634015178,4.620864364794595,0.0,-0.0,1.0,,,0,0.3519270183020614,False
5.661375530784981,3320,X_return,4.86984126984127,4.61368526049759,4.586952630292074,4.586952630292074,0.013329207075512313,13.329207075512313,-5.176955917004584,-4.765212019147214,4.86984126984127,0.0,4.586952630292074,0.012960547476052737,4.586952630292074,0.0,-0.0,1.0,,,0,0.3824051285630235,False
5.668934109597778,3321,X_return,4.828571428571429,4.5643202628990025,4.54882790358177,4.54882790358177,0.01291250632228436,12.91250632228436,-5.197040975922085,-5.12525179250207,4.828571428571429,0.0,4.54882790358177,0.012543846722824784,4.54882790358177,0.0,-0.0,1.0,,,0,0.38349280054954815,False
5.676492688410575,3322,X_return,4.787301587301588,4.53782512076117,4.50947339107396,4.50947339107396,0.013740082805306532,13.740082805306532,-5.0520814732944626,-5.145563005558756,4.787301587301588,0.0,4.50947339107396,0.013371423205846956,4.50947339107396,0.0,-0.0,1.0,,,0,0.35143637288318974,False
5.6840512672233725,3323,X_return,4.746031746031747,4.50069178906557,4.47104161655431,4.47104161655431,0.016697795428943635,16.697795428943635,-5.426028296604437,-4.954028753161651,4.746031746031747,0.0,4.47104161655431,0.01632913582948406,4.47104161655431,0.0,-0.0,1.0,,,0,0.3653129034008248,False
5.691609846036169,3324,X_return,4.704761904761906,4.443893505271575,4.4345825575306925,4.4345825575306925,0.015136412119219258,15.136412119219258,-5.369014539756563,-5.185795378465343,4.704761904761906,0.0,4.4345825575306925,0.014767752519759682,4.4345825575306925,0.0,-0.0,1.0,,,0,0.35868829647411704,False
5.699168424848966,3325,X_return,4.663492063492063,4.402910643284116,4.392647130403975,4.392647130403975,0.0016814295176358364,1.6814295176358365,-4.952899740552926,-5.30101060377126,4.663492063492063,0.0,4.392647130403975,0.0013127699181762604,4.392647130403975,0.0,-0.0,1.0,,,0,0.357473411011078,False
5.706727003661763,3326,X_return,4.622222222222222,4.365232349168565,4.354446344658536,4.354446344658536,-0.001186566894550942,-1.186566894550942,-5.349136278513865,-4.952257499708082,4.622222222222222,0.0,4.354446344658536,-0.001555226494010518,4.354446344658536,0.0,-0.0,1.0,,,0,0.38018543262092913,False
5.71428558247456,3327,X_return,4.580952380952381,4.32130942767327,4.317783073178356,4.317783073178356,0.002966921637664916,2.966921637664916,-5.7106340722990465,-4.999409027416959,4.580952380952381,0.0,4.317783073178356,0.00259826203820534,4.317783073178356,0.0,-0.0,1.0,,,0,0.3606019647267938,False
5.721844161287358,3328,X_return,4.5396825396825395,4.271038307310732,4.278869490356254,4.278869490356254,0.005236293430793568,5.236293430793568,-5.212376999816613,-5.3396652194015815,4.5396825396825395,0.0,4.278869490356254,0.004867633831333992,4.278869490356254,0.0,-0.0,1.0,,,0,0.37485533361569456,False
5.729402740100155,3329,X_return,4.498412698412698,4.242886505808855,4.237062512388758,4.237062512388758,-0.004154192956593851,-4.154192956593851,-5.991403962951827,-5.373074328904181,4.498412698412698,0.0,4.237062512388758,-0.004522852556053427,4.237062512388758,0.0,-0.0,1.0,,,0,0.3863673182900367,False
5.736961318912951,3330,X_return,4.457142857142857,4.208295114687303,4.197643878792179,4.197643878792179,-0.007389762317062143,-7.389762317062143,-4.770148068062903,-4.989064873045891,4.457142857142857,0.0,4.197643878792179,-0.007758421916521719,4.197643878792179,0.0,-0.0,1.0,,,0,0.37911648695599426,False
5.744519897725748,3331,X_return,4.415873015873016,4.166612706478759,4.161642032298611,4.161642032298611,-0.009126178560349035,-9.126178560349034,-5.260013650189856,-4.720539068755841,4.415873015873016,0.0,4.161642032298611,-0.009494838159808611,4.161642032298611,0.0,-0.0,1.0,,,0,0.3671283496074356,False
5.7520784765385455,3332,X_return,4.374603174603175,4.139827274074378,4.12628274561202,4.12628274561202,-0.011686479982353812,-11.686479982353813,-5.4502892048280245,-5.090413901440854,4.374603174603175,0.0,4.12628274561202,-0.012055139581813389,4.12628274561202,0.0,-0.0,1.0,,,0,0.37106293178336136,False
5.759637055351343,3333,X_return,4.333333333333334,4.093368120536894,4.084689442971014,4.084689442971014,-0.019404327409482135,-19.404327409482136,-4.827209821504947,-5.741415458860217,4.333333333333334,0.0,4.084689442971014,-0.01977298700894171,4.084689442971014,0.0,-0.0,1.0,,,0,0.35611235360673976,False
5.76719563416414,3334,X_return,4.292063492063493,4.050073348173129,4.039488863126405,4.039488863126405,-0.02262598971988383,-22.62598971988383,-4.982698976211539,-5.295193920879115,4.292063492063493,0.0,4.039488863126405,-0.022994649319343405,4.039488863126405,0.0,-0.0,1.0,,,0,0.3580812509155355,False
5.774754212976936,3335,X_return,4.25079365079365,4.009626562969487,4.004641161810999,4.004641161810999,-0.02031124288453641,-20.31124288453641,-5.366648921383342,-4.500948290843382,4.25079365079365,0.0,4.004641161810999,-0.020679902483995986,4.004641161810999,0.0,-0.0,1.0,,,0,0.35706151615176535,False
5.7823127917897335,3336,X_return,4.209523809523809,3.983613974301477,3.971447318349081,3.971447318349081,-0.014432211420801352,-14.432211420801352,-4.786078717442052,-4.828877973160672,4.209523809523809,0.0,3.971447318349081,-0.014800871020260929,3.971447318349081,0.0,-0.0,1.0,,,0,0.36922729063797316,False
5.789871370602531,3337,X_return,4.168253968253968,3.94177291475296,3.9316422523359678,3.9316422523359678,-0.016844133870345772,-16.84413387034577,-5.398044492867665,-5.327811131491387,4.168253968253968,0.0,3.9316422523359678,-0.017212793469805348,3.9316422523359678,0.0,-0.0,1.0,,,0,0.3619469047611489,False
5.797429949415328,3338,X_return,4.1269841269841265,3.8897283723908913,3.890905957674929,3.890905957674929,-0.0167849614044736,-16.784961404473602,-5.206248583659232,-5.2598048845685526,4.1269841269841265,0.0,3.890905957674929,-0.017153621003933178,3.890905957674929,0.0,-0.0,1.0,,,0,0.35559294211749787,False
5.804988528228125,3339,X_return,4.085714285714285,3.8629092924123825,3.852128952816074,3.852128952816074,-0.011591068371587299,-11.591068371587298,-4.903094819151664,-4.991529649215408,4.085714285714285,0.0,3.852128952816074,-0.011959727971046875,3.852128952816074,0.0,-0.0,1.0,,,0,0.34700650691680657,False
5.812547107040921,3340,X_return,4.044444444444444,3.8311187688299526,3.8154482171749167,3.8154482171749167,-0.00838720081513964,-8.387200815139641,-5.2175568347987715,-4.7024860748436765,4.044444444444444,0.0,3.8154482171749167,-0.008755860414599217,3.8154482171749167,0.0,-0.0,1.0,,,0,0.3381860385936094,False
5.820105685853719,3341,X_return,4.003174603174603,3.786004404391008,3.781040729590504,3.781040729590504,-0.014759096564764082,-14.759096564764082,-5.094235137779223,-4.622299843161073,4.003174603174603,0.0,3.781040729590504,-0.015127756164223658,3.781040729590504,0.0,-0.0,1.0,,,0,0.3370706144133215,False
5.827664264666516,3342,X_return,3.961904761904762,3.70894358808809,3.7455721818530905,3.7455721818530905,-0.017548111869627184,-17.548111869627185,-4.624637128615549,-4.7675819167268685,3.961904761904762,0.0,3.7455721818530905,-0.01791677146908676,3.7455721818530905,0.0,-0.0,1.0,,,0,0.34346074947092237,False
5.835222843479313,3343,X_return,3.920634920634921,3.7092311701886445,3.7089684422624103,3.7089684422624103,-0.008308436986009101,-8.3084369860091,-5.335400585668576,-5.061538246756413,3.920634920634921,0.0,3.7089684422624103,-0.008677096585468677,3.7089684422624103,0.0,-0.0,1.0,,,0,0.3227458568329068,False
5.84278142229211,3344,X_return,3.87936507936508,3.6750717800203745,3.6690561103488992,3.6690561103488992,-0.011287094377101702,-11.2870943771017,-4.858751366870946,-5.152812951095569,3.87936507936508,0.0,3.6690561103488992,-0.011655753976561278,3.6690561103488992,0.0,-0.0,1.0,,,0,0.3359286948606914,False
5.850340001104907,3345,X_return,3.838095238095237,3.641565533006343,3.6310725566654947,3.6310725566654947,-0.016428347434928745,-16.428347434928746,-5.072580956573124,-4.742806252705748,3.838095238095237,0.0,3.6310725566654947,-0.01679700703438832,3.6310725566654947,0.0,-0.0,1.0,,,0,0.32763718242987816,False
5.857898579917704,3346,X_return,3.7968253968253958,3.61382834933039,3.5973583606390953,3.5973583606390953,-0.012098518948730073,-12.098518948730073,-5.524574917341377,-4.744606131029769,3.7968253968253958,0.0,3.5973583606390953,-0.012467178548189649,3.5973583606390953,0.0,-0.0,1.0,,,0,0.3490306996348557,False
5.865457158730501,3347,X_return,3.7555555555555546,3.57737887379173,3.55934759791136,3.55934759791136,-0.008161639329022294,-8.161639329022293,-4.8285558373012805,-5.321141662584381,3.7555555555555546,0.0,3.55934759791136,-0.00853029892848187,3.55934759791136,0.0,-0.0,1.0,,,0,0.3484034410623917,False
5.873015737543298,3348,X_return,3.7142857142857135,3.524976220885037,3.5169178233776894,3.5169178233776894,-0.019848950814846562,-19.848950814846564,-5.263496130773763,-5.331144241145381,3.7142857142857135,0.0,3.5169178233776894,-0.02021761041430614,3.5169178233776894,0.0,-0.0,1.0,,,0,0.312924892927954,False
5.880574316356095,3349,X_return,3.6730158730158724,3.490184021503012,3.478755850093185,3.478755850093185,-0.027073722639650487,-27.073722639650487,-5.624371256586964,-4.988794431380001,3.6730158730158724,0.0,3.478755850093185,-0.027442382239110063,3.478755850093185,0.0,-0.0,1.0,,,0,0.3319131301048907,False
5.8881328951688925,3350,X_return,3.6317460317460313,3.4487703242929513,3.4415014315968304,3.4415014315968304,-0.02374375932315881,-23.74375932315881,-4.690797866720019,-5.061242692319325,3.6317460317460313,0.0,3.4415014315968304,-0.024112418922618385,3.4415014315968304,0.0,-0.0,1.0,,,0,0.33343068740283055,False
5.895691473981689,3351,X_return,3.59047619047619,3.431052656025116,3.4022442465320104,3.4022442465320104,-0.03199521913607471,-31.995219136074713,-4.779633462923945,-5.103426529764988,3.59047619047619,0.0,3.4022442465320104,-0.03236387873553429,3.4022442465320104,0.0,-0.0,1.0,,,0,0.3248466363542944,False
5.903250052794486,3352,X_return,3.549206349206349,3.365867647335847,3.364352128315738,3.364352128315738,-0.03751484545859432,-37.51484545859432,-5.401566302581358,-4.814481829363558,3.549206349206349,0.0,3.364352128315738,-0.0378835050580539,3.364352128315738,0.0,-0.0,1.0,,,0,0.2982231051103301,False
5.910808631607283,3353,X_return,3.507936507936508,3.312641657566701,3.3294629658319614,3.3294629658319614,-0.030757720827099957,-30.757720827099956,-4.580444346508059,-4.648613467633879,3.507936507936508,0.0,3.3294629658319614,-0.031126380426559533,3.3294629658319614,0.0,-0.0,1.0,,,0,0.31883093318549793,False
5.91836721042008,3354,X_return,3.466666666666667,3.28614604000839,3.2940783057850553,3.2940783057850553,-0.015355517225198095,-15.355517225198096,-5.409644742562669,-5.171043998019229,3.466666666666667,0.0,3.2940783057850553,-0.01572417682465767,3.2940783057850553,0.0,-0.0,1.0,,,0,0.30886638681173334,False
5.925925789232878,3355,X_return,3.425396825396824,3.265379074322425,3.2512914786250207,3.2512914786250207,-0.011589157292652363,-11.589157292652363,-5.27652234981707,-5.490282147392179,3.425396825396824,0.0,3.2512914786250207,-0.01195781689211194,3.2512914786250207,0.0,-0.0,1.0,,,0,0.3098545038177638,False
5.941042946858471,3357,X_return,3.3841269841269828,3.148260060285736,3.173446405371819,3.173446405371819,0.005025771772363071,5.025771772363071,-5.351898515565014,-5.010795722328226,3.3841269841269828,0.0,3.173446405371819,0.004657112172903495,3.173446405371819,0.0,-0.0,1.0,,,1,0.2967980758344406,False
5.948601525671268,3358,X_return,3.3428571428571416,3.127238579304702,3.136095932112054,3.136095932112054,0.008047073325113632,8.047073325113633,-4.90895020938275,-5.380743859666438,3.3428571428571416,0.0,3.136095932112054,0.007678413725654056,3.136095932112054,0.0,-0.0,1.0,,,0,0.29857022061952954,False
5.9561601044840655,3359,X_return,3.3015873015873005,3.0893500618855683,3.0921048523022923,3.0921048523022923,-0.002002367791548463,-2.0023677915484632,-4.977072222542268,-5.621931449973943,3.3015873015873005,0.0,3.0921048523022923,-0.0023710273910080393,3.0921048523022923,0.0,-0.0,1.0,,,0,0.30010078877166574,False
5.963718683296863,3360,X_return,3.2603174603174594,3.057221325548227,3.0511083082225112,3.0511083082225112,-0.003413162289134953,-3.413162289134953,-5.257803055480309,-5.0032127239889235,3.2603174603174594,0.0,3.0511083082225112,-0.003781821888594529,3.0511083082225112,0.0,-0.0,1.0,,,0,0.30000744281798,False
5.97127726210966,3361,X_return,3.2190476190476183,3.0187217945474174,3.0164704969193723,3.0164704969193723,-0.0011953560149872205,-1.1953560149872204,-5.15014664842139,-4.661716806441746,3.2190476190476183,0.0,3.0164704969193723,-0.0015640156144467966,3.0164704969193723,0.0,-0.0,1.0,,,0,0.2847945077277221,False
5.978835840922456,3362,X_return,3.177777777777777,2.9730814279494098,2.9806364004536534,2.9806364004536534,-0.004324869116233305,-4.324869116233305,-4.94863329597076,-5.000628185375547,3.177777777777777,0.0,2.9806364004536534,-0.0046935287156928815,2.9806364004536534,0.0,-0.0,1.0,,,0,0.28570295944862395,False
5.986394419735253,3363,X_return,3.136507936507936,2.946784654491381,2.9408752124140642,2.9408752124140642,-0.0070238936812813445,-7.023893681281344,-5.58956656514375,-5.238252256385152,3.136507936507936,0.0,2.9408752124140642,-0.007392553280740921,2.9408752124140642,0.0,-0.0,1.0,,,0,0.2751002710959062,False
5.993952998548051,3364,X_return,3.095238095238095,2.9150798560910403,2.9014489154112537,2.9014489154112537,-0.012213489331395763,-12.213489331395763,-4.884556629895897,-5.309289128149288,3.095238095238095,0.0,2.9014489154112537,-0.012582148930855339,2.9014489154112537,0.0,-0.0,1.0,,,0,0.28023395198441964,False
6.001511577360848,3365,X_return,3.0539682539682538,2.8632059038205284,2.860613851783977,2.860613851783977,-0.012022101787348341,-12.022101787348342,-5.285157942084293,-5.006015517063162,3.0539682539682538,0.0,2.860613851783977,-0.012390761386807917,2.860613851783977,0.0,-0.0,1.0,,,0,0.27814629427324533,False
6.009070156173645,3366,X_return,3.0126984126984127,2.8525004651070276,2.8257721897636383,2.8257721897636383,-0.012757848400806628,-12.757848400806628,-5.489609446215776,-4.854003369041038,3.0126984126984127,0.0,2.8257721897636383,-0.013126508000266204,2.8257721897636383,0.0,-0.0,1.0,,,0,0.2740690172086454,False
6.016628734986442,3367,X_return,2.9714285714285715,2.7924703747130195,2.787235117739017,2.787235117739017,-0.012781190319375585,-12.781190319375584,-4.6316201295389305,-5.397098073862281,2.9714285714285715,0.0,2.787235117739017,-0.01314984991883516,2.787235117739017,0.0,-0.0,1.0,,,0,0.2904702281986082,False
6.0241873137992386,3368,X_return,2.9301587301587304,2.770094230587688,2.744183407460276,2.744183407460276,-0.017956474173695555,-17.956474173695554,-4.792591511856451,-5.4112289901851796,2.9301587301587304,0.0,2.744183407460276,-0.01832513377315513,2.744183407460276,0.0,-0.0,1.0,,,0,0.2654703311718768,False
6.031745892612036,3369,X_return,2.8888888888888893,2.693778540309353,2.7054327161462073,2.7054327161462073,-0.021176887032685863,-21.176887032685862,-5.5137336006509505,-5.149155561638661,2.8888888888888893,0.0,2.7054327161462073,-0.02154554663214544,2.7054327161462073,0.0,-0.0,1.0,,,0,0.2529308883009885,False
6.054421629050427,3372,X_return,2.847619047619048,2.578344564231145,2.5871453603888392,2.5871453603888392,-0.032382499765976805,-32.3824997659768,-4.9567693691903765,-5.434360386057534,2.847619047619048,0.0,2.5871453603888392,-0.03275115936543638,2.5871453603888392,0.0,-0.0,1.0,,,2,0.2882919392734927,False
6.061980207863224,3373,X_return,2.806349206349207,2.5354446824040338,2.5455203448838954,2.5455203448838954,-0.03156062202259999,-31.560622022599986,-4.836357714205744,-5.122152799287221,2.806349206349207,0.0,2.5455203448838954,-0.03192928162205957,2.5455203448838954,0.0,-0.0,1.0,,,0,0.25489497660311583,False
6.069538786676021,3374,X_return,2.765079365079366,2.513452458845876,2.50971296913964,2.50971296913964,-0.022815037220630607,-22.815037220630607,-5.265923109733902,-4.660933405772511,2.765079365079366,0.0,2.50971296913964,-0.023183696820090183,2.50971296913964,0.0,-0.0,1.0,,,0,0.2601670147173209,False
6.077097365488818,3375,X_return,2.723809523809525,2.484273371856915,2.4750602799064336,2.4750602799064336,-0.018106991320725258,-18.106991320725257,-4.97737535321091,-5.082490750983737,2.723809523809525,0.0,2.4750602799064336,-0.018475650920184834,2.4750602799064336,0.0,-0.0,1.0,,,0,0.2448783663167452,False
6.084655944301615,3376,X_return,2.6825396825396837,2.4489960263697412,2.4328801553263935,2.4328801553263935,-0.025507371414397725,-25.507371414397724,-4.9744770051724725,-5.329803127980313,2.6825396825396837,0.0,2.4328801553263935,-0.0258760310138573,2.4328801553263935,0.0,-0.0,1.0,,,0,0.25264934866456934,False
6.0922145231144125,3377,X_return,2.6412698412698425,2.4162482268276904,2.3944888059073692,2.3944888059073692,-0.025695110898569205,-25.695110898569204,-5.399690365575821,-4.786834328105755,2.6412698412698425,0.0,2.3944888059073692,-0.02606377049802878,2.3944888059073692,0.0,-0.0,1.0,,,0,0.2441475199888498,False
6.09977310192721,3378,X_return,2.5999999999999996,2.3703397185653614,2.3605168262608123,2.3605168262608123,-0.017156967304429952,-17.15696730442995,-5.08436168580114,-4.7526967554701685,2.5999999999999996,0.0,2.3605168262608123,-0.017525626903889528,2.3605168262608123,0.0,-0.0,1.0,,,0,0.23481404649400256,False
6.107331680740006,3379,X_return,2.5587301587301585,2.3248061233631176,2.3226415399082803,2.3226415399082803,-0.023022975853186207,-23.022975853186207,-5.026794513606183,-4.902997897041018,2.5587301587301585,0.0,2.3226415399082803,-0.023391635452645783,2.3226415399082803,0.0,-0.0,1.0,,,0,0.25630389064309445,False
6.114890259552803,3380,X_return,2.5174603174603174,2.2855326410103487,2.2863974342132902,2.2863974342132902,-0.031446110403111,-31.446110403111003,-5.465397445328212,-4.782763371438875,2.5174603174603174,0.0,2.2863974342132902,-0.03181477000257058,2.2863974342132902,0.0,-0.0,1.0,,,0,0.23714779669810687,False
6.1224488383656,3381,X_return,2.4761904761904763,2.246699740248914,2.2503397521363198,2.2503397521363198,-0.025801193670796883,-25.801193670796884,-4.879121956285731,-4.7951282021692805,2.4761904761904763,0.0,2.2503397521363198,-0.02616985327025646,2.2503397521363198,0.0,-0.0,1.0,,,0,0.2250155883669586,False
6.130007417178398,3382,X_return,2.434920634920635,2.2269255462966555,2.213908725346164,2.213908725346164,-0.015845391125085467,-15.845391125085467,-5.028031480189255,-5.137049378756018,2.434920634920635,0.0,2.213908725346164,-0.016214050724545043,2.213908725346164,0.0,-0.0,1.0,,,0,0.23632463809803353,False
6.137565995991195,3383,X_return,2.393650793650794,2.1852425482187243,2.172682166947203,2.172682166947203,-0.026333478999314357,-26.33347899931436,-5.590819427683836,-5.282984645234848,2.393650793650794,0.0,2.172682166947203,-0.026702138598773933,2.172682166947203,0.0,-0.0,1.0,,,0,0.2186480856665577,False
6.145124574803991,3384,X_return,2.352380952380953,2.1162802670117173,2.134045013730558,2.134045013730558,-0.033834461383852696,-33.8344613838527,-4.822286946454916,-4.908443650270499,2.352380952380953,0.0,2.134045013730558,-0.034203120983312275,2.134045013730558,0.0,-0.0,1.0,,,0,0.23938159782625565,False
6.152683153616788,3385,X_return,2.311111111111112,2.0750560303590646,2.098480450589721,2.098480450589721,-0.028533550557362664,-28.533550557362663,-5.204377565657692,-4.73994345364315,2.311111111111112,0.0,2.098480450589721,-0.02890221015682224,2.098480450589721,0.0,-0.0,1.0,,,0,0.22964143336641263,False
6.1602417324295855,3386,X_return,2.2698412698412707,2.0445346221323177,2.06239054140543,2.06239054140543,-0.023553468766544718,-23.553468766544718,-5.134280329413645,-5.039312137837783,2.2698412698412707,0.0,2.06239054140543,-0.023922128366004294,2.06239054140543,0.0,-0.0,1.0,,,0,0.2353317235598436,False
6.167800311242383,3387,X_return,2.2285714285714278,2.0036793485909357,2.022300374677456,2.022300374677456,-0.031897458688161656,-31.897458688161656,-5.4215740412635824,-5.168113621078561,2.2285714285714278,0.0,2.022300374677456,-0.03226611828762123,2.022300374677456,0.0,-0.0,1.0,,,0,0.22906418026040962,False
6.17535889005518,3388,X_return,2.1873015873015866,1.9599390373909955,1.984263353168604,1.984263353168604,-0.033058350917823234,-33.05835091782323,-5.538797096733666,-4.696983314722729,2.1873015873015866,0.0,1.984263353168604,-0.033427010517282814,1.984263353168604,0.0,-0.0,1.0,,,0,0.2173254280149071,False
6.182917468867976,3389,X_return,2.1460317460317455,1.9364290018432655,1.9512953375440092,1.9512953375440092,-0.02279930550298756,-22.79930550298756,-4.62587578783265,-4.6375041061343865,2.1460317460317455,0.0,1.9512953375440092,-0.023167965102447136,1.9512953375440092,0.0,-0.0,1.0,,,0,0.23004394530397895,False
6.190476047680773,3390,X_return,2.1047619047619044,1.9021050989731805,1.914157472606833,1.914157472606833,-0.014900171812112093,-14.900171812112093,-5.2594504719888855,-5.103124990074562,2.1047619047619044,0.0,1.914157472606833,-0.01526883141157167,1.914157472606833,0.0,-0.0,1.0,,,0,0.22200131633161255,False
6.198034626493571,3391,X_return,2.0634920634920633,1.8705990493172067,1.8741505926859423,1.8741505926859423,-0.015104741947032476,-15.104741947032476,-5.544649411825468,-5.305895697754067,2.0634920634920633,0.0,1.8741505926859423,-0.015473401546492052,1.8741505926859423,0.0,-0.0,1.0,,,0,0.23374536561204098,False
6.205593205306368,3392,X_return,2.022222222222222,1.840201807491951,1.8339474109989218,1.8339474109989218,-0.011293754644052117,-11.293754644052116,-4.7914603983739,-5.25799292951605,2.022222222222222,0.0,1.8339474109989218,-0.011662414243511693,1.8339474109989218,0.0,-0.0,1.0,,,0,0.2008085500157112,False
6.213151784119165,3393,X_return,1.980952380952381,1.8129102006923858,1.7946646847761871,1.7946646847761871,-0.005723825038387071,-5.723825038387071,-4.75930885725538,-5.188911731986664,1.980952380952381,0.0,1.7946646847761871,-0.0060924846378466475,1.7946646847761871,0.0,-0.0,1.0,,,0,0.21818597969918083,False
6.220710362931962,3394,X_return,1.93968253968254,1.7636012104403278,1.7555058144411833,1.7555058144411833,-0.005376376360464947,-5.376376360464947,-5.434829365489816,-5.277545558101593,1.93968253968254,0.0,1.7555058144411833,-0.0057450359599245234,1.7555058144411833,0.0,-0.0,1.0,,,0,0.2009630795400213,False
6.2282689417447585,3395,X_return,1.8984126984126988,1.7238738087841625,1.7148831966981146,1.7148831966981146,-0.01097003093081431,-10.97003093081431,-5.363105733761152,-5.319674753648755,1.8984126984126988,0.0,1.7148831966981146,-0.011338690530273886,1.7148831966981146,0.0,-0.0,1.0,,,0,0.21423796215297028,False
6.235827520557556,3396,X_return,1.8571428571428577,1.6873207319697485,1.6750874526733848,1.6750874526733848,-0.017852341567805338,-17.85234156780534,-5.4104069985301475,-5.049720563152661,1.8571428571428577,0.0,1.6750874526733848,-0.018221001167264914,1.6750874526733848,0.0,-0.0,1.0,,,0,0.20822193752408855,False
6.243386099370353,3397,X_return,1.8158730158730148,1.6515818498307624,1.6385457749797305,1.6385457749797305,-0.021107556578955227,-21.107556578955226,-5.631921456507892,-4.851552197253746,1.8158730158730148,0.0,1.6385457749797305,-0.021476216178414803,1.6385457749797305,0.0,-0.0,1.0,,,0,0.214007208450417,False
6.258503256995947,3399,X_return,1.7746031746031736,1.5581622935108044,1.5646874478702961,1.5646874478702961,-0.027241095434799127,-27.241095434799128,-5.275667765076485,-5.124065696331797,1.7746031746031736,0.0,1.5646874478702961,-0.027609755034258703,1.5646874478702961,0.0,-0.0,1.0,,,1,0.21597303110054866,False
6.266061835808744,3400,X_return,1.7333333333333325,1.5228913597350981,1.5250560480361477,1.5250560480361477,-0.033248383683601584,-33.24838368360158,-5.183047989555176,-5.114036074185634,1.7333333333333325,0.0,1.5250560480361477,-0.033617043283061164,1.5250560480361477,0.0,-0.0,1.0,,,0,0.20691903733643774,False
6.273620414621541,3401,X_return,1.6920634920634914,1.4833589733960366,1.4873777584338608,1.4873777584338608,-0.03441814842984692,-34.418148429846916,-4.909346956140733,-4.861619124170517,1.6920634920634914,0.0,1.4873777584338608,-0.03478680802930649,1.4873777584338608,0.0,-0.0,1.0,,,0,0.20236680701238316,False
6.281178993434338,3402,X_return,1.6507936507936503,1.4509508677682845,1.4515621854204577,1.4515621854204577,-0.03316848665020458,-33.168486650204585,-5.1844686698722535,-4.789146261259091,1.6507936507936503,0.0,1.4515621854204577,-0.033537146249664154,1.4515621854204577,0.0,-0.0,1.0,,,0,0.21260708074564738,False
6.288737572247135,3403,X_return,1.6095238095238091,1.4259953298464723,1.414979479510381,1.414979479510381,-0.03876458998317037,-38.76458998317037,-5.357340165509297,-4.711610241069025,1.6095238095238091,0.0,1.414979479510381,-0.039133249582629946,1.414979479510381,0.0,-0.0,1.0,,,0,0.2135368242193454,False
6.2962961510599325,3404,X_return,1.568253968253968,1.391970826718051,1.3803360307358523,1.3803360307358523,-0.04239737844625331,-42.39737844625331,-5.199486653963871,-4.672919571499534,1.568253968253968,0.0,1.3803360307358523,-0.04276603804571289,1.3803360307358523,0.0,-0.0,1.0,,,0,0.18398431345371238,False
6.30385472987273,3405,X_return,1.5269841269841269,1.3564582709704212,1.3443382177762975,1.3443382177762975,-0.04160419698873259,-41.60419698873259,-5.698829842446783,-4.955839191082035,1.5269841269841269,0.0,1.3443382177762975,-0.04197285658819217,1.3443382177762975,0.0,-0.0,1.0,,,0,0.20154844945366476,False
6.311413308685526,3406,X_return,1.4857142857142858,1.322225860315939,1.3054178285171718,1.3054178285171718,-0.045201206086267515,-45.20120608626751,-4.9611539705264995,-5.3862494247031805,1.4857142857142858,0.0,1.3054178285171718,-0.045569865685727094,1.3054178285171718,0.0,-0.0,1.0,,,0,0.19980684441099733,False
6.318971887498323,3407,X_return,1.4444444444444446,1.2790634454929943,1.262913436212297,1.262913436212297,-0.052838310388219845,-52.838310388219845,-5.066097144758622,-5.300215263416419,1.4444444444444446,0.0,1.262913436212297,-0.053206969987679424,1.262913436212297,0.0,-0.0,1.0,,,0,0.18910008605698728,False
6.32653046631112,3408,X_return,1.4031746031746017,1.2276813591512337,1.2252936389305245,1.2252936389305245,-0.05713932791868721,-57.139327918687215,-5.294179048151783,-4.810745082550341,1.4031746031746017,0.0,1.2252936389305245,-0.05750798751814679,1.2252936389305245,0.0,-0.0,1.0,,,0,0.1998563455540956,False
6.334089045123918,3409,X_return,1.3619047619047606,1.1840595555671882,1.1901886445028302,1.1901886445028302,-0.05483582851671644,-54.83582851671644,-4.704418168089894,-4.898374183890809,1.3619047619047606,0.0,1.1901886445028302,-0.055204488116176016,1.1901886445028302,0.0,-0.0,1.0,,,0,0.18185075768236922,False
6.341647623936715,3410,X_return,1.3206349206349195,1.1542118991356745,1.1512441442835046,1.1512441442835046,-0.05577755615921756,-55.77755615921756,-4.70349217792769,-5.081718083163153,1.3206349206349195,0.0,1.1512441442835046,-0.056146215758677134,1.1512441442835046,0.0,-0.0,1.0,,,0,0.1957816514286718,False
6.349206202749511,3411,X_return,1.2793650793650784,1.1296040427979221,1.1133675112308237,1.1133675112308237,-0.06222544476112822,-62.22544476112822,-5.255179241501624,-4.881529527152368,1.2793650793650784,0.0,1.1133675112308237,-0.0625941043605878,1.1133675112308237,0.0,-0.0,1.0,,,0,0.20056570836718923,False
6.371881939187903,3414,X_return,1.2380952380952372,1.0111109499381143,1.0114881008092589,1.0114881008092589,-0.05553734696076615,-55.53734696076615,-5.369974763860396,-5.351244424730268,1.2380952380952372,0.0,1.0114881008092589,-0.05590600656022573,1.0114881008092589,0.0,-0.0,1.0,,,2,0.19688390822709834,False
6.3794405180007,3415,X_return,1.1968253968253961,0.9600488835653209,0.96887763165939,0.96887763165939,-0.05724805227069851,-57.248052270698516,-5.0028793647075,-5.505502566080594,1.1968253968253961,0.0,0.96887763165939,-0.057616711870158085,0.96887763165939,0.0,-0.0,1.0,,,0,0.168406562643942,False
6.386999096813497,3416,X_return,1.155555555555555,0.9163090530287548,0.928260550709704,0.928260550709704,-0.043618055179402385,-43.61805517940238,-5.0436016943589586,-5.05367588942228,1.155555555555555,0.0,0.928260550709704,-0.043986714778861964,0.928260550709704,0.0,-0.0,1.0,,,0,0.1853342158649451,False
6.394557675626293,3417,X_return,1.1142857142857139,0.8910529050975526,0.8924804166503313,0.8924804166503313,-0.019991236000961688,-19.99123600096169,-5.030650645369941,-5.162924244666023,1.1142857142857139,0.0,0.8924804166503313,-0.020359895600421264,0.8924804166503313,0.0,-0.0,1.0,,,0,0.17409224840265747,False
6.402116254439091,3418,X_return,1.0730158730158728,0.855241843056973,0.8502118110940886,0.8502118110940886,0.001076546311917061,1.076546311917061,-4.57317677563396,-5.466875986014735,1.0730158730158728,0.0,0.8502118110940886,0.0007078867124574851,0.8502118110940886,0.0,-0.0,1.0,,,0,0.16636523329619837,False
6.409674833251888,3419,X_return,1.0317460317460316,0.8224023529728584,0.8098367906501697,0.8098367906501697,-0.0019667957092498285,-1.9667957092498285,-4.919714592741006,-4.861672370603138,1.0317460317460316,0.0,0.8098367906501697,-0.0023354553087094046,0.8098367906501697,0.0,-0.0,1.0,,,0,0.18389351816658456,False
6.417233412064685,3420,X_return,0.9904761904761905,0.7689283271795091,0.7767171435436837,0.7767171435436837,-0.006048813342952332,-6.048813342952331,-5.306920639188089,-4.29608317394316,0.9904761904761905,0.0,0.7767171435436837,-0.006417472942411908,0.7767171435436837,0.0,-0.0,1.0,,,0,0.16576611214640144,False
6.424791990877482,3421,X_return,0.9492063492063494,0.7280981038826155,0.7448922241370071,0.7448922241370071,-0.019891064870341313,-19.891064870341314,-4.826380986258324,-4.5629822667100655,0.9492063492063494,0.0,0.7448922241370071,-0.02025972446980089,0.7448922241370071,0.0,-0.0,1.0,,,0,0.16474040426876854,False
6.4323505696902785,3422,X_return,0.9079365079365083,0.6998972666992245,0.7077378213750404,0.7077378213750404,-0.035205313372891275,-35.205313372891275,-5.891778728954249,-5.292647234480405,0.9079365079365083,0.0,0.7077378213750404,-0.035573972972350855,0.7077378213750404,0.0,-0.0,1.0,,,0,0.17169884709181638,False
6.439909148503076,3423,X_return,0.8666666666666671,0.648814661641751,0.6648824416367046,0.6648824416367046,-0.04025625528233373,-40.25625528233373,-5.261443870934661,-5.583526204014198,0.8666666666666671,0.0,0.6648824416367046,-0.04062491488179331,0.6648824416367046,0.0,-0.0,1.0,,,0,0.17873242277592843,False
6.447467727315873,3424,X_return,0.825396825396826,0.6277354153988597,0.623330775642321,0.623330775642321,-0.02173441699191908,-21.73441699191908,-5.1145710903167885,-5.3407324824080575,0.825396825396826,0.0,0.623330775642321,-0.022103076591378657,0.623330775642321,0.0,-0.0,1.0,,,0,0.17756637080519558,False
6.45502630612867,3425,X_return,0.7841269841269849,0.6002933673693178,0.58414574686401,0.58414574686401,-0.0006314778228325316,-0.6314778228325316,-5.301623172475087,-5.2655356013050465,0.7841269841269849,0.0,0.58414574686401,-0.0010001374222921077,0.58414574686401,0.0,-0.0,1.0,,,0,0.17526514075004676,False
6.462584884941467,3426,X_return,0.7428571428571438,0.5309723368029893,0.5437308439742136,0.5437308439742136,-0.0005423190053734629,-0.5423190053734629,-4.765240014284246,-5.22097710705583,0.7428571428571438,0.0,0.5437308439742136,-0.000910978604833039,0.5437308439742136,0.0,-0.0,1.0,,,0,0.1735100868401855,False
6.470143463754264,3427,X_return,0.7015873015873026,0.508096480187703,0.5052194129770315,0.5052194129770315,-0.004401065798190018,-4.401065798190018,-5.038143694396584,-4.928527513020857,0.7015873015873026,0.0,0.5052194129770315,-0.0047697253976495945,0.5052194129770315,0.0,-0.0,1.0,,,0,0.1581285797334581,False
6.477702042567061,3428,X_return,0.6603174603174615,0.48337328226494947,0.46922551669780327,0.46922551669780327,-0.012855207912298518,-12.855207912298518,-5.602318988418874,-5.004934283532187,0.6603174603174615,0.0,0.46922551669780327,-0.013223867511758094,0.46922551669780327,0.0,-0.0,1.0,,,0,0.1689195783910884,False
6.485260621379858,3429,X_return,0.6190476190476204,0.4398808426709877,0.42955903250713406,0.42955903250713406,-0.02260974830245689,-22.60974830245689,-5.130961663286811,-4.90294713941789,0.6190476190476204,0.0,0.42955903250713406,-0.022978407901916464,0.42955903250713406,0.0,-0.0,1.0,,,0,0.1848310061332444,False
6.492819200192655,3430,X_return,0.5777777777777775,0.4025415128407417,0.39510689196126586,0.39510689196126586,-0.02437429826654299,-24.37429826654299,-5.2729698373516545,-4.322535564423955,0.5777777777777775,0.0,0.39510689196126586,-0.024742957866002568,0.39510689196126586,0.0,-0.0,1.0,,,0,0.1601269105824661,False
6.500377779005452,3431,X_return,0.5365079365079364,0.36875654015770465,0.3642145810374995,0.3642145810374995,-0.005001570488023202,-5.001570488023202,-4.9452331472643865,-4.678535491600918,0.5365079365079364,0.0,0.3642145810374995,-0.005370230087482778,0.3642145810374995,0.0,-0.0,1.0,,,0,0.17200950343160692,False
6.50793635781825,3432,X_return,0.49523809523809526,0.33530002754810084,0.324380733477797,0.324380733477797,0.008162983294906319,8.162983294906319,-4.408113270222099,-5.457681745948168,0.49523809523809526,0.0,0.324380733477797,0.007794323695446742,0.324380733477797,0.0,-0.0,1.0,,,0,0.15927857230674816,False
6.515494936631046,3433,X_return,0.45396825396825413,0.29846652082687797,0.2817099458136769,0.2817099458136769,0.00518191287054042,5.18191287054042,-4.924712657743273,-5.45022377658886,0.45396825396825413,0.0,0.2817099458136769,0.0048132532710808435,0.2817099458136769,0.0,-0.0,1.0,,,0,0.17001213683678038,False
6.523053515443843,3434,X_return,0.412698412698413,0.2512283982723318,0.24198884155234593,0.24198884155234593,0.002167222621632545,2.1672226216325448,-5.129671744714034,-5.001741264786055,0.412698412698413,0.0,0.24198884155234593,0.001798563022172969,0.24198884155234593,0.0,-0.0,1.0,,,0,0.1802087314443231,False
6.53061209425664,3435,X_return,0.3714285714285719,0.20356375490254663,0.2060978347114662,0.2060978347114662,0.00024709048912398296,0.24709048912398296,-4.534977733664103,-4.983598273531447,0.3714285714285719,0.0,0.2060978347114662,-0.00012156911033559312,0.2060978347114662,0.0,-0.0,1.0,,,0,0.16782226536009648,False
6.5381706730694376,3436,X_return,0.33015873015873076,0.1614140498216159,0.16665100090873092,0.16665100090873092,-0.010602041305991784,-10.602041305991783,-4.839652993149435,-4.854172107080391,0.33015873015873076,0.0,0.16665100090873092,-0.01097070090545136,0.16665100090873092,0.0,-0.0,1.0,,,0,0.17116072246840217,False
6.545729251882235,3437,X_return,0.28888888888888964,0.15764768166516774,0.13271654982696823,0.13271654982696823,-0.01883156416834144,-18.83156416834144,-5.171480801680541,-4.333515714956388,0.28888888888888964,0.0,0.13271654982696823,-0.019200223767801016,0.13271654982696823,0.0,-0.0,1.0,,,0,0.16488488145322994,False
6.553287830695031,3438,X_return,0.24761904761904852,0.11301749812653838,0.10114056077274834,0.10114056077274834,-0.00840119563565812,-8.40119563565812,-4.58252956558403,-4.14677618224883,0.24761904761904852,0.0,0.10114056077274834,-0.008769855235117696,0.10114056077274834,0.0,-0.0,1.0,,,0,0.16197998520663479,False
6.560846409507828,3439,X_return,0.2063492063492074,0.06340184573892316,0.07002908064185583,0.07002908064185583,0.0031273404749052294,3.1273404749052296,-5.0208806321544515,-4.248732826315911,0.2063492063492074,0.0,0.07002908064185583,0.0027586808754456534,0.07002908064185583,0.0,-0.0,1.0,,,0,0.15458037505428154,False
6.575963567133423,3441,X_return,0.1650793650793645,0.01599132823903915,0.0017887096320613677,0.0017887096320613677,-0.01927008472249067,-19.270084722490672,-2.0294687093585555,-3.362564114706496,0.1650793650793645,0.0,0.0017887096320613677,-0.019638744321950247,0.0017887096320613677,0.0,-0.0,1.0,,,1,0.15648945687726018,False
6.58352214594622,3442,X_return,0.12380952380952337,-0.0034818615434915046,-0.019275506426629067,-0.019275506426629067,-0.02507781004843988,-25.07781004843988,-2.164210259890425,-1.9239423246874274,0.12380952380952337,0.0,-0.019275506426629067,-0.025446469647899456,-0.019275506426629067,-0.0,-0.0,1.0,,,0,0.1576243111654424,False
6.591080724759017,3443,X_return,0.08253968253968225,-0.018590273884882436,-0.027295829752791,-0.027295829752791,-0.03080653700880727,-30.80653700880727,-1.8537064381204194,-0.769887297333248,0.08253968253968225,0.0,-0.027295829752791,-0.031175196608266845,-0.027295829752791,-0.0,-0.0,1.0,,,0,0.162204920845149,False
6.598639303571813,3444,X_return,0.04126984126984112,-0.021093805440102642,-0.030914014054358473,-0.030914014054358473,-0.03389548406527665,-33.89548406527665,-1.2387492164145883,0.3588438288043658,0.04126984126984112,0.0,-0.030914014054358473,-0.03426414366473623,-0.030914014054358473,-0.0,-0.0,1.0,,,0,0.18028690447456971,False
6.606197882384611,3445,X_return,0.0,-0.020659056131393072,-0.02187113102978242,-0.02187113102978242,-0.025545727688092153,-25.545727688092153,-1.0611053084312103,2.2913947677437014,0.0,0.0,-0.02187113102978242,-0.02591438728755173,-0.02187113102978242,-0.0,-0.0,1.0,,,0,0.17129605280609506,False
6.613756461197408,3446,post_stop,0.0,-0.020042994053937946,0.0037253618320853385,0.0037253618320853385,-0.009274465431933334,-9.274465431933333,-1.0006249391929172,3.0536214484582347,0.0,0.0,0.0037253618320853385,-0.00964312503139291,0.0037253618320853385,0.0,-0.0,1.0,,,0,0.16242265919320867,False
6.621315040010205,3447,post_stop,0.0,-0.019422818965836086,0.024290945735456603,0.024290945735456603,-0.0031416193622700803,-3.14161936227008,-0.9397407853167721,1.9689947600772912,0.0,0.0,0.024290945735456603,-0.0035102789617296563,0.024290945735456603,0.0,-0.0,1.0,,,0,0.15958611419047308,False
6.628873618823002,3448,post_stop,0.0,-0.018807279175433678,0.03349096598414318,0.03349096598414318,-0.003496039748424393,-3.4960397484243932,-0.8793116903182063,0.14738670964078682,0.0,0.0,0.03349096598414318,-0.003864699347883969,0.03349096598414318,0.0,-0.0,1.0,,,0,0.17352229206540784,False
6.6364321976357985,3449,post_stop,0.0,-0.01818821394735437,0.026519013857015862,0.026519013857015862,-0.012050775730134255,-12.050775730134255,-0.8185364942014814,-1.0506683636000325,0.0,0.0,0.026519013857015862,-0.012419435329593831,0.026519013857015862,0.0,-0.0,1.0,,,0,0.1624484228172562,False
6.643990776448596,3450,post_stop,0.0,-0.017574518483172596,0.01760784671937687,0.01760784671937687,-0.012096717727038235,-12.096717727038236,-0.7582884613619526,-1.4455337527961367,0.0,0.0,0.01760784671937687,-0.012465377326497811,0.01760784671937687,0.0,-0.0,1.0,,,0,0.1619307130100788,False
6.651549355261393,3451,post_stop,0.0,-0.016958407441279633,0.00466665226287965,0.00466665226287965,-0.007540752634470366,-7.540752634470366,-0.6978032851636851,-1.8101832698512155,0.0,0.0,0.00466665226287965,-0.007909412233929942,0.00466665226287965,0.0,-0.0,1.0,,,0,0.15497994405494966,False
6.65910793407419,3452,post_stop,0.0,-0.016335580114173354,-0.009756979102177843,-0.009756979102177843,-0.0012288798670008908,-1.2288798670008907,-0.6366587542889249,-1.7661028750639862,0.0,0.0,-0.009756979102177843,-0.0015975394664604669,-0.009756979102177843,-0.0,-0.0,1.0,,,0,0.15829444191957892,False
6.666666512886987,3453,post_stop,0.0,-0.015721231791161472,-0.02203180328247809,-0.02203180328247809,-0.0013632160797716528,-1.3632160797716528,-0.576346628649737,-0.9757421111962875,0.0,0.0,-0.02203180328247809,-0.001731875679231229,-0.02203180328247809,-0.0,-0.0,1.0,,,0,0.16716104704830553,False
6.6742250916997845,3454,post_stop,0.0,-0.014500622433899935,-0.024507426399062383,-0.024507426399062383,-0.0026940563459804325,-2.6940563459804325,-0.45651632692713784,0.8074661724015063,0.0,0.0,-0.024507426399062383,-0.0030627159454400085,-0.024507426399062383,-0.0,-0.0,1.0,,,0,0.16189427463562417,False
6.681783670512581,3455,post_stop,0.0,-0.013931762050106045,-0.009825209876951868,-0.009825209876951868,-0.00728621868810397,-7.28621868810397,-0.40066986710419616,2.2319769576125488,0.0,0.0,-0.009825209876951868,-0.007654878287563546,-0.009825209876951868,-0.0,-0.0,1.0,,,0,0.16861026086034392,False
6.689342249325378,3456,post_stop,0.0,-0.01343873121982142,0.00923372108585968,0.00923372108585968,-0.013828840517594155,-13.828840517594156,-0.3522677859616563,2.053194247772232,0.0,0.0,0.00923372108585968,-0.014197500117053731,0.00923372108585968,0.0,-0.0,1.0,,,0,0.17196604693955003,False
6.696900828138175,3457,post_stop,0.0,-0.012932210693861634,0.02121325120258469,0.02121325120258469,-0.015136908845448787,-15.136908845448787,-0.3025413873461609,0.6282267971115254,0.0,0.0,0.02121325120258469,-0.015505568444908363,0.02121325120258469,0.0,-0.0,1.0,,,0,0.17039790489920287,False
6.704459406950972,3458,post_stop,0.0,-0.012450498803616483,0.018730724602416926,0.018730724602416926,-0.007775079184968767,-7.775079184968766,-0.25525051511771024,-0.9107321708388718,0.0,0.0,0.018730724602416926,-0.008143738784428343,0.018730724602416926,0.0,-0.0,1.0,,,0,0.13814282191846958,False
6.71201798576377,3459,post_stop,0.0,-0.011969121503483393,0.007445569421313696,0.007445569421313696,0.0017523436459812275,1.7523436459812274,-0.20799249044908497,-1.826325555923971,0.0,0.0,0.007445569421313696,0.0013836840465216514,0.007445569421313696,0.0,-0.0,1.0,,,0,0.1523279756739338,False
6.719576564576566,3460,post_stop,0.0,-0.011404618952411738,-0.008878126702134854,-0.008878126702134854,0.0034401439341476946,3.4401439341476947,-0.1525738500638676,-1.7654132385066585,0.0,0.0,-0.008878126702134854,0.0030714843346881186,-0.008878126702134854,-0.0,-0.0,1.0,,,0,0.15231069716764606,False
6.727135143389363,3461,post_stop,0.0,-0.010784419382076749,-0.019242460779500276,-0.019242460779500276,-0.001753965219549692,-1.753965219549692,-0.09168729270773524,-1.0602525697831844,0.0,0.0,-0.019242460779500276,-0.002122624819009268,-0.019242460779500276,-0.0,-0.0,1.0,,,0,0.16602966045062578,False
6.73469372220216,3462,post_stop,0.0,-0.010165827476640743,-0.02490613192248878,-0.02490613192248878,-0.010127773032286888,-10.127773032286887,-0.030958563870763234,-0.4946296204770406,0.0,0.0,-0.02490613192248878,-0.010496432631746464,-0.02490613192248878,-0.0,-0.0,1.0,,,0,0.1745360476488474,False
6.7422523010149575,3463,post_stop,0.0,-0.00955237683453447,-0.026719854718539635,-0.026719854718539635,-0.012174487125714839,-12.174487125714839,0.0292654341688936,0.4727873467197199,0.0,0.0,-0.026719854718539635,-0.012543146725174415,-0.026719854718539635,-0.0,-0.0,1.0,,,0,0.15620398095826138,False
6.749810879827755,3464,post_stop,0.0,-0.008933891018642726,-0.01775893107874022,-0.01775893107874022,-0.011599853488191795,-11.599853488191794,0.0899837479259209,1.6443359973795497,0.0,0.0,-0.01775893107874022,-0.01196851308765137,-0.01775893107874022,-0.0,-0.0,1.0,,,0,0.16573998166572748,False
6.757369458640551,3465,post_stop,0.0,0.005315265115712009,-0.0018621682567162737,-0.0018621682567162737,-0.004776923342801227,-4.776923342801227,0.10234326079762279,1.9653116723954733,0.0,0.0,-0.0018621682567162737,-0.005145582942260803,-0.0018621682567162737,-0.0,-0.0,1.0,,,0,0.15651188412095435,False
6.764928037453348,3466,post_stop,0.0,0.017399645680967524,0.011950995256280704,0.011950995256280704,-0.0018079673337564207,-1.8079673337564206,0.09694160814913941,1.1444675916022384,0.0,0.0,0.011950995256280704,-0.0021766269332159967,0.011950995256280704,0.0,-0.0,1.0,,,0,0.15516403105504128,False
6.7724866162661455,3467,post_stop,0.0,0.020576838581547463,0.015438928722919167,0.015438928722919167,0.0002113212355721128,0.2113212355721128,0.09285037412417838,-0.23422699714086415,0.0,0.0,0.015438928722919167,-0.00015733836388746327,0.015438928722919167,0.0,-0.0,1.0,,,0,0.1609560590212828,False
6.78760377389174,3469,post_stop,0.0,-0.0008563823015776961,-0.009135344451478958,-0.009135344451478958,-0.008477244322958625,-8.477244322958626,0.08240829875348696,-1.647541310480226,0.0,0.0,-0.009135344451478958,-0.008845903922418201,-0.009135344451478958,-0.0,-0.0,1.0,,,1,0.14464282542705892,False
6.795162352704537,3470,post_stop,0.0,0.002790760555427596,-0.021671382421785384,-0.021671382421785384,-0.012969950338835972,-12.969950338835972,0.07905542052210368,-1.0769444844612135,0.0,0.0,-0.021671382421785384,-0.013338609938295548,-0.021671382421785384,-0.0,-0.0,1.0,,,0,0.16967133012587304,False
6.802720931517333,3471,post_stop,0.0,0.006016924992366057,-0.025415683977093703,-0.025415683977093703,-0.009022623779997338,-9.022623779997337,0.07608955465515004,-0.060600660595763856,0.0,0.0,-0.025415683977093703,-0.009391283379456914,-0.025415683977093703,-0.0,-0.0,1.0,,,0,0.16105143645435888,False
6.810279510330131,3472,post_stop,0.0,0.007625768124881915,-0.022587492160225868,-0.022587492160225868,-0.0011815852641310664,-1.1815852641310665,0.07306567504424831,0.7779631551836206,0.0,0.0,-0.022587492160225868,-0.0015502448635906425,-0.022587492160225868,-0.0,-0.0,1.0,,,0,0.14445238774811325,False
6.817838089142928,3473,post_stop,0.0,0.006967763244318803,-0.01365509233327815,-0.01365509233327815,0.003258271988440093,3.258271988440093,0.06983105262618633,1.3625996956106088,0.0,0.0,-0.01365509233327815,0.002889612388980517,-0.01365509233327815,-0.0,-0.0,1.0,,,0,0.1603955291953239,False
6.825396667955725,3474,post_stop,0.0,0.004701962466185705,-0.0019888577810933433,-0.0019888577810933433,-0.0005468643386139335,-0.5468643386139336,0.0663801333564865,1.6756565186425965,0.0,0.0,-0.0019888577810933433,-0.0009155239380735096,-0.0019888577810933433,-0.0,-0.0,1.0,,,0,0.15351042105180332,False
6.832955246768522,3475,post_stop,0.0,-0.008600076925660005,0.011676071385396745,0.011676071385396745,-0.005390020092521774,-5.390020092521774,0.06615465928363036,1.2529920745965217,0.0,0.0,0.011676071385396745,-0.00575867969198135,0.011676071385396745,0.0,-0.0,1.0,,,0,0.17843195912295826,False
6.8405138255813185,3476,post_stop,0.0,-0.020179555834658913,0.016952820914202686,0.016952820914202686,-0.00856583301101391,-8.565833011013911,0.06571484921968929,0.10258175642054357,0.0,0.0,0.016952820914202686,-0.008934492610473486,0.016952820914202686,0.0,-0.0,1.0,,,0,0.1537789491021371,False
6.848072404394116,3477,post_stop,0.0,0.0012434424856451187,0.013226815966715284,0.013226815966715284,-0.010210559229764847,-10.210559229764847,0.06195123248803136,-1.1450379941497475,0.0,0.0,0.013226815966715284,-0.010579218829224423,0.013226815966715284,0.0,-0.0,1.0,,,0,0.1631008775344608,False
6.855630983206913,3478,post_stop,0.0,0.022803162656970244,-0.00035689893065348675,-0.00035689893065348675,-0.009601482893547172,-9.601482893547171,0.0581635963059511,-1.8304055732952047,0.0,0.0,-0.00035689893065348675,-0.009970142493006748,-0.00035689893065348675,-0.0,-0.0,1.0,,,0,0.15895436288852152,False
6.86318956201971,3479,post_stop,0.0,0.0006591673912623719,-0.014443713603554814,-0.014443713603554814,-0.006371100797052239,-6.371100797052239,0.0578881773135513,-1.3784500689860404,0.0,0.0,-0.014443713603554814,-0.006739760396511815,-0.014443713603554814,-0.0,-0.0,1.0,,,0,0.16559288308582304,False
6.870748140832507,3480,post_stop,0.0,-0.023906977862822032,-0.02119514590252694,-0.02119514590252694,-0.0037615542661537616,-3.7615542661537615,0.05779782212921976,-0.2166001912689669,0.0,0.0,-0.02119514590252694,-0.004130213865613338,-0.02119514590252694,-0.0,-0.0,1.0,,,0,0.169043979598682,False
6.8783067196453045,3481,post_stop,0.0,-0.016707894221440256,-0.017718092836701685,-0.017718092836701685,-0.0045047662119349005,-4.504766211934901,0.05472509549214627,0.7970780986826675,0.0,0.0,-0.017718092836701685,-0.004873425811394477,-0.017718092836701685,-0.0,-0.0,1.0,,,0,0.16011245870667057,False
6.885865298458101,3482,post_stop,0.0,0.0010198423725853445,-0.00914559064483327,-0.00914559064483327,-0.007531960233035746,-7.531960233035746,0.04992977087008319,1.2679614336492866,0.0,0.0,-0.00914559064483327,-0.007900619832495322,-0.00914559064483327,-0.0,-0.0,1.0,,,0,0.14094389554298137,False
6.893423877270898,3483,post_stop,0.0,-0.0029500689040844463,0.001449880018948349,0.001449880018948349,-0.011430753818913982,-11.430753818913981,0.04984806410046598,1.2302195011578845,0.0,0.0,0.001449880018948349,-0.011799413418373558,0.001449880018948349,0.0,-0.0,1.0,,,0,0.16112974413461004,False
6.900982456083695,3484,post_stop,0.0,-0.006386492622084461,0.009451831468250587,0.009451831468250587,-0.007687588399927748,-7.687588399927748,0.049777337310503385,0.9351425190809853,0.0,0.0,0.009451831468250587,-0.008056247999387324,0.009451831468250587,0.0,-0.0,1.0,,,0,0.1547561890474343,False
6.908541034896492,3485,post_stop,0.0,-0.006265594979254274,0.015586576882291025,0.015586576882291025,-0.004574431182608352,-4.574431182608352,0.04968591474533717,0.25900051697837945,0.0,0.0,0.015586576882291025,-0.0049430907820679285,0.015586576882291025,0.0,-0.0,1.0,,,0,0.1412160476232486,False
6.91609961370929,3486,post_stop,0.0,-0.0029029226205068426,0.013367183108523188,0.013367183108523188,-0.0038500923187620153,-3.8500923187620155,0.04959001808428654,-0.858833669786206,0.0,0.0,0.013367183108523188,-0.004218751918221591,0.013367183108523188,0.0,-0.0,1.0,,,0,0.14303146801580074,False
6.923658192522086,3487,post_stop,0.0,-0.0012684134349285614,0.0026034529219670227,0.0026034529219670227,-0.008093627598077647,-8.093627598077648,0.047718520866322084,-1.5599080492192599,0.0,0.0,0.0026034529219670227,-0.008462287197537223,0.0026034529219670227,0.0,-0.0,1.0,,,0,0.15673292518824566,False
6.931216771334883,3488,post_stop,0.0,-0.0015049734423655536,-0.010214192752956689,-0.010214192752956689,-0.009287863593998568,-9.287863593998567,0.043920478730862446,-1.3488974286657696,0.0,0.0,-0.010214192752956689,-0.009656523193458144,-0.010214192752956689,-0.0,-0.0,1.0,,,0,0.153459982069809,False
6.93877535014768,3489,post_stop,0.0,-0.002924664325746562,-0.017788042127932398,-0.017788042127932398,-0.011034050212690175,-11.034050212690175,0.04172106500183509,-0.4623751859696881,0.0,0.0,-0.017788042127932398,-0.01140270981214975,-0.017788042127932398,-0.0,-0.0,1.0,,,0,0.16980312634827274,False
6.9463339289604775,3490,post_stop,0.0,-0.005916842213224527,-0.01720399132142399,-0.01720399132142399,-0.00778866905544634,-7.78866905544634,0.04158649833261131,0.6231878337097044,0.0,0.0,-0.01720399132142399,-0.008157328654905916,-0.01720399132142399,-0.0,-0.0,1.0,,,0,0.1548482899973205,False
6.953892507773275,3491,post_stop,0.0,-0.005724627628723056,-0.008367213415390084,-0.008367213415390084,-0.004171032163375722,-4.171032163375721,0.04146812304171278,1.1745463333091635,0.0,0.0,-0.008367213415390084,-0.004539691762835298,-0.008367213415390084,-0.0,-0.0,1.0,,,0,0.15269837297939176,False
6.961451086586072,3492,post_stop,0.0,0.00034630558084813856,0.0005518107377745765,0.0005518107377745765,-8.30853750779278e-07,-0.000830853750779278,0.04137421224037371,1.1406558489295007,0.0,0.0,0.0005518107377745765,-0.00036949045321035535,0.0005518107377745765,0.0,-0.0,1.0,,,0,0.14247909895944583,False
6.969009665398868,3493,post_stop,0.0,0.006323212116910781,0.00887626084943243,0.00887626084943243,0.002984600077150673,2.984600077150673,0.04126354972327624,0.8599071738572877,0.0,0.0,0.00887626084943243,0.002615940477691097,0.00887626084943243,0.0,-0.0,1.0,,,0,0.1520729896886903,False
6.976568244211665,3494,post_stop,0.0,0.011686162958426394,0.01355116302835341,0.01355116302835341,-0.0012654696984220003,-1.2654696984220004,0.0411059495812734,0.1868889876184302,0.0,0.0,0.01355116302835341,-0.0016341292978815764,0.01355116302835341,0.0,-0.0,1.0,,,0,0.15844228727858697,False
6.984126823024463,3495,post_stop,0.0,0.015547437185063018,0.011701491133747998,0.011701491133747998,-0.007335055055563237,-7.335055055563237,0.040533802855787456,-0.5518638485774087,0.0,0.0,0.011701491133747998,-0.007703714655022813,0.011701491133747998,0.0,-0.0,1.0,,,0,0.15583970609327966,False
6.999243980650057,3497,post_stop,0.0,-0.0005313267548103795,-0.0059276596482659046,-0.0059276596482659046,-0.010554860068130719,-10.554860068130719,0.033200976163486266,-0.9928108524557411,0.0,0.0,-0.0059276596482659046,-0.010923519667590295,-0.0059276596482659046,-0.0,-0.0,1.0,,,1,0.13791973038198382,False
7.006802559462853,3498,post_stop,0.0,0.005680864150463094,-0.01277673056449234,-0.01277673056449234,-0.005874665846227348,-5.874665846227348,0.03311130740388644,-0.583810835599437,0.0,0.0,-0.01277673056449234,-0.006243325445686924,-0.01277673056449234,-0.0,-0.0,1.0,,,0,0.16166570376377487,False
7.0143611382756506,3499,post_stop,0.0,0.012028885119519828,-0.014753220073551484,-0.014753220073551484,-0.0006383980469000297,-0.6383980469000298,0.033019678029501114,0.27189521121400206,0.0,0.0,-0.014753220073551484,-0.0010070576463596058,-0.014753220073551484,-0.0,-0.0,1.0,,,0,0.1565612962094185,False
7.021919717088448,3500,post_stop,0.0,0.0046597890712689605,-0.008666447798925989,-0.008666447798925989,0.0014880343521555953,1.4880343521555954,0.03300923346465572,1.055307926352719,0.0,0.0,-0.008666447798925989,0.0011193747526960192,-0.008666447798925989,-0.0,-0.0,1.0,,,0,0.1421056107429794,False
7.029478295901245,3501,post_stop,0.0,-0.004548807770532903,0.00120003619266174,0.00120003619266174,0.0010552617034738712,1.0552617034738712,0.03300993156376106,1.2739930465412228,0.0,0.0,0.00120003619266174,0.0006866021040142952,0.00120003619266174,0.0,-0.0,1.0,,,0,0.16501211604325605,False
7.037036874714042,3502,post_stop,0.0,-0.00932724703179133,0.010592705899548905,0.010592705899548905,-0.0022106754835712257,-2.2106754835712255,0.032932539545351476,0.7494344305332107,0.0,0.0,0.010592705899548905,-0.0025793350830308017,0.010592705899548905,0.0,-0.0,1.0,,,0,0.15047643219333925,False
7.044595453526839,3503,post_stop,0.0,-0.013104931183562485,0.012529354609079864,0.012529354609079864,-0.0030445574813328415,-3.0445574813328413,0.032836595852059364,-0.047893841220101985,0.0,0.0,0.012529354609079864,-0.0034132170807924175,0.012529354609079864,0.0,-0.0,1.0,,,0,0.1530202438621843,False
7.052154032339636,3504,post_stop,0.0,-0.009557271827304703,0.009868687152530014,0.009868687152530014,-0.005685052892355028,-5.685052892355028,0.03281320243177915,-0.6309476765835308,0.0,0.0,0.009868687152530014,-0.006053712491814604,0.009868687152530014,0.0,-0.0,1.0,,,0,0.1490635733550136,False
7.059712611152433,3505,post_stop,0.0,-0.003708155079351627,0.0029912191286641365,0.0029912191286641365,-0.005543580170844418,-5.543580170844418,0.032812453557554064,-0.8974571994632944,0.0,0.0,0.0029912191286641365,-0.005912239770303994,0.0029912191286641365,0.0,-0.0,1.0,,,0,0.14921641121258253,False
7.06727118996523,3506,post_stop,0.0,-4.4346062225031346e-05,-0.0036983147939811233,-0.0036983147939811233,-0.0023423699946314544,-2.3423699946314542,0.0328120525175006,-1.0169974133364066,0.0,0.0,-0.0036983147939811233,-0.0027110295940910305,-0.0036983147939811233,-0.0,-0.0,1.0,,,0,0.16072689200718598,False
7.074829768778027,3507,post_stop,0.0,0.0029518306770910385,-0.012382891073564104,-0.012382891073564104,-0.003514422461390723,-3.514422461390723,0.03281175830824308,-0.6447511180312718,0.0,0.0,-0.012382891073564104,-0.003883082060850299,-0.012382891073564104,-0.0,-0.0,1.0,,,0,0.16981670346030933,False
7.0823883475908245,3508,post_stop,0.0,0.005987501967240405,-0.01344511907453808,-0.01344511907453808,-0.0033732765530664396,-3.3732765530664395,0.032811460220822326,0.10595158379622494,0.0,0.0,-0.01344511907453808,-0.0037419361525260156,-0.01344511907453808,-0.0,-0.0,1.0,,,0,0.15356206367901554,False
7.089946926403621,3509,post_stop,0.0,0.009757901054712192,-0.01078120428063573,-0.01078120428063573,-0.002101303504439964,-2.1013035044399637,0.030077246068529025,0.8524613321507031,0.0,0.0,-0.01078120428063573,-0.00246996310389954,-0.01078120428063573,-0.0,-0.0,1.0,,,0,0.1504648283519545,False
7.097505505216418,3510,post_stop,0.0,0.016296706871514743,-0.0005583267466915874,-0.0005583267466915874,0.0018816806368284486,1.8816806368284487,0.024853867681353305,1.026183480058108,0.0,0.0,-0.0005583267466915874,0.0015130210373688726,-0.0005583267466915874,-0.0,-0.0,1.0,,,0,0.1444509811521275,False
7.105064084029215,3511,post_stop,0.0,0.005855881990441958,0.0047317731401837,0.0047317731401837,0.0023515286408825106,2.3515286408825107,0.02485480389766346,0.6151340494997429,0.0,0.0,0.0047317731401837,0.0019828690414229345,0.0047317731401837,0.0,-0.0,1.0,,,0,0.15216088465863967,False
7.112622662842012,3512,post_stop,0.0,-0.0038732601606170647,0.008740751640466216,0.008740751640466216,0.0039040918709897067,3.904091870989707,0.024855676298232324,0.06802029547792354,0.0,0.0,0.008740751640466216,0.0035354322715301307,0.008740751640466216,0.0,-0.0,1.0,,,0,0.15085152871685006,False
7.12018124165481,3513,post_stop,0.0,-0.01476508906307572,0.005760046668662975,0.005760046668662975,0.0002066885314671239,0.2066885314671239,0.025049400244758883,-0.5231596061959074,0.0,0.0,0.005760046668662975,-0.00016197106799245217,0.005760046668662975,0.0,-0.0,1.0,,,0,0.16599030486893845,False
7.127739820467606,3514,post_stop,0.0,-0.02603063716267684,0.000832065410259485,0.000832065410259485,-0.0024225908064270173,-2.422590806427017,0.025356415395976467,-0.787860106334018,0.0,0.0,0.000832065410259485,-0.0027912504058865933,0.000832065410259485,0.0,-0.0,1.0,,,0,0.1527700781904153,False
7.135298399280403,3515,post_stop,0.0,-0.03684151557715154,-0.006150158745705483,-0.006150158745705483,-0.005053537990600869,-5.053537990600869,0.025812619831503632,-0.7648517355942769,0.0,0.0,-0.006150158745705483,-0.005422197590060445,-0.006150158745705483,-0.0,-0.0,1.0,,,0,0.14193242052751423,False
7.1428569780932,3516,post_stop,0.0,-0.019156807570766432,-0.010730318836928652,-0.010730318836928652,-0.003110365206642135,-3.1103652066421352,0.02911218884774028,-0.5742858124093242,0.0,0.0,-0.010730318836928652,-0.0034790248061017113,-0.010730318836928652,-0.0,-0.0,1.0,,,0,0.15714374330191022,False
7.1504155569059975,3517,post_stop,0.0,-0.0015012517016259608,-0.014831727894039774,-0.014831727894039774,-3.952468762567535e-05,-0.03952468762567535,0.03238624395497022,-0.028753326915487043,0.0,0.0,-0.014831727894039774,-0.0004081842870852514,-0.014831727894039774,-0.0,-0.0,1.0,,,0,0.15707011273449345,False
7.157974135718795,3518,post_stop,0.0,-0.0008135124547266059,-0.011164987412170316,-0.011164987412170316,0.005559352577903608,5.559352577903608,0.03161925255188048,0.6109239919550646,0.0,0.0,-0.011164987412170316,0.005190692978444032,-0.011164987412170316,-0.0,-0.0,1.0,,,0,0.14561339313557883,False
7.165532714531592,3519,post_stop,0.0,-0.00010816439342420381,-0.0055962936103976955,-0.0055962936103976955,0.00974763147954323,9.74763147954323,0.030832623169235723,0.9103972772947343,0.0,0.0,-0.0055962936103976955,0.009378971880083653,-0.0055962936103976955,-0.0,-0.0,1.0,,,0,0.1421425945806593,False
7.173091293344388,3520,post_stop,0.0,0.0002773115106435853,0.0025976317306050387,0.0025976317306050387,0.010206135344923286,10.206135344923286,0.03039627742588616,0.7753107868602636,0.0,0.0,0.0025976317306050387,0.00983747574546371,0.0025976317306050387,0.0,-0.0,1.0,,,0,0.16710016034476602,False
7.180649872157185,3521,post_stop,0.0,0.0006022498787672248,0.006124201763391297,0.006124201763391297,0.008231627823079051,8.231627823079052,0.03002652132071198,0.036818223144217205,0.0,0.0,0.006124201763391297,0.007862968223619475,0.006124201763391297,0.0,-0.0,1.0,,,0,0.15425862696394674,False
7.188208450969983,3522,post_stop,0.0,0.0027452499161313426,0.0031542186133704784,0.0031542186133704784,0.004976442248215789,4.976442248215789,0.029961360237785752,-0.415311324988396,0.0,0.0,0.0031542186133704784,0.004607782648756213,0.0031542186133704784,0.0,-0.0,1.0,,,0,0.16040858239993463,False
7.19576702978278,3523,post_stop,0.0,0.005236071083203342,-0.00015412500015274844,-0.00015412500015274844,0.0027426949402700926,2.7426949402700926,0.029960728113815654,-0.46562024372693345,0.0,0.0,-0.00015412500015274844,0.0023740353408105166,-0.00015412500015274844,-0.0,-0.0,1.0,,,0,0.14906075435652807,False
7.210884187408373,3525,post_stop,0.0,-0.005850541791971864,-0.008037314400322536,-0.008037314400322536,0.0029218076007801,2.9218076007801,0.028107787932484477,-0.12309990002525184,0.0,0.0,-0.008037314400322536,0.002553148001320524,-0.008037314400322536,-0.0,-0.0,1.0,,,1,0.15056400786337454,False
7.2184427662211705,3526,post_stop,0.0,0.0021305900481536355,-0.007462207494562369,-0.007462207494562369,0.004167858104159143,4.167858104159143,0.027733567007061335,0.1382541543382083,0.0,0.0,-0.007462207494562369,0.003799198504699567,-0.007462207494562369,-0.0,-0.0,1.0,,,0,0.14978045884035862,False
7.226001345033968,3527,post_stop,0.0,0.010045099537023816,-0.005947304556798584,-0.005947304556798584,0.007392576740058459,7.392576740058459,0.027362469883930204,0.4234303323537809,0.0,0.0,-0.005947304556798584,0.0070239171405988825,-0.005947304556798584,-0.0,-0.0,1.0,,,0,0.1436888583106796,False
7.233559923846765,3528,post_stop,0.0,0.0006073056788125086,-0.0010611444169124364,-0.0010611444169124364,0.008483045992914554,8.483045992914555,0.02705005671329418,0.713613088567454,0.0,0.0,-0.0010611444169124364,0.008114386393454978,-0.0010611444169124364,-0.0,-0.0,1.0,,,0,0.14743549372264017,False
7.241118502659562,3529,post_stop,0.0,-0.0235709302517364,0.004840496986762877,0.004840496986762877,0.00810440367687243,8.10440367687243,0.0268096548487946,0.6009048779611271,0.0,0.0,0.004840496986762877,0.007735744077412854,0.004840496986762877,0.0,-0.0,1.0,,,0,0.16033191584887918,False
7.248677081472359,3530,post_stop,0.0,-0.02935377898810998,0.008022829341214491,0.008022829341214491,0.00942755168605953,9.42755168605953,0.02484374937281008,0.10748989770678219,0.0,0.0,0.008022829341214491,0.009058892086599954,0.008022829341214491,0.0,-0.0,1.0,,,0,0.1549395847143777,False
7.256235660285156,3531,post_stop,0.0,-0.014806555662829624,0.006465438713555783,0.006465438713555783,0.00813438010390666,8.13438010390666,0.02097626626825074,-0.3213295604372185,0.0,0.0,0.006465438713555783,0.007765720504447083,0.006465438713555783,0.0,-0.0,1.0,,,0,0.15435394197586946,False
7.263794239097953,3532,post_stop,0.0,-0.00864176767237268,0.003165239726322177,0.003165239726322177,0.007784822148804376,7.784822148804376,0.018463472744159895,-0.5075825958660702,0.0,0.0,0.003165239726322177,0.0074161625493448,0.003165239726322177,0.0,-0.0,1.0,,,0,0.15103026804252462,False
7.27135281791075,3533,post_stop,0.0,-0.01617562089677449,-0.0012077673961599822,-0.0012077673961599822,0.004606884733948047,4.606884733948046,0.018155691444585988,-0.40291524317082794,0.0,0.0,-0.0012077673961599822,0.004238225134488471,-0.0012077673961599822,-0.0,-0.0,1.0,,,0,0.13637885372130334,False
7.278911396723547,3534,post_stop,0.0,-0.01850939140641117,-0.002925693514445928,-0.002925693514445928,0.003919975873439665,3.919975873439665,0.01790166425631273,-0.20266924273823284,0.0,0.0,-0.002925693514445928,0.0035513162739800896,-0.002925693514445928,-0.0,-0.0,1.0,,,0,0.1530069895807113,False
7.2864699755363445,3535,post_stop,0.0,-0.008025271389868749,-0.004271550284493702,-0.004271550284493702,0.006209669694882489,6.209669694882489,0.017775594798783736,0.1748539054895855,0.0,0.0,-0.004271550284493702,0.005841010095422913,-0.004271550284493702,-0.0,-0.0,1.0,,,0,0.1614925267394664,False
7.294028554349141,3536,post_stop,0.0,0.0005314155356472838,-0.00028239946370986073,-0.00028239946370986073,0.010170081749162103,10.170081749162103,0.017672768482719495,0.47464054341997064,0.0,0.0,-0.00028239946370986073,0.009801422149702527,-0.00028239946370986073,-0.0,-0.0,1.0,,,0,0.16138344990103476,False
7.301587133161938,3537,post_stop,0.0,0.0039647412508259094,0.002903665625883262,0.002903665625883262,0.012940790102182161,12.940790102182161,0.017631731612077983,0.38569732505118604,0.0,0.0,0.002903665625883262,0.012572130502722585,0.002903665625883262,0.0,-0.0,1.0,,,0,0.14614398236610446,False
7.316704290787532,3539,post_stop,0.0,0.004798932371357978,0.00765134704321747,0.00765134704321747,0.015097806754053833,15.097806754053833,0.017428880790511816,0.0728192496225959,0.0,0.0,0.00765134704321747,0.014729147154594257,0.00765134704321747,0.0,-0.0,1.0,,,1,0.1651227398279574,False
7.32426286960033,3540,post_stop,0.0,0.0022611210247873714,0.007290041744925634,0.007290041744925634,0.014651302521257176,14.651302521257175,0.01739323444526613,-0.3546743718841101,0.0,0.0,0.007290041744925634,0.0142826429217976,0.007290041744925634,0.0,-0.0,1.0,,,0,0.15389616223176955,False
7.331821448413127,3541,post_stop,0.0,-2.141159262691872e-05,0.0022896786576866897,0.0022896786576866897,0.011489486743609926,11.489486743609925,0.017361173769902597,-0.5984566973802833,0.0,0.0,0.0022896786576866897,0.01112082714415035,0.0022896786576866897,0.0,-0.0,1.0,,,0,0.15132611318769582,False
7.339380027225923,3542,post_stop,0.0,-0.0007973047496534491,-0.0017569224814643373,-0.0017569224814643373,0.008804124529593185,8.804124529593185,0.017328460325578696,-0.38897539433499284,0.0,0.0,-0.0017569224814643373,0.00843546493013361,-0.0017569224814643373,-0.0,-0.0,1.0,,,0,0.15610786255325365,False
7.34693860603872,3543,post_stop,0.0,-0.00032298008937914346,-0.003590523690952531,-0.003590523690952531,0.009783484751711376,9.783484751711375,0.01729703278088907,-0.17601711727503544,0.0,0.0,-0.003590523690952531,0.0094148251522518,-0.003590523690952531,-0.0,-0.0,1.0,,,0,0.149550218364444,False
7.3544971848515175,3544,post_stop,0.0,0.00016069592706458025,-0.004417800988113784,-0.004417800988113784,0.011003762466178436,11.003762466178436,0.01726498563914227,0.03466676851376463,0.0,0.0,-0.004417800988113784,0.01063510286671886,-0.004417800988113784,-0.0,-0.0,1.0,,,0,0.1533541478713872,False
7.362055763664315,3545,post_stop,0.0,0.0041428431489691775,-0.0030664606869599577,-0.0030664606869599577,0.014170784461496307,14.170784461496307,0.01726180057011479,0.2959979339636189,0.0,0.0,-0.0030664606869599577,0.013802124862036731,-0.0030664606869599577,-0.0,-0.0,1.0,,,0,0.14827299955325482,False
7.369614342477112,3546,post_stop,0.0,0.008473772402140867,5.6846436464526004e-05,5.6846436464526004e-05,0.014283593499821601,14.2835934998216,0.01726149372450312,0.4319302945839007,0.0,0.0,5.6846436464526004e-05,0.013914933900362025,5.6846436464526004e-05,0.0,-0.0,1.0,,,0,0.16039341155530967,False
7.377172921289908,3547,post_stop,0.0,0.00920719410552806,0.003463097659533876,0.003463097659533876,0.01583265518428179,15.832655184281789,0.017230219772176467,0.2298663516603473,0.0,0.0,0.003463097659533876,0.015463995584822213,0.003463097659533876,0.0,-0.0,1.0,,,0,0.153287754114253,False
7.384731500102705,3548,post_stop,0.0,0.009026495977707327,0.003531772307333713,0.003531772307333713,0.01337064936530813,13.370649365308129,0.01719123753764248,0.003926709324881067,0.0,0.0,0.003531772307333713,0.013001989765848553,0.003531772307333713,0.0,-0.0,1.0,,,0,0.14791254847396015,False
7.392290078915503,3549,post_stop,0.0,0.006323764059118275,0.0035224583433479946,0.0035224583433479946,0.012231583640772453,12.231583640772453,0.017151732609949486,-0.186314186565107,0.0,0.0,0.0035224583433479946,0.011862924041312877,0.0035224583433479946,0.0,-0.0,1.0,,,0,0.15984288548020859,False
7.3998486577283,3550,post_stop,0.0,0.0022006798194240673,0.0007152313811445876,0.0007152313811445876,0.012269886547269827,12.269886547269827,0.01711149872229917,-0.35657271917171895,0.0,0.0,0.0007152313811445876,0.011901226947810251,0.0007152313811445876,0.0,-0.0,1.0,,,0,0.1518804309261163,False
7.407407236541097,3551,post_stop,0.0,-0.0015578413438674943,-0.0018679076573576887,-0.0018679076573576887,0.01009889943385762,10.09889943385762,0.017093968762510188,-0.3549653797802106,0.0,0.0,-0.0018679076573576887,0.009730239834398044,-0.0018679076573576887,-0.0,-0.0,1.0,,,0,0.1688219339757511,False
7.414965815353893,3552,post_stop,0.0,-0.007181535571476161,-0.004650836216621497,-0.004650836216621497,0.009159449388276956,9.159449388276956,0.017092034973004516,-0.1311352029214823,0.0,0.0,-0.004650836216621497,0.00879078978881738,-0.004650836216621497,-0.0,-0.0,1.0,,,0,0.14780430327700558,False
7.4225243941666905,3553,post_stop,0.0,-0.012990335683241483,-0.003850299190185507,-0.003850299190185507,0.009805931010810275,9.805931010810275,0.017060088954802228,0.23881086848855276,0.0,0.0,-0.003850299190185507,0.009437271411350699,-0.003850299190185507,-0.0,-0.0,1.0,,,0,0.14589762175720952,False
7.430082972979488,3554,post_stop,0.0,-0.01881489827442806,-0.0010406946749749496,-0.0010406946749749496,0.010331792445498124,10.331792445498124,0.017028056249427874,0.29429722056105784,0.0,0.0,-0.0010406946749749496,0.009963132846038548,-0.0010406946749749496,-0.0,-0.0,1.0,,,0,0.15086563750029047,False
7.437641551792285,3555,post_stop,0.0,-0.019310811530857563,0.0005986382818103268,0.0005986382818103268,0.012685613296167006,12.685613296167006,0.0170106622572838,0.28311543739809997,0.0,0.0,0.0005986382818103268,0.01231695369670743,0.0005986382818103268,0.0,-0.0,1.0,,,0,0.15064583425593375,False
7.445200130605082,3556,post_stop,0.0,-0.012629808511690044,0.003239206018411232,0.003239206018411232,0.014836778254677982,14.836778254677983,0.01701032605371381,0.17319131597055998,0.0,0.0,0.003239206018411232,0.014468118655218406,0.003239206018411232,0.0,-0.0,1.0,,,0,0.16187220835554839,False
7.452758709417879,3557,post_stop,0.0,-0.00560422850037412,0.0032167987047214074,0.0032167987047214074,0.014802666179655585,14.802666179655585,0.017009979875243043,-0.09903271132204318,0.0,0.0,0.0032167987047214074,0.014434006580196009,0.0032167987047214074,0.0,-0.0,1.0,,,0,0.16372210325563158,False
7.460317288230676,3558,post_stop,0.0,0.0014974764611963565,0.0017421129112661765,0.0017421129112661765,0.014495868378739386,14.495868378739386,0.01700965205011472,-0.28526571627530656,0.0,0.0,0.0017421129112661765,0.01412720877927981,0.0017421129112661765,0.0,-0.0,1.0,,,0,0.1571085377358915,False
7.467875867043473,3559,post_stop,0.0,0.005495128789050341,-0.0010956080933903988,-0.0010956080933903988,0.009961847688553035,9.961847688553036,0.017003398866247365,-0.33205058583346064,0.0,0.0,-0.0010956080933903988,0.009593188089093459,-0.0010956080933903988,-0.0,-0.0,1.0,,,0,0.14835176570563496,False
7.47543444585627,3560,post_stop,0.0,-0.00897653774947571,-0.0032775481344492117,-0.0032775481344492117,0.008256942167365654,8.256942167365654,0.016963513591301056,-0.20352917400623338,0.0,0.0,-0.0032775481344492117,0.007888282567906078,-0.0032775481344492117,-0.0,-0.0,1.0,,,0,0.14156758044343837,False
7.482993024669067,3561,post_stop,0.0,-0.021899690395827065,-0.00417239069824966,-0.00417239069824966,0.007499624863357443,7.499624863357442,0.016926397089746168,-0.05673491232457123,0.0,0.0,-0.00417239069824966,0.007130965263897867,-0.00417239069824966,-0.0,-0.0,1.0,,,0,0.1519957206549244,False
7.490551603481864,3562,post_stop,0.0,-0.014681724139450125,-0.004135218746934033,-0.004135218746934033,0.009591223590437294,9.591223590437293,0.01692629583958204,0.19615872478450774,0.0,0.0,-0.004135218746934033,0.009222563990977718,-0.004135218746934033,-0.0,-0.0,1.0,,,0,0.1425700995245039,False
7.498110182294661,3563,post_stop,0.0,-0.007466618636186695,-0.0012070283360471796,-0.0012070283360471796,0.010047935172218931,10.047935172218931,0.016926194629547187,0.3548058401567007,0.0,0.0,-0.0012070283360471796,0.009679275572759355,-0.0012070283360471796,-0.0,-0.0,1.0,,,0,0.1464008694990509,False
7.505668761107458,3564,post_stop,0.0,0.0002964754986294338,0.00122843706519589,0.00122843706519589,0.012786529929390984,12.786529929390984,0.016925593976625637,0.2773682377063094,0.0,0.0,0.00122843706519589,0.012417870329931408,0.00122843706519589,0.0,-0.0,1.0,,,0,0.16323677537160117,False
7.513227339920255,3565,post_stop,0.0,0.008119200445435126,0.0029859910336924368,0.0029859910336924368,0.014196706548628325,14.196706548628326,0.01692497127481303,0.1284723389525544,0.0,0.0,0.0029859910336924368,0.013828046949168749,0.0029859910336924368,0.0,-0.0,1.0,,,0,0.153704502510491,False
7.52834449754585,3567,post_stop,0.0,-0.0205657515859059,0.0017821849551299183,0.0017821849551299183,0.012137214840783337,12.137214840783338,0.016728517595859672,-0.26513410278607774,0.0,0.0,0.0017821849551299183,0.011768555241323761,0.0017821849551299183,0.0,-0.0,1.0,,,1,0.14104859976828935,False
7.535903076358647,3568,post_stop,0.0,-0.01823607314122455,-0.0009229190430327161,-0.0009229190430327161,0.010023522435173206,10.023522435173206,0.01669344257434307,-0.23532668925317693,0.0,0.0,-0.0009229190430327161,0.00965486283571363,-0.0009229190430327161,-0.0,-0.0,1.0,,,0,0.16250153914696594,False
7.543461655171443,3569,post_stop,0.0,-0.015851743054639655,-0.001775285699819638,-0.001775285699819638,0.009203565272890386,9.203565272890385,0.016657544732183352,-0.14080431619713507,0.0,0.0,-0.001775285699819638,0.00883490567343081,-0.001775285699819638,-0.0,-0.0,1.0,,,0,0.14925208474240692,False
7.55102023398424,3570,post_stop,0.0,-0.019170427436165483,-0.0030514800853487663,-0.0030514800853487663,0.00910597751424101,9.10597751424101,0.016644890992745583,-0.023642708647753502,0.0,0.0,-0.0030514800853487663,0.008737317914781434,-0.0030514800853487663,-0.0,-0.0,1.0,,,0,0.15703510233493773,False
7.5585788127970375,3571,post_stop,0.0,-0.025230338468674063,-0.0021326962531437316,-0.0021326962531437316,0.009285116377396745,9.285116377396745,0.016644998044122568,0.2209700746590873,0.0,0.0,-0.0021326962531437316,0.00891645677793717,-0.0021326962531437316,-0.0,-0.0,1.0,,,0,0.16128787081812757,False
7.566137391609835,3572,post_stop,0.0,-0.021790794424674687,0.0002889593638120199,0.0002889593638120199,0.011562583874213129,11.562583874213129,0.016644907007947036,0.37585543616029127,0.0,0.0,0.0002889593638120199,0.011193924274753552,0.0002889593638120199,0.0,-0.0,1.0,,,0,0.1453152291961416,False
7.573695970422632,3573,post_stop,0.0,-0.010964537672350616,0.0035491696197279266,0.0035491696197279266,0.012648552682172865,12.648552682172866,0.016644661927980465,0.22882380806665453,0.0,0.0,0.0035491696197279266,0.01227989308271329,0.0035491696197279266,0.0,-0.0,1.0,,,0,0.16664297497519784,False
7.581254549235428,3574,post_stop,0.0,-0.004231160444163606,0.0037481249388445523,0.0037481249388445523,0.01433914026958318,14.339140269583181,0.0148323875618559,-0.02709377078310768,0.0,0.0,0.0037481249388445523,0.013970480670123605,0.0037481249388445523,0.0,-0.0,1.0,,,0,0.16299062847618445,False
7.588813128048225,3575,post_stop,0.0,-0.001970432657373067,0.0031395888161278927,0.0031395888161278927,0.015306963206993011,15.30696320699301,0.011025610567676623,-0.18415753635643728,0.0,0.0,0.0031395888161278927,0.014938303607533435,0.0031395888161278927,0.0,-0.0,1.0,,,0,0.15051815987779155,False
7.596371706861023,3576,post_stop,0.0,0.00032122035662496273,0.0009641864338031581,0.0009641864338031581,0.013556766178851943,13.556766178851943,0.008687470058484545,-0.2983812716165077,0.0,0.0,0.0009641864338031581,0.013188106579392367,0.0009641864338031581,0.0,-0.0,1.0,,,0,0.15060589400927643,False
7.60393028567382,3577,post_stop,0.0,0.002682263760789283,-0.0013710878994241508,-0.0013710878994241508,0.011477209947978975,11.477209947978976,0.008687413608453745,-0.2579086547963462,0.0,0.0,-0.0013710878994241508,0.011108550348519399,-0.0013710878994241508,-0.0,-0.0,1.0,,,0,0.1493293437595751,False
7.611488864486617,3578,post_stop,0.0,0.005011030850937459,-0.0029346593537582216,-0.0029346593537582216,0.009970024124000188,9.970024124000188,0.008687357930115207,-0.027687252397825893,0.0,0.0,-0.0029346593537582216,0.009601364524540612,-0.0029346593537582216,-0.0,-0.0,1.0,,,0,0.16331666280012255,False
7.619047443299414,3579,post_stop,0.0,0.0006299050217535296,-0.0017896404581417016,-0.0017896404581417016,0.00912966672675094,9.12966672675094,0.008687600690763568,0.2289881812560963,0.0,0.0,-0.0017896404581417016,0.008761007127291364,-0.0017896404581417016,-0.0,-0.0,1.0,,,0,0.16241917930920632,False
7.6266060221122105,3580,post_stop,0.0,-0.008050613854464927,0.0005269910766880267,0.0005269910766880267,0.010353800397806468,10.353800397806468,0.008686957160561212,0.23404887324165535,0.0,0.0,0.0005269910766880267,0.009985140798346892,0.0005269910766880267,0.0,-0.0,1.0,,,0,0.1641748024541825,False
7.634164600925008,3581,post_stop,0.0,-0.005627079689332959,0.0017485132507448298,0.0017485132507448298,0.011086709594490658,11.086709594490658,0.00865552463863313,0.1826339964449417,0.0,0.0,0.0017485132507448298,0.010718049995031082,0.0017485132507448298,0.0,-0.0,1.0,,,0,0.16256757287746798,False
7.641723179737805,3582,post_stop,0.0,-0.0033708905109506304,0.003287897988738458,0.003287897988738458,0.012016049689595375,12.016049689595375,0.008626262531730135,0.07508641649632943,0.0,0.0,0.003287897988738458,0.011647390090135799,0.003287897988738458,0.0,-0.0,1.0,,,0,0.1648869257644065,False
7.649281758550602,3583,post_stop,0.0,-0.0013205757484229252,0.0028836064444608734,0.0028836064444608734,0.01372880733010201,13.728807330102011,0.008603428401610136,-0.10525482384221366,0.0,0.0,0.0028836064444608734,0.013360147730642435,0.0028836064444608734,0.0,-0.0,1.0,,,0,0.16707896395288538,False
7.656840337363399,3584,post_stop,0.0,-0.0004953402108469618,0.0016967442258615424,0.0016967442258615424,0.01250745644274512,12.50745644274512,0.008603442832328787,-0.20638261813896222,0.0,0.0,0.0016967442258615424,0.012138796843285544,0.0016967442258615424,0.0,-0.0,1.0,,,0,0.15992154892119795,False
7.664398916176196,3585,post_stop,0.0,0.00032571399685821234,-0.0002363121251284057,-0.0002363121251284057,0.01142321108447837,11.42321108447837,0.00860345718992941,-0.21206153317121634,0.0,0.0,-0.0002363121251284057,0.011054551485018793,-0.0002363121251284057,-0.0,-0.0,1.0,,,0,0.16369034535179167,False
7.671957494988993,3586,post_stop,0.0,0.0004884371494426887,-0.0015090233974126845,-0.0015090233974126845,0.007210671622472294,7.210671622472295,0.008603477004371604,-0.07974588423427376,0.0,0.0,-0.0015090233974126845,0.006842012023012718,-0.0015090233974126845,-0.0,-0.0,1.0,,,0,0.17709929922818354,False
7.67951607380179,3587,post_stop,0.0,0.00042916658256331175,-0.0014418432270903257,-0.0014418432270903257,0.008461138304472348,8.461138304472348,0.008603498545553328,0.02508951511246546,0.0,0.0,-0.0014418432270903257,0.008092478705012772,-0.0014418432270903257,-0.0,-0.0,1.0,,,0,0.15589458929024164,False
7.687074652614587,3588,post_stop,0.0,0.0021071831675953945,-0.0011297412427078114,-0.0011297412427078114,0.006785707024701879,6.785707024701879,0.008603422391469594,0.0872227769091399,0.0,0.0,-0.0011297412427078114,0.006417047425242303,-0.0011297412427078114,-0.0,-0.0,1.0,,,0,0.15175706425156724,False
7.694633231427384,3589,post_stop,0.0,0.004992630578612989,-0.00012328276001280202,-0.00012328276001280202,0.007013005818228652,7.013005818228652,0.008603278321992815,0.337053525485175,0.0,0.0,-0.00012328276001280202,0.0066443462187690755,-0.00012328276001280202,-0.0,-0.0,1.0,,,0,0.14945966098252148,False
7.702191810240181,3590,post_stop,0.0,-0.0005132287898845789,0.003965550030313216,0.003965550030313216,0.0076908542887177194,7.69085428871772,0.008603491745494374,0.23689746358766603,0.0,0.0,0.003965550030313216,0.007322194689258143,0.003965550030313216,0.0,-0.0,1.0,,,0,0.14979541284114212,False
7.709750389052978,3591,post_stop,0.0,-0.013957902702202318,0.003457933538144705,0.003457933538144705,0.009535601805938399,9.535601805938398,0.008604043458925433,-0.0063423925164728945,0.0,0.0,0.003457933538144705,0.009166942206478823,0.003457933538144705,0.0,-0.0,1.0,,,0,0.1637254688938125,False
7.717308967865775,3592,post_stop,0.0,-0.017087459282493,0.0038696710829183058,0.0038696710829183058,0.009149251009424895,9.149251009424896,0.008604152632073855,-0.054102167865348244,0.0,0.0,0.0038696710829183058,0.00878059140996532,0.0038696710829183058,0.0,-0.0,1.0,,,0,0.15037901850968113,False
7.724867546678572,3593,post_stop,0.0,-0.0038684635297556724,0.0026400625386378673,0.0026400625386378673,0.00939375376930694,9.39375376930694,0.00860356035171457,-0.1954310552144034,0.0,0.0,0.0026400625386378673,0.009025094169847364,0.0026400625386378673,0.0,-0.0,1.0,,,0,0.1514729237241968,False
7.739984704304167,3595,post_stop,0.0,-0.014429875422763416,-0.0013045894840775154,-0.0013045894840775154,0.00780470348573864,7.80470348573864,0.008604051211651254,-0.11057809579330485,0.0,0.0,-0.0013045894840775154,0.007436043886279064,-0.0013045894840775154,-0.0,-0.0,1.0,,,1,0.14937041376950075,False
7.747543283116963,3596,post_stop,0.0,-0.014041959823657635,-0.0015721463564328053,-0.0015721463564328053,0.006701417211516974,6.701417211516975,0.00860394055114183,0.02850248190579155,0.0,0.0,-0.0015721463564328053,0.006332757612057398,-0.0015721463564328053,-0.0,-0.0,1.0,,,0,0.1516136558107982,False
7.75510186192976,3597,post_stop,0.0,-0.013669175684071888,-0.0008737129723869241,-0.0008737129723869241,0.0052228011359843046,5.222801135984304,0.0086038342071771,0.09240273884071762,0.0,0.0,-0.0008737129723869241,0.0048541415365247285,-0.0008737129723869241,-0.0,-0.0,1.0,,,0,0.14843918688908062,False
